date,year,quarter,us_state,remit_musd
2013-01-01,2013,1,Alabama,46.995605
2013-04-01,2013,2,Alabama,60.555131
2013-07-01,2013,3,Alabama,45.960645
2013-10-01,2013,4,Alabama,45.338249
2014-01-01,2014,1,Alabama,37.970647
2014-04-01,2014,2,Alabama,42.832278
2014-07-01,2014,3,Alabama,45.700259
2014-10-01,2014,4,Alabama,43.744959
2015-01-01,2015,1,Alabama,42.193088
2015-04-01,2015,2,Alabama,53.756071
2015-07-01,2015,3,Alabama,52.25144
2015-10-01,2015,4,Alabama,49.654287
2016-01-01,2016,1,Alabama,51.849706
2016-04-01,2016,2,Alabama,66.406687
2016-07-01,2016,3,Alabama,55.462327
2016-10-01,2016,4,Alabama,56.640863
2017-01-01,2017,1,Alabama,59.146174
2017-04-01,2017,2,Alabama,64.141186
2017-07-01,2017,3,Alabama,61.828382
2017-10-01,2017,4,Alabama,64.325579
2018-01-01,2018,1,Alabama,54.249835
2018-04-01,2018,2,Alabama,77.165406
2018-07-01,2018,3,Alabama,68.753175
2018-10-01,2018,4,Alabama,72.487999
2019-01-01,2019,1,Alabama,68.124893
2019-04-01,2019,2,Alabama,81.209295
2019-07-01,2019,3,Alabama,69.520349
2019-10-01,2019,4,Alabama,63.364379
2020-01-01,2020,1,Alabama,67.206147
2020-04-01,2020,2,Alabama,68.708719
2020-07-01,2020,3,Alabama,73.838964
2020-10-01,2020,4,Alabama,76.364698
2021-01-01,2021,1,Alabama,76.072578
2021-04-01,2021,2,Alabama,89.08712
2021-07-01,2021,3,Alabama,86.664484
2021-10-01,2021,4,Alabama,89.832254
2022-01-01,2022,1,Alabama,81.051959
2022-04-01,2022,2,Alabama,100.963696
2022-07-01,2022,3,Alabama,104.303933
2022-10-01,2022,4,Alabama,109.760533
2023-01-01,2023,1,Alabama,84.876883
2023-04-01,2023,2,Alabama,96.696331
2023-07-01,2023,3,Alabama,175.310361
2023-10-01,2023,4,Alabama,152.364136
2024-01-01,2024,1,Alabama,136.471239
2024-04-01,2024,2,Alabama,172.954735
2024-07-01,2024,3,Alabama,169.047024
2024-10-01,2024,4,Alabama,163.175874
2025-01-01,2025,1,Alabama,151.976311
2025-04-01,2025,2,Alabama,175.355131
2025-07-01,2025,3,Alabama,179.962386
2013-01-01,2013,1,Alaska,8.924355
2013-04-01,2013,2,Alaska,12.480323
2013-07-01,2013,3,Alaska,12.17758
2013-10-01,2013,4,Alaska,9.568414
2014-01-01,2014,1,Alaska,7.815548
2014-04-01,2014,2,Alaska,9.388236
2014-07-01,2014,3,Alaska,11.427496
2014-10-01,2014,4,Alaska,9.969707
2015-01-01,2015,1,Alaska,7.556505
2015-04-01,2015,2,Alaska,11.186138
2015-07-01,2015,3,Alaska,14.678774
2015-10-01,2015,4,Alaska,9.774035
2016-01-01,2016,1,Alaska,10.180014
2016-04-01,2016,2,Alaska,10.418436
2016-07-01,2016,3,Alaska,10.643635
2016-10-01,2016,4,Alaska,9.368241
2017-01-01,2017,1,Alaska,8.022682
2017-04-01,2017,2,Alaska,9.291913
2017-07-01,2017,3,Alaska,9.219697
2017-10-01,2017,4,Alaska,9.488539
2018-01-01,2018,1,Alaska,7.803983
2018-04-01,2018,2,Alaska,10.275021
2018-07-01,2018,3,Alaska,9.987727
2018-10-01,2018,4,Alaska,10.035138
2019-01-01,2019,1,Alaska,10.132788
2019-04-01,2019,2,Alaska,11.657902
2019-07-01,2019,3,Alaska,17.756014
2019-10-01,2019,4,Alaska,12.449093
2020-01-01,2020,1,Alaska,14.275632
2020-04-01,2020,2,Alaska,20.84523
2020-07-01,2020,3,Alaska,23.395421
2020-10-01,2020,4,Alaska,19.668427
2021-01-01,2021,1,Alaska,12.350627
2021-04-01,2021,2,Alaska,9.847633
2021-07-01,2021,3,Alaska,13.665704
2021-10-01,2021,4,Alaska,10.529392
2022-01-01,2022,1,Alaska,8.974723
2022-04-01,2022,2,Alaska,10.186988
2022-07-01,2022,3,Alaska,15.059887
2022-10-01,2022,4,Alaska,10.705451
2023-01-01,2023,1,Alaska,22.535262
2023-04-01,2023,2,Alaska,26.010519
2023-07-01,2023,3,Alaska,26.645327
2023-10-01,2023,4,Alaska,22.620251
2024-01-01,2024,1,Alaska,19.95656
2024-04-01,2024,2,Alaska,22.214042
2024-07-01,2024,3,Alaska,22.881488
2024-10-01,2024,4,Alaska,20.84539
2025-01-01,2025,1,Alaska,18.124568
2025-04-01,2025,2,Alaska,15.28239
2025-07-01,2025,3,Alaska,16.534773
2013-01-01,2013,1,Arizona,121.102347
2013-04-01,2013,2,Arizona,134.002384
2013-07-01,2013,3,Arizona,110.283953
2013-10-01,2013,4,Arizona,110.051938
2014-01-01,2014,1,Arizona,99.932333
2014-04-01,2014,2,Arizona,108.49536
2014-07-01,2014,3,Arizona,99.162818
2014-10-01,2014,4,Arizona,103.970534
2015-01-01,2015,1,Arizona,151.375721
2015-04-01,2015,2,Arizona,148.066873
2015-07-01,2015,3,Arizona,139.112355
2015-10-01,2015,4,Arizona,141.938648
2016-01-01,2016,1,Arizona,165.6832
2016-04-01,2016,2,Arizona,148.092642
2016-07-01,2016,3,Arizona,160.331804
2016-10-01,2016,4,Arizona,167.37455
2017-01-01,2017,1,Arizona,190.571068
2017-04-01,2017,2,Arizona,184.471616
2017-07-01,2017,3,Arizona,179.408002
2017-10-01,2017,4,Arizona,188.188437
2018-01-01,2018,1,Arizona,202.951076
2018-04-01,2018,2,Arizona,222.536058
2018-07-01,2018,3,Arizona,212.163276
2018-10-01,2018,4,Arizona,215.720905
2019-01-01,2019,1,Arizona,209.526865
2019-04-01,2019,2,Arizona,244.739707
2019-07-01,2019,3,Arizona,271.258053
2019-10-01,2019,4,Arizona,286.131047
2020-01-01,2020,1,Arizona,348.333201
2020-04-01,2020,2,Arizona,435.138906
2020-07-01,2020,3,Arizona,389.95361
2020-10-01,2020,4,Arizona,391.731351
2021-01-01,2021,1,Arizona,430.740971
2021-04-01,2021,2,Arizona,499.653231
2021-07-01,2021,3,Arizona,465.679483
2021-10-01,2021,4,Arizona,527.906819
2022-01-01,2022,1,Arizona,507.16609
2022-04-01,2022,2,Arizona,572.936972
2022-07-01,2022,3,Arizona,563.497228
2022-10-01,2022,4,Arizona,587.79704
2023-01-01,2023,1,Arizona,539.515689
2023-04-01,2023,2,Arizona,621.699957
2023-07-01,2023,3,Arizona,300.641733
2023-10-01,2023,4,Arizona,286.063706
2024-01-01,2024,1,Arizona,282.839012
2024-04-01,2024,2,Arizona,341.774129
2024-07-01,2024,3,Arizona,325.557882
2024-10-01,2024,4,Arizona,339.901108
2025-01-01,2025,1,Arizona,325.324932
2025-04-01,2025,2,Arizona,337.309151
2025-07-01,2025,3,Arizona,351.02146
2013-01-01,2013,1,Arkansas,38.739154
2013-04-01,2013,2,Arkansas,44.441293
2013-07-01,2013,3,Arkansas,40.630385
2013-10-01,2013,4,Arkansas,37.542615
2014-01-01,2014,1,Arkansas,31.268022
2014-04-01,2014,2,Arkansas,33.496828
2014-07-01,2014,3,Arkansas,38.495605
2014-10-01,2014,4,Arkansas,35.84232
2015-01-01,2015,1,Arkansas,33.247974
2015-04-01,2015,2,Arkansas,44.222105
2015-07-01,2015,3,Arkansas,49.564192
2015-10-01,2015,4,Arkansas,43.849975
2016-01-01,2016,1,Arkansas,44.821736
2016-04-01,2016,2,Arkansas,52.743094
2016-07-01,2016,3,Arkansas,53.603
2016-10-01,2016,4,Arkansas,52.797795
2017-01-01,2017,1,Arkansas,51.710038
2017-04-01,2017,2,Arkansas,59.125776
2017-07-01,2017,3,Arkansas,57.266507
2017-10-01,2017,4,Arkansas,59.279773
2018-01-01,2018,1,Arkansas,49.999713
2018-04-01,2018,2,Arkansas,61.862848
2018-07-01,2018,3,Arkansas,53.259579
2018-10-01,2018,4,Arkansas,55.53419
2019-01-01,2019,1,Arkansas,50.131746
2019-04-01,2019,2,Arkansas,60.488789
2019-07-01,2019,3,Arkansas,62.816524
2019-10-01,2019,4,Arkansas,57.001973
2020-01-01,2020,1,Arkansas,53.275133
2020-04-01,2020,2,Arkansas,62.140364
2020-07-01,2020,3,Arkansas,69.606803
2020-10-01,2020,4,Arkansas,65.087207
2021-01-01,2021,1,Arkansas,55.714565
2021-04-01,2021,2,Arkansas,77.727563
2021-07-01,2021,3,Arkansas,80.582591
2021-10-01,2021,4,Arkansas,78.56677
2022-01-01,2022,1,Arkansas,61.404998
2022-04-01,2022,2,Arkansas,90.297947
2022-07-01,2022,3,Arkansas,104.996554
2022-10-01,2022,4,Arkansas,96.933913
2023-01-01,2023,1,Arkansas,85.646229
2023-04-01,2023,2,Arkansas,121.126821
2023-07-01,2023,3,Arkansas,117.467704
2023-10-01,2023,4,Arkansas,103.44271
2024-01-01,2024,1,Arkansas,87.139962
2024-04-01,2024,2,Arkansas,115.658326
2024-07-01,2024,3,Arkansas,117.629924
2024-10-01,2024,4,Arkansas,111.06022
2025-01-01,2025,1,Arkansas,93.315581
2025-04-01,2025,2,Arkansas,107.942509
2025-07-01,2025,3,Arkansas,115.967761
2013-01-01,2013,1,California,1403.262699
2013-04-01,2013,2,California,1604.162014
2013-07-01,2013,3,California,1394.922354
2013-10-01,2013,4,California,1488.382782
2014-01-01,2014,1,California,1329.83066
2014-04-01,2014,2,California,1373.169364
2014-07-01,2014,3,California,1396.741823
2014-10-01,2014,4,California,1418.801221
2015-01-01,2015,1,California,1676.78102
2015-04-01,2015,2,California,1910.923474
2015-07-01,2015,3,California,1899.720758
2015-10-01,2015,4,California,1873.336972
2016-01-01,2016,1,California,2000.789803
2016-04-01,2016,2,California,1905.908374
2016-07-01,2016,3,California,2112.121123
2016-10-01,2016,4,California,2142.867032
2017-01-01,2017,1,California,2136.90272
2017-04-01,2017,2,California,2299.897254
2017-07-01,2017,3,California,2280.446295
2017-10-01,2017,4,California,2400.885972
2018-01-01,2018,1,California,2192.741974
2018-04-01,2018,2,California,2746.761318
2018-07-01,2018,3,California,2486.378865
2018-10-01,2018,4,California,2694.387666
2019-01-01,2019,1,California,2406.021833
2019-04-01,2019,2,California,2827.298892
2019-07-01,2019,3,California,2867.209861
2019-10-01,2019,4,California,2784.708832
2020-01-01,2020,1,California,3094.547311
2020-04-01,2020,2,California,3252.491731
2020-07-01,2020,3,California,3568.875245
2020-10-01,2020,4,California,3646.357987
2021-01-01,2021,1,California,3769.545474
2021-04-01,2021,2,California,4471.374114
2021-07-01,2021,3,California,4456.135246
2021-10-01,2021,4,California,4850.478897
2022-01-01,2022,1,California,4405.881415
2022-04-01,2022,2,California,5078.237806
2022-07-01,2022,3,California,5207.380593
2022-10-01,2022,4,California,5362.212255
2023-01-01,2023,1,California,4932.040946
2023-04-01,2023,2,California,5546.597042
2023-07-01,2023,3,California,4870.734295
2023-10-01,2023,4,California,5345.553815
2024-01-01,2024,1,California,4581.879283
2024-04-01,2024,2,California,5502.688002
2024-07-01,2024,3,California,5276.861649
2024-10-01,2024,4,California,5051.0258
2025-01-01,2025,1,California,4414.684177
2025-04-01,2025,2,California,4676.195532
2025-07-01,2025,3,California,4827.905956
2013-01-01,2013,1,Colorado,117.245123
2013-04-01,2013,2,Colorado,144.41304
2013-07-01,2013,3,Colorado,137.060057
2013-10-01,2013,4,Colorado,134.186309
2014-01-01,2014,1,Colorado,119.977132
2014-04-01,2014,2,Colorado,127.2314
2014-07-01,2014,3,Colorado,149.119033
2014-10-01,2014,4,Colorado,138.627919
2015-01-01,2015,1,Colorado,118.737426
2015-04-01,2015,2,Colorado,133.148589
2015-07-01,2015,3,Colorado,151.852089
2015-10-01,2015,4,Colorado,132.745797
2016-01-01,2016,1,Colorado,130.58569
2016-04-01,2016,2,Colorado,187.235984
2016-07-01,2016,3,Colorado,166.791903
2016-10-01,2016,4,Colorado,164.586336
2017-01-01,2017,1,Colorado,154.529921
2017-04-01,2017,2,Colorado,192.953446
2017-07-01,2017,3,Colorado,188.22113
2017-10-01,2017,4,Colorado,208.171143
2018-01-01,2018,1,Colorado,185.63808
2018-04-01,2018,2,Colorado,234.650056
2018-07-01,2018,3,Colorado,239.709441
2018-10-01,2018,4,Colorado,237.996186
2019-01-01,2019,1,Colorado,210.513121
2019-04-01,2019,2,Colorado,277.903324
2019-07-01,2019,3,Colorado,299.92656
2019-10-01,2019,4,Colorado,280.569196
2020-01-01,2020,1,Colorado,264.079189
2020-04-01,2020,2,Colorado,282.787406
2020-07-01,2020,3,Colorado,279.991825
2020-10-01,2020,4,Colorado,282.385428
2021-01-01,2021,1,Colorado,257.114459
2021-04-01,2021,2,Colorado,317.559005
2021-07-01,2021,3,Colorado,321.681897
2021-10-01,2021,4,Colorado,312.576051
2022-01-01,2022,1,Colorado,256.184814
2022-04-01,2022,2,Colorado,325.608451
2022-07-01,2022,3,Colorado,366.915975
2022-10-01,2022,4,Colorado,374.271584
2023-01-01,2023,1,Colorado,287.304528
2023-04-01,2023,2,Colorado,336.912807
2023-07-01,2023,3,Colorado,680.049962
2023-10-01,2023,4,Colorado,587.066741
2024-01-01,2024,1,Colorado,513.568306
2024-04-01,2024,2,Colorado,654.013517
2024-07-01,2024,3,Colorado,706.372072
2024-10-01,2024,4,Colorado,655.106082
2025-01-01,2025,1,Colorado,478.159421
2025-04-01,2025,2,Colorado,347.5614
2025-07-01,2025,3,Colorado,376.528003
2013-01-01,2013,1,Connecticut,15.838646
2013-04-01,2013,2,Connecticut,21.490941
2013-07-01,2013,3,Connecticut,16.659558
2013-10-01,2013,4,Connecticut,15.762427
2014-01-01,2014,1,Connecticut,15.313184
2014-04-01,2014,2,Connecticut,18.321996
2014-07-01,2014,3,Connecticut,17.733027
2014-10-01,2014,4,Connecticut,15.637338
2015-01-01,2015,1,Connecticut,14.993739
2015-04-01,2015,2,Connecticut,19.980473
2015-07-01,2015,3,Connecticut,21.227378
2015-10-01,2015,4,Connecticut,19.55889
2016-01-01,2016,1,Connecticut,18.203425
2016-04-01,2016,2,Connecticut,25.555565
2016-07-01,2016,3,Connecticut,21.616569
2016-10-01,2016,4,Connecticut,21.451458
2017-01-01,2017,1,Connecticut,18.014389
2017-04-01,2017,2,Connecticut,21.561919
2017-07-01,2017,3,Connecticut,21.399238
2017-10-01,2017,4,Connecticut,21.138805
2018-01-01,2018,1,Connecticut,17.348561
2018-04-01,2018,2,Connecticut,23.710171
2018-07-01,2018,3,Connecticut,21.944536
2018-10-01,2018,4,Connecticut,22.599317
2019-01-01,2019,1,Connecticut,19.993498
2019-04-01,2019,2,Connecticut,24.074354
2019-07-01,2019,3,Connecticut,22.291609
2019-10-01,2019,4,Connecticut,21.881733
2020-01-01,2020,1,Connecticut,19.648542
2020-04-01,2020,2,Connecticut,18.770027
2020-07-01,2020,3,Connecticut,20.642038
2020-10-01,2020,4,Connecticut,20.623025
2021-01-01,2021,1,Connecticut,19.359744
2021-04-01,2021,2,Connecticut,25.610843
2021-07-01,2021,3,Connecticut,28.648898
2021-10-01,2021,4,Connecticut,24.622348
2022-01-01,2022,1,Connecticut,19.633932
2022-04-01,2022,2,Connecticut,27.242166
2022-07-01,2022,3,Connecticut,29.003575
2022-10-01,2022,4,Connecticut,32.335293
2023-01-01,2023,1,Connecticut,25.170124
2023-04-01,2023,2,Connecticut,28.769177
2023-07-01,2023,3,Connecticut,50.70403
2023-10-01,2023,4,Connecticut,43.587426
2024-01-01,2024,1,Connecticut,40.430565
2024-04-01,2024,2,Connecticut,49.970915
2024-07-01,2024,3,Connecticut,46.751126
2024-10-01,2024,4,Connecticut,44.902763
2025-01-01,2025,1,Connecticut,40.046843
2025-04-01,2025,2,Connecticut,44.742648
2025-07-01,2025,3,Connecticut,46.34594
2013-01-01,2013,1,Delaware,9.4098
2013-04-01,2013,2,Delaware,13.283608
2013-07-01,2013,3,Delaware,12.790885
2013-10-01,2013,4,Delaware,11.63927
2014-01-01,2014,1,Delaware,8.525153
2014-04-01,2014,2,Delaware,9.985926
2014-07-01,2014,3,Delaware,13.079025
2014-10-01,2014,4,Delaware,11.821142
2015-01-01,2015,1,Delaware,7.756346
2015-04-01,2015,2,Delaware,11.308952
2015-07-01,2015,3,Delaware,12.004277
2015-10-01,2015,4,Delaware,10.17521
2016-01-01,2016,1,Delaware,9.58248
2016-04-01,2016,2,Delaware,18.645707
2016-07-01,2016,3,Delaware,12.511405
2016-10-01,2016,4,Delaware,11.221285
2017-01-01,2017,1,Delaware,11.096297
2017-04-01,2017,2,Delaware,13.044568
2017-07-01,2017,3,Delaware,12.991123
2017-10-01,2017,4,Delaware,12.141742
2018-01-01,2018,1,Delaware,10.154019
2018-04-01,2018,2,Delaware,14.358573
2018-07-01,2018,3,Delaware,13.531079
2018-10-01,2018,4,Delaware,13.21167
2019-01-01,2019,1,Delaware,11.491626
2019-04-01,2019,2,Delaware,14.894837
2019-07-01,2019,3,Delaware,15.054531
2019-10-01,2019,4,Delaware,12.533003
2020-01-01,2020,1,Delaware,12.378516
2020-04-01,2020,2,Delaware,13.228277
2020-07-01,2020,3,Delaware,14.505098
2020-10-01,2020,4,Delaware,13.670749
2021-01-01,2021,1,Delaware,12.113188
2021-04-01,2021,2,Delaware,15.633648
2021-07-01,2021,3,Delaware,16.864751
2021-10-01,2021,4,Delaware,15.876439
2022-01-01,2022,1,Delaware,12.119845
2022-04-01,2022,2,Delaware,16.603668
2022-07-01,2022,3,Delaware,17.088344
2022-10-01,2022,4,Delaware,16.729525
2023-01-01,2023,1,Delaware,12.064321
2023-04-01,2023,2,Delaware,15.294376
2023-07-01,2023,3,Delaware,39.254235
2023-10-01,2023,4,Delaware,32.209757
2024-01-01,2024,1,Delaware,27.933208
2024-04-01,2024,2,Delaware,36.057746
2024-07-01,2024,3,Delaware,36.135225
2024-10-01,2024,4,Delaware,34.05759
2025-01-01,2025,1,Delaware,30.781195
2025-04-01,2025,2,Delaware,38.407619
2025-07-01,2025,3,Delaware,39.735509
2013-01-01,2013,1,Florida,218.941865
2013-04-01,2013,2,Florida,252.123631
2013-07-01,2013,3,Florida,195.354864
2013-10-01,2013,4,Florida,227.377034
2014-01-01,2014,1,Florida,199.945256
2014-04-01,2014,2,Florida,212.367262
2014-07-01,2014,3,Florida,205.65006
2014-10-01,2014,4,Florida,219.947423
2015-01-01,2015,1,Florida,204.545338
2015-04-01,2015,2,Florida,250.856826
2015-07-01,2015,3,Florida,231.473644
2015-10-01,2015,4,Florida,238.056247
2016-01-01,2016,1,Florida,257.458075
2016-04-01,2016,2,Florida,345.281609
2016-07-01,2016,3,Florida,252.485973
2016-10-01,2016,4,Florida,269.379467
2017-01-01,2017,1,Florida,305.930906
2017-04-01,2017,2,Florida,306.519314
2017-07-01,2017,3,Florida,271.726256
2017-10-01,2017,4,Florida,304.711625
2018-01-01,2018,1,Florida,297.80808
2018-04-01,2018,2,Florida,362.035777
2018-07-01,2018,3,Florida,307.932848
2018-10-01,2018,4,Florida,335.913575
2019-01-01,2019,1,Florida,326.313094
2019-04-01,2019,2,Florida,373.142942
2019-07-01,2019,3,Florida,345.166358
2019-10-01,2019,4,Florida,318.519248
2020-01-01,2020,1,Florida,376.595393
2020-04-01,2020,2,Florida,327.758495
2020-07-01,2020,3,Florida,327.498417
2020-10-01,2020,4,Florida,343.837336
2021-01-01,2021,1,Florida,399.471022
2021-04-01,2021,2,Florida,470.71534
2021-07-01,2021,3,Florida,416.501911
2021-10-01,2021,4,Florida,447.13566
2022-01-01,2022,1,Florida,455.230578
2022-04-01,2022,2,Florida,492.908779
2022-07-01,2022,3,Florida,476.590617
2022-10-01,2022,4,Florida,523.594759
2023-01-01,2023,1,Florida,354.484546
2023-04-01,2023,2,Florida,366.308138
2023-07-01,2023,3,Florida,568.498005
2023-10-01,2023,4,Florida,565.950769
2024-01-01,2024,1,Florida,554.465248
2024-04-01,2024,2,Florida,606.617734
2024-07-01,2024,3,Florida,522.384393
2024-10-01,2024,4,Florida,544.087132
2025-01-01,2025,1,Florida,565.779876
2025-04-01,2025,2,Florida,578.563525
2025-07-01,2025,3,Florida,534.37242
2013-01-01,2013,1,Georgia,153.676744
2013-04-01,2013,2,Georgia,204.09317
2013-07-01,2013,3,Georgia,160.6495
2013-10-01,2013,4,Georgia,157.077369
2014-01-01,2014,1,Georgia,129.284456
2014-04-01,2014,2,Georgia,158.649739
2014-07-01,2014,3,Georgia,166.898232
2014-10-01,2014,4,Georgia,164.205218
2015-01-01,2015,1,Georgia,195.209186
2015-04-01,2015,2,Georgia,248.645579
2015-07-01,2015,3,Georgia,247.703121
2015-10-01,2015,4,Georgia,230.401522
2016-01-01,2016,1,Georgia,234.353354
2016-04-01,2016,2,Georgia,253.56138
2016-07-01,2016,3,Georgia,249.757153
2016-10-01,2016,4,Georgia,247.205714
2017-01-01,2017,1,Georgia,261.201181
2017-04-01,2017,2,Georgia,287.617568
2017-07-01,2017,3,Georgia,273.8043
2017-10-01,2017,4,Georgia,283.249074
2018-01-01,2018,1,Georgia,240.666322
2018-04-01,2018,2,Georgia,338.108799
2018-07-01,2018,3,Georgia,303.169686
2018-10-01,2018,4,Georgia,317.725375
2019-01-01,2019,1,Georgia,288.866091
2019-04-01,2019,2,Georgia,358.683849
2019-07-01,2019,3,Georgia,309.042131
2019-10-01,2019,4,Georgia,292.02979
2020-01-01,2020,1,Georgia,253.545094
2020-04-01,2020,2,Georgia,288.903232
2020-07-01,2020,3,Georgia,292.576988
2020-10-01,2020,4,Georgia,297.909216
2021-01-01,2021,1,Georgia,288.743847
2021-04-01,2021,2,Georgia,407.684997
2021-07-01,2021,3,Georgia,380.93907
2021-10-01,2021,4,Georgia,355.068259
2022-01-01,2022,1,Georgia,326.231974
2022-04-01,2022,2,Georgia,396.842231
2022-07-01,2022,3,Georgia,507.039709
2022-10-01,2022,4,Georgia,403.338615
2023-01-01,2023,1,Georgia,457.13817
2023-04-01,2023,2,Georgia,542.262562
2023-07-01,2023,3,Georgia,674.605964
2023-10-01,2023,4,Georgia,601.745621
2024-01-01,2024,1,Georgia,525.518115
2024-04-01,2024,2,Georgia,674.9119
2024-07-01,2024,3,Georgia,631.742722
2024-10-01,2024,4,Georgia,622.635091
2025-01-01,2025,1,Georgia,554.68215
2025-04-01,2025,2,Georgia,617.647664
2025-07-01,2025,3,Georgia,603.503814
2013-01-01,2013,1,Hawaii,3.315527
2013-04-01,2013,2,Hawaii,3.376702
2013-07-01,2013,3,Hawaii,2.87589
2013-10-01,2013,4,Hawaii,2.546441
2014-01-01,2014,1,Hawaii,1.887372
2014-04-01,2014,2,Hawaii,2.024039
2014-07-01,2014,3,Hawaii,2.047711
2014-10-01,2014,4,Hawaii,2.549173
2015-01-01,2015,1,Hawaii,5.515399
2015-04-01,2015,2,Hawaii,6.040955
2015-07-01,2015,3,Hawaii,6.657361
2015-10-01,2015,4,Hawaii,7.913182
2016-01-01,2016,1,Hawaii,6.915306
2016-04-01,2016,2,Hawaii,3.135516
2016-07-01,2016,3,Hawaii,7.372095
2016-10-01,2016,4,Hawaii,7.520863
2017-01-01,2017,1,Hawaii,7.401124
2017-04-01,2017,2,Hawaii,8.286727
2017-07-01,2017,3,Hawaii,8.363876
2017-10-01,2017,4,Hawaii,8.760249
2018-01-01,2018,1,Hawaii,7.379232
2018-04-01,2018,2,Hawaii,9.759098
2018-07-01,2018,3,Hawaii,9.042293
2018-10-01,2018,4,Hawaii,9.704719
2019-01-01,2019,1,Hawaii,8.848335
2019-04-01,2019,2,Hawaii,10.381283
2019-07-01,2019,3,Hawaii,7.833772
2019-10-01,2019,4,Hawaii,7.893722
2020-01-01,2020,1,Hawaii,8.037721
2020-04-01,2020,2,Hawaii,7.881426
2020-07-01,2020,3,Hawaii,8.46023
2020-10-01,2020,4,Hawaii,8.135764
2021-01-01,2021,1,Hawaii,8.541367
2021-04-01,2021,2,Hawaii,11.067542
2021-07-01,2021,3,Hawaii,12.351952
2021-10-01,2021,4,Hawaii,12.928158
2022-01-01,2022,1,Hawaii,11.644097
2022-04-01,2022,2,Hawaii,14.096632
2022-07-01,2022,3,Hawaii,14.800673
2022-10-01,2022,4,Hawaii,17.734581
2023-01-01,2023,1,Hawaii,59.009815
2023-04-01,2023,2,Hawaii,71.552036
2023-07-01,2023,3,Hawaii,63.296369
2023-10-01,2023,4,Hawaii,60.566179
2024-01-01,2024,1,Hawaii,55.727785
2024-04-01,2024,2,Hawaii,63.279951
2024-07-01,2024,3,Hawaii,61.593862
2024-10-01,2024,4,Hawaii,58.121322
2025-01-01,2025,1,Hawaii,51.253807
2025-04-01,2025,2,Hawaii,39.979551
2025-07-01,2025,3,Hawaii,39.57981
2013-01-01,2013,1,Idaho,19.133225
2013-04-01,2013,2,Idaho,29.27008
2013-07-01,2013,3,Idaho,27.114834
2013-10-01,2013,4,Idaho,25.936752
2014-01-01,2014,1,Idaho,19.935287
2014-04-01,2014,2,Idaho,24.546689
2014-07-01,2014,3,Idaho,27.591762
2014-10-01,2014,4,Idaho,25.32568
2015-01-01,2015,1,Idaho,16.515216
2015-04-01,2015,2,Idaho,25.674821
2015-07-01,2015,3,Idaho,28.397876
2015-10-01,2015,4,Idaho,24.517695
2016-01-01,2016,1,Idaho,20.326522
2016-04-01,2016,2,Idaho,42.345207
2016-07-01,2016,3,Idaho,30.533368
2016-10-01,2016,4,Idaho,27.887907
2017-01-01,2017,1,Idaho,22.181751
2017-04-01,2017,2,Idaho,30.464091
2017-07-01,2017,3,Idaho,32.859548
2017-10-01,2017,4,Idaho,32.908432
2018-01-01,2018,1,Idaho,23.933903
2018-04-01,2018,2,Idaho,38.395939
2018-07-01,2018,3,Idaho,37.577114
2018-10-01,2018,4,Idaho,38.981033
2019-01-01,2019,1,Idaho,27.050607
2019-04-01,2019,2,Idaho,41.155361
2019-07-01,2019,3,Idaho,48.933954
2019-10-01,2019,4,Idaho,43.856894
2020-01-01,2020,1,Idaho,34.786315
2020-04-01,2020,2,Idaho,45.86119
2020-07-01,2020,3,Idaho,49.271931
2020-10-01,2020,4,Idaho,47.234672
2021-01-01,2021,1,Idaho,39.511363
2021-04-01,2021,2,Idaho,59.441076
2021-07-01,2021,3,Idaho,64.698054
2021-10-01,2021,4,Idaho,62.546985
2022-01-01,2022,1,Idaho,42.596893
2022-04-01,2022,2,Idaho,65.729885
2022-07-01,2022,3,Idaho,74.695538
2022-10-01,2022,4,Idaho,71.090192
2023-01-01,2023,1,Idaho,44.456278
2023-04-01,2023,2,Idaho,63.375112
2023-07-01,2023,3,Idaho,96.049981
2023-10-01,2023,4,Idaho,86.838137
2024-01-01,2024,1,Idaho,67.42031
2024-04-01,2024,2,Idaho,87.569186
2024-07-01,2024,3,Idaho,101.573025
2024-10-01,2024,4,Idaho,89.380666
2025-01-01,2025,1,Idaho,62.891805
2025-04-01,2025,2,Idaho,88.065351
2025-07-01,2025,3,Idaho,99.111272
2013-01-01,2013,1,Illinois,259.211669
2013-04-01,2013,2,Illinois,291.064098
2013-07-01,2013,3,Illinois,239.410865
2013-10-01,2013,4,Illinois,296.802968
2014-01-01,2014,1,Illinois,276.487635
2014-04-01,2014,2,Illinois,261.818254
2014-07-01,2014,3,Illinois,251.869083
2014-10-01,2014,4,Illinois,282.800074
2015-01-01,2015,1,Illinois,295.842193
2015-04-01,2015,2,Illinois,311.091332
2015-07-01,2015,3,Illinois,319.928392
2015-10-01,2015,4,Illinois,309.064973
2016-01-01,2016,1,Illinois,332.251153
2016-04-01,2016,2,Illinois,331.878655
2016-07-01,2016,3,Illinois,332.047178
2016-10-01,2016,4,Illinois,342.267141
2017-01-01,2017,1,Illinois,344.472114
2017-04-01,2017,2,Illinois,369.038295
2017-07-01,2017,3,Illinois,371.798906
2017-10-01,2017,4,Illinois,377.072606
2018-01-01,2018,1,Illinois,308.756958
2018-04-01,2018,2,Illinois,414.74915
2018-07-01,2018,3,Illinois,372.666426
2018-10-01,2018,4,Illinois,404.145813
2019-01-01,2019,1,Illinois,370.705084
2019-04-01,2019,2,Illinois,419.184247
2019-07-01,2019,3,Illinois,384.979072
2019-10-01,2019,4,Illinois,329.51
2020-01-01,2020,1,Illinois,339.310758
2020-04-01,2020,2,Illinois,308.936114
2020-07-01,2020,3,Illinois,342.201081
2020-10-01,2020,4,Illinois,348.47138
2021-01-01,2021,1,Illinois,357.888382
2021-04-01,2021,2,Illinois,412.726723
2021-07-01,2021,3,Illinois,426.260854
2021-10-01,2021,4,Illinois,448.801994
2022-01-01,2022,1,Illinois,402.645552
2022-04-01,2022,2,Illinois,448.651066
2022-07-01,2022,3,Illinois,486.989967
2022-10-01,2022,4,Illinois,492.390766
2023-01-01,2023,1,Illinois,423.931968
2023-04-01,2023,2,Illinois,501.69298
2023-07-01,2023,3,Illinois,603.100034
2023-10-01,2023,4,Illinois,546.675488
2024-01-01,2024,1,Illinois,500.077455
2024-04-01,2024,2,Illinois,598.678978
2024-07-01,2024,3,Illinois,600.952355
2024-10-01,2024,4,Illinois,604.83832
2025-01-01,2025,1,Illinois,557.782443
2025-04-01,2025,2,Illinois,580.445642
2025-07-01,2025,3,Illinois,604.441248
2013-01-01,2013,1,Indiana,56.093548
2013-04-01,2013,2,Indiana,77.839652
2013-07-01,2013,3,Indiana,67.205154
2013-10-01,2013,4,Indiana,64.270773
2014-01-01,2014,1,Indiana,54.850464
2014-04-01,2014,2,Indiana,56.703075
2014-07-01,2014,3,Indiana,68.103635
2014-10-01,2014,4,Indiana,64.10041
2015-01-01,2015,1,Indiana,56.674546
2015-04-01,2015,2,Indiana,66.592583
2015-07-01,2015,3,Indiana,69.092075
2015-10-01,2015,4,Indiana,63.251246
2016-01-01,2016,1,Indiana,65.708781
2016-04-01,2016,2,Indiana,97.499402
2016-07-01,2016,3,Indiana,73.055581
2016-10-01,2016,4,Indiana,73.239317
2017-01-01,2017,1,Indiana,75.657466
2017-04-01,2017,2,Indiana,81.351889
2017-07-01,2017,3,Indiana,82.455799
2017-10-01,2017,4,Indiana,82.46696
2018-01-01,2018,1,Indiana,73.787679
2018-04-01,2018,2,Indiana,99.598876
2018-07-01,2018,3,Indiana,92.393741
2018-10-01,2018,4,Indiana,95.35984
2019-01-01,2019,1,Indiana,82.436842
2019-04-01,2019,2,Indiana,99.837331
2019-07-01,2019,3,Indiana,106.373115
2019-10-01,2019,4,Indiana,97.551058
2020-01-01,2020,1,Indiana,91.369403
2020-04-01,2020,2,Indiana,93.42003
2020-07-01,2020,3,Indiana,109.051282
2020-10-01,2020,4,Indiana,105.303161
2021-01-01,2021,1,Indiana,111.432317
2021-04-01,2021,2,Indiana,145.583625
2021-07-01,2021,3,Indiana,156.514327
2021-10-01,2021,4,Indiana,157.779878
2022-01-01,2022,1,Indiana,131.567078
2022-04-01,2022,2,Indiana,165.222193
2022-07-01,2022,3,Indiana,172.006524
2022-10-01,2022,4,Indiana,168.224917
2023-01-01,2023,1,Indiana,130.193737
2023-04-01,2023,2,Indiana,158.711893
2023-07-01,2023,3,Indiana,221.189081
2023-10-01,2023,4,Indiana,183.916455
2024-01-01,2024,1,Indiana,155.131832
2024-04-01,2024,2,Indiana,194.052597
2024-07-01,2024,3,Indiana,204.770748
2024-10-01,2024,4,Indiana,196.099125
2025-01-01,2025,1,Indiana,174.809053
2025-04-01,2025,2,Indiana,199.688907
2025-07-01,2025,3,Indiana,218.661713
2013-01-01,2013,1,Iowa,21.464725
2013-04-01,2013,2,Iowa,26.442631
2013-07-01,2013,3,Iowa,27.856298
2013-10-01,2013,4,Iowa,26.811388
2014-01-01,2014,1,Iowa,22.476706
2014-04-01,2014,2,Iowa,24.213216
2014-07-01,2014,3,Iowa,29.083207
2014-10-01,2014,4,Iowa,28.402112
2015-01-01,2015,1,Iowa,24.089043
2015-04-01,2015,2,Iowa,28.888159
2015-07-01,2015,3,Iowa,32.931364
2015-10-01,2015,4,Iowa,29.668653
2016-01-01,2016,1,Iowa,29.042045
2016-04-01,2016,2,Iowa,38.193422
2016-07-01,2016,3,Iowa,34.120982
2016-10-01,2016,4,Iowa,34.560767
2017-01-01,2017,1,Iowa,31.248346
2017-04-01,2017,2,Iowa,35.03343
2017-07-01,2017,3,Iowa,36.603016
2017-10-01,2017,4,Iowa,36.88569
2018-01-01,2018,1,Iowa,30.930607
2018-04-01,2018,2,Iowa,43.504632
2018-07-01,2018,3,Iowa,41.426629
2018-10-01,2018,4,Iowa,42.235685
2019-01-01,2019,1,Iowa,35.774371
2019-04-01,2019,2,Iowa,43.549568
2019-07-01,2019,3,Iowa,50.327797
2019-10-01,2019,4,Iowa,44.201987
2020-01-01,2020,1,Iowa,39.987758
2020-04-01,2020,2,Iowa,44.031561
2020-07-01,2020,3,Iowa,52.385623
2020-10-01,2020,4,Iowa,48.2355
2021-01-01,2021,1,Iowa,43.74594
2021-04-01,2021,2,Iowa,56.535545
2021-07-01,2021,3,Iowa,64.680061
2021-10-01,2021,4,Iowa,61.126936
2022-01-01,2022,1,Iowa,46.738212
2022-04-01,2022,2,Iowa,63.177854
2022-07-01,2022,3,Iowa,73.087899
2022-10-01,2022,4,Iowa,69.189269
2023-01-01,2023,1,Iowa,97.356784
2023-04-01,2023,2,Iowa,127.107981
2023-07-01,2023,3,Iowa,142.505637
2023-10-01,2023,4,Iowa,127.230239
2024-01-01,2024,1,Iowa,107.968086
2024-04-01,2024,2,Iowa,131.914234
2024-07-01,2024,3,Iowa,138.171084
2024-10-01,2024,4,Iowa,129.034474
2025-01-01,2025,1,Iowa,107.830763
2025-04-01,2025,2,Iowa,104.795132
2025-07-01,2025,3,Iowa,115.045579
2013-01-01,2013,1,Kansas,39.895322
2013-04-01,2013,2,Kansas,47.294045
2013-07-01,2013,3,Kansas,43.958617
2013-10-01,2013,4,Kansas,44.126241
2014-01-01,2014,1,Kansas,37.649058
2014-04-01,2014,2,Kansas,41.50058
2014-07-01,2014,3,Kansas,44.257187
2014-10-01,2014,4,Kansas,41.388063
2015-01-01,2015,1,Kansas,40.16206
2015-04-01,2015,2,Kansas,45.149865
2015-07-01,2015,3,Kansas,46.769253
2015-10-01,2015,4,Kansas,44.32766
2016-01-01,2016,1,Kansas,42.720807
2016-04-01,2016,2,Kansas,50.840745
2016-07-01,2016,3,Kansas,46.813697
2016-10-01,2016,4,Kansas,48.470333
2017-01-01,2017,1,Kansas,47.22766
2017-04-01,2017,2,Kansas,52.565241
2017-07-01,2017,3,Kansas,52.634709
2017-10-01,2017,4,Kansas,54.543587
2018-01-01,2018,1,Kansas,47.365565
2018-04-01,2018,2,Kansas,62.045387
2018-07-01,2018,3,Kansas,56.253468
2018-10-01,2018,4,Kansas,59.421718
2019-01-01,2019,1,Kansas,53.278371
2019-04-01,2019,2,Kansas,64.705402
2019-07-01,2019,3,Kansas,67.72075
2019-10-01,2019,4,Kansas,66.013858
2020-01-01,2020,1,Kansas,64.189891
2020-04-01,2020,2,Kansas,70.59939
2020-07-01,2020,3,Kansas,73.540233
2020-10-01,2020,4,Kansas,72.778543
2021-01-01,2021,1,Kansas,68.667313
2021-04-01,2021,2,Kansas,86.681372
2021-07-01,2021,3,Kansas,87.964339
2021-10-01,2021,4,Kansas,91.11738
2022-01-01,2022,1,Kansas,77.105359
2022-04-01,2022,2,Kansas,97.838163
2022-07-01,2022,3,Kansas,103.915425
2022-10-01,2022,4,Kansas,101.900364
2023-01-01,2023,1,Kansas,102.926324
2023-04-01,2023,2,Kansas,126.614646
2023-07-01,2023,3,Kansas,128.788927
2023-10-01,2023,4,Kansas,117.496728
2024-01-01,2024,1,Kansas,101.589047
2024-04-01,2024,2,Kansas,128.848068
2024-07-01,2024,3,Kansas,129.529366
2024-10-01,2024,4,Kansas,126.441011
2025-01-01,2025,1,Kansas,107.49816
2025-04-01,2025,2,Kansas,114.305205
2025-07-01,2025,3,Kansas,119.794453
2013-01-01,2013,1,Kentucky,30.570408
2013-04-01,2013,2,Kentucky,40.414036
2013-07-01,2013,3,Kentucky,42.884543
2013-10-01,2013,4,Kentucky,43.846911
2014-01-01,2014,1,Kentucky,29.627948
2014-04-01,2014,2,Kentucky,33.830674
2014-07-01,2014,3,Kentucky,46.571995
2014-10-01,2014,4,Kentucky,42.771218
2015-01-01,2015,1,Kentucky,29.625173
2015-04-01,2015,2,Kentucky,37.305162
2015-07-01,2015,3,Kentucky,47.289627
2015-10-01,2015,4,Kentucky,40.447754
2016-01-01,2016,1,Kentucky,32.490172
2016-04-01,2016,2,Kentucky,54.536046
2016-07-01,2016,3,Kentucky,46.013029
2016-10-01,2016,4,Kentucky,45.473673
2017-01-01,2017,1,Kentucky,39.734226
2017-04-01,2017,2,Kentucky,45.602157
2017-07-01,2017,3,Kentucky,52.396032
2017-10-01,2017,4,Kentucky,53.73309
2018-01-01,2018,1,Kentucky,38.297131
2018-04-01,2018,2,Kentucky,53.098281
2018-07-01,2018,3,Kentucky,55.640182
2018-10-01,2018,4,Kentucky,58.175659
2019-01-01,2019,1,Kentucky,42.379313
2019-04-01,2019,2,Kentucky,55.453055
2019-07-01,2019,3,Kentucky,70.865407
2019-10-01,2019,4,Kentucky,63.568636
2020-01-01,2020,1,Kentucky,48.303366
2020-04-01,2020,2,Kentucky,53.315676
2020-07-01,2020,3,Kentucky,65.737062
2020-10-01,2020,4,Kentucky,62.043494
2021-01-01,2021,1,Kentucky,50.264105
2021-04-01,2021,2,Kentucky,67.456089
2021-07-01,2021,3,Kentucky,77.050509
2021-10-01,2021,4,Kentucky,76.786191
2022-01-01,2022,1,Kentucky,59.685948
2022-04-01,2022,2,Kentucky,75.619417
2022-07-01,2022,3,Kentucky,85.573447
2022-10-01,2022,4,Kentucky,84.028351
2023-01-01,2023,1,Kentucky,59.884125
2023-04-01,2023,2,Kentucky,79.200597
2023-07-01,2023,3,Kentucky,132.289707
2023-10-01,2023,4,Kentucky,111.823476
2024-01-01,2024,1,Kentucky,90.432856
2024-04-01,2024,2,Kentucky,118.735799
2024-07-01,2024,3,Kentucky,126.740463
2024-10-01,2024,4,Kentucky,117.906158
2025-01-01,2025,1,Kentucky,96.634858
2025-04-01,2025,2,Kentucky,123.903125
2025-07-01,2025,3,Kentucky,137.595734
2013-01-01,2013,1,Louisiana,58.049193
2013-04-01,2013,2,Louisiana,71.809878
2013-07-01,2013,3,Louisiana,64.791622
2013-10-01,2013,4,Louisiana,65.849175
2014-01-01,2014,1,Louisiana,50.36252
2014-04-01,2014,2,Louisiana,65.199998
2014-07-01,2014,3,Louisiana,65.606054
2014-10-01,2014,4,Louisiana,68.414056
2015-01-01,2015,1,Louisiana,79.649782
2015-04-01,2015,2,Louisiana,99.182267
2015-07-01,2015,3,Louisiana,94.80392
2015-10-01,2015,4,Louisiana,92.781841
2016-01-01,2016,1,Louisiana,76.779514
2016-04-01,2016,2,Louisiana,64.456694
2016-07-01,2016,3,Louisiana,88.850548
2016-10-01,2016,4,Louisiana,94.860418
2017-01-01,2017,1,Louisiana,89.003463
2017-04-01,2017,2,Louisiana,102.298292
2017-07-01,2017,3,Louisiana,101.665735
2017-10-01,2017,4,Louisiana,109.059844
2018-01-01,2018,1,Louisiana,83.390448
2018-04-01,2018,2,Louisiana,123.854607
2018-07-01,2018,3,Louisiana,112.86594
2018-10-01,2018,4,Louisiana,121.419866
2019-01-01,2019,1,Louisiana,107.805294
2019-04-01,2019,2,Louisiana,130.320546
2019-07-01,2019,3,Louisiana,96.166771
2019-10-01,2019,4,Louisiana,99.112027
2020-01-01,2020,1,Louisiana,93.273684
2020-04-01,2020,2,Louisiana,105.445847
2020-07-01,2020,3,Louisiana,88.402361
2020-10-01,2020,4,Louisiana,103.059851
2021-01-01,2021,1,Louisiana,104.510219
2021-04-01,2021,2,Louisiana,137.397377
2021-07-01,2021,3,Louisiana,111.81575
2021-10-01,2021,4,Louisiana,148.334432
2022-01-01,2022,1,Louisiana,130.782613
2022-04-01,2022,2,Louisiana,158.53409
2022-07-01,2022,3,Louisiana,129.499453
2022-10-01,2022,4,Louisiana,141.731221
2023-01-01,2023,1,Louisiana,120.605173
2023-04-01,2023,2,Louisiana,145.353563
2023-07-01,2023,3,Louisiana,109.882541
2023-10-01,2023,4,Louisiana,106.495032
2024-01-01,2024,1,Louisiana,85.491439
2024-04-01,2024,2,Louisiana,114.979098
2024-07-01,2024,3,Louisiana,106.845898
2024-10-01,2024,4,Louisiana,116.488035
2025-01-01,2025,1,Louisiana,92.153794
2025-04-01,2025,2,Louisiana,107.954705
2025-07-01,2025,3,Louisiana,104.386462
2013-01-01,2013,1,Maine,1.918004
2013-04-01,2013,2,Maine,2.892067
2013-07-01,2013,3,Maine,1.230947
2013-10-01,2013,4,Maine,0.618678
2014-01-01,2014,1,Maine,0.398869
2014-04-01,2014,2,Maine,0.682601
2014-07-01,2014,3,Maine,1.529621
2014-10-01,2014,4,Maine,0.694042
2015-01-01,2015,1,Maine,1.066792
2015-04-01,2015,2,Maine,1.648478
2015-07-01,2015,3,Maine,8.728254
2015-10-01,2015,4,Maine,6.079662
2016-01-01,2016,1,Maine,1.769124
2016-04-01,2016,2,Maine,1.03091
2016-07-01,2016,3,Maine,2.245081
2016-10-01,2016,4,Maine,1.864097
2017-01-01,2017,1,Maine,2.2176
2017-04-01,2017,2,Maine,1.926234
2017-07-01,2017,3,Maine,2.346407
2017-10-01,2017,4,Maine,2.050253
2018-01-01,2018,1,Maine,2.287192
2018-04-01,2018,2,Maine,2.171254
2018-07-01,2018,3,Maine,2.439036
2018-10-01,2018,4,Maine,2.216695
2019-01-01,2019,1,Maine,1.950612
2019-04-01,2019,2,Maine,2.37522
2019-07-01,2019,3,Maine,6.6854
2019-10-01,2019,4,Maine,6.023207
2020-01-01,2020,1,Maine,2.836155
2020-04-01,2020,2,Maine,4.020399
2020-07-01,2020,3,Maine,10.380149
2020-10-01,2020,4,Maine,5.233462
2021-01-01,2021,1,Maine,3.59409
2021-04-01,2021,2,Maine,4.659532
2021-07-01,2021,3,Maine,14.706147
2021-10-01,2021,4,Maine,7.44364
2022-01-01,2022,1,Maine,3.798158
2022-04-01,2022,2,Maine,6.633455
2022-07-01,2022,3,Maine,15.890814
2022-10-01,2022,4,Maine,9.607399
2023-01-01,2023,1,Maine,20.226625
2023-04-01,2023,2,Maine,25.164094
2023-07-01,2023,3,Maine,22.653175
2023-10-01,2023,4,Maine,19.004386
2024-01-01,2024,1,Maine,16.815759
2024-04-01,2024,2,Maine,19.513132
2024-07-01,2024,3,Maine,21.07341
2024-10-01,2024,4,Maine,18.432747
2025-01-01,2025,1,Maine,14.883565
2025-04-01,2025,2,Maine,12.787112
2025-07-01,2025,3,Maine,15.309785
2013-01-01,2013,1,Maryland,31.855097
2013-04-01,2013,2,Maryland,42.718547
2013-07-01,2013,3,Maryland,38.270653
2013-10-01,2013,4,Maryland,35.011496
2014-01-01,2014,1,Maryland,28.419719
2014-04-01,2014,2,Maryland,35.4921
2014-07-01,2014,3,Maryland,36.842128
2014-10-01,2014,4,Maryland,32.751237
2015-01-01,2015,1,Maryland,30.737283
2015-04-01,2015,2,Maryland,43.195262
2015-07-01,2015,3,Maryland,45.300684
2015-10-01,2015,4,Maryland,42.140601
2016-01-01,2016,1,Maryland,36.95925
2016-04-01,2016,2,Maryland,49.202995
2016-07-01,2016,3,Maryland,45.416606
2016-10-01,2016,4,Maryland,43.852135
2017-01-01,2017,1,Maryland,37.832846
2017-04-01,2017,2,Maryland,47.94479
2017-07-01,2017,3,Maryland,47.689308
2017-10-01,2017,4,Maryland,47.297099
2018-01-01,2018,1,Maryland,32.795282
2018-04-01,2018,2,Maryland,55.191882
2018-07-01,2018,3,Maryland,50.901856
2018-10-01,2018,4,Maryland,52.81961
2019-01-01,2019,1,Maryland,45.14248
2019-04-01,2019,2,Maryland,56.790167
2019-07-01,2019,3,Maryland,49.802787
2019-10-01,2019,4,Maryland,41.128562
2020-01-01,2020,1,Maryland,36.896793
2020-04-01,2020,2,Maryland,35.619691
2020-07-01,2020,3,Maryland,43.001239
2020-10-01,2020,4,Maryland,42.664595
2021-01-01,2021,1,Maryland,49.060123
2021-04-01,2021,2,Maryland,69.318847
2021-07-01,2021,3,Maryland,60.749005
2021-10-01,2021,4,Maryland,54.053125
2022-01-01,2022,1,Maryland,44.958092
2022-04-01,2022,2,Maryland,60.522718
2022-07-01,2022,3,Maryland,64.93293
2022-10-01,2022,4,Maryland,63.566503
2023-01-01,2023,1,Maryland,47.493553
2023-04-01,2023,2,Maryland,57.736657
2023-07-01,2023,3,Maryland,100.972036
2023-10-01,2023,4,Maryland,84.422923
2024-01-01,2024,1,Maryland,70.471352
2024-04-01,2024,2,Maryland,92.105538
2024-07-01,2024,3,Maryland,88.38028
2024-10-01,2024,4,Maryland,83.019079
2025-01-01,2025,1,Maryland,70.160369
2025-04-01,2025,2,Maryland,83.282823
2025-07-01,2025,3,Maryland,89.166359
2013-01-01,2013,1,Massachusetts,9.492873
2013-04-01,2013,2,Massachusetts,12.05037
2013-07-01,2013,3,Massachusetts,10.957485
2013-10-01,2013,4,Massachusetts,10.532636
2014-01-01,2014,1,Massachusetts,8.646786
2014-04-01,2014,2,Massachusetts,11.50209
2014-07-01,2014,3,Massachusetts,11.005196
2014-10-01,2014,4,Massachusetts,10.570018
2015-01-01,2015,1,Massachusetts,12.198791
2015-04-01,2015,2,Massachusetts,17.618212
2015-07-01,2015,3,Massachusetts,19.643714
2015-10-01,2015,4,Massachusetts,19.777403
2016-01-01,2016,1,Massachusetts,17.121497
2016-04-01,2016,2,Massachusetts,14.126012
2016-07-01,2016,3,Massachusetts,21.845652
2016-10-01,2016,4,Massachusetts,19.97259
2017-01-01,2017,1,Massachusetts,17.628316
2017-04-01,2017,2,Massachusetts,22.465348
2017-07-01,2017,3,Massachusetts,22.714778
2017-10-01,2017,4,Massachusetts,23.230037
2018-01-01,2018,1,Massachusetts,18.704926
2018-04-01,2018,2,Massachusetts,26.761809
2018-07-01,2018,3,Massachusetts,25.227034
2018-10-01,2018,4,Massachusetts,26.633109
2019-01-01,2019,1,Massachusetts,24.228342
2019-04-01,2019,2,Massachusetts,29.263413
2019-07-01,2019,3,Massachusetts,27.966693
2019-10-01,2019,4,Massachusetts,24.438659
2020-01-01,2020,1,Massachusetts,21.616182
2020-04-01,2020,2,Massachusetts,18.940078
2020-07-01,2020,3,Massachusetts,23.482264
2020-10-01,2020,4,Massachusetts,24.253498
2021-01-01,2021,1,Massachusetts,26.95462
2021-04-01,2021,2,Massachusetts,37.504496
2021-07-01,2021,3,Massachusetts,40.054385
2021-10-01,2021,4,Massachusetts,37.54606
2022-01-01,2022,1,Massachusetts,30.267179
2022-04-01,2022,2,Massachusetts,38.99192
2022-07-01,2022,3,Massachusetts,41.287349
2022-10-01,2022,4,Massachusetts,39.244964
2023-01-01,2023,1,Massachusetts,42.78446
2023-04-01,2023,2,Massachusetts,51.575914
2023-07-01,2023,3,Massachusetts,54.01726
2023-10-01,2023,4,Massachusetts,50.633327
2024-01-01,2024,1,Massachusetts,46.734976
2024-04-01,2024,2,Massachusetts,50.907897
2024-07-01,2024,3,Massachusetts,47.784669
2024-10-01,2024,4,Massachusetts,44.582242
2025-01-01,2025,1,Massachusetts,38.364418
2025-04-01,2025,2,Massachusetts,37.792162
2025-07-01,2025,3,Massachusetts,41.452732
2013-01-01,2013,1,Michigan,40.373004
2013-04-01,2013,2,Michigan,48.893595
2013-07-01,2013,3,Michigan,51.726761
2013-10-01,2013,4,Michigan,42.014616
2014-01-01,2014,1,Michigan,37.549541
2014-04-01,2014,2,Michigan,39.596094
2014-07-01,2014,3,Michigan,55.047055
2014-10-01,2014,4,Michigan,46.688921
2015-01-01,2015,1,Michigan,51.73711
2015-04-01,2015,2,Michigan,63.346802
2015-07-01,2015,3,Michigan,72.075524
2015-10-01,2015,4,Michigan,62.430438
2016-01-01,2016,1,Michigan,60.759842
2016-04-01,2016,2,Michigan,57.864521
2016-07-01,2016,3,Michigan,77.601037
2016-10-01,2016,4,Michigan,72.725771
2017-01-01,2017,1,Michigan,71.575618
2017-04-01,2017,2,Michigan,81.677985
2017-07-01,2017,3,Michigan,92.052785
2017-10-01,2017,4,Michigan,87.204032
2018-01-01,2018,1,Michigan,73.462739
2018-04-01,2018,2,Michigan,98.634035
2018-07-01,2018,3,Michigan,102.687514
2018-10-01,2018,4,Michigan,100.392125
2019-01-01,2019,1,Michigan,84.904459
2019-04-01,2019,2,Michigan,106.141437
2019-07-01,2019,3,Michigan,124.467456
2019-10-01,2019,4,Michigan,98.061664
2020-01-01,2020,1,Michigan,89.255161
2020-04-01,2020,2,Michigan,97.788155
2020-07-01,2020,3,Michigan,131.255435
2020-10-01,2020,4,Michigan,115.159805
2021-01-01,2021,1,Michigan,104.063966
2021-04-01,2021,2,Michigan,139.369065
2021-07-01,2021,3,Michigan,156.122956
2021-10-01,2021,4,Michigan,146.442547
2022-01-01,2022,1,Michigan,124.959786
2022-04-01,2022,2,Michigan,174.441118
2022-07-01,2022,3,Michigan,191.50538
2022-10-01,2022,4,Michigan,164.239753
2023-01-01,2023,1,Michigan,134.106683
2023-04-01,2023,2,Michigan,172.660445
2023-07-01,2023,3,Michigan,187.668072
2023-10-01,2023,4,Michigan,146.862643
2024-01-01,2024,1,Michigan,120.361884
2024-04-01,2024,2,Michigan,167.012899
2024-07-01,2024,3,Michigan,188.221701
2024-10-01,2024,4,Michigan,164.478302
2025-01-01,2025,1,Michigan,130.137442
2025-04-01,2025,2,Michigan,163.147824
2025-07-01,2025,3,Michigan,194.242259
2013-01-01,2013,1,Minnesota,71.828277
2013-04-01,2013,2,Minnesota,84.683095
2013-07-01,2013,3,Minnesota,92.339578
2013-10-01,2013,4,Minnesota,186.496091
2014-01-01,2014,1,Minnesota,184.035131
2014-04-01,2014,2,Minnesota,108.676462
2014-07-01,2014,3,Minnesota,190.308232
2014-10-01,2014,4,Minnesota,218.379852
2015-01-01,2015,1,Minnesota,177.062332
2015-04-01,2015,2,Minnesota,159.951755
2015-07-01,2015,3,Minnesota,138.63865
2015-10-01,2015,4,Minnesota,113.172575
2016-01-01,2016,1,Minnesota,126.076666
2016-04-01,2016,2,Minnesota,93.755881
2016-07-01,2016,3,Minnesota,126.432067
2016-10-01,2016,4,Minnesota,130.543721
2017-01-01,2017,1,Minnesota,140.608584
2017-04-01,2017,2,Minnesota,139.744539
2017-07-01,2017,3,Minnesota,141.695569
2017-10-01,2017,4,Minnesota,149.456052
2018-01-01,2018,1,Minnesota,179.637284
2018-04-01,2018,2,Minnesota,181.931853
2018-07-01,2018,3,Minnesota,171.585992
2018-10-01,2018,4,Minnesota,174.969251
2019-01-01,2019,1,Minnesota,153.658991
2019-04-01,2019,2,Minnesota,181.478665
2019-07-01,2019,3,Minnesota,209.461063
2019-10-01,2019,4,Minnesota,206.005657
2020-01-01,2020,1,Minnesota,119.513774
2020-04-01,2020,2,Minnesota,123.651553
2020-07-01,2020,3,Minnesota,146.731451
2020-10-01,2020,4,Minnesota,166.620209
2021-01-01,2021,1,Minnesota,173.179703
2021-04-01,2021,2,Minnesota,223.744792
2021-07-01,2021,3,Minnesota,252.230648
2021-10-01,2021,4,Minnesota,248.346642
2022-01-01,2022,1,Minnesota,202.028394
2022-04-01,2022,2,Minnesota,250.140792
2022-07-01,2022,3,Minnesota,199.433368
2022-10-01,2022,4,Minnesota,174.487041
2023-01-01,2023,1,Minnesota,148.385965
2023-04-01,2023,2,Minnesota,178.906184
2023-07-01,2023,3,Minnesota,169.177222
2023-10-01,2023,4,Minnesota,149.994315
2024-01-01,2024,1,Minnesota,123.332463
2024-04-01,2024,2,Minnesota,130.258561
2024-07-01,2024,3,Minnesota,129.238856
2024-10-01,2024,4,Minnesota,122.320815
2025-01-01,2025,1,Minnesota,104.287535
2025-04-01,2025,2,Minnesota,114.020221
2025-07-01,2025,3,Minnesota,126.564132
2013-01-01,2013,1,Mississippi,23.245973
2013-04-01,2013,2,Mississippi,29.467042
2013-07-01,2013,3,Mississippi,28.283845
2013-10-01,2013,4,Mississippi,26.332285
2014-01-01,2014,1,Mississippi,21.554679
2014-04-01,2014,2,Mississippi,23.963644
2014-07-01,2014,3,Mississippi,28.755979
2014-10-01,2014,4,Mississippi,26.879676
2015-01-01,2015,1,Mississippi,22.477095
2015-04-01,2015,2,Mississippi,29.830555
2015-07-01,2015,3,Mississippi,27.199609
2015-10-01,2015,4,Mississippi,30.354195
2016-01-01,2016,1,Mississippi,25.747816
2016-04-01,2016,2,Mississippi,33.558548
2016-07-01,2016,3,Mississippi,28.668359
2016-10-01,2016,4,Mississippi,30.674097
2017-01-01,2017,1,Mississippi,27.61263
2017-04-01,2017,2,Mississippi,33.837842
2017-07-01,2017,3,Mississippi,32.483011
2017-10-01,2017,4,Mississippi,33.964049
2018-01-01,2018,1,Mississippi,23.175765
2018-04-01,2018,2,Mississippi,38.649039
2018-07-01,2018,3,Mississippi,34.846878
2018-10-01,2018,4,Mississippi,37.116607
2019-01-01,2019,1,Mississippi,31.755153
2019-04-01,2019,2,Mississippi,40.378768
2019-07-01,2019,3,Mississippi,37.947875
2019-10-01,2019,4,Mississippi,35.237359
2020-01-01,2020,1,Mississippi,28.812948
2020-04-01,2020,2,Mississippi,34.824735
2020-07-01,2020,3,Mississippi,36.066883
2020-10-01,2020,4,Mississippi,37.34568
2021-01-01,2021,1,Mississippi,32.337943
2021-04-01,2021,2,Mississippi,42.347364
2021-07-01,2021,3,Mississippi,42.091525
2021-10-01,2021,4,Mississippi,44.634719
2022-01-01,2022,1,Mississippi,36.345305
2022-04-01,2022,2,Mississippi,46.931718
2022-07-01,2022,3,Mississippi,48.128196
2022-10-01,2022,4,Mississippi,49.47676
2023-01-01,2023,1,Mississippi,44.471096
2023-04-01,2023,2,Mississippi,59.764201
2023-07-01,2023,3,Mississippi,85.833723
2023-10-01,2023,4,Mississippi,76.391995
2024-01-01,2024,1,Mississippi,63.74272
2024-04-01,2024,2,Mississippi,83.692564
2024-07-01,2024,3,Mississippi,82.104886
2024-10-01,2024,4,Mississippi,83.366615
2025-01-01,2025,1,Mississippi,71.930131
2025-04-01,2025,2,Mississippi,83.299711
2025-07-01,2025,3,Mississippi,86.606261
2013-01-01,2013,1,Missouri,26.816833
2013-04-01,2013,2,Missouri,34.431695
2013-07-01,2013,3,Missouri,34.746794
2013-10-01,2013,4,Missouri,31.964597
2014-01-01,2014,1,Missouri,25.077521
2014-04-01,2014,2,Missouri,32.279123
2014-07-01,2014,3,Missouri,37.003974
2014-10-01,2014,4,Missouri,32.913295
2015-01-01,2015,1,Missouri,33.068395
2015-04-01,2015,2,Missouri,44.422851
2015-07-01,2015,3,Missouri,51.034612
2015-10-01,2015,4,Missouri,42.433695
2016-01-01,2016,1,Missouri,39.663987
2016-04-01,2016,2,Missouri,46.25834
2016-07-01,2016,3,Missouri,48.770826
2016-10-01,2016,4,Missouri,48.107041
2017-01-01,2017,1,Missouri,47.265035
2017-04-01,2017,2,Missouri,57.1429
2017-07-01,2017,3,Missouri,56.786229
2017-10-01,2017,4,Missouri,56.622688
2018-01-01,2018,1,Missouri,45.297222
2018-04-01,2018,2,Missouri,65.673074
2018-07-01,2018,3,Missouri,60.31727
2018-10-01,2018,4,Missouri,62.375092
2019-01-01,2019,1,Missouri,52.917161
2019-04-01,2019,2,Missouri,67.47672
2019-07-01,2019,3,Missouri,77.514439
2019-10-01,2019,4,Missouri,67.601912
2020-01-01,2020,1,Missouri,57.718953
2020-04-01,2020,2,Missouri,71.706644
2020-07-01,2020,3,Missouri,84.377447
2020-10-01,2020,4,Missouri,75.751904
2021-01-01,2021,1,Missouri,66.541854
2021-04-01,2021,2,Missouri,90.809137
2021-07-01,2021,3,Missouri,95.020854
2021-10-01,2021,4,Missouri,88.412476
2022-01-01,2022,1,Missouri,73.708901
2022-04-01,2022,2,Missouri,99.507976
2022-07-01,2022,3,Missouri,116.570404
2022-10-01,2022,4,Missouri,98.859319
2023-01-01,2023,1,Missouri,82.6811
2023-04-01,2023,2,Missouri,111.621614
2023-07-01,2023,3,Missouri,114.037906
2023-10-01,2023,4,Missouri,99.811702
2024-01-01,2024,1,Missouri,84.243285
2024-04-01,2024,2,Missouri,115.592575
2024-07-01,2024,3,Missouri,120.393069
2024-10-01,2024,4,Missouri,112.033499
2025-01-01,2025,1,Missouri,94.109006
2025-04-01,2025,2,Missouri,116.791349
2025-07-01,2025,3,Missouri,127.120105
2013-01-01,2013,1,Montana,0.975621
2013-04-01,2013,2,Montana,3.905532
2013-07-01,2013,3,Montana,2.187365
2013-10-01,2013,4,Montana,1.314281
2014-01-01,2014,1,Montana,1.02535
2014-04-01,2014,2,Montana,1.687969
2014-07-01,2014,3,Montana,3.310092
2014-10-01,2014,4,Montana,2.112954
2015-01-01,2015,1,Montana,2.971259
2015-04-01,2015,2,Montana,5.861475
2015-07-01,2015,3,Montana,9.016504
2015-10-01,2015,4,Montana,7.227466
2016-01-01,2016,1,Montana,3.536972
2016-04-01,2016,2,Montana,2.707087
2016-07-01,2016,3,Montana,5.331322
2016-10-01,2016,4,Montana,4.864268
2017-01-01,2017,1,Montana,4.765169
2017-04-01,2017,2,Montana,5.60837
2017-07-01,2017,3,Montana,6.086853
2017-10-01,2017,4,Montana,6.086946
2018-01-01,2018,1,Montana,5.237009
2018-04-01,2018,2,Montana,6.540262
2018-07-01,2018,3,Montana,6.204911
2018-10-01,2018,4,Montana,6.369041
2019-01-01,2019,1,Montana,5.799348
2019-04-01,2019,2,Montana,7.415914
2019-07-01,2019,3,Montana,11.44298
2019-10-01,2019,4,Montana,7.092694
2020-01-01,2020,1,Montana,4.58683
2020-04-01,2020,2,Montana,9.471631
2020-07-01,2020,3,Montana,12.69994
2020-10-01,2020,4,Montana,6.974771
2021-01-01,2021,1,Montana,5.849539
2021-04-01,2021,2,Montana,11.005978
2021-07-01,2021,3,Montana,17.975581
2021-10-01,2021,4,Montana,12.450068
2022-01-01,2022,1,Montana,10.571526
2022-04-01,2022,2,Montana,19.557026
2022-07-01,2022,3,Montana,22.678915
2022-10-01,2022,4,Montana,14.18502
2023-01-01,2023,1,Montana,15.827647
2023-04-01,2023,2,Montana,26.801492
2023-07-01,2023,3,Montana,26.68421
2023-10-01,2023,4,Montana,19.919585
2024-01-01,2024,1,Montana,17.353625
2024-04-01,2024,2,Montana,22.475338
2024-07-01,2024,3,Montana,25.568947
2024-10-01,2024,4,Montana,21.011682
2025-01-01,2025,1,Montana,15.357889
2025-04-01,2025,2,Montana,17.870159
2025-07-01,2025,3,Montana,20.554927
2013-01-01,2013,1,Nebraska,22.497815
2013-04-01,2013,2,Nebraska,28.045017
2013-07-01,2013,3,Nebraska,27.335851
2013-10-01,2013,4,Nebraska,25.602072
2014-01-01,2014,1,Nebraska,21.551792
2014-04-01,2014,2,Nebraska,23.161075
2014-07-01,2014,3,Nebraska,27.412209
2014-10-01,2014,4,Nebraska,25.529326
2015-01-01,2015,1,Nebraska,27.192737
2015-04-01,2015,2,Nebraska,29.322253
2015-07-01,2015,3,Nebraska,33.195608
2015-10-01,2015,4,Nebraska,32.238121
2016-01-01,2016,1,Nebraska,33.178003
2016-04-01,2016,2,Nebraska,34.481379
2016-07-01,2016,3,Nebraska,38.527463
2016-10-01,2016,4,Nebraska,38.302016
2017-01-01,2017,1,Nebraska,33.4193
2017-04-01,2017,2,Nebraska,39.496243
2017-07-01,2017,3,Nebraska,40.912967
2017-10-01,2017,4,Nebraska,41.944982
2018-01-01,2018,1,Nebraska,31.252517
2018-04-01,2018,2,Nebraska,46.666135
2018-07-01,2018,3,Nebraska,43.269008
2018-10-01,2018,4,Nebraska,45.876829
2019-01-01,2019,1,Nebraska,40.837615
2019-04-01,2019,2,Nebraska,49.915774
2019-07-01,2019,3,Nebraska,53.330342
2019-10-01,2019,4,Nebraska,51.494017
2020-01-01,2020,1,Nebraska,46.777595
2020-04-01,2020,2,Nebraska,51.642919
2020-07-01,2020,3,Nebraska,52.922569
2020-10-01,2020,4,Nebraska,48.661005
2021-01-01,2021,1,Nebraska,48.808721
2021-04-01,2021,2,Nebraska,58.79251
2021-07-01,2021,3,Nebraska,65.236236
2021-10-01,2021,4,Nebraska,64.261918
2022-01-01,2022,1,Nebraska,53.381575
2022-04-01,2022,2,Nebraska,61.530582
2022-07-01,2022,3,Nebraska,71.393695
2022-10-01,2022,4,Nebraska,67.503433
2023-01-01,2023,1,Nebraska,52.094318
2023-04-01,2023,2,Nebraska,63.406813
2023-07-01,2023,3,Nebraska,67.674759
2023-10-01,2023,4,Nebraska,59.79105
2024-01-01,2024,1,Nebraska,51.895803
2024-04-01,2024,2,Nebraska,65.228059
2024-07-01,2024,3,Nebraska,70.852052
2024-10-01,2024,4,Nebraska,66.988288
2025-01-01,2025,1,Nebraska,54.681895
2025-04-01,2025,2,Nebraska,63.203807
2025-07-01,2025,3,Nebraska,71.101053
2013-01-01,2013,1,Nevada,61.996394
2013-04-01,2013,2,Nevada,69.29287
2013-07-01,2013,3,Nevada,59.501634
2013-10-01,2013,4,Nevada,57.893096
2014-01-01,2014,1,Nevada,59.090762
2014-04-01,2014,2,Nevada,53.292965
2014-07-01,2014,3,Nevada,57.65846
2014-10-01,2014,4,Nevada,57.547921
2015-01-01,2015,1,Nevada,65.022607
2015-04-01,2015,2,Nevada,65.830502
2015-07-01,2015,3,Nevada,66.673599
2015-10-01,2015,4,Nevada,61.262075
2016-01-01,2016,1,Nevada,69.922034
2016-04-01,2016,2,Nevada,84.362115
2016-07-01,2016,3,Nevada,74.560564
2016-10-01,2016,4,Nevada,73.856073
2017-01-01,2017,1,Nevada,77.274935
2017-04-01,2017,2,Nevada,80.592815
2017-07-01,2017,3,Nevada,82.812142
2017-10-01,2017,4,Nevada,82.939716
2018-01-01,2018,1,Nevada,79.851418
2018-04-01,2018,2,Nevada,97.55933
2018-07-01,2018,3,Nevada,89.177917
2018-10-01,2018,4,Nevada,92.102602
2019-01-01,2019,1,Nevada,84.592661
2019-04-01,2019,2,Nevada,100.091321
2019-07-01,2019,3,Nevada,111.364517
2019-10-01,2019,4,Nevada,104.479935
2020-01-01,2020,1,Nevada,112.266499
2020-04-01,2020,2,Nevada,117.978938
2020-07-01,2020,3,Nevada,125.421662
2020-10-01,2020,4,Nevada,123.961576
2021-01-01,2021,1,Nevada,128.548193
2021-04-01,2021,2,Nevada,153.634302
2021-07-01,2021,3,Nevada,152.899902
2021-10-01,2021,4,Nevada,158.820832
2022-01-01,2022,1,Nevada,141.745937
2022-04-01,2022,2,Nevada,165.35301
2022-07-01,2022,3,Nevada,173.984446
2022-10-01,2022,4,Nevada,176.888756
2023-01-01,2023,1,Nevada,192.666489
2023-04-01,2023,2,Nevada,225.710871
2023-07-01,2023,3,Nevada,222.188911
2023-10-01,2023,4,Nevada,204.525275
2024-01-01,2024,1,Nevada,187.012667
2024-04-01,2024,2,Nevada,228.063046
2024-07-01,2024,3,Nevada,229.224866
2024-10-01,2024,4,Nevada,221.030867
2025-01-01,2025,1,Nevada,202.152695
2025-04-01,2025,2,Nevada,204.916164
2025-07-01,2025,3,Nevada,213.969432
2013-01-01,2013,1,New Hampshire,2.848132
2013-04-01,2013,2,New Hampshire,3.38347
2013-07-01,2013,3,New Hampshire,3.122675
2013-10-01,2013,4,New Hampshire,3.203892
2014-01-01,2014,1,New Hampshire,2.49795
2014-04-01,2014,2,New Hampshire,3.677028
2014-07-01,2014,3,New Hampshire,3.361814
2014-10-01,2014,4,New Hampshire,3.075243
2015-01-01,2015,1,New Hampshire,3.28132
2015-04-01,2015,2,New Hampshire,4.956907
2015-07-01,2015,3,New Hampshire,5.788092
2015-10-01,2015,4,New Hampshire,6.331413
2016-01-01,2016,1,New Hampshire,4.560659
2016-04-01,2016,2,New Hampshire,5.38759
2016-07-01,2016,3,New Hampshire,5.555326
2016-10-01,2016,4,New Hampshire,5.557143
2017-01-01,2017,1,New Hampshire,5.435089
2017-04-01,2017,2,New Hampshire,5.769688
2017-07-01,2017,3,New Hampshire,5.697253
2017-10-01,2017,4,New Hampshire,5.798066
2018-01-01,2018,1,New Hampshire,5.59552
2018-04-01,2018,2,New Hampshire,6.382495
2018-07-01,2018,3,New Hampshire,6.005593
2018-10-01,2018,4,New Hampshire,6.437975
2019-01-01,2019,1,New Hampshire,5.689315
2019-04-01,2019,2,New Hampshire,7.159287
2019-07-01,2019,3,New Hampshire,8.822665
2019-10-01,2019,4,New Hampshire,7.699609
2020-01-01,2020,1,New Hampshire,6.163011
2020-04-01,2020,2,New Hampshire,7.527518
2020-07-01,2020,3,New Hampshire,8.459839
2020-10-01,2020,4,New Hampshire,7.744099
2021-01-01,2021,1,New Hampshire,7.084833
2021-04-01,2021,2,New Hampshire,11.119329
2021-07-01,2021,3,New Hampshire,12.175506
2021-10-01,2021,4,New Hampshire,11.451653
2022-01-01,2022,1,New Hampshire,8.62791
2022-04-01,2022,2,New Hampshire,12.619424
2022-07-01,2022,3,New Hampshire,16.02827
2022-10-01,2022,4,New Hampshire,18.001659
2023-01-01,2023,1,New Hampshire,8.737441
2023-04-01,2023,2,New Hampshire,13.870643
2023-07-01,2023,3,New Hampshire,9.739954
2023-10-01,2023,4,New Hampshire,8.165663
2024-01-01,2024,1,New Hampshire,9.018502
2024-04-01,2024,2,New Hampshire,8.379395
2024-07-01,2024,3,New Hampshire,8.090188
2024-10-01,2024,4,New Hampshire,7.134067
2025-01-01,2025,1,New Hampshire,5.852913
2025-04-01,2025,2,New Hampshire,6.71048
2025-07-01,2025,3,New Hampshire,7.659482
2013-01-01,2013,1,New Jersey,89.916528
2013-04-01,2013,2,New Jersey,120.223092
2013-07-01,2013,3,New Jersey,107.066488
2013-10-01,2013,4,New Jersey,99.228647
2014-01-01,2014,1,New Jersey,82.768399
2014-04-01,2014,2,New Jersey,99.457934
2014-07-01,2014,3,New Jersey,106.40317
2014-10-01,2014,4,New Jersey,91.867944
2015-01-01,2015,1,New Jersey,84.984073
2015-04-01,2015,2,New Jersey,105.946063
2015-07-01,2015,3,New Jersey,114.825504
2015-10-01,2015,4,New Jersey,105.767
2016-01-01,2016,1,New Jersey,98.827586
2016-04-01,2016,2,New Jersey,131.808174
2016-07-01,2016,3,New Jersey,110.483545
2016-10-01,2016,4,New Jersey,107.683018
2017-01-01,2017,1,New Jersey,99.041741
2017-04-01,2017,2,New Jersey,115.965058
2017-07-01,2017,3,New Jersey,113.95704
2017-10-01,2017,4,New Jersey,111.46194
2018-01-01,2018,1,New Jersey,95.056166
2018-04-01,2018,2,New Jersey,169.045295
2018-07-01,2018,3,New Jersey,148.337955
2018-10-01,2018,4,New Jersey,143.531702
2019-01-01,2019,1,New Jersey,128.396851
2019-04-01,2019,2,New Jersey,156.322215
2019-07-01,2019,3,New Jersey,146.145022
2019-10-01,2019,4,New Jersey,130.866518
2020-01-01,2020,1,New Jersey,129.512397
2020-04-01,2020,2,New Jersey,123.115162
2020-07-01,2020,3,New Jersey,142.487951
2020-10-01,2020,4,New Jersey,137.280774
2021-01-01,2021,1,New Jersey,138.259444
2021-04-01,2021,2,New Jersey,169.833099
2021-07-01,2021,3,New Jersey,189.773865
2021-10-01,2021,4,New Jersey,183.41711
2022-01-01,2022,1,New Jersey,159.694008
2022-04-01,2022,2,New Jersey,200.776186
2022-07-01,2022,3,New Jersey,214.68021
2022-10-01,2022,4,New Jersey,213.865669
2023-01-01,2023,1,New Jersey,173.93345
2023-04-01,2023,2,New Jersey,207.640041
2023-07-01,2023,3,New Jersey,381.867226
2023-10-01,2023,4,New Jersey,348.66459
2024-01-01,2024,1,New Jersey,305.272677
2024-04-01,2024,2,New Jersey,387.605711
2024-07-01,2024,3,New Jersey,385.365856
2024-10-01,2024,4,New Jersey,366.651237
2025-01-01,2025,1,New Jersey,350.809144
2025-04-01,2025,2,New Jersey,404.65918
2025-07-01,2025,3,New Jersey,427.37258
2013-01-01,2013,1,New Mexico,38.907756
2013-04-01,2013,2,New Mexico,44.717922
2013-07-01,2013,3,New Mexico,32.955844
2013-10-01,2013,4,New Mexico,32.087102
2014-01-01,2014,1,New Mexico,32.745745
2014-04-01,2014,2,New Mexico,30.049937
2014-07-01,2014,3,New Mexico,29.769193
2014-10-01,2014,4,New Mexico,31.085925
2015-01-01,2015,1,New Mexico,35.680722
2015-04-01,2015,2,New Mexico,36.580215
2015-07-01,2015,3,New Mexico,37.426245
2015-10-01,2015,4,New Mexico,34.825805
2016-01-01,2016,1,New Mexico,35.260105
2016-04-01,2016,2,New Mexico,37.557093
2016-07-01,2016,3,New Mexico,37.685941
2016-10-01,2016,4,New Mexico,38.03179
2017-01-01,2017,1,New Mexico,38.229118
2017-04-01,2017,2,New Mexico,41.95416
2017-07-01,2017,3,New Mexico,42.710532
2017-10-01,2017,4,New Mexico,44.263247
2018-01-01,2018,1,New Mexico,46.625341
2018-04-01,2018,2,New Mexico,54.359944
2018-07-01,2018,3,New Mexico,51.510996
2018-10-01,2018,4,New Mexico,54.027465
2019-01-01,2019,1,New Mexico,51.823904
2019-04-01,2019,2,New Mexico,61.920261
2019-07-01,2019,3,New Mexico,71.734088
2019-10-01,2019,4,New Mexico,67.703821
2020-01-01,2020,1,New Mexico,70.775781
2020-04-01,2020,2,New Mexico,79.596005
2020-07-01,2020,3,New Mexico,79.56282
2020-10-01,2020,4,New Mexico,69.439993
2021-01-01,2021,1,New Mexico,72.599238
2021-04-01,2021,2,New Mexico,89.985704
2021-07-01,2021,3,New Mexico,92.354448
2021-10-01,2021,4,New Mexico,90.539005
2022-01-01,2022,1,New Mexico,81.151621
2022-04-01,2022,2,New Mexico,97.801288
2022-07-01,2022,3,New Mexico,109.618283
2022-10-01,2022,4,New Mexico,101.628397
2023-01-01,2023,1,New Mexico,92.955113
2023-04-01,2023,2,New Mexico,110.921556
2023-07-01,2023,3,New Mexico,99.084208
2023-10-01,2023,4,New Mexico,88.959409
2024-01-01,2024,1,New Mexico,89.455716
2024-04-01,2024,2,New Mexico,101.17256
2024-07-01,2024,3,New Mexico,105.633601
2024-10-01,2024,4,New Mexico,99.230312
2025-01-01,2025,1,New Mexico,90.821765
2025-04-01,2025,2,New Mexico,99.763492
2025-07-01,2025,3,New Mexico,109.025063
2013-01-01,2013,1,New York,200.694085
2013-04-01,2013,2,New York,226.635898
2013-07-01,2013,3,New York,193.961088
2013-10-01,2013,4,New York,206.423015
2014-01-01,2014,1,New York,170.506089
2014-04-01,2014,2,New York,214.582519
2014-07-01,2014,3,New York,215.832454
2014-10-01,2014,4,New York,198.829278
2015-01-01,2015,1,New York,179.536361
2015-04-01,2015,2,New York,237.13571
2015-07-01,2015,3,New York,252.114158
2015-10-01,2015,4,New York,236.383028
2016-01-01,2016,1,New York,223.194397
2016-04-01,2016,2,New York,304.447087
2016-07-01,2016,3,New York,250.870388
2016-10-01,2016,4,New York,254.39812
2017-01-01,2017,1,New York,241.371226
2017-04-01,2017,2,New York,270.16136
2017-07-01,2017,3,New York,267.289685
2017-10-01,2017,4,New York,275.614692
2018-01-01,2018,1,New York,229.961948
2018-04-01,2018,2,New York,312.471313
2018-07-01,2018,3,New York,287.468949
2018-10-01,2018,4,New York,308.444058
2019-01-01,2019,1,New York,277.852676
2019-04-01,2019,2,New York,327.78112
2019-07-01,2019,3,New York,316.145631
2019-10-01,2019,4,New York,289.229718
2020-01-01,2020,1,New York,273.975106
2020-04-01,2020,2,New York,220.964406
2020-07-01,2020,3,New York,268.828439
2020-10-01,2020,4,New York,265.933689
2021-01-01,2021,1,New York,241.408536
2021-04-01,2021,2,New York,304.881622
2021-07-01,2021,3,New York,342.958202
2021-10-01,2021,4,New York,327.061338
2022-01-01,2022,1,New York,267.150811
2022-04-01,2022,2,New York,345.58499
2022-07-01,2022,3,New York,384.411721
2022-10-01,2022,4,New York,396.302251
2023-01-01,2023,1,New York,278.118564
2023-04-01,2023,2,New York,351.752061
2023-07-01,2023,3,New York,521.824957
2023-10-01,2023,4,New York,450.474165
2024-01-01,2024,1,New York,409.358852
2024-04-01,2024,2,New York,478.642288
2024-07-01,2024,3,New York,463.366013
2024-10-01,2024,4,New York,450.32549
2025-01-01,2025,1,New York,423.345936
2025-04-01,2025,2,New York,449.821178
2025-07-01,2025,3,New York,469.521022
2013-01-01,2013,1,No identificado,436.990916
2013-04-01,2013,2,No identificado,524.79281
2013-07-01,2013,3,No identificado,760.826477
2013-10-01,2013,4,No identificado,467.151757
2014-01-01,2014,1,No identificado,1059.829037
2014-04-01,2014,2,No identificado,1522.321713
2014-07-01,2014,3,No identificado,769.974799
2014-10-01,2014,4,No identificado,902.982513
2015-01-01,2015,1,No identificado,519.248353
2015-04-01,2015,2,No identificado,63.331408
2015-07-01,2015,3,No identificado,70.860734
2015-10-01,2015,4,No identificado,53.112351
2016-01-01,2016,1,No identificado,56.352933
2016-04-01,2016,2,No identificado,102.646911
2016-07-01,2016,3,No identificado,65.35807
2016-10-01,2016,4,No identificado,64.575036
2017-01-01,2017,1,No identificado,65.182089
2017-04-01,2017,2,No identificado,78.437313
2017-07-01,2017,3,No identificado,59.550236
2017-10-01,2017,4,No identificado,59.662716
2018-01-01,2018,1,No identificado,78.650159
2018-04-01,2018,2,No identificado,39.490556
2018-07-01,2018,3,No identificado,35.734002
2018-10-01,2018,4,No identificado,73.157552
2019-01-01,2019,1,No identificado,29.688536
2019-04-01,2019,2,No identificado,36.677212
2019-07-01,2019,3,No identificado,35.864574
2019-10-01,2019,4,No identificado,26.399966
2020-01-01,2020,1,No identificado,191.049423
2020-04-01,2020,2,No identificado,182.618966
2020-07-01,2020,3,No identificado,186.659228
2020-10-01,2020,4,No identificado,185.173606
2021-01-01,2021,1,No identificado,184.764313
2021-04-01,2021,2,No identificado,172.396134
2021-07-01,2021,3,No identificado,265.560332
2021-10-01,2021,4,No identificado,263.897549
2022-01-01,2022,1,No identificado,238.6623
2022-04-01,2022,2,No identificado,296.434406
2022-07-01,2022,3,No identificado,318.258906
2022-10-01,2022,4,No identificado,285.653381
2023-01-01,2023,1,No identificado,227.36714
2023-04-01,2023,2,No identificado,238.13367
2023-07-01,2023,3,No identificado,147.326214
2023-10-01,2023,4,No identificado,72.320347
2024-01-01,2024,1,No identificado,47.83903
2024-04-01,2024,2,No identificado,59.991216
2024-07-01,2024,3,No identificado,67.638096
2024-10-01,2024,4,No identificado,54.330287
2025-01-01,2025,1,No identificado,47.213705
2025-04-01,2025,2,No identificado,56.875139
2025-07-01,2025,3,No identificado,60.364559
2013-01-01,2013,1,North Carolina,132.649076
2013-04-01,2013,2,North Carolina,177.421587
2013-07-01,2013,3,North Carolina,169.840425
2013-10-01,2013,4,North Carolina,143.254945
2014-01-01,2014,1,North Carolina,113.89957
2014-04-01,2014,2,North Carolina,141.594058
2014-07-01,2014,3,North Carolina,175.150257
2014-10-01,2014,4,North Carolina,147.924999
2015-01-01,2015,1,North Carolina,107.589038
2015-04-01,2015,2,North Carolina,150.853115
2015-07-01,2015,3,North Carolina,167.869015
2015-10-01,2015,4,North Carolina,142.065475
2016-01-01,2016,1,North Carolina,128.456212
2016-04-01,2016,2,North Carolina,213.190667
2016-07-01,2016,3,North Carolina,180.325265
2016-10-01,2016,4,North Carolina,166.665839
2017-01-01,2017,1,North Carolina,163.415718
2017-04-01,2017,2,North Carolina,185.916008
2017-07-01,2017,3,North Carolina,201.141819
2017-10-01,2017,4,North Carolina,189.199884
2018-01-01,2018,1,North Carolina,152.823588
2018-04-01,2018,2,North Carolina,215.559184
2018-07-01,2018,3,North Carolina,209.341634
2018-10-01,2018,4,North Carolina,205.512771
2019-01-01,2019,1,North Carolina,178.095172
2019-04-01,2019,2,North Carolina,230.955711
2019-07-01,2019,3,North Carolina,254.205356
2019-10-01,2019,4,North Carolina,232.701436
2020-01-01,2020,1,North Carolina,191.512588
2020-04-01,2020,2,North Carolina,218.969416
2020-07-01,2020,3,North Carolina,249.963334
2020-10-01,2020,4,North Carolina,234.5134
2021-01-01,2021,1,North Carolina,211.085919
2021-04-01,2021,2,North Carolina,268.921711
2021-07-01,2021,3,North Carolina,270.221878
2021-10-01,2021,4,North Carolina,266.887336
2022-01-01,2022,1,North Carolina,220.319666
2022-04-01,2022,2,North Carolina,290.051477
2022-07-01,2022,3,North Carolina,316.408198
2022-10-01,2022,4,North Carolina,304.324002
2023-01-01,2023,1,North Carolina,220.425931
2023-04-01,2023,2,North Carolina,270.578935
2023-07-01,2023,3,North Carolina,474.717047
2023-10-01,2023,4,North Carolina,388.492577
2024-01-01,2024,1,North Carolina,323.947476
2024-04-01,2024,2,North Carolina,436.367532
2024-07-01,2024,3,North Carolina,443.075805
2024-10-01,2024,4,North Carolina,422.150819
2025-01-01,2025,1,North Carolina,360.886977
2025-04-01,2025,2,North Carolina,451.614572
2025-07-01,2025,3,North Carolina,485.380636
2013-01-01,2013,1,North Dakota,3.62542
2013-04-01,2013,2,North Dakota,16.63853
2013-07-01,2013,3,North Dakota,8.187432
2013-10-01,2013,4,North Dakota,6.319829
2014-01-01,2014,1,North Dakota,4.366923
2014-04-01,2014,2,North Dakota,7.211831
2014-07-01,2014,3,North Dakota,11.109691
2014-10-01,2014,4,North Dakota,10.360746
2015-01-01,2015,1,North Dakota,18.339124
2015-04-01,2015,2,North Dakota,26.997882
2015-07-01,2015,3,North Dakota,35.217827
2015-10-01,2015,4,North Dakota,33.514135
2016-01-01,2016,1,North Dakota,14.067978
2016-04-01,2016,2,North Dakota,4.625374
2016-07-01,2016,3,North Dakota,16.878603
2016-10-01,2016,4,North Dakota,16.541104
2017-01-01,2017,1,North Dakota,12.609887
2017-04-01,2017,2,North Dakota,19.200944
2017-07-01,2017,3,North Dakota,19.674369
2017-10-01,2017,4,North Dakota,20.102363
2018-01-01,2018,1,North Dakota,14.249115
2018-04-01,2018,2,North Dakota,22.745435
2018-07-01,2018,3,North Dakota,21.797999
2018-10-01,2018,4,North Dakota,23.089284
2019-01-01,2019,1,North Dakota,21.313242
2019-04-01,2019,2,North Dakota,24.704258
2019-07-01,2019,3,North Dakota,50.570161
2019-10-01,2019,4,North Dakota,35.392793
2020-01-01,2020,1,North Dakota,20.591879
2020-04-01,2020,2,North Dakota,26.55708
2020-07-01,2020,3,North Dakota,33.971692
2020-10-01,2020,4,North Dakota,24.513762
2021-01-01,2021,1,North Dakota,14.982137
2021-04-01,2021,2,North Dakota,34.651469
2021-07-01,2021,3,North Dakota,57.162924
2021-10-01,2021,4,North Dakota,39.008673
2022-01-01,2022,1,North Dakota,22.610924
2022-04-01,2022,2,North Dakota,42.691568
2022-07-01,2022,3,North Dakota,71.960899
2022-10-01,2022,4,North Dakota,63.617968
2023-01-01,2023,1,North Dakota,48.174906
2023-04-01,2023,2,North Dakota,74.745057
2023-07-01,2023,3,North Dakota,27.992824
2023-10-01,2023,4,North Dakota,23.962015
2024-01-01,2024,1,North Dakota,22.04529
2024-04-01,2024,2,North Dakota,27.142515
2024-07-01,2024,3,North Dakota,28.34022
2024-10-01,2024,4,North Dakota,26.406785
2025-01-01,2025,1,North Dakota,20.501297
2025-04-01,2025,2,North Dakota,20.698096
2025-07-01,2025,3,North Dakota,23.957282
2013-01-01,2013,1,Ohio,43.093146
2013-04-01,2013,2,Ohio,60.478154
2013-07-01,2013,3,Ohio,54.318431
2013-10-01,2013,4,Ohio,51.285269
2014-01-01,2014,1,Ohio,43.861989
2014-04-01,2014,2,Ohio,47.120191
2014-07-01,2014,3,Ohio,54.68463
2014-10-01,2014,4,Ohio,47.473273
2015-01-01,2015,1,Ohio,38.887744
2015-04-01,2015,2,Ohio,54.426338
2015-07-01,2015,3,Ohio,59.107172
2015-10-01,2015,4,Ohio,50.143563
2016-01-01,2016,1,Ohio,44.272733
2016-04-01,2016,2,Ohio,65.415224
2016-07-01,2016,3,Ohio,57.761004
2016-10-01,2016,4,Ohio,55.567664
2017-01-01,2017,1,Ohio,53.032897
2017-04-01,2017,2,Ohio,64.297725
2017-07-01,2017,3,Ohio,66.140927
2017-10-01,2017,4,Ohio,64.548551
2018-01-01,2018,1,Ohio,53.713856
2018-04-01,2018,2,Ohio,75.742088
2018-07-01,2018,3,Ohio,72.632295
2018-10-01,2018,4,Ohio,73.684098
2019-01-01,2019,1,Ohio,62.782269
2019-04-01,2019,2,Ohio,82.872433
2019-07-01,2019,3,Ohio,98.546191
2019-10-01,2019,4,Ohio,81.476423
2020-01-01,2020,1,Ohio,70.75998
2020-04-01,2020,2,Ohio,83.205123
2020-07-01,2020,3,Ohio,97.692611
2020-10-01,2020,4,Ohio,85.353991
2021-01-01,2021,1,Ohio,76.743614
2021-04-01,2021,2,Ohio,107.793335
2021-07-01,2021,3,Ohio,120.057392
2021-10-01,2021,4,Ohio,107.041523
2022-01-01,2022,1,Ohio,83.064703
2022-04-01,2022,2,Ohio,119.842226
2022-07-01,2022,3,Ohio,139.871405
2022-10-01,2022,4,Ohio,119.306851
2023-01-01,2023,1,Ohio,219.821787
2023-04-01,2023,2,Ohio,280.804058
2023-07-01,2023,3,Ohio,344.09167
2023-10-01,2023,4,Ohio,301.200136
2024-01-01,2024,1,Ohio,260.25771
2024-04-01,2024,2,Ohio,330.089531
2024-07-01,2024,3,Ohio,336.766153
2024-10-01,2024,4,Ohio,313.504162
2025-01-01,2025,1,Ohio,270.945647
2025-04-01,2025,2,Ohio,275.732572
2025-07-01,2025,3,Ohio,292.52236
2013-01-01,2013,1,Oklahoma,51.828383
2013-04-01,2013,2,Oklahoma,60.130045
2013-07-01,2013,3,Oklahoma,57.669281
2013-10-01,2013,4,Oklahoma,51.975661
2014-01-01,2014,1,Oklahoma,42.433686
2014-04-01,2014,2,Oklahoma,46.21606
2014-07-01,2014,3,Oklahoma,53.853597
2014-10-01,2014,4,Oklahoma,50.460207
2015-01-01,2015,1,Oklahoma,49.055164
2015-04-01,2015,2,Oklahoma,57.31634
2015-07-01,2015,3,Oklahoma,61.103098
2015-10-01,2015,4,Oklahoma,55.572522
2016-01-01,2016,1,Oklahoma,53.726483
2016-04-01,2016,2,Oklahoma,59.621459
2016-07-01,2016,3,Oklahoma,57.421822
2016-10-01,2016,4,Oklahoma,57.135886
2017-01-01,2017,1,Oklahoma,59.056275
2017-04-01,2017,2,Oklahoma,64.36056
2017-07-01,2017,3,Oklahoma,65.07853
2017-10-01,2017,4,Oklahoma,65.641272
2018-01-01,2018,1,Oklahoma,57.935195
2018-04-01,2018,2,Oklahoma,76.754852
2018-07-01,2018,3,Oklahoma,70.408783
2018-10-01,2018,4,Oklahoma,72.927745
2019-01-01,2019,1,Oklahoma,65.967176
2019-04-01,2019,2,Oklahoma,78.050264
2019-07-01,2019,3,Oklahoma,73.902203
2019-10-01,2019,4,Oklahoma,68.492309
2020-01-01,2020,1,Oklahoma,66.741757
2020-04-01,2020,2,Oklahoma,72.737426
2020-07-01,2020,3,Oklahoma,74.282101
2020-10-01,2020,4,Oklahoma,72.680578
2021-01-01,2021,1,Oklahoma,69.81196
2021-04-01,2021,2,Oklahoma,85.947849
2021-07-01,2021,3,Oklahoma,83.52438
2021-10-01,2021,4,Oklahoma,88.210822
2022-01-01,2022,1,Oklahoma,72.396802
2022-04-01,2022,2,Oklahoma,87.814353
2022-07-01,2022,3,Oklahoma,86.542452
2022-10-01,2022,4,Oklahoma,89.44867
2023-01-01,2023,1,Oklahoma,82.690787
2023-04-01,2023,2,Oklahoma,101.990146
2023-07-01,2023,3,Oklahoma,135.085204
2023-10-01,2023,4,Oklahoma,123.042916
2024-01-01,2024,1,Oklahoma,105.397282
2024-04-01,2024,2,Oklahoma,130.512577
2024-07-01,2024,3,Oklahoma,131.051148
2024-10-01,2024,4,Oklahoma,128.174092
2025-01-01,2025,1,Oklahoma,112.00314
2025-04-01,2025,2,Oklahoma,125.417074
2025-07-01,2025,3,Oklahoma,136.517656
2013-01-01,2013,1,Oregon,67.16488
2013-04-01,2013,2,Oregon,82.380786
2013-07-01,2013,3,Oregon,78.452298
2013-10-01,2013,4,Oregon,76.153701
2014-01-01,2014,1,Oregon,65.194345
2014-04-01,2014,2,Oregon,63.444546
2014-07-01,2014,3,Oregon,77.176706
2014-10-01,2014,4,Oregon,71.854119
2015-01-01,2015,1,Oregon,56.221934
2015-04-01,2015,2,Oregon,63.788683
2015-07-01,2015,3,Oregon,69.681279
2015-10-01,2015,4,Oregon,58.947574
2016-01-01,2016,1,Oregon,61.518002
2016-04-01,2016,2,Oregon,99.62394
2016-07-01,2016,3,Oregon,75.154566
2016-10-01,2016,4,Oregon,71.960309
2017-01-01,2017,1,Oregon,67.763221
2017-04-01,2017,2,Oregon,74.96246
2017-07-01,2017,3,Oregon,82.225017
2017-10-01,2017,4,Oregon,84.780686
2018-01-01,2018,1,Oregon,71.359514
2018-04-01,2018,2,Oregon,93.642043
2018-07-01,2018,3,Oregon,93.052744
2018-10-01,2018,4,Oregon,98.50284
2019-01-01,2019,1,Oregon,76.556865
2019-04-01,2019,2,Oregon,94.445563
2019-07-01,2019,3,Oregon,111.596761
2019-10-01,2019,4,Oregon,101.998063
2020-01-01,2020,1,Oregon,96.308807
2020-04-01,2020,2,Oregon,101.720764
2020-07-01,2020,3,Oregon,117.523345
2020-10-01,2020,4,Oregon,116.186634
2021-01-01,2021,1,Oregon,107.132947
2021-04-01,2021,2,Oregon,123.778635
2021-07-01,2021,3,Oregon,135.943774
2021-10-01,2021,4,Oregon,137.741574
2022-01-01,2022,1,Oregon,109.444151
2022-04-01,2022,2,Oregon,128.711756
2022-07-01,2022,3,Oregon,142.927382
2022-10-01,2022,4,Oregon,132.528464
2023-01-01,2023,1,Oregon,109.47672
2023-04-01,2023,2,Oregon,128.393678
2023-07-01,2023,3,Oregon,216.064652
2023-10-01,2023,4,Oregon,184.98007
2024-01-01,2024,1,Oregon,155.048381
2024-04-01,2024,2,Oregon,201.891579
2024-07-01,2024,3,Oregon,229.407712
2024-10-01,2024,4,Oregon,207.594798
2025-01-01,2025,1,Oregon,170.217537
2025-04-01,2025,2,Oregon,189.490403
2025-07-01,2025,3,Oregon,216.903952
2013-01-01,2013,1,Pennsylvania,45.970181
2013-04-01,2013,2,Pennsylvania,64.778157
2013-07-01,2013,3,Pennsylvania,57.311697
2013-10-01,2013,4,Pennsylvania,52.841444
2014-01-01,2014,1,Pennsylvania,41.734316
2014-04-01,2014,2,Pennsylvania,48.372723
2014-07-01,2014,3,Pennsylvania,54.185435
2014-10-01,2014,4,Pennsylvania,50.399989
2015-01-01,2015,1,Pennsylvania,49.735984
2015-04-01,2015,2,Pennsylvania,69.115647
2015-07-01,2015,3,Pennsylvania,74.090732
2015-10-01,2015,4,Pennsylvania,63.902425
2016-01-01,2016,1,Pennsylvania,55.293371
2016-04-01,2016,2,Pennsylvania,64.679552
2016-07-01,2016,3,Pennsylvania,65.706236
2016-10-01,2016,4,Pennsylvania,64.024024
2017-01-01,2017,1,Pennsylvania,59.766584
2017-04-01,2017,2,Pennsylvania,72.244657
2017-07-01,2017,3,Pennsylvania,72.339984
2017-10-01,2017,4,Pennsylvania,72.961859
2018-01-01,2018,1,Pennsylvania,55.359599
2018-04-01,2018,2,Pennsylvania,80.861752
2018-07-01,2018,3,Pennsylvania,75.570733
2018-10-01,2018,4,Pennsylvania,79.799403
2019-01-01,2019,1,Pennsylvania,69.557927
2019-04-01,2019,2,Pennsylvania,85.988079
2019-07-01,2019,3,Pennsylvania,86.256454
2019-10-01,2019,4,Pennsylvania,73.66539
2020-01-01,2020,1,Pennsylvania,62.810092
2020-04-01,2020,2,Pennsylvania,67.260433
2020-07-01,2020,3,Pennsylvania,79.712797
2020-10-01,2020,4,Pennsylvania,74.511046
2021-01-01,2021,1,Pennsylvania,65.21341
2021-04-01,2021,2,Pennsylvania,93.25571
2021-07-01,2021,3,Pennsylvania,106.730793
2021-10-01,2021,4,Pennsylvania,103.331579
2022-01-01,2022,1,Pennsylvania,77.933278
2022-04-01,2022,2,Pennsylvania,111.25125
2022-07-01,2022,3,Pennsylvania,129.667581
2022-10-01,2022,4,Pennsylvania,118.75226
2023-01-01,2023,1,Pennsylvania,94.843835
2023-04-01,2023,2,Pennsylvania,129.387606
2023-07-01,2023,3,Pennsylvania,169.361696
2023-10-01,2023,4,Pennsylvania,144.002085
2024-01-01,2024,1,Pennsylvania,123.527718
2024-04-01,2024,2,Pennsylvania,165.695059
2024-07-01,2024,3,Pennsylvania,164.993564
2024-10-01,2024,4,Pennsylvania,156.94242
2025-01-01,2025,1,Pennsylvania,137.145512
2025-04-01,2025,2,Pennsylvania,159.112043
2025-07-01,2025,3,Pennsylvania,168.268279
2013-01-01,2013,1,Puerto Rico,0.299995
2013-04-01,2013,2,Puerto Rico,0.291274
2013-07-01,2013,3,Puerto Rico,0.21365
2013-10-01,2013,4,Puerto Rico,0.113097
2014-01-01,2014,1,Puerto Rico,0.089143
2014-04-01,2014,2,Puerto Rico,0.069601
2014-07-01,2014,3,Puerto Rico,0.070078
2014-10-01,2014,4,Puerto Rico,0.084474
2015-01-01,2015,1,Puerto Rico,1.882323
2015-04-01,2015,2,Puerto Rico,1.306933
2015-07-01,2015,3,Puerto Rico,1.568563
2015-10-01,2015,4,Puerto Rico,1.800282
2016-01-01,2016,1,Puerto Rico,2.552157
2016-04-01,2016,2,Puerto Rico,0.546371
2016-07-01,2016,3,Puerto Rico,2.42162
2016-10-01,2016,4,Puerto Rico,2.516841
2017-01-01,2017,1,Puerto Rico,2.764766
2017-04-01,2017,2,Puerto Rico,2.98299
2017-07-01,2017,3,Puerto Rico,3.015117
2017-10-01,2017,4,Puerto Rico,3.116124
2018-01-01,2018,1,Puerto Rico,2.471987
2018-04-01,2018,2,Puerto Rico,3.633487
2018-07-01,2018,3,Puerto Rico,3.325411
2018-10-01,2018,4,Puerto Rico,3.546823
2019-01-01,2019,1,Puerto Rico,3.283713
2019-04-01,2019,2,Puerto Rico,3.843548
2019-07-01,2019,3,Puerto Rico,2.64466
2019-10-01,2019,4,Puerto Rico,2.874132
2020-01-01,2020,1,Puerto Rico,0.359154
2020-04-01,2020,2,Puerto Rico,0.442167
2020-07-01,2020,3,Puerto Rico,0.549047
2020-10-01,2020,4,Puerto Rico,0.466409
2021-01-01,2021,1,Puerto Rico,0.406768
2021-04-01,2021,2,Puerto Rico,0.405369
2021-07-01,2021,3,Puerto Rico,0.431452
2021-10-01,2021,4,Puerto Rico,0.547909
2022-01-01,2022,1,Puerto Rico,0.46863
2022-04-01,2022,2,Puerto Rico,0.418681
2022-07-01,2022,3,Puerto Rico,0.534447
2022-10-01,2022,4,Puerto Rico,1.58246
2023-01-01,2023,1,Puerto Rico,13.105827
2023-04-01,2023,2,Puerto Rico,16.811773
2023-07-01,2023,3,Puerto Rico,16.915816
2023-10-01,2023,4,Puerto Rico,16.069443
2024-01-01,2024,1,Puerto Rico,14.499765
2024-04-01,2024,2,Puerto Rico,16.521873
2024-07-01,2024,3,Puerto Rico,16.126132
2024-10-01,2024,4,Puerto Rico,15.160267
2025-01-01,2025,1,Puerto Rico,13.406905
2025-04-01,2025,2,Puerto Rico,9.914274
2025-07-01,2025,3,Puerto Rico,9.989066
2013-01-01,2013,1,Rhode Island,2.580926
2013-04-01,2013,2,Rhode Island,2.925488
2013-07-01,2013,3,Rhode Island,2.4884
2013-10-01,2013,4,Rhode Island,2.342424
2014-01-01,2014,1,Rhode Island,5.63032
2014-04-01,2014,2,Rhode Island,3.210279
2014-07-01,2014,3,Rhode Island,3.939746
2014-10-01,2014,4,Rhode Island,2.443817
2015-01-01,2015,1,Rhode Island,3.721483
2015-04-01,2015,2,Rhode Island,4.843231
2015-07-01,2015,3,Rhode Island,4.952549
2015-10-01,2015,4,Rhode Island,4.850472
2016-01-01,2016,1,Rhode Island,4.808795
2016-04-01,2016,2,Rhode Island,5.722171
2016-07-01,2016,3,Rhode Island,5.802099
2016-10-01,2016,4,Rhode Island,5.621754
2017-01-01,2017,1,Rhode Island,4.132418
2017-04-01,2017,2,Rhode Island,5.051006
2017-07-01,2017,3,Rhode Island,5.124867
2017-10-01,2017,4,Rhode Island,5.17811
2018-01-01,2018,1,Rhode Island,3.653454
2018-04-01,2018,2,Rhode Island,5.965774
2018-07-01,2018,3,Rhode Island,5.534048
2018-10-01,2018,4,Rhode Island,5.788506
2019-01-01,2019,1,Rhode Island,5.189933
2019-04-01,2019,2,Rhode Island,6.386008
2019-07-01,2019,3,Rhode Island,5.297044
2019-10-01,2019,4,Rhode Island,5.043518
2020-01-01,2020,1,Rhode Island,4.539759
2020-04-01,2020,2,Rhode Island,3.973565
2020-07-01,2020,3,Rhode Island,5.384434
2020-10-01,2020,4,Rhode Island,5.088639
2021-01-01,2021,1,Rhode Island,5.026413
2021-04-01,2021,2,Rhode Island,6.199181
2021-07-01,2021,3,Rhode Island,6.956373
2021-10-01,2021,4,Rhode Island,6.195666
2022-01-01,2022,1,Rhode Island,5.15218
2022-04-01,2022,2,Rhode Island,6.476897
2022-07-01,2022,3,Rhode Island,6.751985
2022-10-01,2022,4,Rhode Island,6.914807
2023-01-01,2023,1,Rhode Island,6.63172
2023-04-01,2023,2,Rhode Island,6.889416
2023-07-01,2023,3,Rhode Island,8.545414
2023-10-01,2023,4,Rhode Island,7.979983
2024-01-01,2024,1,Rhode Island,9.136713
2024-04-01,2024,2,Rhode Island,7.703777
2024-07-01,2024,3,Rhode Island,7.020426
2024-10-01,2024,4,Rhode Island,6.685274
2025-01-01,2025,1,Rhode Island,6.164283
2025-04-01,2025,2,Rhode Island,6.66949
2025-07-01,2025,3,Rhode Island,8.706368
2013-01-01,2013,1,South Carolina,57.449641
2013-04-01,2013,2,South Carolina,73.835277
2013-07-01,2013,3,South Carolina,60.604338
2013-10-01,2013,4,South Carolina,57.588557
2014-01-01,2014,1,South Carolina,50.720019
2014-04-01,2014,2,South Carolina,56.848746
2014-07-01,2014,3,South Carolina,64.062454
2014-10-01,2014,4,South Carolina,59.957814
2015-01-01,2015,1,South Carolina,42.827928
2015-04-01,2015,2,South Carolina,63.794022
2015-07-01,2015,3,South Carolina,64.823878
2015-10-01,2015,4,South Carolina,55.438733
2016-01-01,2016,1,South Carolina,60.830951
2016-04-01,2016,2,South Carolina,105.684018
2016-07-01,2016,3,South Carolina,75.051876
2016-10-01,2016,4,South Carolina,72.04112
2017-01-01,2017,1,South Carolina,79.504412
2017-04-01,2017,2,South Carolina,84.730086
2017-07-01,2017,3,South Carolina,81.577554
2017-10-01,2017,4,South Carolina,82.485487
2018-01-01,2018,1,South Carolina,75.763563
2018-04-01,2018,2,South Carolina,99.330643
2018-07-01,2018,3,South Carolina,89.368269
2018-10-01,2018,4,South Carolina,90.088859
2019-01-01,2019,1,South Carolina,82.983482
2019-04-01,2019,2,South Carolina,103.982783
2019-07-01,2019,3,South Carolina,97.731504
2019-10-01,2019,4,South Carolina,90.070537
2020-01-01,2020,1,South Carolina,85.468599
2020-04-01,2020,2,South Carolina,93.976883
2020-07-01,2020,3,South Carolina,97.776602
2020-10-01,2020,4,South Carolina,95.206711
2021-01-01,2021,1,South Carolina,93.375864
2021-04-01,2021,2,South Carolina,116.04134
2021-07-01,2021,3,South Carolina,111.909618
2021-10-01,2021,4,South Carolina,110.919382
2022-01-01,2022,1,South Carolina,97.798695
2022-04-01,2022,2,South Carolina,121.697529
2022-07-01,2022,3,South Carolina,126.049795
2022-10-01,2022,4,South Carolina,129.986717
2023-01-01,2023,1,South Carolina,117.70948
2023-04-01,2023,2,South Carolina,139.650931
2023-07-01,2023,3,South Carolina,243.177702
2023-10-01,2023,4,South Carolina,207.645297
2024-01-01,2024,1,South Carolina,187.379377
2024-04-01,2024,2,South Carolina,243.725327
2024-07-01,2024,3,South Carolina,234.136556
2024-10-01,2024,4,South Carolina,228.572864
2025-01-01,2025,1,South Carolina,211.120693
2025-04-01,2025,2,South Carolina,244.908639
2025-07-01,2025,3,South Carolina,245.692262
2013-01-01,2013,1,South Dakota,3.065886
2013-04-01,2013,2,South Dakota,4.181648
2013-07-01,2013,3,South Dakota,4.680853
2013-10-01,2013,4,South Dakota,4.133717
2014-01-01,2014,1,South Dakota,3.239858
2014-04-01,2014,2,South Dakota,5.151394
2014-07-01,2014,3,South Dakota,6.130105
2014-10-01,2014,4,South Dakota,4.896769
2015-01-01,2015,1,South Dakota,5.403152
2015-04-01,2015,2,South Dakota,8.392934
2015-07-01,2015,3,South Dakota,11.427901
2015-10-01,2015,4,South Dakota,11.662253
2016-01-01,2016,1,South Dakota,6.080789
2016-04-01,2016,2,South Dakota,6.295407
2016-07-01,2016,3,South Dakota,8.65112
2016-10-01,2016,4,South Dakota,8.441512
2017-01-01,2017,1,South Dakota,6.317054
2017-04-01,2017,2,South Dakota,8.483371
2017-07-01,2017,3,South Dakota,9.24783
2017-10-01,2017,4,South Dakota,9.572168
2018-01-01,2018,1,South Dakota,7.179312
2018-04-01,2018,2,South Dakota,10.578358
2018-07-01,2018,3,South Dakota,10.631304
2018-10-01,2018,4,South Dakota,11.240993
2019-01-01,2019,1,South Dakota,9.456781
2019-04-01,2019,2,South Dakota,11.580244
2019-07-01,2019,3,South Dakota,13.920018
2019-10-01,2019,4,South Dakota,11.223725
2020-01-01,2020,1,South Dakota,8.112417
2020-04-01,2020,2,South Dakota,10.159849
2020-07-01,2020,3,South Dakota,13.174774
2020-10-01,2020,4,South Dakota,10.931391
2021-01-01,2021,1,South Dakota,8.288664
2021-04-01,2021,2,South Dakota,11.991591
2021-07-01,2021,3,South Dakota,16.269134
2021-10-01,2021,4,South Dakota,13.412106
2022-01-01,2022,1,South Dakota,7.947056
2022-04-01,2022,2,South Dakota,14.466073
2022-07-01,2022,3,South Dakota,21.785849
2022-10-01,2022,4,South Dakota,16.980671
2023-01-01,2023,1,South Dakota,11.128576
2023-04-01,2023,2,South Dakota,18.172249
2023-07-01,2023,3,South Dakota,19.647969
2023-10-01,2023,4,South Dakota,16.549576
2024-01-01,2024,1,South Dakota,16.494055
2024-04-01,2024,2,South Dakota,14.932596
2024-07-01,2024,3,South Dakota,16.512107
2024-10-01,2024,4,South Dakota,14.650492
2025-01-01,2025,1,South Dakota,11.133597
2025-04-01,2025,2,South Dakota,15.547887
2025-07-01,2025,3,South Dakota,22.886253
2013-01-01,2013,1,Tennessee,66.986933
2013-04-01,2013,2,Tennessee,86.41093
2013-07-01,2013,3,Tennessee,80.873011
2013-10-01,2013,4,Tennessee,78.554613
2014-01-01,2014,1,Tennessee,64.058717
2014-04-01,2014,2,Tennessee,71.197445
2014-07-01,2014,3,Tennessee,87.519517
2014-10-01,2014,4,Tennessee,80.096136
2015-01-01,2015,1,Tennessee,68.327073
2015-04-01,2015,2,Tennessee,90.642759
2015-07-01,2015,3,Tennessee,102.097295
2015-10-01,2015,4,Tennessee,94.189343
2016-01-01,2016,1,Tennessee,88.467066
2016-04-01,2016,2,Tennessee,110.918008
2016-07-01,2016,3,Tennessee,110.076813
2016-10-01,2016,4,Tennessee,109.014578
2017-01-01,2017,1,Tennessee,118.080822
2017-04-01,2017,2,Tennessee,123.473752
2017-07-01,2017,3,Tennessee,127.81132
2017-10-01,2017,4,Tennessee,128.762856
2018-01-01,2018,1,Tennessee,111.477984
2018-04-01,2018,2,Tennessee,148.991957
2018-07-01,2018,3,Tennessee,143.169152
2018-10-01,2018,4,Tennessee,143.840054
2019-01-01,2019,1,Tennessee,127.464057
2019-04-01,2019,2,Tennessee,156.81985
2019-07-01,2019,3,Tennessee,171.63062
2019-10-01,2019,4,Tennessee,155.185806
2020-01-01,2020,1,Tennessee,145.627749
2020-04-01,2020,2,Tennessee,160.745939
2020-07-01,2020,3,Tennessee,179.11194
2020-10-01,2020,4,Tennessee,179.571492
2021-01-01,2021,1,Tennessee,164.260987
2021-04-01,2021,2,Tennessee,210.614252
2021-07-01,2021,3,Tennessee,217.227257
2021-10-01,2021,4,Tennessee,216.457261
2022-01-01,2022,1,Tennessee,187.491963
2022-04-01,2022,2,Tennessee,243.053072
2022-07-01,2022,3,Tennessee,255.797124
2022-10-01,2022,4,Tennessee,248.142578
2023-01-01,2023,1,Tennessee,216.411239
2023-04-01,2023,2,Tennessee,261.365392
2023-07-01,2023,3,Tennessee,308.70496
2023-10-01,2023,4,Tennessee,273.13047
2024-01-01,2024,1,Tennessee,243.786798
2024-04-01,2024,2,Tennessee,287.43618
2024-07-01,2024,3,Tennessee,292.80757
2024-10-01,2024,4,Tennessee,269.624414
2025-01-01,2025,1,Tennessee,232.981641
2025-04-01,2025,2,Tennessee,279.370952
2025-07-01,2025,3,Tennessee,308.51665
2013-01-01,2013,1,Texas,670.099246
2013-04-01,2013,2,Texas,767.076011
2013-07-01,2013,3,Texas,648.454611
2013-10-01,2013,4,Texas,667.019718
2014-01-01,2014,1,Texas,572.048405
2014-04-01,2014,2,Texas,653.494348
2014-07-01,2014,3,Texas,702.20588
2014-10-01,2014,4,Texas,718.284181
2015-01-01,2015,1,Texas,770.326099
2015-04-01,2015,2,Texas,874.457475
2015-07-01,2015,3,Texas,912.936831
2015-10-01,2015,4,Texas,862.70181
2016-01-01,2016,1,Texas,880.685734
2016-04-01,2016,2,Texas,941.439817
2016-07-01,2016,3,Texas,969.875481
2016-10-01,2016,4,Texas,994.588734
2017-01-01,2017,1,Texas,1025.790486
2017-04-01,2017,2,Texas,1156.512761
2017-07-01,2017,3,Texas,1148.645744
2017-10-01,2017,4,Texas,1205.704468
2018-01-01,2018,1,Texas,1134.258728
2018-04-01,2018,2,Texas,1385.290434
2018-07-01,2018,3,Texas,1249.198042
2018-10-01,2018,4,Texas,1325.092604
2019-01-01,2019,1,Texas,1223.160694
2019-04-01,2019,2,Texas,1441.262892
2019-07-01,2019,3,Texas,1595.840105
2019-10-01,2019,4,Texas,1546.047757
2020-01-01,2020,1,Texas,1588.874858
2020-04-01,2020,2,Texas,1768.044188
2020-07-01,2020,3,Texas,1750.007809
2020-10-01,2020,4,Texas,1733.995324
2021-01-01,2021,1,Texas,1742.697507
2021-04-01,2021,2,Texas,2163.976403
2021-07-01,2021,3,Texas,2220.391307
2021-10-01,2021,4,Texas,2352.920426
2022-01-01,2022,1,Texas,2061.137954
2022-04-01,2022,2,Texas,2398.985385
2022-07-01,2022,3,Texas,2441.397788
2022-10-01,2022,4,Texas,2444.061654
2023-01-01,2023,1,Texas,2199.579874
2023-04-01,2023,2,Texas,2557.444047
2023-07-01,2023,3,Texas,2248.376633
2023-10-01,2023,4,Texas,2240.717868
2024-01-01,2024,1,Texas,1913.821809
2024-04-01,2024,2,Texas,2394.5657
2024-07-01,2024,3,Texas,2370.998321
2024-10-01,2024,4,Texas,2322.902145
2025-01-01,2025,1,Texas,1996.524912
2025-04-01,2025,2,Texas,2196.455534
2025-07-01,2025,3,Texas,2311.750868
2013-01-01,2013,1,Total,5094.144145
2013-04-01,2013,2,Total,6087.858605
2013-07-01,2013,3,Total,5633.579302
2013-10-01,2013,4,Total,5526.222812
2014-01-01,2014,1,Total,5480.945062
2014-04-01,2014,2,Total,6224.68035
2014-07-01,2014,3,Total,5879.516412
2014-10-01,2014,4,Total,5942.897956
2015-01-01,2015,1,Total,5741.663555
2015-04-01,2015,2,Total,6169.301128
2015-07-01,2015,3,Total,6373.137785
2015-10-01,2015,4,Total,5975.730578
2016-01-01,2016,1,Total,6086.219377
2016-04-01,2016,2,Total,6791.287978
2016-07-01,2016,3,Total,6730.860398
2016-10-01,2016,4,Total,6760.885132
2017-01-01,2017,1,Total,6789.145284
2017-04-01,2017,2,Total,7469.323214
2017-07-01,2017,3,Total,7454.709611
2017-10-01,2017,4,Total,7714.691077
2018-01-01,2018,1,Total,6945.560754
2018-04-01,2018,2,Total,8877.129993
2018-07-01,2018,3,Total,8166.597341
2018-10-01,2018,4,Total,8628.639044
2019-01-01,2019,1,Total,7693.194982
2019-04-01,2019,2,Total,9220.571743
2019-07-01,2019,3,Total,9550.436144
2019-10-01,2019,4,Total,8951.915675
2020-01-01,2020,1,Total,9214.445036
2020-04-01,2020,2,Total,9791.865051
2020-07-01,2020,3,Total,10484.07438
2020-10-01,2020,4,Total,10444.083966
2021-01-01,2021,1,Total,10451.17296
2021-04-01,2021,2,Total,12801.308215
2021-07-01,2021,3,Total,13106.725751
2021-10-01,2021,4,Total,13623.512424
2022-01-01,2022,1,Total,12018.880652
2022-04-01,2022,2,Total,14332.924046
2022-07-01,2022,3,Total,15039.763159
2022-10-01,2022,4,Total,14975.176479
2023-01-01,2023,1,Total,13419.71969
2023-04-01,2023,2,Total,15674.658409
2023-07-01,2023,3,Total,16253.966719
2023-10-01,2023,4,Total,15576.722063
2024-01-01,2024,1,Total,13557.864211
2024-04-01,2024,2,Total,16638.939774
2024-07-01,2024,3,Total,16473.50355
2024-10-01,2024,4,Total,15859.142707
2025-01-01,2025,1,Total,13869.898561
2025-04-01,2025,2,Total,14904.868522
2025-07-01,2025,3,Total,15622.489062
2013-01-01,2013,1,Utah,47.224343
2013-04-01,2013,2,Utah,56.420881
2013-07-01,2013,3,Utah,48.058716
2013-10-01,2013,4,Utah,50.132066
2014-01-01,2014,1,Utah,50.97624
2014-04-01,2014,2,Utah,46.687888
2014-07-01,2014,3,Utah,48.002692
2014-10-01,2014,4,Utah,46.648944
2015-01-01,2015,1,Utah,39.334176
2015-04-01,2015,2,Utah,43.525258
2015-07-01,2015,3,Utah,45.143109
2015-10-01,2015,4,Utah,42.673428
2016-01-01,2016,1,Utah,45.421554
2016-04-01,2016,2,Utah,65.728667
2016-07-01,2016,3,Utah,52.098652
2016-10-01,2016,4,Utah,52.10988
2017-01-01,2017,1,Utah,47.21244
2017-04-01,2017,2,Utah,54.62487
2017-07-01,2017,3,Utah,55.355821
2017-10-01,2017,4,Utah,58.636874
2018-01-01,2018,1,Utah,54.330344
2018-04-01,2018,2,Utah,69.18264
2018-07-01,2018,3,Utah,63.702794
2018-10-01,2018,4,Utah,69.10553
2019-01-01,2019,1,Utah,59.382006
2019-04-01,2019,2,Utah,72.786781
2019-07-01,2019,3,Utah,76.927102
2019-10-01,2019,4,Utah,72.501755
2020-01-01,2020,1,Utah,72.656315
2020-04-01,2020,2,Utah,81.602832
2020-07-01,2020,3,Utah,84.560987
2020-10-01,2020,4,Utah,85.209495
2021-01-01,2021,1,Utah,85.496364
2021-04-01,2021,2,Utah,104.882546
2021-07-01,2021,3,Utah,107.504393
2021-10-01,2021,4,Utah,110.410557
2022-01-01,2022,1,Utah,96.35163
2022-04-01,2022,2,Utah,123.992609
2022-07-01,2022,3,Utah,129.044744
2022-10-01,2022,4,Utah,126.846061
2023-01-01,2023,1,Utah,103.92408
2023-04-01,2023,2,Utah,125.511647
2023-07-01,2023,3,Utah,159.636917
2023-10-01,2023,4,Utah,141.792411
2024-01-01,2024,1,Utah,118.467417
2024-04-01,2024,2,Utah,148.083392
2024-07-01,2024,3,Utah,155.284768
2024-10-01,2024,4,Utah,146.775635
2025-01-01,2025,1,Utah,126.380494
2025-04-01,2025,2,Utah,141.150398
2025-07-01,2025,3,Utah,152.162917
2013-01-01,2013,1,Vermont,0.974121
2013-04-01,2013,2,Vermont,0.981136
2013-07-01,2013,3,Vermont,0.92887
2013-10-01,2013,4,Vermont,0.778805
2014-01-01,2014,1,Vermont,0.633986
2014-04-01,2014,2,Vermont,0.704923
2014-07-01,2014,3,Vermont,0.787336
2014-10-01,2014,4,Vermont,0.8853
2015-01-01,2015,1,Vermont,2.931023
2015-04-01,2015,2,Vermont,2.976057
2015-07-01,2015,3,Vermont,3.86047
2015-10-01,2015,4,Vermont,3.805435
2016-01-01,2016,1,Vermont,4.780949
2016-04-01,2016,2,Vermont,1.760378
2016-07-01,2016,3,Vermont,5.067981
2016-10-01,2016,4,Vermont,5.094114
2017-01-01,2017,1,Vermont,6.480133
2017-04-01,2017,2,Vermont,5.615175
2017-07-01,2017,3,Vermont,5.701031
2017-10-01,2017,4,Vermont,5.868775
2018-01-01,2018,1,Vermont,6.880475
2018-04-01,2018,2,Vermont,6.631749
2018-07-01,2018,3,Vermont,6.229807
2018-10-01,2018,4,Vermont,6.584625
2019-01-01,2019,1,Vermont,6.050892
2019-04-01,2019,2,Vermont,7.243697
2019-07-01,2019,3,Vermont,6.69973
2019-10-01,2019,4,Vermont,4.59489
2020-01-01,2020,1,Vermont,2.059559
2020-04-01,2020,2,Vermont,1.772271
2020-07-01,2020,3,Vermont,2.264039
2020-10-01,2020,4,Vermont,2.285901
2021-01-01,2021,1,Vermont,2.008033
2021-04-01,2021,2,Vermont,1.892098
2021-07-01,2021,3,Vermont,2.114702
2021-10-01,2021,4,Vermont,2.443996
2022-01-01,2022,1,Vermont,1.598392
2022-04-01,2022,2,Vermont,2.063445
2022-07-01,2022,3,Vermont,2.723941
2022-10-01,2022,4,Vermont,3.676723
2023-01-01,2023,1,Vermont,19.02669
2023-04-01,2023,2,Vermont,22.64948
2023-07-01,2023,3,Vermont,24.944669
2023-10-01,2023,4,Vermont,23.593577
2024-01-01,2024,1,Vermont,23.957908
2024-04-01,2024,2,Vermont,23.306927
2024-07-01,2024,3,Vermont,22.782636
2024-10-01,2024,4,Vermont,20.924156
2025-01-01,2025,1,Vermont,17.942243
2025-04-01,2025,2,Vermont,14.281363
2025-07-01,2025,3,Vermont,15.440234
2013-01-01,2013,1,Virginia,49.38657
2013-04-01,2013,2,Virginia,64.438131
2013-07-01,2013,3,Virginia,61.768157
2013-10-01,2013,4,Virginia,54.601504
2014-01-01,2014,1,Virginia,44.276752
2014-04-01,2014,2,Virginia,55.868808
2014-07-01,2014,3,Virginia,62.261916
2014-10-01,2014,4,Virginia,53.092252
2015-01-01,2015,1,Virginia,59.295823
2015-04-01,2015,2,Virginia,88.632433
2015-07-01,2015,3,Virginia,95.884222
2015-10-01,2015,4,Virginia,81.235358
2016-01-01,2016,1,Virginia,70.333458
2016-04-01,2016,2,Virginia,69.312696
2016-07-01,2016,3,Virginia,88.920248
2016-10-01,2016,4,Virginia,85.622331
2017-01-01,2017,1,Virginia,83.588396
2017-04-01,2017,2,Virginia,96.255365
2017-07-01,2017,3,Virginia,100.086987
2017-10-01,2017,4,Virginia,98.559576
2018-01-01,2018,1,Virginia,80.343102
2018-04-01,2018,2,Virginia,113.885697
2018-07-01,2018,3,Virginia,108.393063
2018-10-01,2018,4,Virginia,109.901109
2019-01-01,2019,1,Virginia,96.433057
2019-04-01,2019,2,Virginia,119.684424
2019-07-01,2019,3,Virginia,108.627294
2019-10-01,2019,4,Virginia,94.032654
2020-01-01,2020,1,Virginia,83.670208
2020-04-01,2020,2,Virginia,89.256033
2020-07-01,2020,3,Virginia,104.530655
2020-10-01,2020,4,Virginia,106.118482
2021-01-01,2021,1,Virginia,100.125434
2021-04-01,2021,2,Virginia,127.75162
2021-07-01,2021,3,Virginia,134.277624
2021-10-01,2021,4,Virginia,130.857826
2022-01-01,2022,1,Virginia,104.062537
2022-04-01,2022,2,Virginia,133.519119
2022-07-01,2022,3,Virginia,142.169936
2022-10-01,2022,4,Virginia,136.579758
2023-01-01,2023,1,Virginia,98.752153
2023-04-01,2023,2,Virginia,123.323404
2023-07-01,2023,3,Virginia,179.380275
2023-10-01,2023,4,Virginia,123.035083
2024-01-01,2024,1,Virginia,110.596953
2024-04-01,2024,2,Virginia,137.121398
2024-07-01,2024,3,Virginia,173.527027
2024-10-01,2024,4,Virginia,160.616422
2025-01-01,2025,1,Virginia,133.683318
2025-04-01,2025,2,Virginia,135.797155
2025-07-01,2025,3,Virginia,169.11085
2013-01-01,2013,1,Washington,113.102348
2013-04-01,2013,2,Washington,139.625544
2013-07-01,2013,3,Washington,147.106501
2013-10-01,2013,4,Washington,137.483729
2014-01-01,2014,1,Washington,110.704133
2014-04-01,2014,2,Washington,109.964363
2014-07-01,2014,3,Washington,153.427722
2014-10-01,2014,4,Washington,128.799698
2015-01-01,2015,1,Washington,101.365635
2015-04-01,2015,2,Washington,122.996075
2015-07-01,2015,3,Washington,155.791634
2015-10-01,2015,4,Washington,113.479046
2016-01-01,2016,1,Washington,113.882982
2016-04-01,2016,2,Washington,195.353475
2016-07-01,2016,3,Washington,173.962069
2016-10-01,2016,4,Washington,149.481988
2017-01-01,2017,1,Washington,139.012446
2017-04-01,2017,2,Washington,162.881388
2017-07-01,2017,3,Washington,199.099284
2017-10-01,2017,4,Washington,179.859363
2018-01-01,2018,1,Washington,146.026902
2018-04-01,2018,2,Washington,206.433003
2018-07-01,2018,3,Washington,217.068573
2018-10-01,2018,4,Washington,197.870872
2019-01-01,2019,1,Washington,148.49881
2019-04-01,2019,2,Washington,204.964141
2019-07-01,2019,3,Washington,257.521377
2019-10-01,2019,4,Washington,208.130519
2020-01-01,2020,1,Washington,182.935501
2020-04-01,2020,2,Washington,212.514272
2020-07-01,2020,3,Washington,256.719803
2020-10-01,2020,4,Washington,218.04364
2021-01-01,2021,1,Washington,190.377052
2021-04-01,2021,2,Washington,250.909512
2021-07-01,2021,3,Washington,282.146489
2021-10-01,2021,4,Washington,266.544074
2022-01-01,2022,1,Washington,220.008422
2022-04-01,2022,2,Washington,257.077376
2022-07-01,2022,3,Washington,310.388463
2022-10-01,2022,4,Washington,308.057898
2023-01-01,2023,1,Washington,273.130882
2023-04-01,2023,2,Washington,325.198737
2023-07-01,2023,3,Washington,247.069797
2023-10-01,2023,4,Washington,201.894628
2024-01-01,2024,1,Washington,160.253061
2024-04-01,2024,2,Washington,222.281928
2024-07-01,2024,3,Washington,254.867437
2024-10-01,2024,4,Washington,239.172549
2025-01-01,2025,1,Washington,193.387201
2025-04-01,2025,2,Washington,209.499614
2025-07-01,2025,3,Washington,228.605877
2013-01-01,2013,1,Washington DC,3.287955
2013-04-01,2013,2,Washington DC,4.131165
2013-07-01,2013,3,Washington DC,3.024256
2013-10-01,2013,4,Washington DC,2.591819
2014-01-01,2014,1,Washington DC,2.609647
2014-04-01,2014,2,Washington DC,2.833615
2014-07-01,2014,3,Washington DC,2.80379
2014-10-01,2014,4,Washington DC,2.708167
2015-01-01,2015,1,Washington DC,2.547949
2015-04-01,2015,2,Washington DC,3.112804
2015-07-01,2015,3,Washington DC,3.40662
2015-10-01,2015,4,Washington DC,3.52239
2016-01-01,2016,1,Washington DC,2.59343
2016-04-01,2016,2,Washington DC,3.760169
2016-07-01,2016,3,Washington DC,3.623135
2016-10-01,2016,4,Washington DC,3.057
2017-01-01,2017,1,Washington DC,2.67347
2017-04-01,2017,2,Washington DC,3.011972
2017-07-01,2017,3,Washington DC,2.924023
2017-10-01,2017,4,Washington DC,2.992246
2018-01-01,2018,1,Washington DC,2.915742
2018-04-01,2018,2,Washington DC,4.928316
2018-07-01,2018,3,Washington DC,5.643459
2018-10-01,2018,4,Washington DC,3.388361
2019-01-01,2019,1,Washington DC,3.199938
2019-04-01,2019,2,Washington DC,3.745505
2019-07-01,2019,3,Washington DC,2.791508
2019-10-01,2019,4,Washington DC,3.102182
2020-01-01,2020,1,Washington DC,2.638021
2020-04-01,2020,2,Washington DC,1.711592
2020-07-01,2020,3,Washington DC,2.572263
2020-10-01,2020,4,Washington DC,2.613479
2021-01-01,2021,1,Washington DC,2.576229
2021-04-01,2021,2,Washington DC,2.873892
2021-07-01,2021,3,Washington DC,3.488925
2021-10-01,2021,4,Washington DC,3.608669
2022-01-01,2022,1,Washington DC,3.081748
2022-04-01,2022,2,Washington DC,3.670932
2022-07-01,2022,3,Washington DC,3.682629
2022-10-01,2022,4,Washington DC,5.59284
2023-01-01,2023,1,Washington DC,15.011203
2023-04-01,2023,2,Washington DC,17.675637
2023-07-01,2023,3,Washington DC,20.030939
2023-10-01,2023,4,Washington DC,25.221334
2024-01-01,2024,1,Washington DC,37.565727
2024-04-01,2024,2,Washington DC,38.388334
2024-07-01,2024,3,Washington DC,37.683197
2024-10-01,2024,4,Washington DC,45.853285
2025-01-01,2025,1,Washington DC,44.337944
2025-04-01,2025,2,Washington DC,32.111499
2025-07-01,2025,3,Washington DC,32.599581
2013-01-01,2013,1,West Virginia,3.301347
2013-04-01,2013,2,West Virginia,3.391736
2013-07-01,2013,3,West Virginia,2.803156
2013-10-01,2013,4,West Virginia,2.467868
2014-01-01,2014,1,West Virginia,2.030834
2014-04-01,2014,2,West Virginia,2.552071
2014-07-01,2014,3,West Virginia,3.015463
2014-10-01,2014,4,West Virginia,2.645445
2015-01-01,2015,1,West Virginia,5.098841
2015-04-01,2015,2,West Virginia,3.029448
2015-07-01,2015,3,West Virginia,3.463357
2015-10-01,2015,4,West Virginia,5.499077
2016-01-01,2016,1,West Virginia,5.524546
2016-04-01,2016,2,West Virginia,3.401789
2016-07-01,2016,3,West Virginia,6.509301
2016-10-01,2016,4,West Virginia,6.399738
2017-01-01,2017,1,West Virginia,6.031615
2017-04-01,2017,2,West Virginia,6.748025
2017-07-01,2017,3,West Virginia,6.91179
2017-10-01,2017,4,West Virginia,6.914766
2018-01-01,2018,1,West Virginia,7.257748
2018-04-01,2018,2,West Virginia,7.765881
2018-07-01,2018,3,West Virginia,7.936191
2018-10-01,2018,4,West Virginia,8.12695
2019-01-01,2019,1,West Virginia,7.042959
2019-04-01,2019,2,West Virginia,8.7129
2019-07-01,2019,3,West Virginia,11.287459
2019-10-01,2019,4,West Virginia,9.326749
2020-01-01,2020,1,West Virginia,8.17404
2020-04-01,2020,2,West Virginia,7.522713
2020-07-01,2020,3,West Virginia,9.296517
2020-10-01,2020,4,West Virginia,9.790319
2021-01-01,2021,1,West Virginia,8.330527
2021-04-01,2021,2,West Virginia,11.418258
2021-07-01,2021,3,West Virginia,12.260103
2021-10-01,2021,4,West Virginia,11.598898
2022-01-01,2022,1,West Virginia,9.91593
2022-04-01,2022,2,West Virginia,15.541181
2022-07-01,2022,3,West Virginia,15.723617
2022-10-01,2022,4,West Virginia,15.570354
2023-01-01,2023,1,West Virginia,11.656512
2023-04-01,2023,2,West Virginia,14.357534
2023-07-01,2023,3,West Virginia,16.484108
2023-10-01,2023,4,West Virginia,11.004329
2024-01-01,2024,1,West Virginia,8.800279
2024-04-01,2024,2,West Virginia,11.834637
2024-07-01,2024,3,West Virginia,12.209125
2024-10-01,2024,4,West Virginia,11.900407
2025-01-01,2025,1,West Virginia,10.984138
2025-04-01,2025,2,West Virginia,13.136643
2025-07-01,2025,3,West Virginia,15.023353
2013-01-01,2013,1,Wisconsin,42.279023
2013-04-01,2013,2,Wisconsin,58.624674
2013-07-01,2013,3,Wisconsin,49.948483
2013-10-01,2013,4,Wisconsin,44.851432
2014-01-01,2014,1,Wisconsin,45.806823
2014-04-01,2014,2,Wisconsin,48.427473
2014-07-01,2014,3,Wisconsin,54.9544
2014-10-01,2014,4,Wisconsin,54.19278
2015-01-01,2015,1,Wisconsin,62.191437
2015-04-01,2015,2,Wisconsin,66.942736
2015-07-01,2015,3,Wisconsin,69.172027
2015-10-01,2015,4,Wisconsin,64.368965
2016-01-01,2016,1,Wisconsin,70.380389
2016-04-01,2016,2,Wisconsin,68.830675
2016-07-01,2016,3,Wisconsin,70.591577
2016-10-01,2016,4,Wisconsin,72.261897
2017-01-01,2017,1,Wisconsin,78.492415
2017-04-01,2017,2,Wisconsin,80.601016
2017-07-01,2017,3,Wisconsin,80.142154
2017-10-01,2017,4,Wisconsin,83.012241
2018-01-01,2018,1,Wisconsin,76.34476
2018-04-01,2018,2,Wisconsin,97.577255
2018-07-01,2018,3,Wisconsin,90.012926
2018-10-01,2018,4,Wisconsin,96.121079
2019-01-01,2019,1,Wisconsin,86.342647
2019-04-01,2019,2,Wisconsin,98.920319
2019-07-01,2019,3,Wisconsin,106.644842
2019-10-01,2019,4,Wisconsin,97.772364
2020-01-01,2020,1,Wisconsin,94.264343
2020-04-01,2020,2,Wisconsin,97.316444
2020-07-01,2020,3,Wisconsin,108.47105
2020-10-01,2020,4,Wisconsin,108.770096
2021-01-01,2021,1,Wisconsin,102.453488
2021-04-01,2021,2,Wisconsin,121.537924
2021-07-01,2021,3,Wisconsin,130.698205
2021-10-01,2021,4,Wisconsin,127.96364
2022-01-01,2022,1,Wisconsin,110.497375
2022-04-01,2022,2,Wisconsin,136.44318
2022-07-01,2022,3,Wisconsin,154.404698
2022-10-01,2022,4,Wisconsin,146.606132
2023-01-01,2023,1,Wisconsin,126.590119
2023-04-01,2023,2,Wisconsin,149.887086
2023-07-01,2023,3,Wisconsin,141.944148
2023-10-01,2023,4,Wisconsin,125.050264
2024-01-01,2024,1,Wisconsin,114.535734
2024-04-01,2024,2,Wisconsin,137.911134
2024-07-01,2024,3,Wisconsin,146.950025
2024-10-01,2024,4,Wisconsin,145.278786
2025-01-01,2025,1,Wisconsin,131.136115
2025-04-01,2025,2,Wisconsin,141.065872
2025-07-01,2025,3,Wisconsin,155.116303
2013-01-01,2013,1,Wyoming,7.547462
2013-04-01,2013,2,Wyoming,9.007772
2013-07-01,2013,3,Wyoming,9.745647
2013-10-01,2013,4,Wyoming,8.741297
2014-01-01,2014,1,Wyoming,7.792605
2014-04-01,2014,2,Wyoming,9.511819
2014-07-01,2014,3,Wyoming,10.822609
2014-10-01,2014,4,Wyoming,9.462134
2015-01-01,2015,1,Wyoming,9.84664
2015-04-01,2015,2,Wyoming,11.152286
2015-07-01,2015,3,Wyoming,13.560819
2015-10-01,2015,4,Wyoming,11.357877
2016-01-01,2016,1,Wyoming,9.869144
2016-04-01,2016,2,Wyoming,9.448313
2016-07-01,2016,3,Wyoming,11.477313
2016-10-01,2016,4,Wyoming,10.558743
2017-01-01,2017,1,Wyoming,9.909007
2017-04-01,2017,2,Wyoming,11.379756
2017-07-01,2017,3,Wyoming,12.592097
2017-10-01,2017,4,Wyoming,12.185746
2018-01-01,2018,1,Wyoming,10.422132
2018-04-01,2018,2,Wyoming,13.631172
2018-07-01,2018,3,Wyoming,13.169198
2018-10-01,2018,4,Wyoming,12.900471
2019-01-01,2019,1,Wyoming,11.801486
2019-04-01,2019,2,Wyoming,13.754165
2019-07-01,2019,3,Wyoming,15.857595
2019-10-01,2019,4,Wyoming,13.922899
2020-01-01,2020,1,Wyoming,11.439748
2020-04-01,2020,2,Wyoming,12.64564
2020-07-01,2020,3,Wyoming,14.237052
2020-10-01,2020,4,Wyoming,13.136722
2021-01-01,2021,1,Wyoming,11.937046
2021-04-01,2021,2,Wyoming,15.280766
2021-07-01,2021,3,Wyoming,18.799555
2021-10-01,2021,4,Wyoming,16.616982
2022-01-01,2022,1,Wyoming,13.901033
2022-04-01,2022,2,Wyoming,17.631324
2022-07-01,2022,3,Wyoming,20.681998
2022-10-01,2022,4,Wyoming,19.120677
2023-01-01,2023,1,Wyoming,30.636823
2023-04-01,2023,2,Wyoming,38.868802
2023-07-01,2023,3,Wyoming,40.030553
2023-10-01,2023,4,Wyoming,35.76996
2024-01-01,2024,1,Wyoming,31.395139
2024-04-01,2024,2,Wyoming,37.868042
2024-07-01,2024,3,Wyoming,40.486825
2024-10-01,2024,4,Wyoming,36.211245
2025-01-01,2025,1,Wyoming,31.176822
2025-04-01,2025,2,Wyoming,29.808454
2025-07-01,2025,3,Wyoming,32.814271
