mx_state,mx_municipality,validation_status,resolution,official_state,official_municipality,candidate_count,candidate_states,drop_reason
Chiapas,Cintalapa,dropped_unresolved,NA,NA,NA,NA,NA,no_weighting_universe_candidate
Chihuahua,Rosario,dropped_unresolved,NA,NA,NA,2,Sinaloa | Sonora,ambiguous_multiple_candidates
Guanajuato,Dolores Hidalgo Cuna De La Independencia Nal.,dropped_unresolved,NA,NA,NA,NA,NA,no_weighting_universe_candidate
Guerrero,Apaxtla,dropped_unresolved,NA,NA,NA,NA,NA,no_weighting_universe_candidate
Oaxaca,Miahuatlan De Porfirio Diaz,dropped_unresolved,NA,NA,NA,NA,NA,no_weighting_universe_candidate
Oaxaca,San Blas Atempa,dropped_unresolved,NA,NA,NA,NA,NA,no_weighting_universe_candidate
Oaxaca,San Juan Mixtepec - Distr. 08 -,dropped_unresolved,NA,NA,NA,NA,NA,no_weighting_universe_candidate
Oaxaca,San Juan Mixtepec - Distr. 26 -,dropped_unresolved,NA,NA,NA,NA,NA,no_weighting_universe_candidate
Oaxaca,San Martin De Los Cansecos,dropped_unresolved,NA,NA,NA,NA,NA,no_weighting_universe_candidate
Oaxaca,San Pedro Mixtepec - Distr. 22 -,dropped_unresolved,NA,NA,NA,NA,NA,no_weighting_universe_candidate
Oaxaca,San Pedro Mixtepec - Distr. 26 -,dropped_unresolved,NA,NA,NA,NA,NA,no_weighting_universe_candidate
Oaxaca,Santiago Chazumba,dropped_unresolved,NA,NA,NA,NA,NA,no_weighting_universe_candidate
Oaxaca,Villa Hidalgo,dropped_unresolved,NA,NA,NA,4,Jalisco | San Luis Potosi | Sonora | Zacatecas,ambiguous_multiple_candidates
Oaxaca,Zapotitlan Del Rio,dropped_unresolved,NA,NA,NA,NA,NA,no_weighting_universe_candidate
San Luis Potosi,Ahualulco,dropped_unresolved,NA,NA,NA,NA,NA,no_weighting_universe_candidate
Aguascalientes,Aguascalientes,resolved,exact_same_state,Aguascalientes,Aguascalientes,1,Aguascalientes,NA
Aguascalientes,Asientos,resolved,exact_same_state,Aguascalientes,Asientos,1,Aguascalientes,NA
Aguascalientes,Calvillo,resolved,exact_same_state,Aguascalientes,Calvillo,1,Aguascalientes,NA
Aguascalientes,Cosio,resolved,exact_same_state,Aguascalientes,Cosio,1,Aguascalientes,NA
Aguascalientes,El Llano,resolved,exact_same_state,Aguascalientes,El Llano,1,Aguascalientes,NA
Aguascalientes,Jesus Maria,resolved,exact_same_state,Aguascalientes,Jesus Maria,2,Aguascalientes | Jalisco,NA
Aguascalientes,Pabellon De Arteaga,resolved,exact_same_state,Aguascalientes,Pabellon De Arteaga,1,Aguascalientes,NA
Aguascalientes,Rincon De Romos,resolved,exact_same_state,Aguascalientes,Rincon De Romos,1,Aguascalientes,NA
Aguascalientes,San Francisco De Los Romo,resolved,exact_same_state,Aguascalientes,San Francisco De Los Romo,1,Aguascalientes,NA
Aguascalientes,San Jose De Gracia,resolved,exact_same_state,Aguascalientes,San Jose De Gracia,1,Aguascalientes,NA
Aguascalientes,Tepezala,resolved,exact_same_state,Aguascalientes,Tepezala,1,Aguascalientes,NA
Baja California,Ensenada,resolved,exact_same_state,Baja California,Ensenada,1,Baja California,NA
Baja California,Mexicali,resolved,exact_same_state,Baja California,Mexicali,1,Baja California,NA
Baja California,Playas De Rosarito,resolved,exact_same_state,Baja California,Playas De Rosarito,1,Baja California,NA
Baja California,Tecate,resolved,exact_same_state,Baja California,Tecate,1,Baja California,NA
Baja California,Tijuana,resolved,exact_same_state,Baja California,Tijuana,1,Baja California,NA
Baja California Sur,Comondu,resolved,exact_same_state,Baja California Sur,Comondu,1,Baja California Sur,NA
Baja California Sur,La Paz,resolved,exact_same_state,Baja California Sur,La Paz,2,Baja California Sur | Estado De Mexico,NA
Baja California Sur,Loreto,resolved,exact_same_state,Baja California Sur,Loreto,2,Baja California Sur | Zacatecas,NA
Baja California Sur,Los Cabos,resolved,exact_same_state,Baja California Sur,Los Cabos,1,Baja California Sur,NA
Baja California Sur,Mulege,resolved,exact_same_state,Baja California Sur,Mulege,1,Baja California Sur,NA
Campeche,Calakmul,resolved,exact_same_state,Campeche,Calakmul,1,Campeche,NA
Campeche,Calkini,resolved,exact_same_state,Campeche,Calkini,1,Campeche,NA
Campeche,Campeche,resolved,exact_same_state,Campeche,Campeche,1,Campeche,NA
Campeche,Candelaria,resolved,exact_same_state,Campeche,Candelaria,1,Campeche,NA
Campeche,Carmen,resolved,exact_same_state,Campeche,Carmen,1,Campeche,NA
Campeche,Champoton,resolved,exact_same_state,Campeche,Champoton,1,Campeche,NA
Campeche,Escarcega,resolved,exact_same_state,Campeche,Escarcega,1,Campeche,NA
Campeche,Hecelchakan,resolved,exact_same_state,Campeche,Hecelchakan,1,Campeche,NA
Campeche,Hopelchen,resolved,exact_same_state,Campeche,Hopelchen,1,Campeche,NA
Campeche,Palizada,resolved,exact_same_state,Campeche,Palizada,1,Campeche,NA
Campeche,Tenabo,resolved,exact_same_state,Campeche,Tenabo,1,Campeche,NA
Chiapas,Acacoyagua,resolved,exact_same_state,Chiapas,Acacoyagua,1,Chiapas,NA
Chiapas,Acala,resolved,exact_same_state,Chiapas,Acala,1,Chiapas,NA
Chiapas,Acapetahua,resolved,exact_same_state,Chiapas,Acapetahua,1,Chiapas,NA
Chiapas,Aldama,resolved,exact_same_state,Chiapas,Aldama,3,Chiapas | Chihuahua | Tamaulipas,NA
Chiapas,Altamirano,resolved,exact_same_state,Chiapas,Altamirano,1,Chiapas,NA
Chiapas,Amatan,resolved,exact_same_state,Chiapas,Amatan,1,Chiapas,NA
Chiapas,Amatenango De La Frontera,resolved,exact_same_state,Chiapas,Amatenango De La Frontera,1,Chiapas,NA
Chiapas,Amatenango Del Valle,resolved,exact_same_state,Chiapas,Amatenango Del Valle,1,Chiapas,NA
Chiapas,Angel Albino Corzo,resolved,exact_same_state,Chiapas,Angel Albino Corzo,1,Chiapas,NA
Chiapas,Arriaga,resolved,exact_same_state,Chiapas,Arriaga,1,Chiapas,NA
Chiapas,Bejucal De Ocampo,resolved,exact_same_state,Chiapas,Bejucal De Ocampo,1,Chiapas,NA
Chiapas,Bella Vista,resolved,exact_same_state,Chiapas,Bella Vista,1,Chiapas,NA
Chiapas,Benemerito De Las Americas,resolved,exact_same_state,Chiapas,Benemerito De Las Americas,1,Chiapas,NA
Chiapas,Berriozabal,resolved,exact_same_state,Chiapas,Berriozabal,1,Chiapas,NA
Chiapas,Bochil,resolved,exact_same_state,Chiapas,Bochil,1,Chiapas,NA
Chiapas,Cacahoatan,resolved,exact_same_state,Chiapas,Cacahoatan,1,Chiapas,NA
Chiapas,Catazaja,resolved,exact_same_state,Chiapas,Catazaja,1,Chiapas,NA
Chiapas,Chalchihuitan,resolved,exact_same_state,Chiapas,Chalchihuitan,1,Chiapas,NA
Chiapas,Chamula,resolved,exact_same_state,Chiapas,Chamula,1,Chiapas,NA
Chiapas,Chanal,resolved,exact_same_state,Chiapas,Chanal,1,Chiapas,NA
Chiapas,Chapultenango,resolved,exact_same_state,Chiapas,Chapultenango,1,Chiapas,NA
Chiapas,Chenalho,resolved,exact_same_state,Chiapas,Chenalho,1,Chiapas,NA
Chiapas,Chiapa De Corzo,resolved,exact_same_state,Chiapas,Chiapa De Corzo,1,Chiapas,NA
Chiapas,Chiapilla,resolved,exact_same_state,Chiapas,Chiapilla,1,Chiapas,NA
Chiapas,Chicoasen,resolved,exact_same_state,Chiapas,Chicoasen,1,Chiapas,NA
Chiapas,Chicomuselo,resolved,exact_same_state,Chiapas,Chicomuselo,1,Chiapas,NA
Chiapas,Chilon,resolved,exact_same_state,Chiapas,Chilon,1,Chiapas,NA
Chiapas,Coapilla,resolved,exact_same_state,Chiapas,Coapilla,1,Chiapas,NA
Chiapas,Comitan De Dominguez,resolved,exact_same_state,Chiapas,Comitan De Dominguez,1,Chiapas,NA
Chiapas,Copainala,resolved,exact_same_state,Chiapas,Copainala,1,Chiapas,NA
Chiapas,El Bosque,resolved,exact_same_state,Chiapas,El Bosque,1,Chiapas,NA
Chiapas,El Porvenir,resolved,exact_same_state,Chiapas,El Porvenir,1,Chiapas,NA
Chiapas,Escuintla,resolved,exact_same_state,Chiapas,Escuintla,1,Chiapas,NA
Chiapas,Francisco Leon,resolved,exact_same_state,Chiapas,Francisco Leon,1,Chiapas,NA
Chiapas,Frontera Comalapa,resolved,exact_same_state,Chiapas,Frontera Comalapa,1,Chiapas,NA
Chiapas,Frontera Hidalgo,resolved,exact_same_state,Chiapas,Frontera Hidalgo,1,Chiapas,NA
Chiapas,Huehuetan,resolved,exact_same_state,Chiapas,Huehuetan,1,Chiapas,NA
Chiapas,Huitiupan,resolved,exact_same_state,Chiapas,Huitiupan,1,Chiapas,NA
Chiapas,Huixtan,resolved,exact_same_state,Chiapas,Huixtan,1,Chiapas,NA
Chiapas,Huixtla,resolved,exact_same_state,Chiapas,Huixtla,1,Chiapas,NA
Chiapas,Ixhuatan,resolved,exact_same_state,Chiapas,Ixhuatan,1,Chiapas,NA
Chiapas,Ixtacomitan,resolved,exact_same_state,Chiapas,Ixtacomitan,1,Chiapas,NA
Chiapas,Ixtapa,resolved,exact_same_state,Chiapas,Ixtapa,1,Chiapas,NA
Chiapas,Ixtapangajoya,resolved,exact_same_state,Chiapas,Ixtapangajoya,1,Chiapas,NA
Chiapas,Jiquipilas,resolved,exact_same_state,Chiapas,Jiquipilas,1,Chiapas,NA
Chiapas,Jitotol,resolved,exact_same_state,Chiapas,Jitotol,1,Chiapas,NA
Chiapas,Juarez,resolved,exact_same_state,Chiapas,Juarez,5,Chiapas | Chihuahua | Coahuila De Zaragoza | Michoacan De Ocampo | Nuevo Leon,NA
Chiapas,La Concordia,resolved,exact_same_state,Chiapas,La Concordia,1,Chiapas,NA
Chiapas,La Grandeza,resolved,exact_same_state,Chiapas,La Grandeza,1,Chiapas,NA
Chiapas,La Independencia,resolved,exact_same_state,Chiapas,La Independencia,1,Chiapas,NA
Chiapas,La Libertad,resolved,exact_same_state,Chiapas,La Libertad,1,Chiapas,NA
Chiapas,La Trinitaria,resolved,exact_same_state,Chiapas,La Trinitaria,1,Chiapas,NA
Chiapas,Larrainzar,resolved,exact_same_state,Chiapas,Larrainzar,1,Chiapas,NA
Chiapas,Las Margaritas,resolved,exact_same_state,Chiapas,Las Margaritas,1,Chiapas,NA
Chiapas,Las Rosas,resolved,exact_same_state,Chiapas,Las Rosas,1,Chiapas,NA
Chiapas,Mapastepec,resolved,exact_same_state,Chiapas,Mapastepec,1,Chiapas,NA
Chiapas,Maravilla Tenejapa,resolved,exact_same_state,Chiapas,Maravilla Tenejapa,1,Chiapas,NA
Chiapas,Marques De Comillas,resolved,exact_same_state,Chiapas,Marques De Comillas,1,Chiapas,NA
Chiapas,Mazapa De Madero,resolved,exact_same_state,Chiapas,Mazapa De Madero,1,Chiapas,NA
Chiapas,Mazatan,resolved,exact_same_state,Chiapas,Mazatan,2,Chiapas | Sonora,NA
Chiapas,Metapa,resolved,exact_same_state,Chiapas,Metapa,1,Chiapas,NA
Chiapas,Mitontic,resolved,exact_same_state,Chiapas,Mitontic,1,Chiapas,NA
Chiapas,Montecristo De Guerrero,resolved,exact_same_state,Chiapas,Montecristo De Guerrero,1,Chiapas,NA
Chiapas,Motozintla,resolved,exact_same_state,Chiapas,Motozintla,1,Chiapas,NA
Chiapas,Nicolas Ruiz,resolved,exact_same_state,Chiapas,Nicolas Ruiz,1,Chiapas,NA
Chiapas,Ocosingo,resolved,exact_same_state,Chiapas,Ocosingo,1,Chiapas,NA
Chiapas,Ocotepec,resolved,exact_same_state,Chiapas,Ocotepec,2,Chiapas | Puebla,NA
Chiapas,Ocozocoautla De Espinosa,resolved,exact_same_state,Chiapas,Ocozocoautla De Espinosa,1,Chiapas,NA
Chiapas,Ostuacan,resolved,exact_same_state,Chiapas,Ostuacan,1,Chiapas,NA
Chiapas,Osumacinta,resolved,exact_same_state,Chiapas,Osumacinta,1,Chiapas,NA
Chiapas,Oxchuc,resolved,exact_same_state,Chiapas,Oxchuc,1,Chiapas,NA
Chiapas,Palenque,resolved,exact_same_state,Chiapas,Palenque,1,Chiapas,NA
Chiapas,Pantelho,resolved,exact_same_state,Chiapas,Pantelho,1,Chiapas,NA
Chiapas,Pantepec,resolved,exact_same_state,Chiapas,Pantepec,2,Chiapas | Puebla,NA
Chiapas,Pichucalco,resolved,exact_same_state,Chiapas,Pichucalco,1,Chiapas,NA
Chiapas,Pijijiapan,resolved,exact_same_state,Chiapas,Pijijiapan,1,Chiapas,NA
Chiapas,Pueblo Nuevo Solistahuacan,resolved,exact_same_state,Chiapas,Pueblo Nuevo Solistahuacan,1,Chiapas,NA
Chiapas,Rayon,resolved,exact_same_state,Chiapas,Rayon,4,Chiapas | Estado De Mexico | San Luis Potosi | Sonora,NA
Chiapas,Reforma,resolved,exact_same_state,Chiapas,Reforma,1,Chiapas,NA
Chiapas,Sabanilla,resolved,exact_same_state,Chiapas,Sabanilla,1,Chiapas,NA
Chiapas,Salto De Agua,resolved,exact_same_state,Chiapas,Salto De Agua,1,Chiapas,NA
Chiapas,San Andres Duraznal,resolved,exact_same_state,Chiapas,San Andres Duraznal,1,Chiapas,NA
Chiapas,San Cristobal De Las Casas,resolved,exact_same_state,Chiapas,San Cristobal De Las Casas,1,Chiapas,NA
Chiapas,San Fernando,resolved,exact_same_state,Chiapas,San Fernando,2,Chiapas | Tamaulipas,NA
Chiapas,San Juan Cancuc,resolved,exact_same_state,Chiapas,San Juan Cancuc,1,Chiapas,NA
Chiapas,San Lucas,resolved,exact_same_state,Chiapas,San Lucas,2,Chiapas | Michoacan De Ocampo,NA
Chiapas,Santiago El Pinar,resolved,exact_same_state,Chiapas,Santiago El Pinar,1,Chiapas,NA
Chiapas,Siltepec,resolved,exact_same_state,Chiapas,Siltepec,1,Chiapas,NA
Chiapas,Simojovel,resolved,exact_same_state,Chiapas,Simojovel,1,Chiapas,NA
Chiapas,Sitala,resolved,exact_same_state,Chiapas,Sitala,1,Chiapas,NA
Chiapas,Socoltenango,resolved,exact_same_state,Chiapas,Socoltenango,1,Chiapas,NA
Chiapas,Solosuchiapa,resolved,exact_same_state,Chiapas,Solosuchiapa,1,Chiapas,NA
Chiapas,Soyalo,resolved,exact_same_state,Chiapas,Soyalo,1,Chiapas,NA
Chiapas,Suchiapa,resolved,exact_same_state,Chiapas,Suchiapa,1,Chiapas,NA
Chiapas,Suchiate,resolved,exact_same_state,Chiapas,Suchiate,1,Chiapas,NA
Chiapas,Sunuapa,resolved,exact_same_state,Chiapas,Sunuapa,1,Chiapas,NA
Chiapas,Tapachula,resolved,exact_same_state,Chiapas,Tapachula,1,Chiapas,NA
Chiapas,Tapalapa,resolved,exact_same_state,Chiapas,Tapalapa,1,Chiapas,NA
Chiapas,Tapilula,resolved,exact_same_state,Chiapas,Tapilula,1,Chiapas,NA
Chiapas,Tecpatan,resolved,exact_same_state,Chiapas,Tecpatan,1,Chiapas,NA
Chiapas,Tenejapa,resolved,exact_same_state,Chiapas,Tenejapa,1,Chiapas,NA
Chiapas,Teopisca,resolved,exact_same_state,Chiapas,Teopisca,1,Chiapas,NA
Chiapas,Tila,resolved,exact_same_state,Chiapas,Tila,1,Chiapas,NA
Chiapas,Tonala,resolved,exact_same_state,Chiapas,Tonala,2,Chiapas | Jalisco,NA
Chiapas,Totolapa,resolved,exact_same_state,Chiapas,Totolapa,1,Chiapas,NA
Chiapas,Tumbala,resolved,exact_same_state,Chiapas,Tumbala,1,Chiapas,NA
Chiapas,Tuxtla Chico,resolved,exact_same_state,Chiapas,Tuxtla Chico,1,Chiapas,NA
Chiapas,Tuxtla Gutierrez,resolved,exact_same_state,Chiapas,Tuxtla Gutierrez,1,Chiapas,NA
Chiapas,Tuzantan,resolved,exact_same_state,Chiapas,Tuzantan,1,Chiapas,NA
Chiapas,Tzimol,resolved,exact_same_state,Chiapas,Tzimol,1,Chiapas,NA
Chiapas,Union Juarez,resolved,exact_same_state,Chiapas,Union Juarez,1,Chiapas,NA
Chiapas,Venustiano Carranza,resolved,exact_same_state,Chiapas,Venustiano Carranza,4,Chiapas | Ciudad De Mexico | Michoacan De Ocampo | Puebla,NA
Chiapas,Villa Comaltitlan,resolved,exact_same_state,Chiapas,Villa Comaltitlan,1,Chiapas,NA
Chiapas,Villa Corzo,resolved,exact_same_state,Chiapas,Villa Corzo,1,Chiapas,NA
Chiapas,Villaflores,resolved,exact_same_state,Chiapas,Villaflores,1,Chiapas,NA
Chiapas,Yajalon,resolved,exact_same_state,Chiapas,Yajalon,1,Chiapas,NA
Chiapas,Zinacantan,resolved,exact_same_state,Chiapas,Zinacantan,1,Chiapas,NA
Chihuahua,Ahumada,resolved,exact_same_state,Chihuahua,Ahumada,1,Chihuahua,NA
Chihuahua,Aldama,resolved,exact_same_state,Chihuahua,Aldama,3,Chiapas | Chihuahua | Tamaulipas,NA
Chihuahua,Allende,resolved,exact_same_state,Chihuahua,Allende,3,Chihuahua | Coahuila De Zaragoza | Nuevo Leon,NA
Chihuahua,Aquiles Serdan,resolved,exact_same_state,Chihuahua,Aquiles Serdan,1,Chihuahua,NA
Chihuahua,Ascension,resolved,exact_same_state,Chihuahua,Ascension,1,Chihuahua,NA
Chihuahua,Bachiniva,resolved,exact_same_state,Chihuahua,Bachiniva,1,Chihuahua,NA
Chihuahua,Balleza,resolved,exact_same_state,Chihuahua,Balleza,1,Chihuahua,NA
Chihuahua,Batopilas,resolved,safe_alias_same_state,Chihuahua,Batopilas De Manuel Gomez Morin,NA,NA,NA
Chihuahua,Bocoyna,resolved,exact_same_state,Chihuahua,Bocoyna,1,Chihuahua,NA
Chihuahua,Buenaventura,resolved,exact_same_state,Chihuahua,Buenaventura,1,Chihuahua,NA
Chihuahua,Camargo,resolved,exact_same_state,Chihuahua,Camargo,2,Chihuahua | Tamaulipas,NA
Chihuahua,Carichi,resolved,exact_same_state,Chihuahua,Carichi,1,Chihuahua,NA
Chihuahua,Casas Grandes,resolved,exact_same_state,Chihuahua,Casas Grandes,1,Chihuahua,NA
Chihuahua,Chihuahua,resolved,exact_same_state,Chihuahua,Chihuahua,1,Chihuahua,NA
Chihuahua,Chinipas,resolved,exact_same_state,Chihuahua,Chinipas,1,Chihuahua,NA
Chihuahua,Coronado,resolved,exact_same_state,Chihuahua,Coronado,1,Chihuahua,NA
Chihuahua,Coyame Del Sotol,resolved,exact_same_state,Chihuahua,Coyame Del Sotol,1,Chihuahua,NA
Chihuahua,Cuauhtemoc,resolved,exact_same_state,Chihuahua,Cuauhtemoc,4,Chihuahua | Ciudad De Mexico | Colima | Zacatecas,NA
Chihuahua,Cusihuiriachi,resolved,exact_same_state,Chihuahua,Cusihuiriachi,1,Chihuahua,NA
Chihuahua,Delicias,resolved,exact_same_state,Chihuahua,Delicias,1,Chihuahua,NA
Chihuahua,Dr. Belisario Dominguez,resolved,exact_same_state,Chihuahua,Dr. Belisario Dominguez,1,Chihuahua,NA
Chihuahua,El Tule,resolved,exact_same_state,Chihuahua,El Tule,1,Chihuahua,NA
Chihuahua,Galeana,resolved,exact_same_state,Chihuahua,Galeana,2,Chihuahua | Nuevo Leon,NA
Chihuahua,Gomez Farias,resolved,exact_same_state,Chihuahua,Gomez Farias,3,Chihuahua | Jalisco | Tamaulipas,NA
Chihuahua,Gran Morelos,resolved,exact_same_state,Chihuahua,Gran Morelos,1,Chihuahua,NA
Chihuahua,Guachochi,resolved,exact_same_state,Chihuahua,Guachochi,1,Chihuahua,NA
Chihuahua,Guadalupe,resolved,exact_same_state,Chihuahua,Guadalupe,4,Chihuahua | Nuevo Leon | Puebla | Zacatecas,NA
Chihuahua,Guadalupe Y Calvo,resolved,exact_same_state,Chihuahua,Guadalupe Y Calvo,1,Chihuahua,NA
Chihuahua,Guazapares,resolved,exact_same_state,Chihuahua,Guazapares,1,Chihuahua,NA
Chihuahua,Guerrero,resolved,exact_same_state,Chihuahua,Guerrero,3,Chihuahua | Coahuila De Zaragoza | Tamaulipas,NA
Chihuahua,Hidalgo Del Parral,resolved,exact_same_state,Chihuahua,Hidalgo Del Parral,1,Chihuahua,NA
Chihuahua,Huejotitan,resolved,exact_same_state,Chihuahua,Huejotitan,1,Chihuahua,NA
Chihuahua,Ignacio Zaragoza,resolved,exact_same_state,Chihuahua,Ignacio Zaragoza,1,Chihuahua,NA
Chihuahua,Janos,resolved,exact_same_state,Chihuahua,Janos,1,Chihuahua,NA
Chihuahua,Jimenez,resolved,exact_same_state,Chihuahua,Jimenez,4,Chihuahua | Coahuila De Zaragoza | Michoacan De Ocampo | Tamaulipas,NA
Chihuahua,Juarez,resolved,exact_same_state,Chihuahua,Juarez,5,Chiapas | Chihuahua | Coahuila De Zaragoza | Michoacan De Ocampo | Nuevo Leon,NA
Chihuahua,Julimes,resolved,exact_same_state,Chihuahua,Julimes,1,Chihuahua,NA
Chihuahua,La Cruz,resolved,exact_same_state,Chihuahua,La Cruz,1,Chihuahua,NA
Chihuahua,Lopez,resolved,exact_same_state,Chihuahua,Lopez,1,Chihuahua,NA
Chihuahua,Madera,resolved,exact_same_state,Chihuahua,Madera,1,Chihuahua,NA
Chihuahua,Maguarichi,resolved,exact_same_state,Chihuahua,Maguarichi,1,Chihuahua,NA
Chihuahua,Manuel Benavides,resolved,exact_same_state,Chihuahua,Manuel Benavides,1,Chihuahua,NA
Chihuahua,Matachi,resolved,exact_same_state,Chihuahua,Matachi,1,Chihuahua,NA
Chihuahua,Matamoros,resolved,exact_same_state,Chihuahua,Matamoros,3,Chihuahua | Coahuila De Zaragoza | Tamaulipas,NA
Chihuahua,Meoqui,resolved,exact_same_state,Chihuahua,Meoqui,1,Chihuahua,NA
Chihuahua,Morelos,resolved,exact_same_state,Chihuahua,Morelos,5,Chihuahua | Coahuila De Zaragoza | Estado De Mexico | Michoacan De Ocampo | Zacatecas,NA
Chihuahua,Moris,resolved,exact_same_state,Chihuahua,Moris,1,Chihuahua,NA
Chihuahua,Namiquipa,resolved,exact_same_state,Chihuahua,Namiquipa,1,Chihuahua,NA
Chihuahua,Nonoava,resolved,exact_same_state,Chihuahua,Nonoava,1,Chihuahua,NA
Chihuahua,Nuevo Casas Grandes,resolved,exact_same_state,Chihuahua,Nuevo Casas Grandes,1,Chihuahua,NA
Chihuahua,Ocampo,resolved,exact_same_state,Chihuahua,Ocampo,6,Chihuahua | Coahuila De Zaragoza | Durango | Guanajuato | Michoacan De Ocampo | Tamaulipas,NA
Chihuahua,Ojinaga,resolved,exact_same_state,Chihuahua,Ojinaga,1,Chihuahua,NA
Chihuahua,Praxedis G. Guerrero,resolved,exact_same_state,Chihuahua,Praxedis G. Guerrero,1,Chihuahua,NA
Chihuahua,Riva Palacio,resolved,exact_same_state,Chihuahua,Riva Palacio,1,Chihuahua,NA
Chihuahua,Rosales,resolved,exact_same_state,Chihuahua,Rosales,1,Chihuahua,NA
Chihuahua,San Francisco De Borja,resolved,exact_same_state,Chihuahua,San Francisco De Borja,1,Chihuahua,NA
Chihuahua,San Francisco De Conchos,resolved,exact_same_state,Chihuahua,San Francisco De Conchos,1,Chihuahua,NA
Chihuahua,San Francisco Del Oro,resolved,exact_same_state,Chihuahua,San Francisco Del Oro,1,Chihuahua,NA
Chihuahua,Santa Barbara,resolved,exact_same_state,Chihuahua,Santa Barbara,1,Chihuahua,NA
Chihuahua,Santa Isabel,resolved,exact_same_state,Chihuahua,Santa Isabel,1,Chihuahua,NA
Chihuahua,Satevo,resolved,exact_same_state,Chihuahua,Satevo,1,Chihuahua,NA
Chihuahua,Saucillo,resolved,exact_same_state,Chihuahua,Saucillo,1,Chihuahua,NA
Chihuahua,Temosachic,resolved,exact_same_state,Chihuahua,Temosachic,1,Chihuahua,NA
Chihuahua,Urique,resolved,exact_same_state,Chihuahua,Urique,1,Chihuahua,NA
Chihuahua,Uruachi,resolved,exact_same_state,Chihuahua,Uruachi,1,Chihuahua,NA
Chihuahua,Valle De Zaragoza,resolved,exact_same_state,Chihuahua,Valle De Zaragoza,1,Chihuahua,NA
Ciudad De Mexico,Alvaro Obregon,resolved,exact_same_state,Ciudad De Mexico,Alvaro Obregon,2,Ciudad De Mexico | Michoacan De Ocampo,NA
Ciudad De Mexico,Azcapotzalco,resolved,exact_same_state,Ciudad De Mexico,Azcapotzalco,1,Ciudad De Mexico,NA
Ciudad De Mexico,Benito Juarez,resolved,exact_same_state,Ciudad De Mexico,Benito Juarez,7,Ciudad De Mexico | Guerrero | Quintana Roo | Sonora | Tlaxcala | Veracruz De Ignacio De La Llave | Zacatecas,NA
Ciudad De Mexico,Coyoacan,resolved,exact_same_state,Ciudad De Mexico,Coyoacan,1,Ciudad De Mexico,NA
Ciudad De Mexico,Cuajimalpa De Morelos,resolved,exact_same_state,Ciudad De Mexico,Cuajimalpa De Morelos,1,Ciudad De Mexico,NA
Ciudad De Mexico,Cuauhtemoc,resolved,exact_same_state,Ciudad De Mexico,Cuauhtemoc,4,Chihuahua | Ciudad De Mexico | Colima | Zacatecas,NA
Ciudad De Mexico,Gustavo A. Madero,resolved,exact_same_state,Ciudad De Mexico,Gustavo A. Madero,1,Ciudad De Mexico,NA
Ciudad De Mexico,Iztacalco,resolved,exact_same_state,Ciudad De Mexico,Iztacalco,1,Ciudad De Mexico,NA
Ciudad De Mexico,Iztapalapa,resolved,exact_same_state,Ciudad De Mexico,Iztapalapa,1,Ciudad De Mexico,NA
Ciudad De Mexico,La Magdalena Contreras,resolved,exact_same_state,Ciudad De Mexico,La Magdalena Contreras,1,Ciudad De Mexico,NA
Ciudad De Mexico,Miguel Hidalgo,resolved,exact_same_state,Ciudad De Mexico,Miguel Hidalgo,1,Ciudad De Mexico,NA
Ciudad De Mexico,Milpa Alta,resolved,exact_same_state,Ciudad De Mexico,Milpa Alta,1,Ciudad De Mexico,NA
Ciudad De Mexico,Tlahuac,resolved,exact_same_state,Ciudad De Mexico,Tlahuac,1,Ciudad De Mexico,NA
Ciudad De Mexico,Tlalpan,resolved,exact_same_state,Ciudad De Mexico,Tlalpan,1,Ciudad De Mexico,NA
Ciudad De Mexico,Venustiano Carranza,resolved,exact_same_state,Ciudad De Mexico,Venustiano Carranza,4,Chiapas | Ciudad De Mexico | Michoacan De Ocampo | Puebla,NA
Ciudad De Mexico,Xochimilco,resolved,exact_same_state,Ciudad De Mexico,Xochimilco,1,Ciudad De Mexico,NA
Coahuila De Zaragoza,Abasolo,resolved,exact_same_state,Coahuila De Zaragoza,Abasolo,4,Coahuila De Zaragoza | Guanajuato | Nuevo Leon | Tamaulipas,NA
Coahuila De Zaragoza,Acuna,resolved,exact_same_state,Coahuila De Zaragoza,Acuna,1,Coahuila De Zaragoza,NA
Coahuila De Zaragoza,Allende,resolved,exact_same_state,Coahuila De Zaragoza,Allende,3,Chihuahua | Coahuila De Zaragoza | Nuevo Leon,NA
Coahuila De Zaragoza,Arteaga,resolved,exact_same_state,Coahuila De Zaragoza,Arteaga,2,Coahuila De Zaragoza | Michoacan De Ocampo,NA
Coahuila De Zaragoza,Candela,resolved,exact_same_state,Coahuila De Zaragoza,Candela,1,Coahuila De Zaragoza,NA
Coahuila De Zaragoza,Castanos,resolved,exact_same_state,Coahuila De Zaragoza,Castanos,1,Coahuila De Zaragoza,NA
Coahuila De Zaragoza,Cuatro Cienegas,resolved,exact_same_state,Coahuila De Zaragoza,Cuatro Cienegas,1,Coahuila De Zaragoza,NA
Coahuila De Zaragoza,Escobedo,resolved,exact_same_state,Coahuila De Zaragoza,Escobedo,1,Coahuila De Zaragoza,NA
Coahuila De Zaragoza,Francisco I. Madero,resolved,exact_same_state,Coahuila De Zaragoza,Francisco I. Madero,2,Coahuila De Zaragoza | Hidalgo,NA
Coahuila De Zaragoza,Frontera,resolved,exact_same_state,Coahuila De Zaragoza,Frontera,1,Coahuila De Zaragoza,NA
Coahuila De Zaragoza,General Cepeda,resolved,exact_same_state,Coahuila De Zaragoza,General Cepeda,1,Coahuila De Zaragoza,NA
Coahuila De Zaragoza,Guerrero,resolved,exact_same_state,Coahuila De Zaragoza,Guerrero,3,Chihuahua | Coahuila De Zaragoza | Tamaulipas,NA
Coahuila De Zaragoza,Hidalgo,resolved,exact_same_state,Coahuila De Zaragoza,Hidalgo,5,Coahuila De Zaragoza | Durango | Michoacan De Ocampo | Nuevo Leon | Tamaulipas,NA
Coahuila De Zaragoza,Jimenez,resolved,exact_same_state,Coahuila De Zaragoza,Jimenez,4,Chihuahua | Coahuila De Zaragoza | Michoacan De Ocampo | Tamaulipas,NA
Coahuila De Zaragoza,Juarez,resolved,exact_same_state,Coahuila De Zaragoza,Juarez,5,Chiapas | Chihuahua | Coahuila De Zaragoza | Michoacan De Ocampo | Nuevo Leon,NA
Coahuila De Zaragoza,Lamadrid,resolved,exact_same_state,Coahuila De Zaragoza,Lamadrid,1,Coahuila De Zaragoza,NA
Coahuila De Zaragoza,Matamoros,resolved,exact_same_state,Coahuila De Zaragoza,Matamoros,3,Chihuahua | Coahuila De Zaragoza | Tamaulipas,NA
Coahuila De Zaragoza,Monclova,resolved,exact_same_state,Coahuila De Zaragoza,Monclova,1,Coahuila De Zaragoza,NA
Coahuila De Zaragoza,Morelos,resolved,exact_same_state,Coahuila De Zaragoza,Morelos,5,Chihuahua | Coahuila De Zaragoza | Estado De Mexico | Michoacan De Ocampo | Zacatecas,NA
Coahuila De Zaragoza,Muzquiz,resolved,exact_same_state,Coahuila De Zaragoza,Muzquiz,1,Coahuila De Zaragoza,NA
Coahuila De Zaragoza,Nadadores,resolved,exact_same_state,Coahuila De Zaragoza,Nadadores,1,Coahuila De Zaragoza,NA
Coahuila De Zaragoza,Nava,resolved,exact_same_state,Coahuila De Zaragoza,Nava,1,Coahuila De Zaragoza,NA
Coahuila De Zaragoza,Ocampo,resolved,exact_same_state,Coahuila De Zaragoza,Ocampo,6,Chihuahua | Coahuila De Zaragoza | Durango | Guanajuato | Michoacan De Ocampo | Tamaulipas,NA
Coahuila De Zaragoza,Parras,resolved,exact_same_state,Coahuila De Zaragoza,Parras,1,Coahuila De Zaragoza,NA
Coahuila De Zaragoza,Piedras Negras,resolved,exact_same_state,Coahuila De Zaragoza,Piedras Negras,1,Coahuila De Zaragoza,NA
Coahuila De Zaragoza,Progreso,resolved,exact_same_state,Coahuila De Zaragoza,Progreso,2,Coahuila De Zaragoza | Yucatan,NA
Coahuila De Zaragoza,Ramos Arizpe,resolved,exact_same_state,Coahuila De Zaragoza,Ramos Arizpe,1,Coahuila De Zaragoza,NA
Coahuila De Zaragoza,Sabinas,resolved,exact_same_state,Coahuila De Zaragoza,Sabinas,1,Coahuila De Zaragoza,NA
Coahuila De Zaragoza,Sacramento,resolved,exact_same_state,Coahuila De Zaragoza,Sacramento,1,Coahuila De Zaragoza,NA
Coahuila De Zaragoza,Saltillo,resolved,exact_same_state,Coahuila De Zaragoza,Saltillo,1,Coahuila De Zaragoza,NA
Coahuila De Zaragoza,San Buenaventura,resolved,exact_same_state,Coahuila De Zaragoza,San Buenaventura,1,Coahuila De Zaragoza,NA
Coahuila De Zaragoza,San Juan De Sabinas,resolved,exact_same_state,Coahuila De Zaragoza,San Juan De Sabinas,1,Coahuila De Zaragoza,NA
Coahuila De Zaragoza,San Pedro,resolved,exact_same_state,Coahuila De Zaragoza,San Pedro,1,Coahuila De Zaragoza,NA
Coahuila De Zaragoza,Sierra Mojada,resolved,exact_same_state,Coahuila De Zaragoza,Sierra Mojada,1,Coahuila De Zaragoza,NA
Coahuila De Zaragoza,Torreon,resolved,exact_same_state,Coahuila De Zaragoza,Torreon,1,Coahuila De Zaragoza,NA
Coahuila De Zaragoza,Viesca,resolved,exact_same_state,Coahuila De Zaragoza,Viesca,1,Coahuila De Zaragoza,NA
Coahuila De Zaragoza,Villa Union,resolved,exact_same_state,Coahuila De Zaragoza,Villa Union,1,Coahuila De Zaragoza,NA
Coahuila De Zaragoza,Zaragoza,resolved,exact_same_state,Coahuila De Zaragoza,Zaragoza,4,Coahuila De Zaragoza | Puebla | San Luis Potosi | Veracruz De Ignacio De La Llave,NA
Colima,Armeria,resolved,exact_same_state,Colima,Armeria,1,Colima,NA
Colima,Colima,resolved,exact_same_state,Colima,Colima,1,Colima,NA
Colima,Comala,resolved,exact_same_state,Colima,Comala,1,Colima,NA
Colima,Coquimatlan,resolved,exact_same_state,Colima,Coquimatlan,1,Colima,NA
Colima,Cuauhtemoc,resolved,exact_same_state,Colima,Cuauhtemoc,4,Chihuahua | Ciudad De Mexico | Colima | Zacatecas,NA
Colima,Ixtlahuacan,resolved,exact_same_state,Colima,Ixtlahuacan,1,Colima,NA
Colima,Manzanillo,resolved,exact_same_state,Colima,Manzanillo,1,Colima,NA
Colima,Minatitlan,resolved,exact_same_state,Colima,Minatitlan,2,Colima | Veracruz De Ignacio De La Llave,NA
Colima,Tecoman,resolved,exact_same_state,Colima,Tecoman,1,Colima,NA
Colima,Villa De Alvarez,resolved,exact_same_state,Colima,Villa De Alvarez,1,Colima,NA
Durango,Canatlan,resolved,exact_same_state,Durango,Canatlan,1,Durango,NA
Durango,Canelas,resolved,exact_same_state,Durango,Canelas,1,Durango,NA
Durango,Coneto De Comonfort,resolved,exact_same_state,Durango,Coneto De Comonfort,1,Durango,NA
Durango,Cuencame,resolved,exact_same_state,Durango,Cuencame,1,Durango,NA
Durango,Durango,resolved,exact_same_state,Durango,Durango,1,Durango,NA
Durango,El Oro,resolved,exact_same_state,Durango,El Oro,2,Durango | Estado De Mexico,NA
Durango,General Simon Bolivar,resolved,exact_same_state,Durango,General Simon Bolivar,1,Durango,NA
Durango,Gomez Palacio,resolved,exact_same_state,Durango,Gomez Palacio,1,Durango,NA
Durango,Guadalupe Victoria,resolved,exact_same_state,Durango,Guadalupe Victoria,2,Durango | Puebla,NA
Durango,Guanacevi,resolved,exact_same_state,Durango,Guanacevi,1,Durango,NA
Durango,Hidalgo,resolved,exact_same_state,Durango,Hidalgo,5,Coahuila De Zaragoza | Durango | Michoacan De Ocampo | Nuevo Leon | Tamaulipas,NA
Durango,Inde,resolved,exact_same_state,Durango,Inde,1,Durango,NA
Durango,Lerdo,resolved,exact_same_state,Durango,Lerdo,1,Durango,NA
Durango,Mapimi,resolved,exact_same_state,Durango,Mapimi,1,Durango,NA
Durango,Mezquital,resolved,exact_same_state,Durango,Mezquital,1,Durango,NA
Durango,Nazas,resolved,exact_same_state,Durango,Nazas,1,Durango,NA
Durango,Nombre De Dios,resolved,exact_same_state,Durango,Nombre De Dios,1,Durango,NA
Durango,Nuevo Ideal,resolved,exact_same_state,Durango,Nuevo Ideal,1,Durango,NA
Durango,Ocampo,resolved,exact_same_state,Durango,Ocampo,6,Chihuahua | Coahuila De Zaragoza | Durango | Guanajuato | Michoacan De Ocampo | Tamaulipas,NA
Durango,Otaez,resolved,exact_same_state,Durango,Otaez,1,Durango,NA
Durango,Panuco De Coronado,resolved,exact_same_state,Durango,Panuco De Coronado,1,Durango,NA
Durango,Penon Blanco,resolved,exact_same_state,Durango,Penon Blanco,1,Durango,NA
Durango,Poanas,resolved,exact_same_state,Durango,Poanas,1,Durango,NA
Durango,Pueblo Nuevo,resolved,exact_same_state,Durango,Pueblo Nuevo,2,Durango | Guanajuato,NA
Durango,Rodeo,resolved,exact_same_state,Durango,Rodeo,1,Durango,NA
Durango,San Bernardo,resolved,exact_same_state,Durango,San Bernardo,1,Durango,NA
Durango,San Dimas,resolved,exact_same_state,Durango,San Dimas,1,Durango,NA
Durango,San Juan De Guadalupe,resolved,exact_same_state,Durango,San Juan De Guadalupe,1,Durango,NA
Durango,San Juan Del Rio,resolved,exact_same_state,Durango,San Juan Del Rio,3,Durango | Oaxaca | Queretaro,NA
Durango,San Luis Del Cordero,resolved,exact_same_state,Durango,San Luis Del Cordero,1,Durango,NA
Durango,San Pedro Del Gallo,resolved,exact_same_state,Durango,San Pedro Del Gallo,1,Durango,NA
Durango,Santa Clara,resolved,exact_same_state,Durango,Santa Clara,1,Durango,NA
Durango,Santiago Papasquiaro,resolved,exact_same_state,Durango,Santiago Papasquiaro,1,Durango,NA
Durango,Suchil,resolved,exact_same_state,Durango,Suchil,1,Durango,NA
Durango,Tamazula,resolved,exact_same_state,Durango,Tamazula,1,Durango,NA
Durango,Tepehuanes,resolved,exact_same_state,Durango,Tepehuanes,1,Durango,NA
Durango,Tlahualilo,resolved,exact_same_state,Durango,Tlahualilo,1,Durango,NA
Durango,Topia,resolved,exact_same_state,Durango,Topia,1,Durango,NA
Durango,Vicente Guerrero,resolved,exact_same_state,Durango,Vicente Guerrero,2,Durango | Puebla,NA
Estado De Mexico,Acambay,resolved,safe_alias_same_state,Estado De Mexico,Acambay De Ruiz Castaneda,NA,NA,NA
Estado De Mexico,Acolman,resolved,exact_same_state,Estado De Mexico,Acolman,1,Estado De Mexico,NA
Estado De Mexico,Aculco,resolved,exact_same_state,Estado De Mexico,Aculco,1,Estado De Mexico,NA
Estado De Mexico,Almoloya De Alquisiras,resolved,exact_same_state,Estado De Mexico,Almoloya De Alquisiras,1,Estado De Mexico,NA
Estado De Mexico,Almoloya De Juarez,resolved,exact_same_state,Estado De Mexico,Almoloya De Juarez,1,Estado De Mexico,NA
Estado De Mexico,Almoloya Del Rio,resolved,exact_same_state,Estado De Mexico,Almoloya Del Rio,1,Estado De Mexico,NA
Estado De Mexico,Amanalco,resolved,exact_same_state,Estado De Mexico,Amanalco,1,Estado De Mexico,NA
Estado De Mexico,Amatepec,resolved,exact_same_state,Estado De Mexico,Amatepec,1,Estado De Mexico,NA
Estado De Mexico,Amecameca,resolved,exact_same_state,Estado De Mexico,Amecameca,1,Estado De Mexico,NA
Estado De Mexico,Apaxco,resolved,exact_same_state,Estado De Mexico,Apaxco,1,Estado De Mexico,NA
Estado De Mexico,Atenco,resolved,exact_same_state,Estado De Mexico,Atenco,1,Estado De Mexico,NA
Estado De Mexico,Atizapan,resolved,exact_same_state,Estado De Mexico,Atizapan,1,Estado De Mexico,NA
Estado De Mexico,Atizapan De Zaragoza,resolved,exact_same_state,Estado De Mexico,Atizapan De Zaragoza,1,Estado De Mexico,NA
Estado De Mexico,Atlacomulco,resolved,exact_same_state,Estado De Mexico,Atlacomulco,1,Estado De Mexico,NA
Estado De Mexico,Atlautla,resolved,exact_same_state,Estado De Mexico,Atlautla,1,Estado De Mexico,NA
Estado De Mexico,Axapusco,resolved,exact_same_state,Estado De Mexico,Axapusco,1,Estado De Mexico,NA
Estado De Mexico,Ayapango,resolved,exact_same_state,Estado De Mexico,Ayapango,1,Estado De Mexico,NA
Estado De Mexico,Calimaya,resolved,exact_same_state,Estado De Mexico,Calimaya,1,Estado De Mexico,NA
Estado De Mexico,Capulhuac,resolved,exact_same_state,Estado De Mexico,Capulhuac,1,Estado De Mexico,NA
Estado De Mexico,Chalco,resolved,exact_same_state,Estado De Mexico,Chalco,1,Estado De Mexico,NA
Estado De Mexico,Chapa De Mota,resolved,exact_same_state,Estado De Mexico,Chapa De Mota,1,Estado De Mexico,NA
Estado De Mexico,Chapultepec,resolved,exact_same_state,Estado De Mexico,Chapultepec,1,Estado De Mexico,NA
Estado De Mexico,Chiautla,resolved,exact_same_state,Estado De Mexico,Chiautla,2,Estado De Mexico | Puebla,NA
Estado De Mexico,Chicoloapan,resolved,exact_same_state,Estado De Mexico,Chicoloapan,1,Estado De Mexico,NA
Estado De Mexico,Chiconcuac,resolved,exact_same_state,Estado De Mexico,Chiconcuac,1,Estado De Mexico,NA
Estado De Mexico,Chimalhuacan,resolved,exact_same_state,Estado De Mexico,Chimalhuacan,1,Estado De Mexico,NA
Estado De Mexico,Coacalco De Berriozabal,resolved,exact_same_state,Estado De Mexico,Coacalco De Berriozabal,1,Estado De Mexico,NA
Estado De Mexico,Coatepec Harinas,resolved,exact_same_state,Estado De Mexico,Coatepec Harinas,1,Estado De Mexico,NA
Estado De Mexico,Cocotitlan,resolved,exact_same_state,Estado De Mexico,Cocotitlan,1,Estado De Mexico,NA
Estado De Mexico,Coyotepec,resolved,exact_same_state,Estado De Mexico,Coyotepec,2,Estado De Mexico | Puebla,NA
Estado De Mexico,Cuautitlan,resolved,exact_same_state,Estado De Mexico,Cuautitlan,1,Estado De Mexico,NA
Estado De Mexico,Cuautitlan Izcalli,resolved,exact_same_state,Estado De Mexico,Cuautitlan Izcalli,1,Estado De Mexico,NA
Estado De Mexico,Donato Guerra,resolved,exact_same_state,Estado De Mexico,Donato Guerra,1,Estado De Mexico,NA
Estado De Mexico,Ecatepec De Morelos,resolved,exact_same_state,Estado De Mexico,Ecatepec De Morelos,1,Estado De Mexico,NA
Estado De Mexico,Ecatzingo,resolved,exact_same_state,Estado De Mexico,Ecatzingo,1,Estado De Mexico,NA
Estado De Mexico,El Oro,resolved,exact_same_state,Estado De Mexico,El Oro,2,Durango | Estado De Mexico,NA
Estado De Mexico,Huehuetoca,resolved,exact_same_state,Estado De Mexico,Huehuetoca,1,Estado De Mexico,NA
Estado De Mexico,Hueypoxtla,resolved,exact_same_state,Estado De Mexico,Hueypoxtla,1,Estado De Mexico,NA
Estado De Mexico,Huixquilucan,resolved,exact_same_state,Estado De Mexico,Huixquilucan,1,Estado De Mexico,NA
Estado De Mexico,Isidro Fabela,resolved,exact_same_state,Estado De Mexico,Isidro Fabela,1,Estado De Mexico,NA
Estado De Mexico,Ixtapaluca,resolved,exact_same_state,Estado De Mexico,Ixtapaluca,1,Estado De Mexico,NA
Estado De Mexico,Ixtapan De La Sal,resolved,exact_same_state,Estado De Mexico,Ixtapan De La Sal,1,Estado De Mexico,NA
Estado De Mexico,Ixtapan Del Oro,resolved,exact_same_state,Estado De Mexico,Ixtapan Del Oro,1,Estado De Mexico,NA
Estado De Mexico,Ixtlahuaca,resolved,exact_same_state,Estado De Mexico,Ixtlahuaca,1,Estado De Mexico,NA
Estado De Mexico,Jaltenco,resolved,exact_same_state,Estado De Mexico,Jaltenco,1,Estado De Mexico,NA
Estado De Mexico,Jilotepec,resolved,exact_same_state,Estado De Mexico,Jilotepec,2,Estado De Mexico | Veracruz De Ignacio De La Llave,NA
Estado De Mexico,Jilotzingo,resolved,exact_same_state,Estado De Mexico,Jilotzingo,1,Estado De Mexico,NA
Estado De Mexico,Jiquipilco,resolved,exact_same_state,Estado De Mexico,Jiquipilco,1,Estado De Mexico,NA
Estado De Mexico,Jocotitlan,resolved,exact_same_state,Estado De Mexico,Jocotitlan,1,Estado De Mexico,NA
Estado De Mexico,Joquicingo,resolved,exact_same_state,Estado De Mexico,Joquicingo,1,Estado De Mexico,NA
Estado De Mexico,Juchitepec,resolved,exact_same_state,Estado De Mexico,Juchitepec,1,Estado De Mexico,NA
Estado De Mexico,La Paz,resolved,exact_same_state,Estado De Mexico,La Paz,2,Baja California Sur | Estado De Mexico,NA
Estado De Mexico,Lerma,resolved,exact_same_state,Estado De Mexico,Lerma,1,Estado De Mexico,NA
Estado De Mexico,Luvianos,resolved,exact_same_state,Estado De Mexico,Luvianos,1,Estado De Mexico,NA
Estado De Mexico,Malinalco,resolved,exact_same_state,Estado De Mexico,Malinalco,1,Estado De Mexico,NA
Estado De Mexico,Melchor Ocampo,resolved,exact_same_state,Estado De Mexico,Melchor Ocampo,3,Estado De Mexico | Nuevo Leon | Zacatecas,NA
Estado De Mexico,Metepec,resolved,exact_same_state,Estado De Mexico,Metepec,2,Estado De Mexico | Hidalgo,NA
Estado De Mexico,Mexicaltzingo,resolved,exact_same_state,Estado De Mexico,Mexicaltzingo,1,Estado De Mexico,NA
Estado De Mexico,Morelos,resolved,exact_same_state,Estado De Mexico,Morelos,5,Chihuahua | Coahuila De Zaragoza | Estado De Mexico | Michoacan De Ocampo | Zacatecas,NA
Estado De Mexico,Naucalpan De Juarez,resolved,exact_same_state,Estado De Mexico,Naucalpan De Juarez,1,Estado De Mexico,NA
Estado De Mexico,Nextlalpan,resolved,exact_same_state,Estado De Mexico,Nextlalpan,1,Estado De Mexico,NA
Estado De Mexico,Nezahualcoyotl,resolved,exact_same_state,Estado De Mexico,Nezahualcoyotl,1,Estado De Mexico,NA
Estado De Mexico,Nicolas Romero,resolved,exact_same_state,Estado De Mexico,Nicolas Romero,1,Estado De Mexico,NA
Estado De Mexico,Nopaltepec,resolved,exact_same_state,Estado De Mexico,Nopaltepec,1,Estado De Mexico,NA
Estado De Mexico,Ocoyoacac,resolved,exact_same_state,Estado De Mexico,Ocoyoacac,1,Estado De Mexico,NA
Estado De Mexico,Ocuilan,resolved,exact_same_state,Estado De Mexico,Ocuilan,1,Estado De Mexico,NA
Estado De Mexico,Otumba,resolved,exact_same_state,Estado De Mexico,Otumba,1,Estado De Mexico,NA
Estado De Mexico,Otzoloapan,resolved,exact_same_state,Estado De Mexico,Otzoloapan,1,Estado De Mexico,NA
Estado De Mexico,Otzolotepec,resolved,exact_same_state,Estado De Mexico,Otzolotepec,1,Estado De Mexico,NA
Estado De Mexico,Ozumba,resolved,exact_same_state,Estado De Mexico,Ozumba,1,Estado De Mexico,NA
Estado De Mexico,Papalotla,resolved,exact_same_state,Estado De Mexico,Papalotla,1,Estado De Mexico,NA
Estado De Mexico,Polotitlan,resolved,exact_same_state,Estado De Mexico,Polotitlan,1,Estado De Mexico,NA
Estado De Mexico,Rayon,resolved,exact_same_state,Estado De Mexico,Rayon,4,Chiapas | Estado De Mexico | San Luis Potosi | Sonora,NA
Estado De Mexico,San Antonio La Isla,resolved,exact_same_state,Estado De Mexico,San Antonio La Isla,1,Estado De Mexico,NA
Estado De Mexico,San Felipe Del Progreso,resolved,exact_same_state,Estado De Mexico,San Felipe Del Progreso,1,Estado De Mexico,NA
Estado De Mexico,San Jose Del Rincon,resolved,exact_same_state,Estado De Mexico,San Jose Del Rincon,1,Estado De Mexico,NA
Estado De Mexico,San Martin De Las Piramides,resolved,exact_same_state,Estado De Mexico,San Martin De Las Piramides,1,Estado De Mexico,NA
Estado De Mexico,San Mateo Atenco,resolved,exact_same_state,Estado De Mexico,San Mateo Atenco,1,Estado De Mexico,NA
Estado De Mexico,San Simon De Guerrero,resolved,exact_same_state,Estado De Mexico,San Simon De Guerrero,1,Estado De Mexico,NA
Estado De Mexico,Santo Tomas,resolved,exact_same_state,Estado De Mexico,Santo Tomas,1,Estado De Mexico,NA
Estado De Mexico,Soyaniquilpan De Juarez,resolved,exact_same_state,Estado De Mexico,Soyaniquilpan De Juarez,1,Estado De Mexico,NA
Estado De Mexico,Sultepec,resolved,exact_same_state,Estado De Mexico,Sultepec,1,Estado De Mexico,NA
Estado De Mexico,Tecamac,resolved,exact_same_state,Estado De Mexico,Tecamac,1,Estado De Mexico,NA
Estado De Mexico,Tejupilco,resolved,exact_same_state,Estado De Mexico,Tejupilco,1,Estado De Mexico,NA
Estado De Mexico,Temamatla,resolved,exact_same_state,Estado De Mexico,Temamatla,1,Estado De Mexico,NA
Estado De Mexico,Temascalapa,resolved,exact_same_state,Estado De Mexico,Temascalapa,1,Estado De Mexico,NA
Estado De Mexico,Temascalcingo,resolved,exact_same_state,Estado De Mexico,Temascalcingo,1,Estado De Mexico,NA
Estado De Mexico,Temascaltepec,resolved,exact_same_state,Estado De Mexico,Temascaltepec,1,Estado De Mexico,NA
Estado De Mexico,Temoaya,resolved,exact_same_state,Estado De Mexico,Temoaya,1,Estado De Mexico,NA
Estado De Mexico,Tenancingo,resolved,exact_same_state,Estado De Mexico,Tenancingo,2,Estado De Mexico | Tlaxcala,NA
Estado De Mexico,Tenango Del Aire,resolved,exact_same_state,Estado De Mexico,Tenango Del Aire,1,Estado De Mexico,NA
Estado De Mexico,Tenango Del Valle,resolved,exact_same_state,Estado De Mexico,Tenango Del Valle,1,Estado De Mexico,NA
Estado De Mexico,Teoloyucan,resolved,exact_same_state,Estado De Mexico,Teoloyucan,1,Estado De Mexico,NA
Estado De Mexico,Teotihuacan,resolved,exact_same_state,Estado De Mexico,Teotihuacan,1,Estado De Mexico,NA
Estado De Mexico,Tepetlaoxtoc,resolved,exact_same_state,Estado De Mexico,Tepetlaoxtoc,1,Estado De Mexico,NA
Estado De Mexico,Tepetlixpa,resolved,exact_same_state,Estado De Mexico,Tepetlixpa,1,Estado De Mexico,NA
Estado De Mexico,Tepotzotlan,resolved,exact_same_state,Estado De Mexico,Tepotzotlan,1,Estado De Mexico,NA
Estado De Mexico,Tequixquiac,resolved,exact_same_state,Estado De Mexico,Tequixquiac,1,Estado De Mexico,NA
Estado De Mexico,Texcaltitlan,resolved,exact_same_state,Estado De Mexico,Texcaltitlan,1,Estado De Mexico,NA
Estado De Mexico,Texcalyacac,resolved,exact_same_state,Estado De Mexico,Texcalyacac,1,Estado De Mexico,NA
Estado De Mexico,Texcoco,resolved,exact_same_state,Estado De Mexico,Texcoco,1,Estado De Mexico,NA
Estado De Mexico,Tezoyuca,resolved,exact_same_state,Estado De Mexico,Tezoyuca,1,Estado De Mexico,NA
Estado De Mexico,Tianguistenco,resolved,exact_same_state,Estado De Mexico,Tianguistenco,1,Estado De Mexico,NA
Estado De Mexico,Timilpan,resolved,exact_same_state,Estado De Mexico,Timilpan,1,Estado De Mexico,NA
Estado De Mexico,Tlalmanalco,resolved,exact_same_state,Estado De Mexico,Tlalmanalco,1,Estado De Mexico,NA
Estado De Mexico,Tlalnepantla De Baz,resolved,exact_same_state,Estado De Mexico,Tlalnepantla De Baz,1,Estado De Mexico,NA
Estado De Mexico,Tlatlaya,resolved,exact_same_state,Estado De Mexico,Tlatlaya,1,Estado De Mexico,NA
Estado De Mexico,Toluca,resolved,exact_same_state,Estado De Mexico,Toluca,1,Estado De Mexico,NA
Estado De Mexico,Tonanitla,resolved,exact_same_state,Estado De Mexico,Tonanitla,1,Estado De Mexico,NA
Estado De Mexico,Tonatico,resolved,exact_same_state,Estado De Mexico,Tonatico,1,Estado De Mexico,NA
Estado De Mexico,Tultepec,resolved,exact_same_state,Estado De Mexico,Tultepec,1,Estado De Mexico,NA
Estado De Mexico,Tultitlan,resolved,exact_same_state,Estado De Mexico,Tultitlan,1,Estado De Mexico,NA
Estado De Mexico,Valle De Bravo,resolved,exact_same_state,Estado De Mexico,Valle De Bravo,1,Estado De Mexico,NA
Estado De Mexico,Valle De Chalco Solidaridad,resolved,exact_same_state,Estado De Mexico,Valle De Chalco Solidaridad,1,Estado De Mexico,NA
Estado De Mexico,Villa De Allende,resolved,exact_same_state,Estado De Mexico,Villa De Allende,1,Estado De Mexico,NA
Estado De Mexico,Villa Del Carbon,resolved,exact_same_state,Estado De Mexico,Villa Del Carbon,1,Estado De Mexico,NA
Estado De Mexico,Villa Guerrero,resolved,exact_same_state,Estado De Mexico,Villa Guerrero,2,Estado De Mexico | Jalisco,NA
Estado De Mexico,Villa Victoria,resolved,exact_same_state,Estado De Mexico,Villa Victoria,1,Estado De Mexico,NA
Estado De Mexico,Xalatlaco,resolved,exact_same_state,Estado De Mexico,Xalatlaco,1,Estado De Mexico,NA
Estado De Mexico,Xonacatlan,resolved,exact_same_state,Estado De Mexico,Xonacatlan,1,Estado De Mexico,NA
Estado De Mexico,Zacazonapan,resolved,exact_same_state,Estado De Mexico,Zacazonapan,1,Estado De Mexico,NA
Estado De Mexico,Zacualpan,resolved,exact_same_state,Estado De Mexico,Zacualpan,2,Estado De Mexico | Veracruz De Ignacio De La Llave,NA
Estado De Mexico,Zinacantepec,resolved,exact_same_state,Estado De Mexico,Zinacantepec,1,Estado De Mexico,NA
Estado De Mexico,Zumpahuacan,resolved,exact_same_state,Estado De Mexico,Zumpahuacan,1,Estado De Mexico,NA
Estado De Mexico,Zumpango,resolved,exact_same_state,Estado De Mexico,Zumpango,1,Estado De Mexico,NA
Guanajuato,Abasolo,resolved,exact_same_state,Guanajuato,Abasolo,4,Coahuila De Zaragoza | Guanajuato | Nuevo Leon | Tamaulipas,NA
Guanajuato,Acambaro,resolved,exact_same_state,Guanajuato,Acambaro,1,Guanajuato,NA
Guanajuato,Apaseo El Alto,resolved,exact_same_state,Guanajuato,Apaseo El Alto,1,Guanajuato,NA
Guanajuato,Apaseo El Grande,resolved,exact_same_state,Guanajuato,Apaseo El Grande,1,Guanajuato,NA
Guanajuato,Atarjea,resolved,exact_same_state,Guanajuato,Atarjea,1,Guanajuato,NA
Guanajuato,Celaya,resolved,exact_same_state,Guanajuato,Celaya,1,Guanajuato,NA
Guanajuato,Comonfort,resolved,exact_same_state,Guanajuato,Comonfort,1,Guanajuato,NA
Guanajuato,Coroneo,resolved,exact_same_state,Guanajuato,Coroneo,1,Guanajuato,NA
Guanajuato,Cortazar,resolved,exact_same_state,Guanajuato,Cortazar,1,Guanajuato,NA
Guanajuato,Cueramaro,resolved,exact_same_state,Guanajuato,Cueramaro,1,Guanajuato,NA
Guanajuato,Doctor Mora,resolved,exact_same_state,Guanajuato,Doctor Mora,1,Guanajuato,NA
Guanajuato,Guanajuato,resolved,exact_same_state,Guanajuato,Guanajuato,1,Guanajuato,NA
Guanajuato,Huanimaro,resolved,exact_same_state,Guanajuato,Huanimaro,1,Guanajuato,NA
Guanajuato,Irapuato,resolved,exact_same_state,Guanajuato,Irapuato,1,Guanajuato,NA
Guanajuato,Jaral Del Progreso,resolved,exact_same_state,Guanajuato,Jaral Del Progreso,1,Guanajuato,NA
Guanajuato,Jerecuaro,resolved,exact_same_state,Guanajuato,Jerecuaro,1,Guanajuato,NA
Guanajuato,Leon,resolved,exact_same_state,Guanajuato,Leon,1,Guanajuato,NA
Guanajuato,Manuel Doblado,resolved,exact_same_state,Guanajuato,Manuel Doblado,1,Guanajuato,NA
Guanajuato,Moroleon,resolved,exact_same_state,Guanajuato,Moroleon,1,Guanajuato,NA
Guanajuato,Ocampo,resolved,exact_same_state,Guanajuato,Ocampo,6,Chihuahua | Coahuila De Zaragoza | Durango | Guanajuato | Michoacan De Ocampo | Tamaulipas,NA
Guanajuato,Penjamo,resolved,exact_same_state,Guanajuato,Penjamo,1,Guanajuato,NA
Guanajuato,Pueblo Nuevo,resolved,exact_same_state,Guanajuato,Pueblo Nuevo,2,Durango | Guanajuato,NA
Guanajuato,Purisima Del Rincon,resolved,exact_same_state,Guanajuato,Purisima Del Rincon,1,Guanajuato,NA
Guanajuato,Romita,resolved,exact_same_state,Guanajuato,Romita,1,Guanajuato,NA
Guanajuato,Salamanca,resolved,exact_same_state,Guanajuato,Salamanca,1,Guanajuato,NA
Guanajuato,Salvatierra,resolved,exact_same_state,Guanajuato,Salvatierra,1,Guanajuato,NA
Guanajuato,San Diego De La Union,resolved,exact_same_state,Guanajuato,San Diego De La Union,1,Guanajuato,NA
Guanajuato,San Felipe,resolved,exact_same_state,Guanajuato,San Felipe,2,Guanajuato | Yucatan,NA
Guanajuato,San Francisco Del Rincon,resolved,exact_same_state,Guanajuato,San Francisco Del Rincon,1,Guanajuato,NA
Guanajuato,San Jose Iturbide,resolved,safe_alias_same_state,Guanajuato,San Jose De Iturbide,NA,NA,NA
Guanajuato,San Luis De La Paz,resolved,exact_same_state,Guanajuato,San Luis De La Paz,1,Guanajuato,NA
Guanajuato,San Miguel De Allende,resolved,exact_same_state,Guanajuato,San Miguel De Allende,1,Guanajuato,NA
Guanajuato,Santa Catarina,resolved,exact_same_state,Guanajuato,Santa Catarina,3,Guanajuato | Nuevo Leon | San Luis Potosi,NA
Guanajuato,Santa Cruz De Juventino Rosas,resolved,exact_same_state,Guanajuato,Santa Cruz De Juventino Rosas,1,Guanajuato,NA
Guanajuato,Santiago Maravatio,resolved,exact_same_state,Guanajuato,Santiago Maravatio,1,Guanajuato,NA
Guanajuato,Silao,resolved,safe_alias_same_state,Guanajuato,Silao De La Victoria,NA,NA,NA
Guanajuato,Tarandacuao,resolved,exact_same_state,Guanajuato,Tarandacuao,1,Guanajuato,NA
Guanajuato,Tarimoro,resolved,exact_same_state,Guanajuato,Tarimoro,1,Guanajuato,NA
Guanajuato,Tierra Blanca,resolved,exact_same_state,Guanajuato,Tierra Blanca,2,Guanajuato | Veracruz De Ignacio De La Llave,NA
Guanajuato,Uriangato,resolved,exact_same_state,Guanajuato,Uriangato,1,Guanajuato,NA
Guanajuato,Valle De Santiago,resolved,exact_same_state,Guanajuato,Valle De Santiago,1,Guanajuato,NA
Guanajuato,Victoria,resolved,exact_same_state,Guanajuato,Victoria,2,Guanajuato | Tamaulipas,NA
Guanajuato,Villagran,resolved,exact_same_state,Guanajuato,Villagran,2,Guanajuato | Tamaulipas,NA
Guanajuato,Xichu,resolved,exact_same_state,Guanajuato,Xichu,1,Guanajuato,NA
Guanajuato,Yuriria,resolved,exact_same_state,Guanajuato,Yuriria,1,Guanajuato,NA
Guerrero,Acapulco De Juarez,resolved,exact_same_state,Guerrero,Acapulco De Juarez,1,Guerrero,NA
Guerrero,Acatepec,resolved,exact_same_state,Guerrero,Acatepec,1,Guerrero,NA
Guerrero,Ahuacuotzingo,resolved,exact_same_state,Guerrero,Ahuacuotzingo,1,Guerrero,NA
Guerrero,Ajuchitlan Del Progreso,resolved,exact_same_state,Guerrero,Ajuchitlan Del Progreso,1,Guerrero,NA
Guerrero,Alcozauca De Guerrero,resolved,exact_same_state,Guerrero,Alcozauca De Guerrero,1,Guerrero,NA
Guerrero,Alpoyeca,resolved,exact_same_state,Guerrero,Alpoyeca,1,Guerrero,NA
Guerrero,Arcelia,resolved,exact_same_state,Guerrero,Arcelia,1,Guerrero,NA
Guerrero,Atenango Del Rio,resolved,exact_same_state,Guerrero,Atenango Del Rio,1,Guerrero,NA
Guerrero,Atlamajalcingo Del Monte,resolved,exact_same_state,Guerrero,Atlamajalcingo Del Monte,1,Guerrero,NA
Guerrero,Atlixtac,resolved,exact_same_state,Guerrero,Atlixtac,1,Guerrero,NA
Guerrero,Atoyac De Alvarez,resolved,exact_same_state,Guerrero,Atoyac De Alvarez,1,Guerrero,NA
Guerrero,Ayutla De Los Libres,resolved,exact_same_state,Guerrero,Ayutla De Los Libres,1,Guerrero,NA
Guerrero,Azoyu,resolved,exact_same_state,Guerrero,Azoyu,1,Guerrero,NA
Guerrero,Benito Juarez,resolved,exact_same_state,Guerrero,Benito Juarez,7,Ciudad De Mexico | Guerrero | Quintana Roo | Sonora | Tlaxcala | Veracruz De Ignacio De La Llave | Zacatecas,NA
Guerrero,Buenavista De Cuellar,resolved,exact_same_state,Guerrero,Buenavista De Cuellar,1,Guerrero,NA
Guerrero,Chilapa De Alvarez,resolved,exact_same_state,Guerrero,Chilapa De Alvarez,1,Guerrero,NA
Guerrero,Chilpancingo De Los Bravo,resolved,exact_same_state,Guerrero,Chilpancingo De Los Bravo,1,Guerrero,NA
Guerrero,Coahuayutla De Jose Maria Izazaga,resolved,exact_same_state,Guerrero,Coahuayutla De Jose Maria Izazaga,1,Guerrero,NA
Guerrero,Cochoapa El Grande,resolved,exact_same_state,Guerrero,Cochoapa El Grande,1,Guerrero,NA
Guerrero,Cocula,resolved,exact_same_state,Guerrero,Cocula,2,Guerrero | Jalisco,NA
Guerrero,Copala,resolved,exact_same_state,Guerrero,Copala,1,Guerrero,NA
Guerrero,Copalillo,resolved,exact_same_state,Guerrero,Copalillo,1,Guerrero,NA
Guerrero,Copanatoyac,resolved,exact_same_state,Guerrero,Copanatoyac,1,Guerrero,NA
Guerrero,Coyuca De Benitez,resolved,exact_same_state,Guerrero,Coyuca De Benitez,1,Guerrero,NA
Guerrero,Coyuca De Catalan,resolved,exact_same_state,Guerrero,Coyuca De Catalan,1,Guerrero,NA
Guerrero,Cuajinicuilapa,resolved,exact_same_state,Guerrero,Cuajinicuilapa,1,Guerrero,NA
Guerrero,Cualac,resolved,exact_same_state,Guerrero,Cualac,1,Guerrero,NA
Guerrero,Cuautepec,resolved,exact_same_state,Guerrero,Cuautepec,1,Guerrero,NA
Guerrero,Cuetzala Del Progreso,resolved,exact_same_state,Guerrero,Cuetzala Del Progreso,1,Guerrero,NA
Guerrero,Cutzamala De Pinzon,resolved,exact_same_state,Guerrero,Cutzamala De Pinzon,1,Guerrero,NA
Guerrero,Eduardo Neri,resolved,exact_same_state,Guerrero,Eduardo Neri,1,Guerrero,NA
Guerrero,Florencio Villarreal,resolved,exact_same_state,Guerrero,Florencio Villarreal,1,Guerrero,NA
Guerrero,General Canuto A. Neri,resolved,exact_same_state,Guerrero,General Canuto A. Neri,1,Guerrero,NA
Guerrero,General Heliodoro Castillo,resolved,exact_same_state,Guerrero,General Heliodoro Castillo,1,Guerrero,NA
Guerrero,Huamuxtitlan,resolved,exact_same_state,Guerrero,Huamuxtitlan,1,Guerrero,NA
Guerrero,Huitzuco De Los Figueroa,resolved,exact_same_state,Guerrero,Huitzuco De Los Figueroa,1,Guerrero,NA
Guerrero,Iguala De La Independencia,resolved,exact_same_state,Guerrero,Iguala De La Independencia,1,Guerrero,NA
Guerrero,Igualapa,resolved,exact_same_state,Guerrero,Igualapa,1,Guerrero,NA
Guerrero,Iliatenco,resolved,exact_same_state,Guerrero,Iliatenco,1,Guerrero,NA
Guerrero,Ixcateopan De Cuauhtemoc,resolved,exact_same_state,Guerrero,Ixcateopan De Cuauhtemoc,1,Guerrero,NA
Guerrero,Jose Joaquin De Herrera,resolved,exact_same_state,Guerrero,Jose Joaquin De Herrera,1,Guerrero,NA
Guerrero,Juan R. Escudero,resolved,exact_same_state,Guerrero,Juan R. Escudero,1,Guerrero,NA
Guerrero,Juchitan,resolved,exact_same_state,Guerrero,Juchitan,1,Guerrero,NA
Guerrero,La Union De Isidoro Montes De Oca,resolved,exact_same_state,Guerrero,La Union De Isidoro Montes De Oca,1,Guerrero,NA
Guerrero,Leonardo Bravo,resolved,exact_same_state,Guerrero,Leonardo Bravo,1,Guerrero,NA
Guerrero,Malinaltepec,resolved,exact_same_state,Guerrero,Malinaltepec,1,Guerrero,NA
Guerrero,Marquelia,resolved,exact_same_state,Guerrero,Marquelia,1,Guerrero,NA
Guerrero,Martir De Cuilapan,resolved,exact_same_state,Guerrero,Martir De Cuilapan,1,Guerrero,NA
Guerrero,Metlatonoc,resolved,exact_same_state,Guerrero,Metlatonoc,1,Guerrero,NA
Guerrero,Mochitlan,resolved,exact_same_state,Guerrero,Mochitlan,1,Guerrero,NA
Guerrero,Olinala,resolved,exact_same_state,Guerrero,Olinala,1,Guerrero,NA
Guerrero,Ometepec,resolved,exact_same_state,Guerrero,Ometepec,1,Guerrero,NA
Guerrero,Pedro Ascencio Alquisiras,resolved,exact_same_state,Guerrero,Pedro Ascencio Alquisiras,1,Guerrero,NA
Guerrero,Petatlan,resolved,exact_same_state,Guerrero,Petatlan,1,Guerrero,NA
Guerrero,Pilcaya,resolved,exact_same_state,Guerrero,Pilcaya,1,Guerrero,NA
Guerrero,Pungarabato,resolved,exact_same_state,Guerrero,Pungarabato,1,Guerrero,NA
Guerrero,Quechultenango,resolved,exact_same_state,Guerrero,Quechultenango,1,Guerrero,NA
Guerrero,San Luis Acatlan,resolved,exact_same_state,Guerrero,San Luis Acatlan,1,Guerrero,NA
Guerrero,San Marcos,resolved,exact_same_state,Guerrero,San Marcos,2,Guerrero | Jalisco,NA
Guerrero,San Miguel Totolapan,resolved,exact_same_state,Guerrero,San Miguel Totolapan,1,Guerrero,NA
Guerrero,Taxco De Alarcon,resolved,exact_same_state,Guerrero,Taxco De Alarcon,1,Guerrero,NA
Guerrero,Tecoanapa,resolved,exact_same_state,Guerrero,Tecoanapa,1,Guerrero,NA
Guerrero,Tecpan De Galeana,resolved,exact_same_state,Guerrero,Tecpan De Galeana,1,Guerrero,NA
Guerrero,Teloloapan,resolved,exact_same_state,Guerrero,Teloloapan,1,Guerrero,NA
Guerrero,Tepecoacuilco De Trujano,resolved,exact_same_state,Guerrero,Tepecoacuilco De Trujano,1,Guerrero,NA
Guerrero,Tetipac,resolved,exact_same_state,Guerrero,Tetipac,1,Guerrero,NA
Guerrero,Tixtla De Guerrero,resolved,exact_same_state,Guerrero,Tixtla De Guerrero,1,Guerrero,NA
Guerrero,Tlacoachistlahuaca,resolved,exact_same_state,Guerrero,Tlacoachistlahuaca,1,Guerrero,NA
Guerrero,Tlacoapa,resolved,exact_same_state,Guerrero,Tlacoapa,1,Guerrero,NA
Guerrero,Tlalchapa,resolved,exact_same_state,Guerrero,Tlalchapa,1,Guerrero,NA
Guerrero,Tlalixtaquilla De Maldonado,resolved,exact_same_state,Guerrero,Tlalixtaquilla De Maldonado,1,Guerrero,NA
Guerrero,Tlapa De Comonfort,resolved,exact_same_state,Guerrero,Tlapa De Comonfort,1,Guerrero,NA
Guerrero,Tlapehuala,resolved,exact_same_state,Guerrero,Tlapehuala,1,Guerrero,NA
Guerrero,Xalpatlahuac,resolved,exact_same_state,Guerrero,Xalpatlahuac,1,Guerrero,NA
Guerrero,Xochihuehuetlan,resolved,exact_same_state,Guerrero,Xochihuehuetlan,1,Guerrero,NA
Guerrero,Xochistlahuaca,resolved,exact_same_state,Guerrero,Xochistlahuaca,1,Guerrero,NA
Guerrero,Zapotitlan Tablas,resolved,exact_same_state,Guerrero,Zapotitlan Tablas,1,Guerrero,NA
Guerrero,Zihuatanejo De Azueta,resolved,exact_same_state,Guerrero,Zihuatanejo De Azueta,1,Guerrero,NA
Guerrero,Zirandaro,resolved,exact_same_state,Guerrero,Zirandaro,1,Guerrero,NA
Guerrero,Zitlala,resolved,exact_same_state,Guerrero,Zitlala,1,Guerrero,NA
Hidalgo,Acatlan,resolved,exact_same_state,Hidalgo,Acatlan,3,Hidalgo | Puebla | Veracruz De Ignacio De La Llave,NA
Hidalgo,Acaxochitlan,resolved,exact_same_state,Hidalgo,Acaxochitlan,1,Hidalgo,NA
Hidalgo,Actopan,resolved,exact_same_state,Hidalgo,Actopan,2,Hidalgo | Veracruz De Ignacio De La Llave,NA
Hidalgo,Agua Blanca De Iturbide,resolved,exact_same_state,Hidalgo,Agua Blanca De Iturbide,1,Hidalgo,NA
Hidalgo,Ajacuba,resolved,exact_same_state,Hidalgo,Ajacuba,1,Hidalgo,NA
Hidalgo,Alfajayucan,resolved,exact_same_state,Hidalgo,Alfajayucan,1,Hidalgo,NA
Hidalgo,Almoloya,resolved,exact_same_state,Hidalgo,Almoloya,1,Hidalgo,NA
Hidalgo,Apan,resolved,exact_same_state,Hidalgo,Apan,1,Hidalgo,NA
Hidalgo,Atitalaquia,resolved,exact_same_state,Hidalgo,Atitalaquia,1,Hidalgo,NA
Hidalgo,Atlapexco,resolved,exact_same_state,Hidalgo,Atlapexco,1,Hidalgo,NA
Hidalgo,Atotonilco De Tula,resolved,exact_same_state,Hidalgo,Atotonilco De Tula,1,Hidalgo,NA
Hidalgo,Atotonilco El Grande,resolved,exact_same_state,Hidalgo,Atotonilco El Grande,1,Hidalgo,NA
Hidalgo,Calnali,resolved,exact_same_state,Hidalgo,Calnali,1,Hidalgo,NA
Hidalgo,Cardonal,resolved,exact_same_state,Hidalgo,Cardonal,1,Hidalgo,NA
Hidalgo,Chapantongo,resolved,exact_same_state,Hidalgo,Chapantongo,1,Hidalgo,NA
Hidalgo,Chapulhuacan,resolved,exact_same_state,Hidalgo,Chapulhuacan,1,Hidalgo,NA
Hidalgo,Chilcuautla,resolved,exact_same_state,Hidalgo,Chilcuautla,1,Hidalgo,NA
Hidalgo,Cuautepec De Hinojosa,resolved,exact_same_state,Hidalgo,Cuautepec De Hinojosa,1,Hidalgo,NA
Hidalgo,El Arenal,resolved,exact_same_state,Hidalgo,El Arenal,2,Hidalgo | Jalisco,NA
Hidalgo,Eloxochitlan,resolved,exact_same_state,Hidalgo,Eloxochitlan,2,Hidalgo | Puebla,NA
Hidalgo,Emiliano Zapata,resolved,exact_same_state,Hidalgo,Emiliano Zapata,6,Chiapas | Hidalgo | Morelos | Tabasco | Tlaxcala | Veracruz De Ignacio De La Llave,NA
Hidalgo,Epazoyucan,resolved,exact_same_state,Hidalgo,Epazoyucan,1,Hidalgo,NA
Hidalgo,Francisco I. Madero,resolved,exact_same_state,Hidalgo,Francisco I. Madero,2,Coahuila De Zaragoza | Hidalgo,NA
Hidalgo,Huasca De Ocampo,resolved,exact_same_state,Hidalgo,Huasca De Ocampo,1,Hidalgo,NA
Hidalgo,Huautla,resolved,exact_same_state,Hidalgo,Huautla,1,Hidalgo,NA
Hidalgo,Huazalingo,resolved,exact_same_state,Hidalgo,Huazalingo,1,Hidalgo,NA
Hidalgo,Huehuetla,resolved,exact_same_state,Hidalgo,Huehuetla,2,Hidalgo | Puebla,NA
Hidalgo,Huejutla De Reyes,resolved,exact_same_state,Hidalgo,Huejutla De Reyes,1,Hidalgo,NA
Hidalgo,Huichapan,resolved,exact_same_state,Hidalgo,Huichapan,1,Hidalgo,NA
Hidalgo,Ixmiquilpan,resolved,exact_same_state,Hidalgo,Ixmiquilpan,1,Hidalgo,NA
Hidalgo,Jacala De Ledezma,resolved,exact_same_state,Hidalgo,Jacala De Ledezma,1,Hidalgo,NA
Hidalgo,Jaltocan,resolved,exact_same_state,Hidalgo,Jaltocan,1,Hidalgo,NA
Hidalgo,Juarez Hidalgo,resolved,exact_same_state,Hidalgo,Juarez Hidalgo,1,Hidalgo,NA
Hidalgo,La Mision,resolved,exact_same_state,Hidalgo,La Mision,1,Hidalgo,NA
Hidalgo,Lolotla,resolved,exact_same_state,Hidalgo,Lolotla,1,Hidalgo,NA
Hidalgo,Metepec,resolved,exact_same_state,Hidalgo,Metepec,2,Estado De Mexico | Hidalgo,NA
Hidalgo,Metztitlan,resolved,exact_same_state,Hidalgo,Metztitlan,1,Hidalgo,NA
Hidalgo,Mineral De La Reforma,resolved,exact_same_state,Hidalgo,Mineral De La Reforma,1,Hidalgo,NA
Hidalgo,Mineral Del Chico,resolved,exact_same_state,Hidalgo,Mineral Del Chico,1,Hidalgo,NA
Hidalgo,Mineral Del Monte,resolved,exact_same_state,Hidalgo,Mineral Del Monte,1,Hidalgo,NA
Hidalgo,Mixquiahuala De Juarez,resolved,exact_same_state,Hidalgo,Mixquiahuala De Juarez,1,Hidalgo,NA
Hidalgo,Molango De Escamilla,resolved,exact_same_state,Hidalgo,Molango De Escamilla,1,Hidalgo,NA
Hidalgo,Nicolas Flores,resolved,exact_same_state,Hidalgo,Nicolas Flores,1,Hidalgo,NA
Hidalgo,Nopala De Villagran,resolved,exact_same_state,Hidalgo,Nopala De Villagran,1,Hidalgo,NA
Hidalgo,Omitlan De Juarez,resolved,exact_same_state,Hidalgo,Omitlan De Juarez,1,Hidalgo,NA
Hidalgo,Pachuca De Soto,resolved,exact_same_state,Hidalgo,Pachuca De Soto,1,Hidalgo,NA
Hidalgo,Pacula,resolved,exact_same_state,Hidalgo,Pacula,1,Hidalgo,NA
Hidalgo,Pisaflores,resolved,exact_same_state,Hidalgo,Pisaflores,1,Hidalgo,NA
Hidalgo,Progreso De Obregon,resolved,exact_same_state,Hidalgo,Progreso De Obregon,1,Hidalgo,NA
Hidalgo,San Agustin Metzquititlan,resolved,exact_same_state,Hidalgo,San Agustin Metzquititlan,1,Hidalgo,NA
Hidalgo,San Agustin Tlaxiaca,resolved,exact_same_state,Hidalgo,San Agustin Tlaxiaca,1,Hidalgo,NA
Hidalgo,San Bartolo Tutotepec,resolved,exact_same_state,Hidalgo,San Bartolo Tutotepec,1,Hidalgo,NA
Hidalgo,San Felipe Orizatlan,resolved,exact_same_state,Hidalgo,San Felipe Orizatlan,1,Hidalgo,NA
Hidalgo,San Salvador,resolved,exact_same_state,Hidalgo,San Salvador,1,Hidalgo,NA
Hidalgo,Santiago De Anaya,resolved,exact_same_state,Hidalgo,Santiago De Anaya,1,Hidalgo,NA
Hidalgo,Santiago Tulantepec De Lugo Guerrero,resolved,exact_same_state,Hidalgo,Santiago Tulantepec De Lugo Guerrero,1,Hidalgo,NA
Hidalgo,Singuilucan,resolved,exact_same_state,Hidalgo,Singuilucan,1,Hidalgo,NA
Hidalgo,Tasquillo,resolved,exact_same_state,Hidalgo,Tasquillo,1,Hidalgo,NA
Hidalgo,Tecozautla,resolved,exact_same_state,Hidalgo,Tecozautla,1,Hidalgo,NA
Hidalgo,Tenango De Doria,resolved,exact_same_state,Hidalgo,Tenango De Doria,1,Hidalgo,NA
Hidalgo,Tepeapulco,resolved,exact_same_state,Hidalgo,Tepeapulco,1,Hidalgo,NA
Hidalgo,Tepehuacan De Guerrero,resolved,exact_same_state,Hidalgo,Tepehuacan De Guerrero,1,Hidalgo,NA
Hidalgo,Tepeji Del Rio De Ocampo,resolved,exact_same_state,Hidalgo,Tepeji Del Rio De Ocampo,1,Hidalgo,NA
Hidalgo,Tepetitlan,resolved,exact_same_state,Hidalgo,Tepetitlan,1,Hidalgo,NA
Hidalgo,Tetepango,resolved,exact_same_state,Hidalgo,Tetepango,1,Hidalgo,NA
Hidalgo,Tezontepec De Aldama,resolved,exact_same_state,Hidalgo,Tezontepec De Aldama,1,Hidalgo,NA
Hidalgo,Tianguistengo,resolved,exact_same_state,Hidalgo,Tianguistengo,1,Hidalgo,NA
Hidalgo,Tizayuca,resolved,exact_same_state,Hidalgo,Tizayuca,1,Hidalgo,NA
Hidalgo,Tlahuelilpan,resolved,exact_same_state,Hidalgo,Tlahuelilpan,1,Hidalgo,NA
Hidalgo,Tlahuiltepa,resolved,exact_same_state,Hidalgo,Tlahuiltepa,1,Hidalgo,NA
Hidalgo,Tlanalapa,resolved,exact_same_state,Hidalgo,Tlanalapa,1,Hidalgo,NA
Hidalgo,Tlanchinol,resolved,exact_same_state,Hidalgo,Tlanchinol,1,Hidalgo,NA
Hidalgo,Tlaxcoapan,resolved,exact_same_state,Hidalgo,Tlaxcoapan,1,Hidalgo,NA
Hidalgo,Tolcayuca,resolved,exact_same_state,Hidalgo,Tolcayuca,1,Hidalgo,NA
Hidalgo,Tula De Allende,resolved,exact_same_state,Hidalgo,Tula De Allende,1,Hidalgo,NA
Hidalgo,Tulancingo De Bravo,resolved,exact_same_state,Hidalgo,Tulancingo De Bravo,1,Hidalgo,NA
Hidalgo,Villa De Tezontepec,resolved,exact_same_state,Hidalgo,Villa De Tezontepec,1,Hidalgo,NA
Hidalgo,Xochiatipan,resolved,exact_same_state,Hidalgo,Xochiatipan,1,Hidalgo,NA
Hidalgo,Xochicoatlan,resolved,exact_same_state,Hidalgo,Xochicoatlan,1,Hidalgo,NA
Hidalgo,Yahualica,resolved,exact_same_state,Hidalgo,Yahualica,1,Hidalgo,NA
Hidalgo,Zacualtipan De Angeles,resolved,exact_same_state,Hidalgo,Zacualtipan De Angeles,1,Hidalgo,NA
Hidalgo,Zapotlan De Juarez,resolved,exact_same_state,Hidalgo,Zapotlan De Juarez,1,Hidalgo,NA
Hidalgo,Zempoala,resolved,exact_same_state,Hidalgo,Zempoala,1,Hidalgo,NA
Hidalgo,Zimapan,resolved,exact_same_state,Hidalgo,Zimapan,1,Hidalgo,NA
Jalisco,Acatic,resolved,exact_same_state,Jalisco,Acatic,1,Jalisco,NA
Jalisco,Acatlan De Juarez,resolved,exact_same_state,Jalisco,Acatlan De Juarez,1,Jalisco,NA
Jalisco,Ahualulco De Mercado,resolved,exact_same_state,Jalisco,Ahualulco De Mercado,1,Jalisco,NA
Jalisco,Amacueca,resolved,exact_same_state,Jalisco,Amacueca,1,Jalisco,NA
Jalisco,Amatitan,resolved,exact_same_state,Jalisco,Amatitan,1,Jalisco,NA
Jalisco,Ameca,resolved,exact_same_state,Jalisco,Ameca,1,Jalisco,NA
Jalisco,Arandas,resolved,exact_same_state,Jalisco,Arandas,1,Jalisco,NA
Jalisco,Atemajac De Brizuela,resolved,exact_same_state,Jalisco,Atemajac De Brizuela,1,Jalisco,NA
Jalisco,Atengo,resolved,exact_same_state,Jalisco,Atengo,1,Jalisco,NA
Jalisco,Atenguillo,resolved,exact_same_state,Jalisco,Atenguillo,1,Jalisco,NA
Jalisco,Atotonilco El Alto,resolved,exact_same_state,Jalisco,Atotonilco El Alto,1,Jalisco,NA
Jalisco,Atoyac,resolved,exact_same_state,Jalisco,Atoyac,2,Jalisco | Veracruz De Ignacio De La Llave,NA
Jalisco,Autlan De Navarro,resolved,exact_same_state,Jalisco,Autlan De Navarro,1,Jalisco,NA
Jalisco,Ayotlan,resolved,exact_same_state,Jalisco,Ayotlan,1,Jalisco,NA
Jalisco,Ayutla,resolved,exact_same_state,Jalisco,Ayutla,1,Jalisco,NA
Jalisco,Bolanos,resolved,exact_same_state,Jalisco,Bolanos,1,Jalisco,NA
Jalisco,Cabo Corrientes,resolved,exact_same_state,Jalisco,Cabo Corrientes,1,Jalisco,NA
Jalisco,Canadas De Obregon,resolved,exact_same_state,Jalisco,Canadas De Obregon,1,Jalisco,NA
Jalisco,Casimiro Castillo,resolved,exact_same_state,Jalisco,Casimiro Castillo,1,Jalisco,NA
Jalisco,Chapala,resolved,exact_same_state,Jalisco,Chapala,1,Jalisco,NA
Jalisco,Chimaltitan,resolved,exact_same_state,Jalisco,Chimaltitan,1,Jalisco,NA
Jalisco,Chiquilistlan,resolved,exact_same_state,Jalisco,Chiquilistlan,1,Jalisco,NA
Jalisco,Cihuatlan,resolved,exact_same_state,Jalisco,Cihuatlan,1,Jalisco,NA
Jalisco,Cocula,resolved,exact_same_state,Jalisco,Cocula,2,Guerrero | Jalisco,NA
Jalisco,Colotlan,resolved,exact_same_state,Jalisco,Colotlan,1,Jalisco,NA
Jalisco,Concepcion De Buenos Aires,resolved,exact_same_state,Jalisco,Concepcion De Buenos Aires,1,Jalisco,NA
Jalisco,Cuautitlan De Garcia Barragan,resolved,exact_same_state,Jalisco,Cuautitlan De Garcia Barragan,1,Jalisco,NA
Jalisco,Cuautla,resolved,exact_same_state,Jalisco,Cuautla,2,Jalisco | Morelos,NA
Jalisco,Cuquio,resolved,exact_same_state,Jalisco,Cuquio,1,Jalisco,NA
Jalisco,Degollado,resolved,exact_same_state,Jalisco,Degollado,1,Jalisco,NA
Jalisco,Ejutla,resolved,exact_same_state,Jalisco,Ejutla,1,Jalisco,NA
Jalisco,El Arenal,resolved,exact_same_state,Jalisco,El Arenal,2,Hidalgo | Jalisco,NA
Jalisco,El Grullo,resolved,exact_same_state,Jalisco,El Grullo,1,Jalisco,NA
Jalisco,El Limon,resolved,exact_same_state,Jalisco,El Limon,1,Jalisco,NA
Jalisco,El Salto,resolved,exact_same_state,Jalisco,El Salto,1,Jalisco,NA
Jalisco,Encarnacion De Diaz,resolved,exact_same_state,Jalisco,Encarnacion De Diaz,1,Jalisco,NA
Jalisco,Etzatlan,resolved,exact_same_state,Jalisco,Etzatlan,1,Jalisco,NA
Jalisco,Gomez Farias,resolved,exact_same_state,Jalisco,Gomez Farias,3,Chihuahua | Jalisco | Tamaulipas,NA
Jalisco,Guachinango,resolved,exact_same_state,Jalisco,Guachinango,1,Jalisco,NA
Jalisco,Guadalajara,resolved,exact_same_state,Jalisco,Guadalajara,1,Jalisco,NA
Jalisco,Hostotipaquillo,resolved,exact_same_state,Jalisco,Hostotipaquillo,1,Jalisco,NA
Jalisco,Huejucar,resolved,exact_same_state,Jalisco,Huejucar,1,Jalisco,NA
Jalisco,Huejuquilla El Alto,resolved,exact_same_state,Jalisco,Huejuquilla El Alto,1,Jalisco,NA
Jalisco,Ixtlahuacan De Los Membrillos,resolved,exact_same_state,Jalisco,Ixtlahuacan De Los Membrillos,1,Jalisco,NA
Jalisco,Ixtlahuacan Del Rio,resolved,exact_same_state,Jalisco,Ixtlahuacan Del Rio,1,Jalisco,NA
Jalisco,Jalostotitlan,resolved,exact_same_state,Jalisco,Jalostotitlan,1,Jalisco,NA
Jalisco,Jamay,resolved,exact_same_state,Jalisco,Jamay,1,Jalisco,NA
Jalisco,Jesus Maria,resolved,exact_same_state,Jalisco,Jesus Maria,2,Aguascalientes | Jalisco,NA
Jalisco,Jilotlan De Los Dolores,resolved,exact_same_state,Jalisco,Jilotlan De Los Dolores,1,Jalisco,NA
Jalisco,Jocotepec,resolved,exact_same_state,Jalisco,Jocotepec,1,Jalisco,NA
Jalisco,Juanacatlan,resolved,exact_same_state,Jalisco,Juanacatlan,1,Jalisco,NA
Jalisco,Juchitlan,resolved,exact_same_state,Jalisco,Juchitlan,1,Jalisco,NA
Jalisco,La Barca,resolved,exact_same_state,Jalisco,La Barca,1,Jalisco,NA
Jalisco,La Huerta,resolved,exact_same_state,Jalisco,La Huerta,1,Jalisco,NA
Jalisco,La Manzanilla De La Paz,resolved,exact_same_state,Jalisco,La Manzanilla De La Paz,1,Jalisco,NA
Jalisco,Lagos De Moreno,resolved,exact_same_state,Jalisco,Lagos De Moreno,1,Jalisco,NA
Jalisco,Magdalena,resolved,exact_same_state,Jalisco,Magdalena,3,Jalisco | Sonora | Veracruz De Ignacio De La Llave,NA
Jalisco,Mascota,resolved,exact_same_state,Jalisco,Mascota,1,Jalisco,NA
Jalisco,Mazamitla,resolved,exact_same_state,Jalisco,Mazamitla,1,Jalisco,NA
Jalisco,Mexticacan,resolved,exact_same_state,Jalisco,Mexticacan,1,Jalisco,NA
Jalisco,Mezquitic,resolved,exact_same_state,Jalisco,Mezquitic,1,Jalisco,NA
Jalisco,Mixtlan,resolved,exact_same_state,Jalisco,Mixtlan,1,Jalisco,NA
Jalisco,Ocotlan,resolved,exact_same_state,Jalisco,Ocotlan,1,Jalisco,NA
Jalisco,Ojuelos De Jalisco,resolved,exact_same_state,Jalisco,Ojuelos De Jalisco,1,Jalisco,NA
Jalisco,Pihuamo,resolved,exact_same_state,Jalisco,Pihuamo,1,Jalisco,NA
Jalisco,Poncitlan,resolved,exact_same_state,Jalisco,Poncitlan,1,Jalisco,NA
Jalisco,Puerto Vallarta,resolved,exact_same_state,Jalisco,Puerto Vallarta,1,Jalisco,NA
Jalisco,Quitupan,resolved,exact_same_state,Jalisco,Quitupan,1,Jalisco,NA
Jalisco,San Cristobal De La Barranca,resolved,exact_same_state,Jalisco,San Cristobal De La Barranca,1,Jalisco,NA
Jalisco,San Diego De Alejandria,resolved,exact_same_state,Jalisco,San Diego De Alejandria,1,Jalisco,NA
Jalisco,San Gabriel,resolved,exact_same_state,Jalisco,San Gabriel,1,Jalisco,NA
Jalisco,San Ignacio Cerro Gordo,resolved,exact_same_state,Jalisco,San Ignacio Cerro Gordo,1,Jalisco,NA
Jalisco,San Juan De Los Lagos,resolved,exact_same_state,Jalisco,San Juan De Los Lagos,1,Jalisco,NA
Jalisco,San Juanito De Escobedo,resolved,exact_same_state,Jalisco,San Juanito De Escobedo,1,Jalisco,NA
Jalisco,San Julian,resolved,exact_same_state,Jalisco,San Julian,1,Jalisco,NA
Jalisco,San Marcos,resolved,exact_same_state,Jalisco,San Marcos,2,Guerrero | Jalisco,NA
Jalisco,San Martin De Bolanos,resolved,exact_same_state,Jalisco,San Martin De Bolanos,1,Jalisco,NA
Jalisco,San Martin Hidalgo,resolved,exact_same_state,Jalisco,San Martin Hidalgo,1,Jalisco,NA
Jalisco,San Miguel El Alto,resolved,exact_same_state,Jalisco,San Miguel El Alto,1,Jalisco,NA
Jalisco,San Sebastian Del Oeste,resolved,exact_same_state,Jalisco,San Sebastian Del Oeste,1,Jalisco,NA
Jalisco,Santa Maria De Los Angeles,resolved,exact_same_state,Jalisco,Santa Maria De Los Angeles,1,Jalisco,NA
Jalisco,Santa Maria Del Oro,resolved,exact_same_state,Jalisco,Santa Maria Del Oro,2,Jalisco | Nayarit,NA
Jalisco,Sayula,resolved,exact_same_state,Jalisco,Sayula,1,Jalisco,NA
Jalisco,Tala,resolved,exact_same_state,Jalisco,Tala,1,Jalisco,NA
Jalisco,Talpa De Allende,resolved,exact_same_state,Jalisco,Talpa De Allende,1,Jalisco,NA
Jalisco,Tamazula De Gordiano,resolved,exact_same_state,Jalisco,Tamazula De Gordiano,1,Jalisco,NA
Jalisco,Tapalpa,resolved,exact_same_state,Jalisco,Tapalpa,1,Jalisco,NA
Jalisco,Tecalitlan,resolved,exact_same_state,Jalisco,Tecalitlan,1,Jalisco,NA
Jalisco,Techaluta De Montenegro,resolved,exact_same_state,Jalisco,Techaluta De Montenegro,1,Jalisco,NA
Jalisco,Tecolotlan,resolved,exact_same_state,Jalisco,Tecolotlan,1,Jalisco,NA
Jalisco,Tenamaxtlan,resolved,exact_same_state,Jalisco,Tenamaxtlan,1,Jalisco,NA
Jalisco,Teocaltiche,resolved,exact_same_state,Jalisco,Teocaltiche,1,Jalisco,NA
Jalisco,Teocuitatlan De Corona,resolved,exact_same_state,Jalisco,Teocuitatlan De Corona,1,Jalisco,NA
Jalisco,Tepatitlan De Morelos,resolved,exact_same_state,Jalisco,Tepatitlan De Morelos,1,Jalisco,NA
Jalisco,Tequila,resolved,exact_same_state,Jalisco,Tequila,2,Jalisco | Veracruz De Ignacio De La Llave,NA
Jalisco,Teuchitlan,resolved,exact_same_state,Jalisco,Teuchitlan,1,Jalisco,NA
Jalisco,Tizapan El Alto,resolved,exact_same_state,Jalisco,Tizapan El Alto,1,Jalisco,NA
Jalisco,Tlajomulco De Zuniga,resolved,exact_same_state,Jalisco,Tlajomulco De Zuniga,1,Jalisco,NA
Jalisco,Tlaquepaque,resolved,safe_alias_same_state,Jalisco,San Pedro Tlaquepaque,NA,NA,NA
Jalisco,Toliman,resolved,exact_same_state,Jalisco,Toliman,2,Jalisco | Queretaro,NA
Jalisco,Tomatlan,resolved,exact_same_state,Jalisco,Tomatlan,2,Jalisco | Veracruz De Ignacio De La Llave,NA
Jalisco,Tonala,resolved,exact_same_state,Jalisco,Tonala,2,Chiapas | Jalisco,NA
Jalisco,Tonaya,resolved,exact_same_state,Jalisco,Tonaya,1,Jalisco,NA
Jalisco,Tonila,resolved,exact_same_state,Jalisco,Tonila,1,Jalisco,NA
Jalisco,Totatiche,resolved,exact_same_state,Jalisco,Totatiche,1,Jalisco,NA
Jalisco,Tototlan,resolved,exact_same_state,Jalisco,Tototlan,1,Jalisco,NA
Jalisco,Tuxcacuesco,resolved,exact_same_state,Jalisco,Tuxcacuesco,1,Jalisco,NA
Jalisco,Tuxcueca,resolved,exact_same_state,Jalisco,Tuxcueca,1,Jalisco,NA
Jalisco,Tuxpan,resolved,exact_same_state,Jalisco,Tuxpan,4,Jalisco | Michoacan De Ocampo | Nayarit | Veracruz De Ignacio De La Llave,NA
Jalisco,Union De San Antonio,resolved,exact_same_state,Jalisco,Union De San Antonio,1,Jalisco,NA
Jalisco,Union De Tula,resolved,exact_same_state,Jalisco,Union De Tula,1,Jalisco,NA
Jalisco,Valle De Guadalupe,resolved,exact_same_state,Jalisco,Valle De Guadalupe,1,Jalisco,NA
Jalisco,Valle De Juarez,resolved,exact_same_state,Jalisco,Valle De Juarez,1,Jalisco,NA
Jalisco,Villa Corona,resolved,exact_same_state,Jalisco,Villa Corona,1,Jalisco,NA
Jalisco,Villa Guerrero,resolved,exact_same_state,Jalisco,Villa Guerrero,2,Estado De Mexico | Jalisco,NA
Jalisco,Villa Hidalgo,resolved,exact_same_state,Jalisco,Villa Hidalgo,4,Jalisco | San Luis Potosi | Sonora | Zacatecas,NA
Jalisco,Villa Purificacion,resolved,exact_same_state,Jalisco,Villa Purificacion,1,Jalisco,NA
Jalisco,Yahualica De Gonzalez Gallo,resolved,exact_same_state,Jalisco,Yahualica De Gonzalez Gallo,1,Jalisco,NA
Jalisco,Zacoalco De Torres,resolved,exact_same_state,Jalisco,Zacoalco De Torres,1,Jalisco,NA
Jalisco,Zapopan,resolved,exact_same_state,Jalisco,Zapopan,1,Jalisco,NA
Jalisco,Zapotiltic,resolved,exact_same_state,Jalisco,Zapotiltic,1,Jalisco,NA
Jalisco,Zapotitlan De Vadillo,resolved,exact_same_state,Jalisco,Zapotitlan De Vadillo,1,Jalisco,NA
Jalisco,Zapotlan Del Rey,resolved,exact_same_state,Jalisco,Zapotlan Del Rey,1,Jalisco,NA
Jalisco,Zapotlan El Grande,resolved,exact_same_state,Jalisco,Zapotlan El Grande,1,Jalisco,NA
Jalisco,Zapotlanejo,resolved,exact_same_state,Jalisco,Zapotlanejo,1,Jalisco,NA
Michoacan De Ocampo,Acuitzio,resolved,exact_same_state,Michoacan De Ocampo,Acuitzio,1,Michoacan De Ocampo,NA
Michoacan De Ocampo,Aguililla,resolved,exact_same_state,Michoacan De Ocampo,Aguililla,1,Michoacan De Ocampo,NA
Michoacan De Ocampo,Alvaro Obregon,resolved,exact_same_state,Michoacan De Ocampo,Alvaro Obregon,2,Ciudad De Mexico | Michoacan De Ocampo,NA
Michoacan De Ocampo,Angamacutiro,resolved,exact_same_state,Michoacan De Ocampo,Angamacutiro,1,Michoacan De Ocampo,NA
Michoacan De Ocampo,Angangueo,resolved,exact_same_state,Michoacan De Ocampo,Angangueo,1,Michoacan De Ocampo,NA
Michoacan De Ocampo,Apatzingan,resolved,exact_same_state,Michoacan De Ocampo,Apatzingan,1,Michoacan De Ocampo,NA
Michoacan De Ocampo,Aporo,resolved,exact_same_state,Michoacan De Ocampo,Aporo,1,Michoacan De Ocampo,NA
Michoacan De Ocampo,Aquila,resolved,exact_same_state,Michoacan De Ocampo,Aquila,2,Michoacan De Ocampo | Veracruz De Ignacio De La Llave,NA
Michoacan De Ocampo,Ario,resolved,exact_same_state,Michoacan De Ocampo,Ario,1,Michoacan De Ocampo,NA
Michoacan De Ocampo,Arteaga,resolved,exact_same_state,Michoacan De Ocampo,Arteaga,2,Coahuila De Zaragoza | Michoacan De Ocampo,NA
Michoacan De Ocampo,Brisenas,resolved,exact_same_state,Michoacan De Ocampo,Brisenas,1,Michoacan De Ocampo,NA
Michoacan De Ocampo,Buenavista,resolved,exact_same_state,Michoacan De Ocampo,Buenavista,1,Michoacan De Ocampo,NA
Michoacan De Ocampo,Caracuaro,resolved,exact_same_state,Michoacan De Ocampo,Caracuaro,1,Michoacan De Ocampo,NA
Michoacan De Ocampo,Charapan,resolved,exact_same_state,Michoacan De Ocampo,Charapan,1,Michoacan De Ocampo,NA
Michoacan De Ocampo,Charo,resolved,exact_same_state,Michoacan De Ocampo,Charo,1,Michoacan De Ocampo,NA
Michoacan De Ocampo,Chavinda,resolved,exact_same_state,Michoacan De Ocampo,Chavinda,1,Michoacan De Ocampo,NA
Michoacan De Ocampo,Cheran,resolved,exact_same_state,Michoacan De Ocampo,Cheran,1,Michoacan De Ocampo,NA
Michoacan De Ocampo,Chilchota,resolved,exact_same_state,Michoacan De Ocampo,Chilchota,1,Michoacan De Ocampo,NA
Michoacan De Ocampo,Chinicuila,resolved,exact_same_state,Michoacan De Ocampo,Chinicuila,1,Michoacan De Ocampo,NA
Michoacan De Ocampo,Chucandiro,resolved,exact_same_state,Michoacan De Ocampo,Chucandiro,1,Michoacan De Ocampo,NA
Michoacan De Ocampo,Churintzio,resolved,exact_same_state,Michoacan De Ocampo,Churintzio,1,Michoacan De Ocampo,NA
Michoacan De Ocampo,Churumuco,resolved,exact_same_state,Michoacan De Ocampo,Churumuco,1,Michoacan De Ocampo,NA
Michoacan De Ocampo,Coahuayana,resolved,exact_same_state,Michoacan De Ocampo,Coahuayana,1,Michoacan De Ocampo,NA
Michoacan De Ocampo,Coalcoman De Vazquez Pallares,resolved,exact_same_state,Michoacan De Ocampo,Coalcoman De Vazquez Pallares,1,Michoacan De Ocampo,NA
Michoacan De Ocampo,Coeneo,resolved,exact_same_state,Michoacan De Ocampo,Coeneo,1,Michoacan De Ocampo,NA
Michoacan De Ocampo,Cojumatlan De Regules,resolved,exact_same_state,Michoacan De Ocampo,Cojumatlan De Regules,1,Michoacan De Ocampo,NA
Michoacan De Ocampo,Contepec,resolved,exact_same_state,Michoacan De Ocampo,Contepec,1,Michoacan De Ocampo,NA
Michoacan De Ocampo,Copandaro,resolved,exact_same_state,Michoacan De Ocampo,Copandaro,1,Michoacan De Ocampo,NA
Michoacan De Ocampo,Cotija,resolved,exact_same_state,Michoacan De Ocampo,Cotija,1,Michoacan De Ocampo,NA
Michoacan De Ocampo,Cuitzeo,resolved,exact_same_state,Michoacan De Ocampo,Cuitzeo,1,Michoacan De Ocampo,NA
Michoacan De Ocampo,Ecuandureo,resolved,exact_same_state,Michoacan De Ocampo,Ecuandureo,1,Michoacan De Ocampo,NA
Michoacan De Ocampo,Epitacio Huerta,resolved,exact_same_state,Michoacan De Ocampo,Epitacio Huerta,1,Michoacan De Ocampo,NA
Michoacan De Ocampo,Erongaricuaro,resolved,exact_same_state,Michoacan De Ocampo,Erongaricuaro,1,Michoacan De Ocampo,NA
Michoacan De Ocampo,Gabriel Zamora,resolved,exact_same_state,Michoacan De Ocampo,Gabriel Zamora,1,Michoacan De Ocampo,NA
Michoacan De Ocampo,Hidalgo,resolved,exact_same_state,Michoacan De Ocampo,Hidalgo,5,Coahuila De Zaragoza | Durango | Michoacan De Ocampo | Nuevo Leon | Tamaulipas,NA
Michoacan De Ocampo,Huandacareo,resolved,exact_same_state,Michoacan De Ocampo,Huandacareo,1,Michoacan De Ocampo,NA
Michoacan De Ocampo,Huaniqueo,resolved,exact_same_state,Michoacan De Ocampo,Huaniqueo,1,Michoacan De Ocampo,NA
Michoacan De Ocampo,Huetamo,resolved,exact_same_state,Michoacan De Ocampo,Huetamo,1,Michoacan De Ocampo,NA
Michoacan De Ocampo,Huiramba,resolved,exact_same_state,Michoacan De Ocampo,Huiramba,1,Michoacan De Ocampo,NA
Michoacan De Ocampo,Indaparapeo,resolved,exact_same_state,Michoacan De Ocampo,Indaparapeo,1,Michoacan De Ocampo,NA
Michoacan De Ocampo,Irimbo,resolved,exact_same_state,Michoacan De Ocampo,Irimbo,1,Michoacan De Ocampo,NA
Michoacan De Ocampo,Ixtlan,resolved,exact_same_state,Michoacan De Ocampo,Ixtlan,1,Michoacan De Ocampo,NA
Michoacan De Ocampo,Jacona,resolved,exact_same_state,Michoacan De Ocampo,Jacona,1,Michoacan De Ocampo,NA
Michoacan De Ocampo,Jimenez,resolved,exact_same_state,Michoacan De Ocampo,Jimenez,4,Chihuahua | Coahuila De Zaragoza | Michoacan De Ocampo | Tamaulipas,NA
Michoacan De Ocampo,Jiquilpan,resolved,exact_same_state,Michoacan De Ocampo,Jiquilpan,1,Michoacan De Ocampo,NA
Michoacan De Ocampo,Jose Sixto Verduzco,resolved,exact_same_state,Michoacan De Ocampo,Jose Sixto Verduzco,1,Michoacan De Ocampo,NA
Michoacan De Ocampo,Juarez,resolved,exact_same_state,Michoacan De Ocampo,Juarez,5,Chiapas | Chihuahua | Coahuila De Zaragoza | Michoacan De Ocampo | Nuevo Leon,NA
Michoacan De Ocampo,Jungapeo,resolved,exact_same_state,Michoacan De Ocampo,Jungapeo,1,Michoacan De Ocampo,NA
Michoacan De Ocampo,La Huacana,resolved,exact_same_state,Michoacan De Ocampo,La Huacana,1,Michoacan De Ocampo,NA
Michoacan De Ocampo,La Piedad,resolved,exact_same_state,Michoacan De Ocampo,La Piedad,1,Michoacan De Ocampo,NA
Michoacan De Ocampo,Lagunillas,resolved,exact_same_state,Michoacan De Ocampo,Lagunillas,2,Michoacan De Ocampo | San Luis Potosi,NA
Michoacan De Ocampo,Lazaro Cardenas,resolved,exact_same_state,Michoacan De Ocampo,Lazaro Cardenas,3,Michoacan De Ocampo | Quintana Roo | Tlaxcala,NA
Michoacan De Ocampo,Los Reyes,resolved,exact_same_state,Michoacan De Ocampo,Los Reyes,2,Michoacan De Ocampo | Veracruz De Ignacio De La Llave,NA
Michoacan De Ocampo,Madero,resolved,exact_same_state,Michoacan De Ocampo,Madero,1,Michoacan De Ocampo,NA
Michoacan De Ocampo,Maravatio,resolved,exact_same_state,Michoacan De Ocampo,Maravatio,1,Michoacan De Ocampo,NA
Michoacan De Ocampo,Marcos Castellanos,resolved,exact_same_state,Michoacan De Ocampo,Marcos Castellanos,1,Michoacan De Ocampo,NA
Michoacan De Ocampo,Morelia,resolved,exact_same_state,Michoacan De Ocampo,Morelia,1,Michoacan De Ocampo,NA
Michoacan De Ocampo,Morelos,resolved,exact_same_state,Michoacan De Ocampo,Morelos,5,Chihuahua | Coahuila De Zaragoza | Estado De Mexico | Michoacan De Ocampo | Zacatecas,NA
Michoacan De Ocampo,Mugica,resolved,exact_same_state,Michoacan De Ocampo,Mugica,1,Michoacan De Ocampo,NA
Michoacan De Ocampo,Nahuatzen,resolved,exact_same_state,Michoacan De Ocampo,Nahuatzen,1,Michoacan De Ocampo,NA
Michoacan De Ocampo,Nocupetaro,resolved,exact_same_state,Michoacan De Ocampo,Nocupetaro,1,Michoacan De Ocampo,NA
Michoacan De Ocampo,Nuevo Parangaricutiro,resolved,exact_same_state,Michoacan De Ocampo,Nuevo Parangaricutiro,1,Michoacan De Ocampo,NA
Michoacan De Ocampo,Nuevo Urecho,resolved,exact_same_state,Michoacan De Ocampo,Nuevo Urecho,1,Michoacan De Ocampo,NA
Michoacan De Ocampo,Numaran,resolved,exact_same_state,Michoacan De Ocampo,Numaran,1,Michoacan De Ocampo,NA
Michoacan De Ocampo,Ocampo,resolved,exact_same_state,Michoacan De Ocampo,Ocampo,6,Chihuahua | Coahuila De Zaragoza | Durango | Guanajuato | Michoacan De Ocampo | Tamaulipas,NA
Michoacan De Ocampo,Pajacuaran,resolved,exact_same_state,Michoacan De Ocampo,Pajacuaran,1,Michoacan De Ocampo,NA
Michoacan De Ocampo,Panindicuaro,resolved,exact_same_state,Michoacan De Ocampo,Panindicuaro,1,Michoacan De Ocampo,NA
Michoacan De Ocampo,Paracho,resolved,exact_same_state,Michoacan De Ocampo,Paracho,1,Michoacan De Ocampo,NA
Michoacan De Ocampo,Paracuaro,resolved,exact_same_state,Michoacan De Ocampo,Paracuaro,1,Michoacan De Ocampo,NA
Michoacan De Ocampo,Patzcuaro,resolved,exact_same_state,Michoacan De Ocampo,Patzcuaro,1,Michoacan De Ocampo,NA
Michoacan De Ocampo,Penjamillo,resolved,exact_same_state,Michoacan De Ocampo,Penjamillo,1,Michoacan De Ocampo,NA
Michoacan De Ocampo,Periban,resolved,exact_same_state,Michoacan De Ocampo,Periban,1,Michoacan De Ocampo,NA
Michoacan De Ocampo,Purepero,resolved,exact_same_state,Michoacan De Ocampo,Purepero,1,Michoacan De Ocampo,NA
Michoacan De Ocampo,Puruandiro,resolved,exact_same_state,Michoacan De Ocampo,Puruandiro,1,Michoacan De Ocampo,NA
Michoacan De Ocampo,Querendaro,resolved,exact_same_state,Michoacan De Ocampo,Querendaro,1,Michoacan De Ocampo,NA
Michoacan De Ocampo,Quiroga,resolved,exact_same_state,Michoacan De Ocampo,Quiroga,1,Michoacan De Ocampo,NA
Michoacan De Ocampo,Sahuayo,resolved,exact_same_state,Michoacan De Ocampo,Sahuayo,1,Michoacan De Ocampo,NA
Michoacan De Ocampo,Salvador Escalante,resolved,exact_same_state,Michoacan De Ocampo,Salvador Escalante,1,Michoacan De Ocampo,NA
Michoacan De Ocampo,San Lucas,resolved,exact_same_state,Michoacan De Ocampo,San Lucas,2,Chiapas | Michoacan De Ocampo,NA
Michoacan De Ocampo,Santa Ana Maya,resolved,exact_same_state,Michoacan De Ocampo,Santa Ana Maya,1,Michoacan De Ocampo,NA
Michoacan De Ocampo,Senguio,resolved,exact_same_state,Michoacan De Ocampo,Senguio,1,Michoacan De Ocampo,NA
Michoacan De Ocampo,Susupuato,resolved,exact_same_state,Michoacan De Ocampo,Susupuato,1,Michoacan De Ocampo,NA
Michoacan De Ocampo,Tacambaro,resolved,exact_same_state,Michoacan De Ocampo,Tacambaro,1,Michoacan De Ocampo,NA
Michoacan De Ocampo,Tancitaro,resolved,exact_same_state,Michoacan De Ocampo,Tancitaro,1,Michoacan De Ocampo,NA
Michoacan De Ocampo,Tangamandapio,resolved,exact_same_state,Michoacan De Ocampo,Tangamandapio,1,Michoacan De Ocampo,NA
Michoacan De Ocampo,Tangancicuaro,resolved,exact_same_state,Michoacan De Ocampo,Tangancicuaro,1,Michoacan De Ocampo,NA
Michoacan De Ocampo,Tanhuato,resolved,exact_same_state,Michoacan De Ocampo,Tanhuato,1,Michoacan De Ocampo,NA
Michoacan De Ocampo,Taretan,resolved,exact_same_state,Michoacan De Ocampo,Taretan,1,Michoacan De Ocampo,NA
Michoacan De Ocampo,Tarimbaro,resolved,exact_same_state,Michoacan De Ocampo,Tarimbaro,1,Michoacan De Ocampo,NA
Michoacan De Ocampo,Tepalcatepec,resolved,exact_same_state,Michoacan De Ocampo,Tepalcatepec,1,Michoacan De Ocampo,NA
Michoacan De Ocampo,Tingambato,resolved,exact_same_state,Michoacan De Ocampo,Tingambato,1,Michoacan De Ocampo,NA
Michoacan De Ocampo,Tinguindin,resolved,exact_same_state,Michoacan De Ocampo,Tinguindin,1,Michoacan De Ocampo,NA
Michoacan De Ocampo,Tiquicheo De Nicolas Romero,resolved,exact_same_state,Michoacan De Ocampo,Tiquicheo De Nicolas Romero,1,Michoacan De Ocampo,NA
Michoacan De Ocampo,Tlalpujahua,resolved,exact_same_state,Michoacan De Ocampo,Tlalpujahua,1,Michoacan De Ocampo,NA
Michoacan De Ocampo,Tlazazalca,resolved,exact_same_state,Michoacan De Ocampo,Tlazazalca,1,Michoacan De Ocampo,NA
Michoacan De Ocampo,Tocumbo,resolved,exact_same_state,Michoacan De Ocampo,Tocumbo,1,Michoacan De Ocampo,NA
Michoacan De Ocampo,Tumbiscatio,resolved,exact_same_state,Michoacan De Ocampo,Tumbiscatio,1,Michoacan De Ocampo,NA
Michoacan De Ocampo,Turicato,resolved,exact_same_state,Michoacan De Ocampo,Turicato,1,Michoacan De Ocampo,NA
Michoacan De Ocampo,Tuxpan,resolved,exact_same_state,Michoacan De Ocampo,Tuxpan,4,Jalisco | Michoacan De Ocampo | Nayarit | Veracruz De Ignacio De La Llave,NA
Michoacan De Ocampo,Tuzantla,resolved,exact_same_state,Michoacan De Ocampo,Tuzantla,1,Michoacan De Ocampo,NA
Michoacan De Ocampo,Tzintzuntzan,resolved,exact_same_state,Michoacan De Ocampo,Tzintzuntzan,1,Michoacan De Ocampo,NA
Michoacan De Ocampo,Tzitzio,resolved,exact_same_state,Michoacan De Ocampo,Tzitzio,1,Michoacan De Ocampo,NA
Michoacan De Ocampo,Uruapan,resolved,exact_same_state,Michoacan De Ocampo,Uruapan,1,Michoacan De Ocampo,NA
Michoacan De Ocampo,Venustiano Carranza,resolved,exact_same_state,Michoacan De Ocampo,Venustiano Carranza,4,Chiapas | Ciudad De Mexico | Michoacan De Ocampo | Puebla,NA
Michoacan De Ocampo,Villamar,resolved,exact_same_state,Michoacan De Ocampo,Villamar,1,Michoacan De Ocampo,NA
Michoacan De Ocampo,Vista Hermosa,resolved,exact_same_state,Michoacan De Ocampo,Vista Hermosa,1,Michoacan De Ocampo,NA
Michoacan De Ocampo,Yurecuaro,resolved,exact_same_state,Michoacan De Ocampo,Yurecuaro,1,Michoacan De Ocampo,NA
Michoacan De Ocampo,Zacapu,resolved,exact_same_state,Michoacan De Ocampo,Zacapu,1,Michoacan De Ocampo,NA
Michoacan De Ocampo,Zamora,resolved,exact_same_state,Michoacan De Ocampo,Zamora,1,Michoacan De Ocampo,NA
Michoacan De Ocampo,Zinaparo,resolved,exact_same_state,Michoacan De Ocampo,Zinaparo,1,Michoacan De Ocampo,NA
Michoacan De Ocampo,Zinapecuaro,resolved,exact_same_state,Michoacan De Ocampo,Zinapecuaro,1,Michoacan De Ocampo,NA
Michoacan De Ocampo,Ziracuaretiro,resolved,exact_same_state,Michoacan De Ocampo,Ziracuaretiro,1,Michoacan De Ocampo,NA
Michoacan De Ocampo,Zitacuaro,resolved,exact_same_state,Michoacan De Ocampo,Zitacuaro,1,Michoacan De Ocampo,NA
Morelos,Amacuzac,resolved,exact_same_state,Morelos,Amacuzac,1,Morelos,NA
Morelos,Atlatlahucan,resolved,exact_same_state,Morelos,Atlatlahucan,1,Morelos,NA
Morelos,Axochiapan,resolved,exact_same_state,Morelos,Axochiapan,1,Morelos,NA
Morelos,Ayala,resolved,exact_same_state,Morelos,Ayala,1,Morelos,NA
Morelos,Coatlan Del Rio,resolved,exact_same_state,Morelos,Coatlan Del Rio,1,Morelos,NA
Morelos,Cuautla,resolved,exact_same_state,Morelos,Cuautla,2,Jalisco | Morelos,NA
Morelos,Cuernavaca,resolved,exact_same_state,Morelos,Cuernavaca,1,Morelos,NA
Morelos,Emiliano Zapata,resolved,exact_same_state,Morelos,Emiliano Zapata,6,Chiapas | Hidalgo | Morelos | Tabasco | Tlaxcala | Veracruz De Ignacio De La Llave,NA
Morelos,Huitzilac,resolved,exact_same_state,Morelos,Huitzilac,1,Morelos,NA
Morelos,Jantetelco,resolved,exact_same_state,Morelos,Jantetelco,1,Morelos,NA
Morelos,Jiutepec,resolved,exact_same_state,Morelos,Jiutepec,1,Morelos,NA
Morelos,Jojutla,resolved,exact_same_state,Morelos,Jojutla,1,Morelos,NA
Morelos,Jonacatepec,resolved,safe_alias_same_state,Morelos,Jonacatepec De Leandro Valle,NA,NA,NA
Morelos,Mazatepec,resolved,exact_same_state,Morelos,Mazatepec,1,Morelos,NA
Morelos,Miacatlan,resolved,exact_same_state,Morelos,Miacatlan,1,Morelos,NA
Morelos,Ocuituco,resolved,exact_same_state,Morelos,Ocuituco,1,Morelos,NA
Morelos,Puente De Ixtla,resolved,exact_same_state,Morelos,Puente De Ixtla,1,Morelos,NA
Morelos,Temixco,resolved,exact_same_state,Morelos,Temixco,1,Morelos,NA
Morelos,Temoac,resolved,exact_same_state,Morelos,Temoac,1,Morelos,NA
Morelos,Tepalcingo,resolved,exact_same_state,Morelos,Tepalcingo,1,Morelos,NA
Morelos,Tepoztlan,resolved,exact_same_state,Morelos,Tepoztlan,1,Morelos,NA
Morelos,Tetecala,resolved,exact_same_state,Morelos,Tetecala,1,Morelos,NA
Morelos,Tetela Del Volcan,resolved,exact_same_state,Morelos,Tetela Del Volcan,1,Morelos,NA
Morelos,Tlalnepantla,resolved,exact_same_state,Morelos,Tlalnepantla,1,Morelos,NA
Morelos,Tlaltizapan,resolved,safe_alias_same_state,Morelos,Tlaltizapan De Zapata,NA,NA,NA
Morelos,Tlaquiltenango,resolved,exact_same_state,Morelos,Tlaquiltenango,1,Morelos,NA
Morelos,Tlayacapan,resolved,exact_same_state,Morelos,Tlayacapan,1,Morelos,NA
Morelos,Totolapan,resolved,exact_same_state,Morelos,Totolapan,1,Morelos,NA
Morelos,Xochitepec,resolved,exact_same_state,Morelos,Xochitepec,1,Morelos,NA
Morelos,Yautepec,resolved,exact_same_state,Morelos,Yautepec,1,Morelos,NA
Morelos,Yecapixtla,resolved,exact_same_state,Morelos,Yecapixtla,1,Morelos,NA
Morelos,Zacatepec,resolved,exact_same_state,Morelos,Zacatepec,1,Morelos,NA
Morelos,Zacualpan,resolved,safe_alias_same_state,Morelos,Zacualpan De Amilpas,2,Estado De Mexico | Veracruz De Ignacio De La Llave,NA
Nayarit,Acaponeta,resolved,exact_same_state,Nayarit,Acaponeta,1,Nayarit,NA
Nayarit,Ahuacatlan,resolved,exact_same_state,Nayarit,Ahuacatlan,2,Nayarit | Puebla,NA
Nayarit,Amatlan De Canas,resolved,exact_same_state,Nayarit,Amatlan De Canas,1,Nayarit,NA
Nayarit,Bahia De Banderas,resolved,exact_same_state,Nayarit,Bahia De Banderas,1,Nayarit,NA
Nayarit,Compostela,resolved,exact_same_state,Nayarit,Compostela,1,Nayarit,NA
Nayarit,Del Nayar,resolved,exact_same_state,Nayarit,Del Nayar,1,Nayarit,NA
Nayarit,Huajicori,resolved,exact_same_state,Nayarit,Huajicori,1,Nayarit,NA
Nayarit,Ixtlan Del Rio,resolved,exact_same_state,Nayarit,Ixtlan Del Rio,1,Nayarit,NA
Nayarit,Jala,resolved,exact_same_state,Nayarit,Jala,1,Nayarit,NA
Nayarit,La Yesca,resolved,exact_same_state,Nayarit,La Yesca,1,Nayarit,NA
Nayarit,Rosamorada,resolved,exact_same_state,Nayarit,Rosamorada,1,Nayarit,NA
Nayarit,Ruiz,resolved,exact_same_state,Nayarit,Ruiz,1,Nayarit,NA
Nayarit,San Blas,resolved,exact_same_state,Nayarit,San Blas,1,Nayarit,NA
Nayarit,San Pedro Lagunillas,resolved,exact_same_state,Nayarit,San Pedro Lagunillas,1,Nayarit,NA
Nayarit,Santa Maria Del Oro,resolved,exact_same_state,Nayarit,Santa Maria Del Oro,2,Jalisco | Nayarit,NA
Nayarit,Santiago Ixcuintla,resolved,exact_same_state,Nayarit,Santiago Ixcuintla,1,Nayarit,NA
Nayarit,Tecuala,resolved,exact_same_state,Nayarit,Tecuala,1,Nayarit,NA
Nayarit,Tepic,resolved,exact_same_state,Nayarit,Tepic,1,Nayarit,NA
Nayarit,Tuxpan,resolved,exact_same_state,Nayarit,Tuxpan,4,Jalisco | Michoacan De Ocampo | Nayarit | Veracruz De Ignacio De La Llave,NA
Nayarit,Xalisco,resolved,exact_same_state,Nayarit,Xalisco,1,Nayarit,NA
Nuevo Leon,Abasolo,resolved,exact_same_state,Nuevo Leon,Abasolo,4,Coahuila De Zaragoza | Guanajuato | Nuevo Leon | Tamaulipas,NA
Nuevo Leon,Agualeguas,resolved,exact_same_state,Nuevo Leon,Agualeguas,1,Nuevo Leon,NA
Nuevo Leon,Allende,resolved,exact_same_state,Nuevo Leon,Allende,3,Chihuahua | Coahuila De Zaragoza | Nuevo Leon,NA
Nuevo Leon,Anahuac,resolved,exact_same_state,Nuevo Leon,Anahuac,1,Nuevo Leon,NA
Nuevo Leon,Apodaca,resolved,exact_same_state,Nuevo Leon,Apodaca,1,Nuevo Leon,NA
Nuevo Leon,Aramberri,resolved,exact_same_state,Nuevo Leon,Aramberri,1,Nuevo Leon,NA
Nuevo Leon,Bustamante,resolved,exact_same_state,Nuevo Leon,Bustamante,2,Nuevo Leon | Tamaulipas,NA
Nuevo Leon,Cadereyta Jimenez,resolved,exact_same_state,Nuevo Leon,Cadereyta Jimenez,1,Nuevo Leon,NA
Nuevo Leon,Carmen,resolved,safe_alias_same_state,Nuevo Leon,El Carmen,1,Campeche,NA
Nuevo Leon,Cerralvo,resolved,exact_same_state,Nuevo Leon,Cerralvo,1,Nuevo Leon,NA
Nuevo Leon,China,resolved,exact_same_state,Nuevo Leon,China,1,Nuevo Leon,NA
Nuevo Leon,Cienega De Flores,resolved,exact_same_state,Nuevo Leon,Cienega De Flores,1,Nuevo Leon,NA
Nuevo Leon,Dr. Arroyo,resolved,canonical_same_state,Nuevo Leon,Doctor Arroyo,1,Nuevo Leon,NA
Nuevo Leon,Dr. Coss,resolved,canonical_same_state,Nuevo Leon,Doctor Coss,1,Nuevo Leon,NA
Nuevo Leon,Dr. Gonzalez,resolved,canonical_same_state,Nuevo Leon,Doctor Gonzalez,1,Nuevo Leon,NA
Nuevo Leon,Galeana,resolved,exact_same_state,Nuevo Leon,Galeana,2,Chihuahua | Nuevo Leon,NA
Nuevo Leon,Garcia,resolved,exact_same_state,Nuevo Leon,Garcia,1,Nuevo Leon,NA
Nuevo Leon,Gral. Bravo,resolved,canonical_same_state,Nuevo Leon,General Bravo,1,Nuevo Leon,NA
Nuevo Leon,Gral. Escobedo,resolved,safe_alias_same_state,Nuevo Leon,General Escobedo,1,Nuevo Leon,NA
Nuevo Leon,Gral. Teran,resolved,canonical_same_state,Nuevo Leon,General Teran,1,Nuevo Leon,NA
Nuevo Leon,Gral. Trevino,resolved,safe_alias_same_state,Nuevo Leon,General Trevino,1,Nuevo Leon,NA
Nuevo Leon,Gral. Zaragoza,resolved,safe_alias_same_state,Nuevo Leon,General Zaragoza,1,Nuevo Leon,NA
Nuevo Leon,Gral. Zuazua,resolved,canonical_same_state,Nuevo Leon,General Zuazua,1,Nuevo Leon,NA
Nuevo Leon,Guadalupe,resolved,exact_same_state,Nuevo Leon,Guadalupe,4,Chihuahua | Nuevo Leon | Puebla | Zacatecas,NA
Nuevo Leon,Hidalgo,resolved,exact_same_state,Nuevo Leon,Hidalgo,5,Coahuila De Zaragoza | Durango | Michoacan De Ocampo | Nuevo Leon | Tamaulipas,NA
Nuevo Leon,Higueras,resolved,exact_same_state,Nuevo Leon,Higueras,1,Nuevo Leon,NA
Nuevo Leon,Hualahuises,resolved,exact_same_state,Nuevo Leon,Hualahuises,1,Nuevo Leon,NA
Nuevo Leon,Iturbide,resolved,exact_same_state,Nuevo Leon,Iturbide,1,Nuevo Leon,NA
Nuevo Leon,Juarez,resolved,exact_same_state,Nuevo Leon,Juarez,5,Chiapas | Chihuahua | Coahuila De Zaragoza | Michoacan De Ocampo | Nuevo Leon,NA
Nuevo Leon,Lampazos De Naranjo,resolved,exact_same_state,Nuevo Leon,Lampazos De Naranjo,1,Nuevo Leon,NA
Nuevo Leon,Linares,resolved,exact_same_state,Nuevo Leon,Linares,1,Nuevo Leon,NA
Nuevo Leon,Los Aldamas,resolved,exact_same_state,Nuevo Leon,Los Aldamas,1,Nuevo Leon,NA
Nuevo Leon,Los Herreras,resolved,exact_same_state,Nuevo Leon,Los Herreras,1,Nuevo Leon,NA
Nuevo Leon,Los Ramones,resolved,exact_same_state,Nuevo Leon,Los Ramones,1,Nuevo Leon,NA
Nuevo Leon,Marin,resolved,exact_same_state,Nuevo Leon,Marin,1,Nuevo Leon,NA
Nuevo Leon,Melchor Ocampo,resolved,exact_same_state,Nuevo Leon,Melchor Ocampo,3,Estado De Mexico | Nuevo Leon | Zacatecas,NA
Nuevo Leon,Mier Y Noriega,resolved,exact_same_state,Nuevo Leon,Mier Y Noriega,1,Nuevo Leon,NA
Nuevo Leon,Mina,resolved,exact_same_state,Nuevo Leon,Mina,1,Nuevo Leon,NA
Nuevo Leon,Montemorelos,resolved,exact_same_state,Nuevo Leon,Montemorelos,1,Nuevo Leon,NA
Nuevo Leon,Monterrey,resolved,exact_same_state,Nuevo Leon,Monterrey,1,Nuevo Leon,NA
Nuevo Leon,Paras,resolved,exact_same_state,Nuevo Leon,Paras,1,Nuevo Leon,NA
Nuevo Leon,Pesqueria,resolved,exact_same_state,Nuevo Leon,Pesqueria,1,Nuevo Leon,NA
Nuevo Leon,Rayones,resolved,exact_same_state,Nuevo Leon,Rayones,1,Nuevo Leon,NA
Nuevo Leon,Sabinas Hidalgo,resolved,exact_same_state,Nuevo Leon,Sabinas Hidalgo,1,Nuevo Leon,NA
Nuevo Leon,Salinas Victoria,resolved,exact_same_state,Nuevo Leon,Salinas Victoria,1,Nuevo Leon,NA
Nuevo Leon,San Nicolas De Los Garza,resolved,exact_same_state,Nuevo Leon,San Nicolas De Los Garza,1,Nuevo Leon,NA
Nuevo Leon,San Pedro Garza Garcia,resolved,exact_same_state,Nuevo Leon,San Pedro Garza Garcia,1,Nuevo Leon,NA
Nuevo Leon,Santa Catarina,resolved,exact_same_state,Nuevo Leon,Santa Catarina,3,Guanajuato | Nuevo Leon | San Luis Potosi,NA
Nuevo Leon,Santiago,resolved,exact_same_state,Nuevo Leon,Santiago,1,Nuevo Leon,NA
Nuevo Leon,Vallecillo,resolved,exact_same_state,Nuevo Leon,Vallecillo,1,Nuevo Leon,NA
Nuevo Leon,Villaldama,resolved,exact_same_state,Nuevo Leon,Villaldama,1,Nuevo Leon,NA
Oaxaca,Abejones,resolved,exact_same_state,Oaxaca,Abejones,1,Oaxaca,NA
Oaxaca,Acatlan De Perez Figueroa,resolved,exact_same_state,Oaxaca,Acatlan De Perez Figueroa,1,Oaxaca,NA
Oaxaca,Animas Trujano,resolved,exact_same_state,Oaxaca,Animas Trujano,1,Oaxaca,NA
Oaxaca,Asuncion Cacalotepec,resolved,exact_same_state,Oaxaca,Asuncion Cacalotepec,1,Oaxaca,NA
Oaxaca,Asuncion Cuyotepeji,resolved,exact_same_state,Oaxaca,Asuncion Cuyotepeji,1,Oaxaca,NA
Oaxaca,Asuncion Ixtaltepec,resolved,exact_same_state,Oaxaca,Asuncion Ixtaltepec,1,Oaxaca,NA
Oaxaca,Asuncion Nochixtlan,resolved,exact_same_state,Oaxaca,Asuncion Nochixtlan,1,Oaxaca,NA
Oaxaca,Asuncion Ocotlan,resolved,exact_same_state,Oaxaca,Asuncion Ocotlan,1,Oaxaca,NA
Oaxaca,Asuncion Tlacolulita,resolved,exact_same_state,Oaxaca,Asuncion Tlacolulita,1,Oaxaca,NA
Oaxaca,Ayoquezco De Aldama,resolved,exact_same_state,Oaxaca,Ayoquezco De Aldama,1,Oaxaca,NA
Oaxaca,Ayotzintepec,resolved,exact_same_state,Oaxaca,Ayotzintepec,1,Oaxaca,NA
Oaxaca,Calihuala,resolved,exact_same_state,Oaxaca,Calihuala,1,Oaxaca,NA
Oaxaca,Candelaria Loxicha,resolved,exact_same_state,Oaxaca,Candelaria Loxicha,1,Oaxaca,NA
Oaxaca,Capulalpam De Mendez,resolved,exact_same_state,Oaxaca,Capulalpam De Mendez,1,Oaxaca,NA
Oaxaca,Chahuites,resolved,exact_same_state,Oaxaca,Chahuites,1,Oaxaca,NA
Oaxaca,Chalcatongo De Hidalgo,resolved,exact_same_state,Oaxaca,Chalcatongo De Hidalgo,1,Oaxaca,NA
Oaxaca,Chiquihuitlan De Benito Juarez,resolved,exact_same_state,Oaxaca,Chiquihuitlan De Benito Juarez,1,Oaxaca,NA
Oaxaca,Cienega De Zimatlan,resolved,exact_same_state,Oaxaca,Cienega De Zimatlan,1,Oaxaca,NA
Oaxaca,Ciudad Ixtepec,resolved,exact_same_state,Oaxaca,Ciudad Ixtepec,1,Oaxaca,NA
Oaxaca,Coatecas Altas,resolved,exact_same_state,Oaxaca,Coatecas Altas,1,Oaxaca,NA
Oaxaca,Coicoyan De Las Flores,resolved,exact_same_state,Oaxaca,Coicoyan De Las Flores,1,Oaxaca,NA
Oaxaca,Concepcion Buenavista,resolved,exact_same_state,Oaxaca,Concepcion Buenavista,1,Oaxaca,NA
Oaxaca,Concepcion Papalo,resolved,exact_same_state,Oaxaca,Concepcion Papalo,1,Oaxaca,NA
Oaxaca,Constancia Del Rosario,resolved,exact_same_state,Oaxaca,Constancia Del Rosario,1,Oaxaca,NA
Oaxaca,Cosolapa,resolved,exact_same_state,Oaxaca,Cosolapa,1,Oaxaca,NA
Oaxaca,Cosoltepec,resolved,exact_same_state,Oaxaca,Cosoltepec,1,Oaxaca,NA
Oaxaca,Cuilapam De Guerrero,resolved,exact_same_state,Oaxaca,Cuilapam De Guerrero,1,Oaxaca,NA
Oaxaca,Cuyamecalco Villa De Zaragoza,resolved,exact_same_state,Oaxaca,Cuyamecalco Villa De Zaragoza,1,Oaxaca,NA
Oaxaca,El Barrio De La Soledad,resolved,exact_same_state,Oaxaca,El Barrio De La Soledad,1,Oaxaca,NA
Oaxaca,El Espinal,resolved,exact_same_state,Oaxaca,El Espinal,1,Oaxaca,NA
Oaxaca,Eloxochitlan De Flores Magon,resolved,exact_same_state,Oaxaca,Eloxochitlan De Flores Magon,1,Oaxaca,NA
Oaxaca,Fresnillo De Trujano,resolved,exact_same_state,Oaxaca,Fresnillo De Trujano,1,Oaxaca,NA
Oaxaca,Guadalupe De Ramirez,resolved,exact_same_state,Oaxaca,Guadalupe De Ramirez,1,Oaxaca,NA
Oaxaca,Guadalupe Etla,resolved,exact_same_state,Oaxaca,Guadalupe Etla,1,Oaxaca,NA
Oaxaca,Guelatao De Juarez,resolved,exact_same_state,Oaxaca,Guelatao De Juarez,1,Oaxaca,NA
Oaxaca,Guevea De Humboldt,resolved,exact_same_state,Oaxaca,Guevea De Humboldt,1,Oaxaca,NA
Oaxaca,Heroica Ciudad De Ejutla De Crespo,resolved,exact_same_state,Oaxaca,Heroica Ciudad De Ejutla De Crespo,1,Oaxaca,NA
Oaxaca,Heroica Ciudad De Huajuapan De Leon,resolved,exact_same_state,Oaxaca,Heroica Ciudad De Huajuapan De Leon,1,Oaxaca,NA
Oaxaca,Heroica Ciudad De Juchitan De Zaragoza,resolved,exact_same_state,Oaxaca,Heroica Ciudad De Juchitan De Zaragoza,1,Oaxaca,NA
Oaxaca,Heroica Ciudad De Tlaxiaco,resolved,exact_same_state,Oaxaca,Heroica Ciudad De Tlaxiaco,1,Oaxaca,NA
Oaxaca,Huautepec,resolved,exact_same_state,Oaxaca,Huautepec,1,Oaxaca,NA
Oaxaca,Huautla De Jimenez,resolved,exact_same_state,Oaxaca,Huautla De Jimenez,1,Oaxaca,NA
Oaxaca,Ixpantepec Nieves,resolved,exact_same_state,Oaxaca,Ixpantepec Nieves,1,Oaxaca,NA
Oaxaca,Ixtlan De Juarez,resolved,exact_same_state,Oaxaca,Ixtlan De Juarez,1,Oaxaca,NA
Oaxaca,La Compania,resolved,exact_same_state,Oaxaca,La Compania,1,Oaxaca,NA
Oaxaca,La Pe,resolved,exact_same_state,Oaxaca,La Pe,1,Oaxaca,NA
Oaxaca,La Reforma,resolved,exact_same_state,Oaxaca,La Reforma,1,Oaxaca,NA
Oaxaca,La Trinidad Vista Hermosa,resolved,exact_same_state,Oaxaca,La Trinidad Vista Hermosa,1,Oaxaca,NA
Oaxaca,Loma Bonita,resolved,exact_same_state,Oaxaca,Loma Bonita,1,Oaxaca,NA
Oaxaca,Magdalena Apasco,resolved,safe_alias_same_state,Oaxaca,Magdalena Apazco,NA,NA,NA
Oaxaca,Magdalena Jaltepec,resolved,exact_same_state,Oaxaca,Magdalena Jaltepec,1,Oaxaca,NA
Oaxaca,Magdalena Mixtepec,resolved,exact_same_state,Oaxaca,Magdalena Mixtepec,1,Oaxaca,NA
Oaxaca,Magdalena Ocotlan,resolved,exact_same_state,Oaxaca,Magdalena Ocotlan,1,Oaxaca,NA
Oaxaca,Magdalena Penasco,resolved,exact_same_state,Oaxaca,Magdalena Penasco,1,Oaxaca,NA
Oaxaca,Magdalena Teitipac,resolved,exact_same_state,Oaxaca,Magdalena Teitipac,1,Oaxaca,NA
Oaxaca,Magdalena Tequisistlan,resolved,exact_same_state,Oaxaca,Magdalena Tequisistlan,1,Oaxaca,NA
Oaxaca,Magdalena Tlacotepec,resolved,exact_same_state,Oaxaca,Magdalena Tlacotepec,1,Oaxaca,NA
Oaxaca,Magdalena Yodocono De Porfirio Diaz,resolved,exact_same_state,Oaxaca,Magdalena Yodocono De Porfirio Diaz,1,Oaxaca,NA
Oaxaca,Magdalena Zahuatlan,resolved,exact_same_state,Oaxaca,Magdalena Zahuatlan,1,Oaxaca,NA
Oaxaca,Mariscala De Juarez,resolved,exact_same_state,Oaxaca,Mariscala De Juarez,1,Oaxaca,NA
Oaxaca,Martires De Tacubaya,resolved,exact_same_state,Oaxaca,Martires De Tacubaya,1,Oaxaca,NA
Oaxaca,Matias Romero Avendano,resolved,exact_same_state,Oaxaca,Matias Romero Avendano,1,Oaxaca,NA
Oaxaca,Mazatlan Villa De Flores,resolved,exact_same_state,Oaxaca,Mazatlan Villa De Flores,1,Oaxaca,NA
Oaxaca,Mesones Hidalgo,resolved,exact_same_state,Oaxaca,Mesones Hidalgo,1,Oaxaca,NA
Oaxaca,Mixistlan De La Reforma,resolved,exact_same_state,Oaxaca,Mixistlan De La Reforma,1,Oaxaca,NA
Oaxaca,Monjas,resolved,exact_same_state,Oaxaca,Monjas,1,Oaxaca,NA
Oaxaca,Natividad,resolved,exact_same_state,Oaxaca,Natividad,1,Oaxaca,NA
Oaxaca,Nazareno Etla,resolved,exact_same_state,Oaxaca,Nazareno Etla,1,Oaxaca,NA
Oaxaca,Nejapa De Madero,resolved,exact_same_state,Oaxaca,Nejapa De Madero,1,Oaxaca,NA
Oaxaca,Nuevo Zoquiapam,resolved,exact_same_state,Oaxaca,Nuevo Zoquiapam,1,Oaxaca,NA
Oaxaca,Oaxaca De Juarez,resolved,exact_same_state,Oaxaca,Oaxaca De Juarez,1,Oaxaca,NA
Oaxaca,Ocotlan De Morelos,resolved,exact_same_state,Oaxaca,Ocotlan De Morelos,1,Oaxaca,NA
Oaxaca,Pinotepa De Don Luis,resolved,exact_same_state,Oaxaca,Pinotepa De Don Luis,1,Oaxaca,NA
Oaxaca,Pluma Hidalgo,resolved,exact_same_state,Oaxaca,Pluma Hidalgo,1,Oaxaca,NA
Oaxaca,Putla Villa De Guerrero,resolved,exact_same_state,Oaxaca,Putla Villa De Guerrero,1,Oaxaca,NA
Oaxaca,Reforma De Pineda,resolved,exact_same_state,Oaxaca,Reforma De Pineda,1,Oaxaca,NA
Oaxaca,Reyes Etla,resolved,exact_same_state,Oaxaca,Reyes Etla,1,Oaxaca,NA
Oaxaca,Rojas De Cuauhtemoc,resolved,exact_same_state,Oaxaca,Rojas De Cuauhtemoc,1,Oaxaca,NA
Oaxaca,Salina Cruz,resolved,exact_same_state,Oaxaca,Salina Cruz,1,Oaxaca,NA
Oaxaca,San Agustin Amatengo,resolved,exact_same_state,Oaxaca,San Agustin Amatengo,1,Oaxaca,NA
Oaxaca,San Agustin Atenango,resolved,exact_same_state,Oaxaca,San Agustin Atenango,1,Oaxaca,NA
Oaxaca,San Agustin Chayuco,resolved,exact_same_state,Oaxaca,San Agustin Chayuco,1,Oaxaca,NA
Oaxaca,San Agustin De Las Juntas,resolved,exact_same_state,Oaxaca,San Agustin De Las Juntas,1,Oaxaca,NA
Oaxaca,San Agustin Etla,resolved,exact_same_state,Oaxaca,San Agustin Etla,1,Oaxaca,NA
Oaxaca,San Agustin Loxicha,resolved,exact_same_state,Oaxaca,San Agustin Loxicha,1,Oaxaca,NA
Oaxaca,San Agustin Tlacotepec,resolved,exact_same_state,Oaxaca,San Agustin Tlacotepec,1,Oaxaca,NA
Oaxaca,San Agustin Yatareni,resolved,exact_same_state,Oaxaca,San Agustin Yatareni,1,Oaxaca,NA
Oaxaca,San Andres Cabecera Nueva,resolved,exact_same_state,Oaxaca,San Andres Cabecera Nueva,1,Oaxaca,NA
Oaxaca,San Andres Dinicuiti,resolved,exact_same_state,Oaxaca,San Andres Dinicuiti,1,Oaxaca,NA
Oaxaca,San Andres Huaxpaltepec,resolved,exact_same_state,Oaxaca,San Andres Huaxpaltepec,1,Oaxaca,NA
Oaxaca,San Andres Huayapam,resolved,exact_same_state,Oaxaca,San Andres Huayapam,1,Oaxaca,NA
Oaxaca,San Andres Ixtlahuaca,resolved,exact_same_state,Oaxaca,San Andres Ixtlahuaca,1,Oaxaca,NA
Oaxaca,San Andres Lagunas,resolved,exact_same_state,Oaxaca,San Andres Lagunas,1,Oaxaca,NA
Oaxaca,San Andres Nuxino,resolved,exact_same_state,Oaxaca,San Andres Nuxino,1,Oaxaca,NA
Oaxaca,San Andres Paxtlan,resolved,exact_same_state,Oaxaca,San Andres Paxtlan,1,Oaxaca,NA
Oaxaca,San Andres Sinaxtla,resolved,exact_same_state,Oaxaca,San Andres Sinaxtla,1,Oaxaca,NA
Oaxaca,San Andres Solaga,resolved,exact_same_state,Oaxaca,San Andres Solaga,1,Oaxaca,NA
Oaxaca,San Andres Teotilalpam,resolved,exact_same_state,Oaxaca,San Andres Teotilalpam,1,Oaxaca,NA
Oaxaca,San Andres Tepetlapa,resolved,exact_same_state,Oaxaca,San Andres Tepetlapa,1,Oaxaca,NA
Oaxaca,San Andres Yaa,resolved,exact_same_state,Oaxaca,San Andres Yaa,1,Oaxaca,NA
Oaxaca,San Andres Zabache,resolved,exact_same_state,Oaxaca,San Andres Zabache,1,Oaxaca,NA
Oaxaca,San Andres Zautla,resolved,exact_same_state,Oaxaca,San Andres Zautla,1,Oaxaca,NA
Oaxaca,San Antonino Castillo Velasco,resolved,exact_same_state,Oaxaca,San Antonino Castillo Velasco,1,Oaxaca,NA
Oaxaca,San Antonino El Alto,resolved,exact_same_state,Oaxaca,San Antonino El Alto,1,Oaxaca,NA
Oaxaca,San Antonino Monte Verde,resolved,exact_same_state,Oaxaca,San Antonino Monte Verde,1,Oaxaca,NA
Oaxaca,San Antonio Acutla,resolved,exact_same_state,Oaxaca,San Antonio Acutla,1,Oaxaca,NA
Oaxaca,San Antonio De La Cal,resolved,exact_same_state,Oaxaca,San Antonio De La Cal,1,Oaxaca,NA
Oaxaca,San Antonio Huitepec,resolved,exact_same_state,Oaxaca,San Antonio Huitepec,1,Oaxaca,NA
Oaxaca,San Antonio Nanahuatipam,resolved,exact_same_state,Oaxaca,San Antonio Nanahuatipam,1,Oaxaca,NA
Oaxaca,San Antonio Sinicahua,resolved,exact_same_state,Oaxaca,San Antonio Sinicahua,1,Oaxaca,NA
Oaxaca,San Antonio Tepetlapa,resolved,exact_same_state,Oaxaca,San Antonio Tepetlapa,1,Oaxaca,NA
Oaxaca,San Baltazar Chichicapam,resolved,exact_same_state,Oaxaca,San Baltazar Chichicapam,1,Oaxaca,NA
Oaxaca,San Baltazar Loxicha,resolved,exact_same_state,Oaxaca,San Baltazar Loxicha,1,Oaxaca,NA
Oaxaca,San Baltazar Yatzachi El Bajo,resolved,exact_same_state,Oaxaca,San Baltazar Yatzachi El Bajo,1,Oaxaca,NA
Oaxaca,San Bartolo Coyotepec,resolved,exact_same_state,Oaxaca,San Bartolo Coyotepec,1,Oaxaca,NA
Oaxaca,San Bartolo Soyaltepec,resolved,exact_same_state,Oaxaca,San Bartolo Soyaltepec,1,Oaxaca,NA
Oaxaca,San Bartolo Yautepec,resolved,exact_same_state,Oaxaca,San Bartolo Yautepec,1,Oaxaca,NA
Oaxaca,San Bartolome Ayautla,resolved,exact_same_state,Oaxaca,San Bartolome Ayautla,1,Oaxaca,NA
Oaxaca,San Bartolome Loxicha,resolved,exact_same_state,Oaxaca,San Bartolome Loxicha,1,Oaxaca,NA
Oaxaca,San Bartolome Quialana,resolved,exact_same_state,Oaxaca,San Bartolome Quialana,1,Oaxaca,NA
Oaxaca,San Bartolome Yucuane,resolved,exact_same_state,Oaxaca,San Bartolome Yucuane,1,Oaxaca,NA
Oaxaca,San Bartolome Zoogocho,resolved,exact_same_state,Oaxaca,San Bartolome Zoogocho,1,Oaxaca,NA
Oaxaca,San Bernardo Mixtepec,resolved,exact_same_state,Oaxaca,San Bernardo Mixtepec,1,Oaxaca,NA
Oaxaca,San Carlos Yautepec,resolved,exact_same_state,Oaxaca,San Carlos Yautepec,1,Oaxaca,NA
Oaxaca,San Cristobal Amatlan,resolved,exact_same_state,Oaxaca,San Cristobal Amatlan,1,Oaxaca,NA
Oaxaca,San Cristobal Amoltepec,resolved,exact_same_state,Oaxaca,San Cristobal Amoltepec,1,Oaxaca,NA
Oaxaca,San Cristobal Lachirioag,resolved,exact_same_state,Oaxaca,San Cristobal Lachirioag,1,Oaxaca,NA
Oaxaca,San Cristobal Suchixtlahuaca,resolved,exact_same_state,Oaxaca,San Cristobal Suchixtlahuaca,1,Oaxaca,NA
Oaxaca,San Dionisio Del Mar,resolved,exact_same_state,Oaxaca,San Dionisio Del Mar,1,Oaxaca,NA
Oaxaca,San Dionisio Ocotepec,resolved,exact_same_state,Oaxaca,San Dionisio Ocotepec,1,Oaxaca,NA
Oaxaca,San Dionisio Ocotlan,resolved,exact_same_state,Oaxaca,San Dionisio Ocotlan,1,Oaxaca,NA
Oaxaca,San Esteban Atatlahuca,resolved,exact_same_state,Oaxaca,San Esteban Atatlahuca,1,Oaxaca,NA
Oaxaca,San Felipe Jalapa De Diaz,resolved,exact_same_state,Oaxaca,San Felipe Jalapa De Diaz,1,Oaxaca,NA
Oaxaca,San Felipe Tejalapam,resolved,exact_same_state,Oaxaca,San Felipe Tejalapam,1,Oaxaca,NA
Oaxaca,San Felipe Usila,resolved,exact_same_state,Oaxaca,San Felipe Usila,1,Oaxaca,NA
Oaxaca,San Francisco Cahuacua,resolved,exact_same_state,Oaxaca,San Francisco Cahuacua,1,Oaxaca,NA
Oaxaca,San Francisco Cajonos,resolved,exact_same_state,Oaxaca,San Francisco Cajonos,1,Oaxaca,NA
Oaxaca,San Francisco Chapulapa,resolved,exact_same_state,Oaxaca,San Francisco Chapulapa,1,Oaxaca,NA
Oaxaca,San Francisco Chindua,resolved,exact_same_state,Oaxaca,San Francisco Chindua,1,Oaxaca,NA
Oaxaca,San Francisco Del Mar,resolved,exact_same_state,Oaxaca,San Francisco Del Mar,1,Oaxaca,NA
Oaxaca,San Francisco Huehuetlan,resolved,exact_same_state,Oaxaca,San Francisco Huehuetlan,1,Oaxaca,NA
Oaxaca,San Francisco Ixhuatan,resolved,exact_same_state,Oaxaca,San Francisco Ixhuatan,1,Oaxaca,NA
Oaxaca,San Francisco Jaltepetongo,resolved,exact_same_state,Oaxaca,San Francisco Jaltepetongo,1,Oaxaca,NA
Oaxaca,San Francisco Lachigolo,resolved,exact_same_state,Oaxaca,San Francisco Lachigolo,1,Oaxaca,NA
Oaxaca,San Francisco Logueche,resolved,exact_same_state,Oaxaca,San Francisco Logueche,1,Oaxaca,NA
Oaxaca,San Francisco Nuxano,resolved,exact_same_state,Oaxaca,San Francisco Nuxano,1,Oaxaca,NA
Oaxaca,San Francisco Ozolotepec,resolved,exact_same_state,Oaxaca,San Francisco Ozolotepec,1,Oaxaca,NA
Oaxaca,San Francisco Sola,resolved,exact_same_state,Oaxaca,San Francisco Sola,1,Oaxaca,NA
Oaxaca,San Francisco Telixtlahuaca,resolved,exact_same_state,Oaxaca,San Francisco Telixtlahuaca,1,Oaxaca,NA
Oaxaca,San Francisco Teopan,resolved,exact_same_state,Oaxaca,San Francisco Teopan,1,Oaxaca,NA
Oaxaca,San Francisco Tlapancingo,resolved,exact_same_state,Oaxaca,San Francisco Tlapancingo,1,Oaxaca,NA
Oaxaca,San Gabriel Mixtepec,resolved,exact_same_state,Oaxaca,San Gabriel Mixtepec,1,Oaxaca,NA
Oaxaca,San Ildefonso Amatlan,resolved,exact_same_state,Oaxaca,San Ildefonso Amatlan,1,Oaxaca,NA
Oaxaca,San Ildefonso Sola,resolved,exact_same_state,Oaxaca,San Ildefonso Sola,1,Oaxaca,NA
Oaxaca,San Ildefonso Villa Alta,resolved,exact_same_state,Oaxaca,San Ildefonso Villa Alta,1,Oaxaca,NA
Oaxaca,San Jacinto Amilpas,resolved,exact_same_state,Oaxaca,San Jacinto Amilpas,1,Oaxaca,NA
Oaxaca,San Jacinto Tlacotepec,resolved,exact_same_state,Oaxaca,San Jacinto Tlacotepec,1,Oaxaca,NA
Oaxaca,San Jeronimo Coatlan,resolved,exact_same_state,Oaxaca,San Jeronimo Coatlan,1,Oaxaca,NA
Oaxaca,San Jeronimo Silacayoapilla,resolved,exact_same_state,Oaxaca,San Jeronimo Silacayoapilla,1,Oaxaca,NA
Oaxaca,San Jeronimo Sosola,resolved,exact_same_state,Oaxaca,San Jeronimo Sosola,1,Oaxaca,NA
Oaxaca,San Jeronimo Taviche,resolved,exact_same_state,Oaxaca,San Jeronimo Taviche,1,Oaxaca,NA
Oaxaca,San Jeronimo Tecoatl,resolved,exact_same_state,Oaxaca,San Jeronimo Tecoatl,1,Oaxaca,NA
Oaxaca,San Jeronimo Tlacochahuaya,resolved,exact_same_state,Oaxaca,San Jeronimo Tlacochahuaya,1,Oaxaca,NA
Oaxaca,San Jorge Nuchita,resolved,exact_same_state,Oaxaca,San Jorge Nuchita,1,Oaxaca,NA
Oaxaca,San Jose Ayuquila,resolved,exact_same_state,Oaxaca,San Jose Ayuquila,1,Oaxaca,NA
Oaxaca,San Jose Chiltepec,resolved,exact_same_state,Oaxaca,San Jose Chiltepec,1,Oaxaca,NA
Oaxaca,San Jose Del Penasco,resolved,exact_same_state,Oaxaca,San Jose Del Penasco,1,Oaxaca,NA
Oaxaca,San Jose Del Progreso,resolved,exact_same_state,Oaxaca,San Jose Del Progreso,1,Oaxaca,NA
Oaxaca,San Jose Estancia Grande,resolved,exact_same_state,Oaxaca,San Jose Estancia Grande,1,Oaxaca,NA
Oaxaca,San Jose Independencia,resolved,exact_same_state,Oaxaca,San Jose Independencia,1,Oaxaca,NA
Oaxaca,San Jose Lachiguiri,resolved,exact_same_state,Oaxaca,San Jose Lachiguiri,1,Oaxaca,NA
Oaxaca,San Jose Tenango,resolved,exact_same_state,Oaxaca,San Jose Tenango,1,Oaxaca,NA
Oaxaca,San Juan Achiutla,resolved,exact_same_state,Oaxaca,San Juan Achiutla,1,Oaxaca,NA
Oaxaca,San Juan Atepec,resolved,exact_same_state,Oaxaca,San Juan Atepec,1,Oaxaca,NA
Oaxaca,San Juan Bautista Atatlahuca,resolved,exact_same_state,Oaxaca,San Juan Bautista Atatlahuca,1,Oaxaca,NA
Oaxaca,San Juan Bautista Coixtlahuaca,resolved,exact_same_state,Oaxaca,San Juan Bautista Coixtlahuaca,1,Oaxaca,NA
Oaxaca,San Juan Bautista Cuicatlan,resolved,exact_same_state,Oaxaca,San Juan Bautista Cuicatlan,1,Oaxaca,NA
Oaxaca,San Juan Bautista Guelache,resolved,exact_same_state,Oaxaca,San Juan Bautista Guelache,1,Oaxaca,NA
Oaxaca,San Juan Bautista Jayacatlan,resolved,exact_same_state,Oaxaca,San Juan Bautista Jayacatlan,1,Oaxaca,NA
Oaxaca,San Juan Bautista Lo De Soto,resolved,exact_same_state,Oaxaca,San Juan Bautista Lo De Soto,1,Oaxaca,NA
Oaxaca,San Juan Bautista Suchitepec,resolved,exact_same_state,Oaxaca,San Juan Bautista Suchitepec,1,Oaxaca,NA
Oaxaca,San Juan Bautista Tlachichilco,resolved,exact_same_state,Oaxaca,San Juan Bautista Tlachichilco,1,Oaxaca,NA
Oaxaca,San Juan Bautista Tlacoatzintepec,resolved,exact_same_state,Oaxaca,San Juan Bautista Tlacoatzintepec,1,Oaxaca,NA
Oaxaca,San Juan Bautista Tuxtepec,resolved,exact_same_state,Oaxaca,San Juan Bautista Tuxtepec,1,Oaxaca,NA
Oaxaca,San Juan Bautista Valle Nacional,resolved,exact_same_state,Oaxaca,San Juan Bautista Valle Nacional,1,Oaxaca,NA
Oaxaca,San Juan Cacahuatepec,resolved,exact_same_state,Oaxaca,San Juan Cacahuatepec,1,Oaxaca,NA
Oaxaca,San Juan Chicomezuchil,resolved,exact_same_state,Oaxaca,San Juan Chicomezuchil,1,Oaxaca,NA
Oaxaca,San Juan Chilateca,resolved,exact_same_state,Oaxaca,San Juan Chilateca,1,Oaxaca,NA
Oaxaca,San Juan Cieneguilla,resolved,exact_same_state,Oaxaca,San Juan Cieneguilla,1,Oaxaca,NA
Oaxaca,San Juan Coatzospam,resolved,exact_same_state,Oaxaca,San Juan Coatzospam,1,Oaxaca,NA
Oaxaca,San Juan Colorado,resolved,exact_same_state,Oaxaca,San Juan Colorado,1,Oaxaca,NA
Oaxaca,San Juan Comaltepec,resolved,exact_same_state,Oaxaca,San Juan Comaltepec,1,Oaxaca,NA
Oaxaca,San Juan Cotzocon,resolved,exact_same_state,Oaxaca,San Juan Cotzocon,1,Oaxaca,NA
Oaxaca,San Juan De Los Cues,resolved,exact_same_state,Oaxaca,San Juan De Los Cues,1,Oaxaca,NA
Oaxaca,San Juan Del Estado,resolved,exact_same_state,Oaxaca,San Juan Del Estado,1,Oaxaca,NA
Oaxaca,San Juan Del Rio,resolved,exact_same_state,Oaxaca,San Juan Del Rio,3,Durango | Oaxaca | Queretaro,NA
Oaxaca,San Juan Diuxi,resolved,exact_same_state,Oaxaca,San Juan Diuxi,1,Oaxaca,NA
Oaxaca,San Juan Evangelista Analco,resolved,exact_same_state,Oaxaca,San Juan Evangelista Analco,1,Oaxaca,NA
Oaxaca,San Juan Guelavia,resolved,exact_same_state,Oaxaca,San Juan Guelavia,1,Oaxaca,NA
Oaxaca,San Juan Guichicovi,resolved,exact_same_state,Oaxaca,San Juan Guichicovi,1,Oaxaca,NA
Oaxaca,San Juan Ihualtepec,resolved,exact_same_state,Oaxaca,San Juan Ihualtepec,1,Oaxaca,NA
Oaxaca,San Juan Juquila Mixes,resolved,exact_same_state,Oaxaca,San Juan Juquila Mixes,1,Oaxaca,NA
Oaxaca,San Juan Juquila Vijanos,resolved,exact_same_state,Oaxaca,San Juan Juquila Vijanos,1,Oaxaca,NA
Oaxaca,San Juan Lachao,resolved,exact_same_state,Oaxaca,San Juan Lachao,1,Oaxaca,NA
Oaxaca,San Juan Lachigalla,resolved,exact_same_state,Oaxaca,San Juan Lachigalla,1,Oaxaca,NA
Oaxaca,San Juan Lajarcia,resolved,exact_same_state,Oaxaca,San Juan Lajarcia,1,Oaxaca,NA
Oaxaca,San Juan Lalana,resolved,exact_same_state,Oaxaca,San Juan Lalana,1,Oaxaca,NA
Oaxaca,San Juan Mazatlan,resolved,exact_same_state,Oaxaca,San Juan Mazatlan,1,Oaxaca,NA
Oaxaca,San Juan Numi,resolved,exact_same_state,Oaxaca,San Juan Numi,1,Oaxaca,NA
Oaxaca,San Juan Ozolotepec,resolved,exact_same_state,Oaxaca,San Juan Ozolotepec,1,Oaxaca,NA
Oaxaca,San Juan Petlapa,resolved,exact_same_state,Oaxaca,San Juan Petlapa,1,Oaxaca,NA
Oaxaca,San Juan Quiahije,resolved,exact_same_state,Oaxaca,San Juan Quiahije,1,Oaxaca,NA
Oaxaca,San Juan Quiotepec,resolved,exact_same_state,Oaxaca,San Juan Quiotepec,1,Oaxaca,NA
Oaxaca,San Juan Sayultepec,resolved,exact_same_state,Oaxaca,San Juan Sayultepec,1,Oaxaca,NA
Oaxaca,San Juan Tabaa,resolved,exact_same_state,Oaxaca,San Juan Tabaa,1,Oaxaca,NA
Oaxaca,San Juan Tamazola,resolved,exact_same_state,Oaxaca,San Juan Tamazola,1,Oaxaca,NA
Oaxaca,San Juan Teita,resolved,exact_same_state,Oaxaca,San Juan Teita,1,Oaxaca,NA
Oaxaca,San Juan Teitipac,resolved,exact_same_state,Oaxaca,San Juan Teitipac,1,Oaxaca,NA
Oaxaca,San Juan Tepeuxila,resolved,exact_same_state,Oaxaca,San Juan Tepeuxila,1,Oaxaca,NA
Oaxaca,San Juan Teposcolula,resolved,exact_same_state,Oaxaca,San Juan Teposcolula,1,Oaxaca,NA
Oaxaca,San Juan Yaee,resolved,exact_same_state,Oaxaca,San Juan Yaee,1,Oaxaca,NA
Oaxaca,San Juan Yatzona,resolved,exact_same_state,Oaxaca,San Juan Yatzona,1,Oaxaca,NA
Oaxaca,San Juan Yucuita,resolved,exact_same_state,Oaxaca,San Juan Yucuita,1,Oaxaca,NA
Oaxaca,San Lorenzo,resolved,exact_same_state,Oaxaca,San Lorenzo,1,Oaxaca,NA
Oaxaca,San Lorenzo Albarradas,resolved,exact_same_state,Oaxaca,San Lorenzo Albarradas,1,Oaxaca,NA
Oaxaca,San Lorenzo Cacaotepec,resolved,exact_same_state,Oaxaca,San Lorenzo Cacaotepec,1,Oaxaca,NA
Oaxaca,San Lorenzo Cuaunecuiltitla,resolved,exact_same_state,Oaxaca,San Lorenzo Cuaunecuiltitla,1,Oaxaca,NA
Oaxaca,San Lorenzo Texmelucan,resolved,exact_same_state,Oaxaca,San Lorenzo Texmelucan,1,Oaxaca,NA
Oaxaca,San Lorenzo Victoria,resolved,exact_same_state,Oaxaca,San Lorenzo Victoria,1,Oaxaca,NA
Oaxaca,San Lucas Camotlan,resolved,exact_same_state,Oaxaca,San Lucas Camotlan,1,Oaxaca,NA
Oaxaca,San Lucas Ojitlan,resolved,exact_same_state,Oaxaca,San Lucas Ojitlan,1,Oaxaca,NA
Oaxaca,San Lucas Quiavini,resolved,exact_same_state,Oaxaca,San Lucas Quiavini,1,Oaxaca,NA
Oaxaca,San Lucas Zoquiapam,resolved,exact_same_state,Oaxaca,San Lucas Zoquiapam,1,Oaxaca,NA
Oaxaca,San Luis Amatlan,resolved,exact_same_state,Oaxaca,San Luis Amatlan,1,Oaxaca,NA
Oaxaca,San Marcial Ozolotepec,resolved,exact_same_state,Oaxaca,San Marcial Ozolotepec,1,Oaxaca,NA
Oaxaca,San Marcos Arteaga,resolved,exact_same_state,Oaxaca,San Marcos Arteaga,1,Oaxaca,NA
Oaxaca,San Martin Huamelulpam,resolved,exact_same_state,Oaxaca,San Martin Huamelulpam,1,Oaxaca,NA
Oaxaca,San Martin Itunyoso,resolved,exact_same_state,Oaxaca,San Martin Itunyoso,1,Oaxaca,NA
Oaxaca,San Martin Lachila,resolved,exact_same_state,Oaxaca,San Martin Lachila,1,Oaxaca,NA
Oaxaca,San Martin Peras,resolved,exact_same_state,Oaxaca,San Martin Peras,1,Oaxaca,NA
Oaxaca,San Martin Tilcajete,resolved,exact_same_state,Oaxaca,San Martin Tilcajete,1,Oaxaca,NA
Oaxaca,San Martin Toxpalan,resolved,exact_same_state,Oaxaca,San Martin Toxpalan,1,Oaxaca,NA
Oaxaca,San Martin Zacatepec,resolved,exact_same_state,Oaxaca,San Martin Zacatepec,1,Oaxaca,NA
Oaxaca,San Mateo Cajonos,resolved,exact_same_state,Oaxaca,San Mateo Cajonos,1,Oaxaca,NA
Oaxaca,San Mateo Del Mar,resolved,exact_same_state,Oaxaca,San Mateo Del Mar,1,Oaxaca,NA
Oaxaca,San Mateo Etlatongo,resolved,exact_same_state,Oaxaca,San Mateo Etlatongo,1,Oaxaca,NA
Oaxaca,San Mateo Nejapam,resolved,exact_same_state,Oaxaca,San Mateo Nejapam,1,Oaxaca,NA
Oaxaca,San Mateo Penasco,resolved,exact_same_state,Oaxaca,San Mateo Penasco,1,Oaxaca,NA
Oaxaca,San Mateo Pinas,resolved,exact_same_state,Oaxaca,San Mateo Pinas,1,Oaxaca,NA
Oaxaca,San Mateo Rio Hondo,resolved,exact_same_state,Oaxaca,San Mateo Rio Hondo,1,Oaxaca,NA
Oaxaca,San Mateo Sindihui,resolved,exact_same_state,Oaxaca,San Mateo Sindihui,1,Oaxaca,NA
Oaxaca,San Mateo Tlapiltepec,resolved,exact_same_state,Oaxaca,San Mateo Tlapiltepec,1,Oaxaca,NA
Oaxaca,San Mateo Yoloxochitlan,resolved,exact_same_state,Oaxaca,San Mateo Yoloxochitlan,1,Oaxaca,NA
Oaxaca,San Melchor Betaza,resolved,exact_same_state,Oaxaca,San Melchor Betaza,1,Oaxaca,NA
Oaxaca,San Miguel Achiutla,resolved,exact_same_state,Oaxaca,San Miguel Achiutla,1,Oaxaca,NA
Oaxaca,San Miguel Ahuehuetitlan,resolved,exact_same_state,Oaxaca,San Miguel Ahuehuetitlan,1,Oaxaca,NA
Oaxaca,San Miguel Aloapam,resolved,exact_same_state,Oaxaca,San Miguel Aloapam,1,Oaxaca,NA
Oaxaca,San Miguel Amatitlan,resolved,exact_same_state,Oaxaca,San Miguel Amatitlan,1,Oaxaca,NA
Oaxaca,San Miguel Amatlan,resolved,exact_same_state,Oaxaca,San Miguel Amatlan,1,Oaxaca,NA
Oaxaca,San Miguel Chicahua,resolved,exact_same_state,Oaxaca,San Miguel Chicahua,1,Oaxaca,NA
Oaxaca,San Miguel Chimalapa,resolved,exact_same_state,Oaxaca,San Miguel Chimalapa,1,Oaxaca,NA
Oaxaca,San Miguel Coatlan,resolved,exact_same_state,Oaxaca,San Miguel Coatlan,1,Oaxaca,NA
Oaxaca,San Miguel Del Puerto,resolved,exact_same_state,Oaxaca,San Miguel Del Puerto,1,Oaxaca,NA
Oaxaca,San Miguel Del Rio,resolved,exact_same_state,Oaxaca,San Miguel Del Rio,1,Oaxaca,NA
Oaxaca,San Miguel Ejutla,resolved,exact_same_state,Oaxaca,San Miguel Ejutla,1,Oaxaca,NA
Oaxaca,San Miguel El Grande,resolved,exact_same_state,Oaxaca,San Miguel El Grande,1,Oaxaca,NA
Oaxaca,San Miguel Huautla,resolved,exact_same_state,Oaxaca,San Miguel Huautla,1,Oaxaca,NA
Oaxaca,San Miguel Mixtepec,resolved,exact_same_state,Oaxaca,San Miguel Mixtepec,1,Oaxaca,NA
Oaxaca,San Miguel Panixtlahuaca,resolved,exact_same_state,Oaxaca,San Miguel Panixtlahuaca,1,Oaxaca,NA
Oaxaca,San Miguel Peras,resolved,exact_same_state,Oaxaca,San Miguel Peras,1,Oaxaca,NA
Oaxaca,San Miguel Piedras,resolved,exact_same_state,Oaxaca,San Miguel Piedras,1,Oaxaca,NA
Oaxaca,San Miguel Quetzaltepec,resolved,exact_same_state,Oaxaca,San Miguel Quetzaltepec,1,Oaxaca,NA
Oaxaca,San Miguel Santa Flor,resolved,exact_same_state,Oaxaca,San Miguel Santa Flor,1,Oaxaca,NA
Oaxaca,San Miguel Soyaltepec,resolved,exact_same_state,Oaxaca,San Miguel Soyaltepec,1,Oaxaca,NA
Oaxaca,San Miguel Suchixtepec,resolved,exact_same_state,Oaxaca,San Miguel Suchixtepec,1,Oaxaca,NA
Oaxaca,San Miguel Tecomatlan,resolved,exact_same_state,Oaxaca,San Miguel Tecomatlan,1,Oaxaca,NA
Oaxaca,San Miguel Tenango,resolved,exact_same_state,Oaxaca,San Miguel Tenango,1,Oaxaca,NA
Oaxaca,San Miguel Tequixtepec,resolved,exact_same_state,Oaxaca,San Miguel Tequixtepec,1,Oaxaca,NA
Oaxaca,San Miguel Tilquiapam,resolved,exact_same_state,Oaxaca,San Miguel Tilquiapam,1,Oaxaca,NA
Oaxaca,San Miguel Tlacamama,resolved,exact_same_state,Oaxaca,San Miguel Tlacamama,1,Oaxaca,NA
Oaxaca,San Miguel Tlacotepec,resolved,exact_same_state,Oaxaca,San Miguel Tlacotepec,1,Oaxaca,NA
Oaxaca,San Miguel Tulancingo,resolved,exact_same_state,Oaxaca,San Miguel Tulancingo,1,Oaxaca,NA
Oaxaca,San Miguel Yotao,resolved,exact_same_state,Oaxaca,San Miguel Yotao,1,Oaxaca,NA
Oaxaca,San Nicolas,resolved,exact_same_state,Oaxaca,San Nicolas,2,Oaxaca | Tamaulipas,NA
Oaxaca,San Nicolas Hidalgo,resolved,exact_same_state,Oaxaca,San Nicolas Hidalgo,1,Oaxaca,NA
Oaxaca,San Pablo Coatlan,resolved,exact_same_state,Oaxaca,San Pablo Coatlan,1,Oaxaca,NA
Oaxaca,San Pablo Cuatro Venados,resolved,exact_same_state,Oaxaca,San Pablo Cuatro Venados,1,Oaxaca,NA
Oaxaca,San Pablo Etla,resolved,exact_same_state,Oaxaca,San Pablo Etla,1,Oaxaca,NA
Oaxaca,San Pablo Huitzo,resolved,exact_same_state,Oaxaca,San Pablo Huitzo,1,Oaxaca,NA
Oaxaca,San Pablo Huixtepec,resolved,exact_same_state,Oaxaca,San Pablo Huixtepec,1,Oaxaca,NA
Oaxaca,San Pablo Macuiltianguis,resolved,exact_same_state,Oaxaca,San Pablo Macuiltianguis,1,Oaxaca,NA
Oaxaca,San Pablo Tijaltepec,resolved,exact_same_state,Oaxaca,San Pablo Tijaltepec,1,Oaxaca,NA
Oaxaca,San Pablo Villa De Mitla,resolved,exact_same_state,Oaxaca,San Pablo Villa De Mitla,1,Oaxaca,NA
Oaxaca,San Pablo Yaganiza,resolved,exact_same_state,Oaxaca,San Pablo Yaganiza,1,Oaxaca,NA
Oaxaca,San Pedro Amuzgos,resolved,exact_same_state,Oaxaca,San Pedro Amuzgos,1,Oaxaca,NA
Oaxaca,San Pedro Apostol,resolved,exact_same_state,Oaxaca,San Pedro Apostol,1,Oaxaca,NA
Oaxaca,San Pedro Atoyac,resolved,exact_same_state,Oaxaca,San Pedro Atoyac,1,Oaxaca,NA
Oaxaca,San Pedro Cajonos,resolved,exact_same_state,Oaxaca,San Pedro Cajonos,1,Oaxaca,NA
Oaxaca,San Pedro Comitancillo,resolved,exact_same_state,Oaxaca,San Pedro Comitancillo,1,Oaxaca,NA
Oaxaca,San Pedro Coxcaltepec Cantaros,resolved,exact_same_state,Oaxaca,San Pedro Coxcaltepec Cantaros,1,Oaxaca,NA
Oaxaca,San Pedro El Alto,resolved,exact_same_state,Oaxaca,San Pedro El Alto,1,Oaxaca,NA
Oaxaca,San Pedro Huamelula,resolved,exact_same_state,Oaxaca,San Pedro Huamelula,1,Oaxaca,NA
Oaxaca,San Pedro Huilotepec,resolved,exact_same_state,Oaxaca,San Pedro Huilotepec,1,Oaxaca,NA
Oaxaca,San Pedro Ixcatlan,resolved,exact_same_state,Oaxaca,San Pedro Ixcatlan,1,Oaxaca,NA
Oaxaca,San Pedro Ixtlahuaca,resolved,exact_same_state,Oaxaca,San Pedro Ixtlahuaca,1,Oaxaca,NA
Oaxaca,San Pedro Jaltepetongo,resolved,exact_same_state,Oaxaca,San Pedro Jaltepetongo,1,Oaxaca,NA
Oaxaca,San Pedro Jicayan,resolved,exact_same_state,Oaxaca,San Pedro Jicayan,1,Oaxaca,NA
Oaxaca,San Pedro Jocotipac,resolved,exact_same_state,Oaxaca,San Pedro Jocotipac,1,Oaxaca,NA
Oaxaca,San Pedro Juchatengo,resolved,exact_same_state,Oaxaca,San Pedro Juchatengo,1,Oaxaca,NA
Oaxaca,San Pedro Martir,resolved,exact_same_state,Oaxaca,San Pedro Martir,1,Oaxaca,NA
Oaxaca,San Pedro Martir Quiechapa,resolved,exact_same_state,Oaxaca,San Pedro Martir Quiechapa,1,Oaxaca,NA
Oaxaca,San Pedro Martir Yucuxaco,resolved,exact_same_state,Oaxaca,San Pedro Martir Yucuxaco,1,Oaxaca,NA
Oaxaca,San Pedro Molinos,resolved,exact_same_state,Oaxaca,San Pedro Molinos,1,Oaxaca,NA
Oaxaca,San Pedro Nopala,resolved,exact_same_state,Oaxaca,San Pedro Nopala,1,Oaxaca,NA
Oaxaca,San Pedro Ocopetatillo,resolved,exact_same_state,Oaxaca,San Pedro Ocopetatillo,1,Oaxaca,NA
Oaxaca,San Pedro Ocotepec,resolved,exact_same_state,Oaxaca,San Pedro Ocotepec,1,Oaxaca,NA
Oaxaca,San Pedro Pochutla,resolved,exact_same_state,Oaxaca,San Pedro Pochutla,1,Oaxaca,NA
Oaxaca,San Pedro Quiatoni,resolved,exact_same_state,Oaxaca,San Pedro Quiatoni,1,Oaxaca,NA
Oaxaca,San Pedro Sochiapam,resolved,exact_same_state,Oaxaca,San Pedro Sochiapam,1,Oaxaca,NA
Oaxaca,San Pedro Tapanatepec,resolved,exact_same_state,Oaxaca,San Pedro Tapanatepec,1,Oaxaca,NA
Oaxaca,San Pedro Taviche,resolved,exact_same_state,Oaxaca,San Pedro Taviche,1,Oaxaca,NA
Oaxaca,San Pedro Teozacoalco,resolved,exact_same_state,Oaxaca,San Pedro Teozacoalco,1,Oaxaca,NA
Oaxaca,San Pedro Teutila,resolved,exact_same_state,Oaxaca,San Pedro Teutila,1,Oaxaca,NA
Oaxaca,San Pedro Tidaa,resolved,exact_same_state,Oaxaca,San Pedro Tidaa,1,Oaxaca,NA
Oaxaca,San Pedro Topiltepec,resolved,exact_same_state,Oaxaca,San Pedro Topiltepec,1,Oaxaca,NA
Oaxaca,San Pedro Totolapam,resolved,exact_same_state,Oaxaca,San Pedro Totolapam,1,Oaxaca,NA
Oaxaca,San Pedro Y San Pablo Ayutla,resolved,exact_same_state,Oaxaca,San Pedro Y San Pablo Ayutla,1,Oaxaca,NA
Oaxaca,San Pedro Y San Pablo Teposcolula,resolved,exact_same_state,Oaxaca,San Pedro Y San Pablo Teposcolula,1,Oaxaca,NA
Oaxaca,San Pedro Y San Pablo Tequixtepec,resolved,exact_same_state,Oaxaca,San Pedro Y San Pablo Tequixtepec,1,Oaxaca,NA
Oaxaca,San Pedro Yaneri,resolved,exact_same_state,Oaxaca,San Pedro Yaneri,1,Oaxaca,NA
Oaxaca,San Pedro Yolox,resolved,exact_same_state,Oaxaca,San Pedro Yolox,1,Oaxaca,NA
Oaxaca,San Pedro Yucunama,resolved,exact_same_state,Oaxaca,San Pedro Yucunama,1,Oaxaca,NA
Oaxaca,San Raymundo Jalpan,resolved,exact_same_state,Oaxaca,San Raymundo Jalpan,1,Oaxaca,NA
Oaxaca,San Sebastian Abasolo,resolved,exact_same_state,Oaxaca,San Sebastian Abasolo,1,Oaxaca,NA
Oaxaca,San Sebastian Coatlan,resolved,exact_same_state,Oaxaca,San Sebastian Coatlan,1,Oaxaca,NA
Oaxaca,San Sebastian Ixcapa,resolved,exact_same_state,Oaxaca,San Sebastian Ixcapa,1,Oaxaca,NA
Oaxaca,San Sebastian Nicananduta,resolved,exact_same_state,Oaxaca,San Sebastian Nicananduta,1,Oaxaca,NA
Oaxaca,San Sebastian Rio Hondo,resolved,exact_same_state,Oaxaca,San Sebastian Rio Hondo,1,Oaxaca,NA
Oaxaca,San Sebastian Tecomaxtlahuaca,resolved,exact_same_state,Oaxaca,San Sebastian Tecomaxtlahuaca,1,Oaxaca,NA
Oaxaca,San Sebastian Teitipac,resolved,exact_same_state,Oaxaca,San Sebastian Teitipac,1,Oaxaca,NA
Oaxaca,San Sebastian Tutla,resolved,exact_same_state,Oaxaca,San Sebastian Tutla,1,Oaxaca,NA
Oaxaca,San Simon Almolongas,resolved,exact_same_state,Oaxaca,San Simon Almolongas,1,Oaxaca,NA
Oaxaca,San Simon Zahuatlan,resolved,exact_same_state,Oaxaca,San Simon Zahuatlan,1,Oaxaca,NA
Oaxaca,San Vicente Coatlan,resolved,exact_same_state,Oaxaca,San Vicente Coatlan,1,Oaxaca,NA
Oaxaca,San Vicente Lachixio,resolved,exact_same_state,Oaxaca,San Vicente Lachixio,1,Oaxaca,NA
Oaxaca,San Vicente Nunu,resolved,exact_same_state,Oaxaca,San Vicente Nunu,1,Oaxaca,NA
Oaxaca,Santa Ana,resolved,exact_same_state,Oaxaca,Santa Ana,2,Oaxaca | Sonora,NA
Oaxaca,Santa Ana Ateixtlahuaca,resolved,exact_same_state,Oaxaca,Santa Ana Ateixtlahuaca,1,Oaxaca,NA
Oaxaca,Santa Ana Cuauhtemoc,resolved,exact_same_state,Oaxaca,Santa Ana Cuauhtemoc,1,Oaxaca,NA
Oaxaca,Santa Ana Del Valle,resolved,exact_same_state,Oaxaca,Santa Ana Del Valle,1,Oaxaca,NA
Oaxaca,Santa Ana Tavela,resolved,exact_same_state,Oaxaca,Santa Ana Tavela,1,Oaxaca,NA
Oaxaca,Santa Ana Tlapacoyan,resolved,exact_same_state,Oaxaca,Santa Ana Tlapacoyan,1,Oaxaca,NA
Oaxaca,Santa Ana Yareni,resolved,exact_same_state,Oaxaca,Santa Ana Yareni,1,Oaxaca,NA
Oaxaca,Santa Ana Zegache,resolved,exact_same_state,Oaxaca,Santa Ana Zegache,1,Oaxaca,NA
Oaxaca,Santa Catalina Quieri,resolved,exact_same_state,Oaxaca,Santa Catalina Quieri,1,Oaxaca,NA
Oaxaca,Santa Catarina Cuixtla,resolved,exact_same_state,Oaxaca,Santa Catarina Cuixtla,1,Oaxaca,NA
Oaxaca,Santa Catarina Ixtepeji,resolved,exact_same_state,Oaxaca,Santa Catarina Ixtepeji,1,Oaxaca,NA
Oaxaca,Santa Catarina Juquila,resolved,exact_same_state,Oaxaca,Santa Catarina Juquila,1,Oaxaca,NA
Oaxaca,Santa Catarina Lachatao,resolved,exact_same_state,Oaxaca,Santa Catarina Lachatao,1,Oaxaca,NA
Oaxaca,Santa Catarina Loxicha,resolved,exact_same_state,Oaxaca,Santa Catarina Loxicha,1,Oaxaca,NA
Oaxaca,Santa Catarina Mechoacan,resolved,exact_same_state,Oaxaca,Santa Catarina Mechoacan,1,Oaxaca,NA
Oaxaca,Santa Catarina Minas,resolved,exact_same_state,Oaxaca,Santa Catarina Minas,1,Oaxaca,NA
Oaxaca,Santa Catarina Quiane,resolved,exact_same_state,Oaxaca,Santa Catarina Quiane,1,Oaxaca,NA
Oaxaca,Santa Catarina Quioquitani,resolved,exact_same_state,Oaxaca,Santa Catarina Quioquitani,1,Oaxaca,NA
Oaxaca,Santa Catarina Tayata,resolved,exact_same_state,Oaxaca,Santa Catarina Tayata,1,Oaxaca,NA
Oaxaca,Santa Catarina Ticua,resolved,exact_same_state,Oaxaca,Santa Catarina Ticua,1,Oaxaca,NA
Oaxaca,Santa Catarina Yosonotu,resolved,exact_same_state,Oaxaca,Santa Catarina Yosonotu,1,Oaxaca,NA
Oaxaca,Santa Catarina Zapoquila,resolved,exact_same_state,Oaxaca,Santa Catarina Zapoquila,1,Oaxaca,NA
Oaxaca,Santa Cruz Acatepec,resolved,exact_same_state,Oaxaca,Santa Cruz Acatepec,1,Oaxaca,NA
Oaxaca,Santa Cruz Amilpas,resolved,exact_same_state,Oaxaca,Santa Cruz Amilpas,1,Oaxaca,NA
Oaxaca,Santa Cruz De Bravo,resolved,exact_same_state,Oaxaca,Santa Cruz De Bravo,1,Oaxaca,NA
Oaxaca,Santa Cruz Itundujia,resolved,exact_same_state,Oaxaca,Santa Cruz Itundujia,1,Oaxaca,NA
Oaxaca,Santa Cruz Mixtepec,resolved,exact_same_state,Oaxaca,Santa Cruz Mixtepec,1,Oaxaca,NA
Oaxaca,Santa Cruz Nundaco,resolved,exact_same_state,Oaxaca,Santa Cruz Nundaco,1,Oaxaca,NA
Oaxaca,Santa Cruz Papalutla,resolved,exact_same_state,Oaxaca,Santa Cruz Papalutla,1,Oaxaca,NA
Oaxaca,Santa Cruz Tacache De Mina,resolved,exact_same_state,Oaxaca,Santa Cruz Tacache De Mina,1,Oaxaca,NA
Oaxaca,Santa Cruz Tacahua,resolved,exact_same_state,Oaxaca,Santa Cruz Tacahua,1,Oaxaca,NA
Oaxaca,Santa Cruz Tayata,resolved,exact_same_state,Oaxaca,Santa Cruz Tayata,1,Oaxaca,NA
Oaxaca,Santa Cruz Xitla,resolved,exact_same_state,Oaxaca,Santa Cruz Xitla,1,Oaxaca,NA
Oaxaca,Santa Cruz Xoxocotlan,resolved,exact_same_state,Oaxaca,Santa Cruz Xoxocotlan,1,Oaxaca,NA
Oaxaca,Santa Cruz Zenzontepec,resolved,exact_same_state,Oaxaca,Santa Cruz Zenzontepec,1,Oaxaca,NA
Oaxaca,Santa Gertrudis,resolved,exact_same_state,Oaxaca,Santa Gertrudis,1,Oaxaca,NA
Oaxaca,Santa Ines De Zaragoza,resolved,exact_same_state,Oaxaca,Santa Ines De Zaragoza,1,Oaxaca,NA
Oaxaca,Santa Ines Del Monte,resolved,exact_same_state,Oaxaca,Santa Ines Del Monte,1,Oaxaca,NA
Oaxaca,Santa Ines Yatzeche,resolved,exact_same_state,Oaxaca,Santa Ines Yatzeche,1,Oaxaca,NA
Oaxaca,Santa Lucia Del Camino,resolved,exact_same_state,Oaxaca,Santa Lucia Del Camino,1,Oaxaca,NA
Oaxaca,Santa Lucia Miahuatlan,resolved,exact_same_state,Oaxaca,Santa Lucia Miahuatlan,1,Oaxaca,NA
Oaxaca,Santa Lucia Monteverde,resolved,exact_same_state,Oaxaca,Santa Lucia Monteverde,1,Oaxaca,NA
Oaxaca,Santa Lucia Ocotlan,resolved,exact_same_state,Oaxaca,Santa Lucia Ocotlan,1,Oaxaca,NA
Oaxaca,Santa Magdalena Jicotlan,resolved,exact_same_state,Oaxaca,Santa Magdalena Jicotlan,1,Oaxaca,NA
Oaxaca,Santa Maria Alotepec,resolved,exact_same_state,Oaxaca,Santa Maria Alotepec,1,Oaxaca,NA
Oaxaca,Santa Maria Apazco,resolved,exact_same_state,Oaxaca,Santa Maria Apazco,1,Oaxaca,NA
Oaxaca,Santa Maria Atzompa,resolved,exact_same_state,Oaxaca,Santa Maria Atzompa,1,Oaxaca,NA
Oaxaca,Santa Maria Camotlan,resolved,exact_same_state,Oaxaca,Santa Maria Camotlan,1,Oaxaca,NA
Oaxaca,Santa Maria Chachoapam,resolved,exact_same_state,Oaxaca,Santa Maria Chachoapam,1,Oaxaca,NA
Oaxaca,Santa Maria Chilchotla,resolved,exact_same_state,Oaxaca,Santa Maria Chilchotla,1,Oaxaca,NA
Oaxaca,Santa Maria Chimalapa,resolved,exact_same_state,Oaxaca,Santa Maria Chimalapa,1,Oaxaca,NA
Oaxaca,Santa Maria Colotepec,resolved,exact_same_state,Oaxaca,Santa Maria Colotepec,1,Oaxaca,NA
Oaxaca,Santa Maria Cortijo,resolved,exact_same_state,Oaxaca,Santa Maria Cortijo,1,Oaxaca,NA
Oaxaca,Santa Maria Coyotepec,resolved,exact_same_state,Oaxaca,Santa Maria Coyotepec,1,Oaxaca,NA
Oaxaca,Santa Maria Del Rosario,resolved,exact_same_state,Oaxaca,Santa Maria Del Rosario,1,Oaxaca,NA
Oaxaca,Santa Maria Del Tule,resolved,exact_same_state,Oaxaca,Santa Maria Del Tule,1,Oaxaca,NA
Oaxaca,Santa Maria Ecatepec,resolved,exact_same_state,Oaxaca,Santa Maria Ecatepec,1,Oaxaca,NA
Oaxaca,Santa Maria Guelace,resolved,exact_same_state,Oaxaca,Santa Maria Guelace,1,Oaxaca,NA
Oaxaca,Santa Maria Guienagati,resolved,exact_same_state,Oaxaca,Santa Maria Guienagati,1,Oaxaca,NA
Oaxaca,Santa Maria Huatulco,resolved,exact_same_state,Oaxaca,Santa Maria Huatulco,1,Oaxaca,NA
Oaxaca,Santa Maria Huazolotitlan,resolved,exact_same_state,Oaxaca,Santa Maria Huazolotitlan,1,Oaxaca,NA
Oaxaca,Santa Maria Ipalapa,resolved,exact_same_state,Oaxaca,Santa Maria Ipalapa,1,Oaxaca,NA
Oaxaca,Santa Maria Ixcatlan,resolved,exact_same_state,Oaxaca,Santa Maria Ixcatlan,1,Oaxaca,NA
Oaxaca,Santa Maria Jacatepec,resolved,exact_same_state,Oaxaca,Santa Maria Jacatepec,1,Oaxaca,NA
Oaxaca,Santa Maria Jalapa Del Marques,resolved,exact_same_state,Oaxaca,Santa Maria Jalapa Del Marques,1,Oaxaca,NA
Oaxaca,Santa Maria Jaltianguis,resolved,exact_same_state,Oaxaca,Santa Maria Jaltianguis,1,Oaxaca,NA
Oaxaca,Santa Maria La Asuncion,resolved,exact_same_state,Oaxaca,Santa Maria La Asuncion,1,Oaxaca,NA
Oaxaca,Santa Maria Lachixio,resolved,exact_same_state,Oaxaca,Santa Maria Lachixio,1,Oaxaca,NA
Oaxaca,Santa Maria Mixtequilla,resolved,exact_same_state,Oaxaca,Santa Maria Mixtequilla,1,Oaxaca,NA
Oaxaca,Santa Maria Nativitas,resolved,exact_same_state,Oaxaca,Santa Maria Nativitas,1,Oaxaca,NA
Oaxaca,Santa Maria Nduayaco,resolved,exact_same_state,Oaxaca,Santa Maria Nduayaco,1,Oaxaca,NA
Oaxaca,Santa Maria Ozolotepec,resolved,exact_same_state,Oaxaca,Santa Maria Ozolotepec,1,Oaxaca,NA
Oaxaca,Santa Maria Papalo,resolved,exact_same_state,Oaxaca,Santa Maria Papalo,1,Oaxaca,NA
Oaxaca,Santa Maria Penoles,resolved,exact_same_state,Oaxaca,Santa Maria Penoles,1,Oaxaca,NA
Oaxaca,Santa Maria Petapa,resolved,exact_same_state,Oaxaca,Santa Maria Petapa,1,Oaxaca,NA
Oaxaca,Santa Maria Quiegolani,resolved,exact_same_state,Oaxaca,Santa Maria Quiegolani,1,Oaxaca,NA
Oaxaca,Santa Maria Sola,resolved,exact_same_state,Oaxaca,Santa Maria Sola,1,Oaxaca,NA
Oaxaca,Santa Maria Tataltepec,resolved,exact_same_state,Oaxaca,Santa Maria Tataltepec,1,Oaxaca,NA
Oaxaca,Santa Maria Tecomavaca,resolved,exact_same_state,Oaxaca,Santa Maria Tecomavaca,1,Oaxaca,NA
Oaxaca,Santa Maria Temaxcalapa,resolved,exact_same_state,Oaxaca,Santa Maria Temaxcalapa,1,Oaxaca,NA
Oaxaca,Santa Maria Temaxcaltepec,resolved,exact_same_state,Oaxaca,Santa Maria Temaxcaltepec,1,Oaxaca,NA
Oaxaca,Santa Maria Teopoxco,resolved,exact_same_state,Oaxaca,Santa Maria Teopoxco,1,Oaxaca,NA
Oaxaca,Santa Maria Tepantlali,resolved,exact_same_state,Oaxaca,Santa Maria Tepantlali,1,Oaxaca,NA
Oaxaca,Santa Maria Texcatitlan,resolved,exact_same_state,Oaxaca,Santa Maria Texcatitlan,1,Oaxaca,NA
Oaxaca,Santa Maria Tlahuitoltepec,resolved,exact_same_state,Oaxaca,Santa Maria Tlahuitoltepec,1,Oaxaca,NA
Oaxaca,Santa Maria Tlalixtac,resolved,exact_same_state,Oaxaca,Santa Maria Tlalixtac,1,Oaxaca,NA
Oaxaca,Santa Maria Tonameca,resolved,exact_same_state,Oaxaca,Santa Maria Tonameca,1,Oaxaca,NA
Oaxaca,Santa Maria Totolapilla,resolved,exact_same_state,Oaxaca,Santa Maria Totolapilla,1,Oaxaca,NA
Oaxaca,Santa Maria Xadani,resolved,exact_same_state,Oaxaca,Santa Maria Xadani,1,Oaxaca,NA
Oaxaca,Santa Maria Yalina,resolved,exact_same_state,Oaxaca,Santa Maria Yalina,1,Oaxaca,NA
Oaxaca,Santa Maria Yavesia,resolved,exact_same_state,Oaxaca,Santa Maria Yavesia,1,Oaxaca,NA
Oaxaca,Santa Maria Yolotepec,resolved,exact_same_state,Oaxaca,Santa Maria Yolotepec,1,Oaxaca,NA
Oaxaca,Santa Maria Yosoyua,resolved,exact_same_state,Oaxaca,Santa Maria Yosoyua,1,Oaxaca,NA
Oaxaca,Santa Maria Yucuhiti,resolved,exact_same_state,Oaxaca,Santa Maria Yucuhiti,1,Oaxaca,NA
Oaxaca,Santa Maria Zacatepec,resolved,exact_same_state,Oaxaca,Santa Maria Zacatepec,1,Oaxaca,NA
Oaxaca,Santa Maria Zaniza,resolved,exact_same_state,Oaxaca,Santa Maria Zaniza,1,Oaxaca,NA
Oaxaca,Santa Maria Zoquitlan,resolved,exact_same_state,Oaxaca,Santa Maria Zoquitlan,1,Oaxaca,NA
Oaxaca,Santiago Amoltepec,resolved,exact_same_state,Oaxaca,Santiago Amoltepec,1,Oaxaca,NA
Oaxaca,Santiago Apoala,resolved,exact_same_state,Oaxaca,Santiago Apoala,1,Oaxaca,NA
Oaxaca,Santiago Apostol,resolved,exact_same_state,Oaxaca,Santiago Apostol,1,Oaxaca,NA
Oaxaca,Santiago Astata,resolved,exact_same_state,Oaxaca,Santiago Astata,1,Oaxaca,NA
Oaxaca,Santiago Atitlan,resolved,exact_same_state,Oaxaca,Santiago Atitlan,1,Oaxaca,NA
Oaxaca,Santiago Ayuquililla,resolved,exact_same_state,Oaxaca,Santiago Ayuquililla,1,Oaxaca,NA
Oaxaca,Santiago Cacaloxtepec,resolved,exact_same_state,Oaxaca,Santiago Cacaloxtepec,1,Oaxaca,NA
Oaxaca,Santiago Camotlan,resolved,exact_same_state,Oaxaca,Santiago Camotlan,1,Oaxaca,NA
Oaxaca,Santiago Choapam,resolved,exact_same_state,Oaxaca,Santiago Choapam,1,Oaxaca,NA
Oaxaca,Santiago Comaltepec,resolved,exact_same_state,Oaxaca,Santiago Comaltepec,1,Oaxaca,NA
Oaxaca,Santiago Del Rio,resolved,exact_same_state,Oaxaca,Santiago Del Rio,1,Oaxaca,NA
Oaxaca,Santiago Huajolotitlan,resolved,exact_same_state,Oaxaca,Santiago Huajolotitlan,1,Oaxaca,NA
Oaxaca,Santiago Huauclilla,resolved,exact_same_state,Oaxaca,Santiago Huauclilla,1,Oaxaca,NA
Oaxaca,Santiago Ihuitlan Plumas,resolved,exact_same_state,Oaxaca,Santiago Ihuitlan Plumas,1,Oaxaca,NA
Oaxaca,Santiago Ixcuintepec,resolved,exact_same_state,Oaxaca,Santiago Ixcuintepec,1,Oaxaca,NA
Oaxaca,Santiago Ixtayutla,resolved,exact_same_state,Oaxaca,Santiago Ixtayutla,1,Oaxaca,NA
Oaxaca,Santiago Jamiltepec,resolved,exact_same_state,Oaxaca,Santiago Jamiltepec,1,Oaxaca,NA
Oaxaca,Santiago Jocotepec,resolved,exact_same_state,Oaxaca,Santiago Jocotepec,1,Oaxaca,NA
Oaxaca,Santiago Juxtlahuaca,resolved,exact_same_state,Oaxaca,Santiago Juxtlahuaca,1,Oaxaca,NA
Oaxaca,Santiago Lachiguiri,resolved,exact_same_state,Oaxaca,Santiago Lachiguiri,1,Oaxaca,NA
Oaxaca,Santiago Lalopa,resolved,exact_same_state,Oaxaca,Santiago Lalopa,1,Oaxaca,NA
Oaxaca,Santiago Laollaga,resolved,exact_same_state,Oaxaca,Santiago Laollaga,1,Oaxaca,NA
Oaxaca,Santiago Laxopa,resolved,exact_same_state,Oaxaca,Santiago Laxopa,1,Oaxaca,NA
Oaxaca,Santiago Llano Grande,resolved,exact_same_state,Oaxaca,Santiago Llano Grande,1,Oaxaca,NA
Oaxaca,Santiago Matatlan,resolved,exact_same_state,Oaxaca,Santiago Matatlan,1,Oaxaca,NA
Oaxaca,Santiago Miltepec,resolved,exact_same_state,Oaxaca,Santiago Miltepec,1,Oaxaca,NA
Oaxaca,Santiago Minas,resolved,exact_same_state,Oaxaca,Santiago Minas,1,Oaxaca,NA
Oaxaca,Santiago Nacaltepec,resolved,exact_same_state,Oaxaca,Santiago Nacaltepec,1,Oaxaca,NA
Oaxaca,Santiago Nejapilla,resolved,exact_same_state,Oaxaca,Santiago Nejapilla,1,Oaxaca,NA
Oaxaca,Santiago Niltepec,resolved,exact_same_state,Oaxaca,Santiago Niltepec,1,Oaxaca,NA
Oaxaca,Santiago Nundiche,resolved,exact_same_state,Oaxaca,Santiago Nundiche,1,Oaxaca,NA
Oaxaca,Santiago Nuyoo,resolved,exact_same_state,Oaxaca,Santiago Nuyoo,1,Oaxaca,NA
Oaxaca,Santiago Pinotepa Nacional,resolved,exact_same_state,Oaxaca,Santiago Pinotepa Nacional,1,Oaxaca,NA
Oaxaca,Santiago Suchilquitongo,resolved,exact_same_state,Oaxaca,Santiago Suchilquitongo,1,Oaxaca,NA
Oaxaca,Santiago Tamazola,resolved,exact_same_state,Oaxaca,Santiago Tamazola,1,Oaxaca,NA
Oaxaca,Santiago Tapextla,resolved,exact_same_state,Oaxaca,Santiago Tapextla,1,Oaxaca,NA
Oaxaca,Santiago Tenango,resolved,exact_same_state,Oaxaca,Santiago Tenango,1,Oaxaca,NA
Oaxaca,Santiago Tepetlapa,resolved,exact_same_state,Oaxaca,Santiago Tepetlapa,1,Oaxaca,NA
Oaxaca,Santiago Tetepec,resolved,exact_same_state,Oaxaca,Santiago Tetepec,1,Oaxaca,NA
Oaxaca,Santiago Texcalcingo,resolved,exact_same_state,Oaxaca,Santiago Texcalcingo,1,Oaxaca,NA
Oaxaca,Santiago Textitlan,resolved,exact_same_state,Oaxaca,Santiago Textitlan,1,Oaxaca,NA
Oaxaca,Santiago Tilantongo,resolved,exact_same_state,Oaxaca,Santiago Tilantongo,1,Oaxaca,NA
Oaxaca,Santiago Tillo,resolved,exact_same_state,Oaxaca,Santiago Tillo,1,Oaxaca,NA
Oaxaca,Santiago Tlazoyaltepec,resolved,exact_same_state,Oaxaca,Santiago Tlazoyaltepec,1,Oaxaca,NA
Oaxaca,Santiago Xanica,resolved,exact_same_state,Oaxaca,Santiago Xanica,1,Oaxaca,NA
Oaxaca,Santiago Xiacui,resolved,exact_same_state,Oaxaca,Santiago Xiacui,1,Oaxaca,NA
Oaxaca,Santiago Yaitepec,resolved,exact_same_state,Oaxaca,Santiago Yaitepec,1,Oaxaca,NA
Oaxaca,Santiago Yaveo,resolved,exact_same_state,Oaxaca,Santiago Yaveo,1,Oaxaca,NA
Oaxaca,Santiago Yolomecatl,resolved,exact_same_state,Oaxaca,Santiago Yolomecatl,1,Oaxaca,NA
Oaxaca,Santiago Yosondua,resolved,exact_same_state,Oaxaca,Santiago Yosondua,1,Oaxaca,NA
Oaxaca,Santiago Yucuyachi,resolved,exact_same_state,Oaxaca,Santiago Yucuyachi,1,Oaxaca,NA
Oaxaca,Santiago Zacatepec,resolved,exact_same_state,Oaxaca,Santiago Zacatepec,1,Oaxaca,NA
Oaxaca,Santiago Zoochila,resolved,exact_same_state,Oaxaca,Santiago Zoochila,1,Oaxaca,NA
Oaxaca,Santo Domingo Albarradas,resolved,exact_same_state,Oaxaca,Santo Domingo Albarradas,1,Oaxaca,NA
Oaxaca,Santo Domingo Armenta,resolved,exact_same_state,Oaxaca,Santo Domingo Armenta,1,Oaxaca,NA
Oaxaca,Santo Domingo Chihuitan,resolved,exact_same_state,Oaxaca,Santo Domingo Chihuitan,1,Oaxaca,NA
Oaxaca,Santo Domingo De Morelos,resolved,exact_same_state,Oaxaca,Santo Domingo De Morelos,1,Oaxaca,NA
Oaxaca,Santo Domingo Ingenio,resolved,exact_same_state,Oaxaca,Santo Domingo Ingenio,1,Oaxaca,NA
Oaxaca,Santo Domingo Ixcatlan,resolved,exact_same_state,Oaxaca,Santo Domingo Ixcatlan,1,Oaxaca,NA
Oaxaca,Santo Domingo Nuxaa,resolved,exact_same_state,Oaxaca,Santo Domingo Nuxaa,1,Oaxaca,NA
Oaxaca,Santo Domingo Ozolotepec,resolved,exact_same_state,Oaxaca,Santo Domingo Ozolotepec,1,Oaxaca,NA
Oaxaca,Santo Domingo Petapa,resolved,exact_same_state,Oaxaca,Santo Domingo Petapa,1,Oaxaca,NA
Oaxaca,Santo Domingo Roayaga,resolved,exact_same_state,Oaxaca,Santo Domingo Roayaga,1,Oaxaca,NA
Oaxaca,Santo Domingo Tehuantepec,resolved,exact_same_state,Oaxaca,Santo Domingo Tehuantepec,1,Oaxaca,NA
Oaxaca,Santo Domingo Teojomulco,resolved,exact_same_state,Oaxaca,Santo Domingo Teojomulco,1,Oaxaca,NA
Oaxaca,Santo Domingo Tepuxtepec,resolved,exact_same_state,Oaxaca,Santo Domingo Tepuxtepec,1,Oaxaca,NA
Oaxaca,Santo Domingo Tlatayapam,resolved,exact_same_state,Oaxaca,Santo Domingo Tlatayapam,1,Oaxaca,NA
Oaxaca,Santo Domingo Tomaltepec,resolved,exact_same_state,Oaxaca,Santo Domingo Tomaltepec,1,Oaxaca,NA
Oaxaca,Santo Domingo Tonala,resolved,exact_same_state,Oaxaca,Santo Domingo Tonala,1,Oaxaca,NA
Oaxaca,Santo Domingo Tonaltepec,resolved,safe_alias_same_state,Oaxaca,Santo Domingo Tomaltepec,NA,NA,NA
Oaxaca,Santo Domingo Xagacia,resolved,exact_same_state,Oaxaca,Santo Domingo Xagacia,1,Oaxaca,NA
Oaxaca,Santo Domingo Yanhuitlan,resolved,exact_same_state,Oaxaca,Santo Domingo Yanhuitlan,1,Oaxaca,NA
Oaxaca,Santo Domingo Yodohino,resolved,exact_same_state,Oaxaca,Santo Domingo Yodohino,1,Oaxaca,NA
Oaxaca,Santo Domingo Zanatepec,resolved,exact_same_state,Oaxaca,Santo Domingo Zanatepec,1,Oaxaca,NA
Oaxaca,Santo Tomas Jalieza,resolved,exact_same_state,Oaxaca,Santo Tomas Jalieza,1,Oaxaca,NA
Oaxaca,Santo Tomas Mazaltepec,resolved,exact_same_state,Oaxaca,Santo Tomas Mazaltepec,1,Oaxaca,NA
Oaxaca,Santo Tomas Ocotepec,resolved,exact_same_state,Oaxaca,Santo Tomas Ocotepec,1,Oaxaca,NA
Oaxaca,Santo Tomas Tamazulapan,resolved,exact_same_state,Oaxaca,Santo Tomas Tamazulapan,1,Oaxaca,NA
Oaxaca,Santos Reyes Nopala,resolved,exact_same_state,Oaxaca,Santos Reyes Nopala,1,Oaxaca,NA
Oaxaca,Santos Reyes Papalo,resolved,exact_same_state,Oaxaca,Santos Reyes Papalo,1,Oaxaca,NA
Oaxaca,Santos Reyes Tepejillo,resolved,exact_same_state,Oaxaca,Santos Reyes Tepejillo,1,Oaxaca,NA
Oaxaca,Santos Reyes Yucuna,resolved,exact_same_state,Oaxaca,Santos Reyes Yucuna,1,Oaxaca,NA
Oaxaca,Silacayoapam,resolved,exact_same_state,Oaxaca,Silacayoapam,1,Oaxaca,NA
Oaxaca,Sitio De Xitlapehua,resolved,exact_same_state,Oaxaca,Sitio De Xitlapehua,1,Oaxaca,NA
Oaxaca,Soledad Etla,resolved,exact_same_state,Oaxaca,Soledad Etla,1,Oaxaca,NA
Oaxaca,Tamazulapam Del Espiritu Santo,resolved,exact_same_state,Oaxaca,Tamazulapam Del Espiritu Santo,1,Oaxaca,NA
Oaxaca,Tanetze De Zaragoza,resolved,exact_same_state,Oaxaca,Tanetze De Zaragoza,1,Oaxaca,NA
Oaxaca,Taniche,resolved,exact_same_state,Oaxaca,Taniche,1,Oaxaca,NA
Oaxaca,Tataltepec De Valdes,resolved,exact_same_state,Oaxaca,Tataltepec De Valdes,1,Oaxaca,NA
Oaxaca,Teococuilco De Marcos Perez,resolved,exact_same_state,Oaxaca,Teococuilco De Marcos Perez,1,Oaxaca,NA
Oaxaca,Teotitlan De Flores Magon,resolved,exact_same_state,Oaxaca,Teotitlan De Flores Magon,1,Oaxaca,NA
Oaxaca,Teotitlan Del Valle,resolved,exact_same_state,Oaxaca,Teotitlan Del Valle,1,Oaxaca,NA
Oaxaca,Teotongo,resolved,exact_same_state,Oaxaca,Teotongo,1,Oaxaca,NA
Oaxaca,Tepelmeme Villa De Morelos,resolved,exact_same_state,Oaxaca,Tepelmeme Villa De Morelos,1,Oaxaca,NA
Oaxaca,Tezoatlan De Segura Y Luna,resolved,safe_alias_same_state,Oaxaca,"Heroica Villa Tezoatlan De Segura Y Luna, Cuna De La Independencia De Oaxaca",NA,NA,NA
Oaxaca,Tlacolula De Matamoros,resolved,exact_same_state,Oaxaca,Tlacolula De Matamoros,1,Oaxaca,NA
Oaxaca,Tlacotepec Plumas,resolved,exact_same_state,Oaxaca,Tlacotepec Plumas,1,Oaxaca,NA
Oaxaca,Tlalixtac De Cabrera,resolved,exact_same_state,Oaxaca,Tlalixtac De Cabrera,1,Oaxaca,NA
Oaxaca,Totontepec Villa De Morelos,resolved,exact_same_state,Oaxaca,Totontepec Villa De Morelos,1,Oaxaca,NA
Oaxaca,Trinidad Zaachila,resolved,exact_same_state,Oaxaca,Trinidad Zaachila,1,Oaxaca,NA
Oaxaca,Union Hidalgo,resolved,exact_same_state,Oaxaca,Union Hidalgo,1,Oaxaca,NA
Oaxaca,Valerio Trujano,resolved,exact_same_state,Oaxaca,Valerio Trujano,1,Oaxaca,NA
Oaxaca,Villa De Chilapa De Diaz,resolved,exact_same_state,Oaxaca,Villa De Chilapa De Diaz,1,Oaxaca,NA
Oaxaca,Villa De Etla,resolved,exact_same_state,Oaxaca,Villa De Etla,1,Oaxaca,NA
Oaxaca,Villa De Tamazulapam Del Progreso,resolved,exact_same_state,Oaxaca,Villa De Tamazulapam Del Progreso,1,Oaxaca,NA
Oaxaca,Villa De Tututepec De Melchor Ocampo,resolved,safe_alias_same_state,Oaxaca,Villa De Tututepec,NA,NA,NA
Oaxaca,Villa De Zaachila,resolved,exact_same_state,Oaxaca,Villa De Zaachila,1,Oaxaca,NA
Oaxaca,Villa Diaz Ordaz,resolved,exact_same_state,Oaxaca,Villa Diaz Ordaz,1,Oaxaca,NA
Oaxaca,Villa Sola De Vega,resolved,exact_same_state,Oaxaca,Villa Sola De Vega,1,Oaxaca,NA
Oaxaca,Villa Talea De Castro,resolved,exact_same_state,Oaxaca,Villa Talea De Castro,1,Oaxaca,NA
Oaxaca,Villa Tejupam De La Union,resolved,exact_same_state,Oaxaca,Villa Tejupam De La Union,1,Oaxaca,NA
Oaxaca,Yaxe,resolved,exact_same_state,Oaxaca,Yaxe,1,Oaxaca,NA
Oaxaca,Yogana,resolved,exact_same_state,Oaxaca,Yogana,1,Oaxaca,NA
Oaxaca,Yutanduchi De Guerrero,resolved,exact_same_state,Oaxaca,Yutanduchi De Guerrero,1,Oaxaca,NA
Oaxaca,Zapotitlan Lagunas,resolved,exact_same_state,Oaxaca,Zapotitlan Lagunas,1,Oaxaca,NA
Oaxaca,Zapotitlan Palmas,resolved,exact_same_state,Oaxaca,Zapotitlan Palmas,1,Oaxaca,NA
Oaxaca,Zimatlan De Alvarez,resolved,exact_same_state,Oaxaca,Zimatlan De Alvarez,1,Oaxaca,NA
Puebla,Acajete,resolved,exact_same_state,Puebla,Acajete,2,Puebla | Veracruz De Ignacio De La Llave,NA
Puebla,Acateno,resolved,exact_same_state,Puebla,Acateno,1,Puebla,NA
Puebla,Acatlan,resolved,exact_same_state,Puebla,Acatlan,3,Hidalgo | Puebla | Veracruz De Ignacio De La Llave,NA
Puebla,Acatzingo,resolved,exact_same_state,Puebla,Acatzingo,1,Puebla,NA
Puebla,Acteopan,resolved,exact_same_state,Puebla,Acteopan,1,Puebla,NA
Puebla,Ahuacatlan,resolved,exact_same_state,Puebla,Ahuacatlan,2,Nayarit | Puebla,NA
Puebla,Ahuatlan,resolved,exact_same_state,Puebla,Ahuatlan,1,Puebla,NA
Puebla,Ahuazotepec,resolved,exact_same_state,Puebla,Ahuazotepec,1,Puebla,NA
Puebla,Ahuehuetitla,resolved,exact_same_state,Puebla,Ahuehuetitla,1,Puebla,NA
Puebla,Ajalpan,resolved,exact_same_state,Puebla,Ajalpan,1,Puebla,NA
Puebla,Albino Zertuche,resolved,exact_same_state,Puebla,Albino Zertuche,1,Puebla,NA
Puebla,Aljojuca,resolved,exact_same_state,Puebla,Aljojuca,1,Puebla,NA
Puebla,Altepexi,resolved,exact_same_state,Puebla,Altepexi,1,Puebla,NA
Puebla,Amixtlan,resolved,exact_same_state,Puebla,Amixtlan,1,Puebla,NA
Puebla,Amozoc,resolved,exact_same_state,Puebla,Amozoc,1,Puebla,NA
Puebla,Aquixtla,resolved,exact_same_state,Puebla,Aquixtla,1,Puebla,NA
Puebla,Atempan,resolved,exact_same_state,Puebla,Atempan,1,Puebla,NA
Puebla,Atexcal,resolved,exact_same_state,Puebla,Atexcal,1,Puebla,NA
Puebla,Atlequizayan,resolved,exact_same_state,Puebla,Atlequizayan,1,Puebla,NA
Puebla,Atlixco,resolved,exact_same_state,Puebla,Atlixco,1,Puebla,NA
Puebla,Atoyatempan,resolved,exact_same_state,Puebla,Atoyatempan,1,Puebla,NA
Puebla,Atzala,resolved,exact_same_state,Puebla,Atzala,1,Puebla,NA
Puebla,Atzitzihuacan,resolved,exact_same_state,Puebla,Atzitzihuacan,1,Puebla,NA
Puebla,Atzitzintla,resolved,exact_same_state,Puebla,Atzitzintla,1,Puebla,NA
Puebla,Axutla,resolved,exact_same_state,Puebla,Axutla,1,Puebla,NA
Puebla,Ayotoxco De Guerrero,resolved,exact_same_state,Puebla,Ayotoxco De Guerrero,1,Puebla,NA
Puebla,Calpan,resolved,exact_same_state,Puebla,Calpan,1,Puebla,NA
Puebla,Caltepec,resolved,exact_same_state,Puebla,Caltepec,1,Puebla,NA
Puebla,Camocuautla,resolved,exact_same_state,Puebla,Camocuautla,1,Puebla,NA
Puebla,Canada Morelos,resolved,exact_same_state,Puebla,Canada Morelos,1,Puebla,NA
Puebla,Caxhuacan,resolved,exact_same_state,Puebla,Caxhuacan,1,Puebla,NA
Puebla,Chalchicomula De Sesma,resolved,exact_same_state,Puebla,Chalchicomula De Sesma,1,Puebla,NA
Puebla,Chapulco,resolved,exact_same_state,Puebla,Chapulco,1,Puebla,NA
Puebla,Chiautla,resolved,exact_same_state,Puebla,Chiautla,2,Estado De Mexico | Puebla,NA
Puebla,Chiautzingo,resolved,exact_same_state,Puebla,Chiautzingo,1,Puebla,NA
Puebla,Chichiquila,resolved,exact_same_state,Puebla,Chichiquila,1,Puebla,NA
Puebla,Chiconcuautla,resolved,exact_same_state,Puebla,Chiconcuautla,1,Puebla,NA
Puebla,Chietla,resolved,exact_same_state,Puebla,Chietla,1,Puebla,NA
Puebla,Chigmecatitlan,resolved,exact_same_state,Puebla,Chigmecatitlan,1,Puebla,NA
Puebla,Chignahuapan,resolved,exact_same_state,Puebla,Chignahuapan,1,Puebla,NA
Puebla,Chignautla,resolved,exact_same_state,Puebla,Chignautla,1,Puebla,NA
Puebla,Chila,resolved,exact_same_state,Puebla,Chila,1,Puebla,NA
Puebla,Chila De La Sal,resolved,exact_same_state,Puebla,Chila De La Sal,1,Puebla,NA
Puebla,Chilchotla,resolved,exact_same_state,Puebla,Chilchotla,1,Puebla,NA
Puebla,Chinantla,resolved,exact_same_state,Puebla,Chinantla,1,Puebla,NA
Puebla,Coatepec,resolved,exact_same_state,Puebla,Coatepec,2,Puebla | Veracruz De Ignacio De La Llave,NA
Puebla,Coatzingo,resolved,exact_same_state,Puebla,Coatzingo,1,Puebla,NA
Puebla,Cohetzala,resolved,exact_same_state,Puebla,Cohetzala,1,Puebla,NA
Puebla,Cohuecan,resolved,exact_same_state,Puebla,Cohuecan,1,Puebla,NA
Puebla,Coronango,resolved,exact_same_state,Puebla,Coronango,1,Puebla,NA
Puebla,Coxcatlan,resolved,exact_same_state,Puebla,Coxcatlan,2,Puebla | San Luis Potosi,NA
Puebla,Coyomeapan,resolved,exact_same_state,Puebla,Coyomeapan,1,Puebla,NA
Puebla,Coyotepec,resolved,exact_same_state,Puebla,Coyotepec,2,Estado De Mexico | Puebla,NA
Puebla,Cuapiaxtla De Madero,resolved,exact_same_state,Puebla,Cuapiaxtla De Madero,1,Puebla,NA
Puebla,Cuautempan,resolved,exact_same_state,Puebla,Cuautempan,1,Puebla,NA
Puebla,Cuautinchan,resolved,exact_same_state,Puebla,Cuautinchan,1,Puebla,NA
Puebla,Cuautlancingo,resolved,exact_same_state,Puebla,Cuautlancingo,1,Puebla,NA
Puebla,Cuayuca De Andrade,resolved,exact_same_state,Puebla,Cuayuca De Andrade,1,Puebla,NA
Puebla,Cuetzalan Del Progreso,resolved,exact_same_state,Puebla,Cuetzalan Del Progreso,1,Puebla,NA
Puebla,Cuyoaco,resolved,exact_same_state,Puebla,Cuyoaco,1,Puebla,NA
Puebla,Domingo Arenas,resolved,exact_same_state,Puebla,Domingo Arenas,1,Puebla,NA
Puebla,Eloxochitlan,resolved,exact_same_state,Puebla,Eloxochitlan,2,Hidalgo | Puebla,NA
Puebla,Epatlan,resolved,exact_same_state,Puebla,Epatlan,1,Puebla,NA
Puebla,Esperanza,resolved,exact_same_state,Puebla,Esperanza,1,Puebla,NA
Puebla,Francisco Z. Mena,resolved,exact_same_state,Puebla,Francisco Z. Mena,1,Puebla,NA
Puebla,General Felipe Angeles,resolved,exact_same_state,Puebla,General Felipe Angeles,1,Puebla,NA
Puebla,Guadalupe,resolved,exact_same_state,Puebla,Guadalupe,4,Chihuahua | Nuevo Leon | Puebla | Zacatecas,NA
Puebla,Guadalupe Victoria,resolved,exact_same_state,Puebla,Guadalupe Victoria,2,Durango | Puebla,NA
Puebla,Hermenegildo Galeana,resolved,exact_same_state,Puebla,Hermenegildo Galeana,1,Puebla,NA
Puebla,Honey,resolved,exact_same_state,Puebla,Honey,1,Puebla,NA
Puebla,Huaquechula,resolved,exact_same_state,Puebla,Huaquechula,1,Puebla,NA
Puebla,Huatlatlauca,resolved,exact_same_state,Puebla,Huatlatlauca,1,Puebla,NA
Puebla,Huauchinango,resolved,exact_same_state,Puebla,Huauchinango,1,Puebla,NA
Puebla,Huehuetla,resolved,exact_same_state,Puebla,Huehuetla,2,Hidalgo | Puebla,NA
Puebla,Huehuetlan El Chico,resolved,exact_same_state,Puebla,Huehuetlan El Chico,1,Puebla,NA
Puebla,Huehuetlan El Grande,resolved,exact_same_state,Puebla,Huehuetlan El Grande,1,Puebla,NA
Puebla,Huejotzingo,resolved,exact_same_state,Puebla,Huejotzingo,1,Puebla,NA
Puebla,Hueyapan,resolved,exact_same_state,Puebla,Hueyapan,1,Puebla,NA
Puebla,Hueytamalco,resolved,exact_same_state,Puebla,Hueytamalco,1,Puebla,NA
Puebla,Hueytlalpan,resolved,exact_same_state,Puebla,Hueytlalpan,1,Puebla,NA
Puebla,Huitzilan De Serdan,resolved,exact_same_state,Puebla,Huitzilan De Serdan,1,Puebla,NA
Puebla,Huitziltepec,resolved,exact_same_state,Puebla,Huitziltepec,1,Puebla,NA
Puebla,Ixcamilpa De Guerrero,resolved,exact_same_state,Puebla,Ixcamilpa De Guerrero,1,Puebla,NA
Puebla,Ixcaquixtla,resolved,exact_same_state,Puebla,Ixcaquixtla,1,Puebla,NA
Puebla,Ixtacamaxtitlan,resolved,exact_same_state,Puebla,Ixtacamaxtitlan,1,Puebla,NA
Puebla,Ixtepec,resolved,exact_same_state,Puebla,Ixtepec,1,Puebla,NA
Puebla,Izucar De Matamoros,resolved,exact_same_state,Puebla,Izucar De Matamoros,1,Puebla,NA
Puebla,Jalpan,resolved,exact_same_state,Puebla,Jalpan,1,Puebla,NA
Puebla,Jolalpan,resolved,exact_same_state,Puebla,Jolalpan,1,Puebla,NA
Puebla,Jonotla,resolved,exact_same_state,Puebla,Jonotla,1,Puebla,NA
Puebla,Jopala,resolved,exact_same_state,Puebla,Jopala,1,Puebla,NA
Puebla,Juan C. Bonilla,resolved,exact_same_state,Puebla,Juan C. Bonilla,1,Puebla,NA
Puebla,Juan Galindo,resolved,exact_same_state,Puebla,Juan Galindo,1,Puebla,NA
Puebla,Juan N. Mendez,resolved,exact_same_state,Puebla,Juan N. Mendez,1,Puebla,NA
Puebla,La Magdalena Tlatlauquitepec,resolved,exact_same_state,Puebla,La Magdalena Tlatlauquitepec,1,Puebla,NA
Puebla,Lafragua,resolved,exact_same_state,Puebla,Lafragua,1,Puebla,NA
Puebla,Libres,resolved,exact_same_state,Puebla,Libres,1,Puebla,NA
Puebla,Los Reyes De Juarez,resolved,exact_same_state,Puebla,Los Reyes De Juarez,1,Puebla,NA
Puebla,Mazapiltepec De Juarez,resolved,exact_same_state,Puebla,Mazapiltepec De Juarez,1,Puebla,NA
Puebla,Mixtla,resolved,exact_same_state,Puebla,Mixtla,1,Puebla,NA
Puebla,Molcaxac,resolved,exact_same_state,Puebla,Molcaxac,1,Puebla,NA
Puebla,Naupan,resolved,exact_same_state,Puebla,Naupan,1,Puebla,NA
Puebla,Nauzontla,resolved,exact_same_state,Puebla,Nauzontla,1,Puebla,NA
Puebla,Nealtican,resolved,exact_same_state,Puebla,Nealtican,1,Puebla,NA
Puebla,Nicolas Bravo,resolved,exact_same_state,Puebla,Nicolas Bravo,1,Puebla,NA
Puebla,Nopalucan,resolved,exact_same_state,Puebla,Nopalucan,1,Puebla,NA
Puebla,Ocotepec,resolved,exact_same_state,Puebla,Ocotepec,2,Chiapas | Puebla,NA
Puebla,Ocoyucan,resolved,exact_same_state,Puebla,Ocoyucan,1,Puebla,NA
Puebla,Olintla,resolved,exact_same_state,Puebla,Olintla,1,Puebla,NA
Puebla,Oriental,resolved,exact_same_state,Puebla,Oriental,1,Puebla,NA
Puebla,Pahuatlan,resolved,exact_same_state,Puebla,Pahuatlan,1,Puebla,NA
Puebla,Palmar De Bravo,resolved,exact_same_state,Puebla,Palmar De Bravo,1,Puebla,NA
Puebla,Pantepec,resolved,exact_same_state,Puebla,Pantepec,2,Chiapas | Puebla,NA
Puebla,Petlalcingo,resolved,exact_same_state,Puebla,Petlalcingo,1,Puebla,NA
Puebla,Piaxtla,resolved,exact_same_state,Puebla,Piaxtla,1,Puebla,NA
Puebla,Puebla,resolved,exact_same_state,Puebla,Puebla,1,Puebla,NA
Puebla,Quecholac,resolved,exact_same_state,Puebla,Quecholac,1,Puebla,NA
Puebla,Quimixtlan,resolved,exact_same_state,Puebla,Quimixtlan,1,Puebla,NA
Puebla,Rafael Lara Grajales,resolved,exact_same_state,Puebla,Rafael Lara Grajales,1,Puebla,NA
Puebla,San Andres Cholula,resolved,exact_same_state,Puebla,San Andres Cholula,1,Puebla,NA
Puebla,San Antonio Canada,resolved,exact_same_state,Puebla,San Antonio Canada,1,Puebla,NA
Puebla,San Diego La Mesa Tochimiltzingo,resolved,exact_same_state,Puebla,San Diego La Mesa Tochimiltzingo,1,Puebla,NA
Puebla,San Felipe Teotlalcingo,resolved,exact_same_state,Puebla,San Felipe Teotlalcingo,1,Puebla,NA
Puebla,San Felipe Tepatlan,resolved,exact_same_state,Puebla,San Felipe Tepatlan,1,Puebla,NA
Puebla,San Gabriel Chilac,resolved,exact_same_state,Puebla,San Gabriel Chilac,1,Puebla,NA
Puebla,San Gregorio Atzompa,resolved,exact_same_state,Puebla,San Gregorio Atzompa,1,Puebla,NA
Puebla,San Jeronimo Tecuanipan,resolved,exact_same_state,Puebla,San Jeronimo Tecuanipan,1,Puebla,NA
Puebla,San Jeronimo Xayacatlan,resolved,exact_same_state,Puebla,San Jeronimo Xayacatlan,1,Puebla,NA
Puebla,San Jose Chiapa,resolved,exact_same_state,Puebla,San Jose Chiapa,1,Puebla,NA
Puebla,San Jose Miahuatlan,resolved,exact_same_state,Puebla,San Jose Miahuatlan,1,Puebla,NA
Puebla,San Juan Atenco,resolved,exact_same_state,Puebla,San Juan Atenco,1,Puebla,NA
Puebla,San Juan Atzompa,resolved,exact_same_state,Puebla,San Juan Atzompa,1,Puebla,NA
Puebla,San Martin Texmelucan,resolved,exact_same_state,Puebla,San Martin Texmelucan,1,Puebla,NA
Puebla,San Martin Totoltepec,resolved,exact_same_state,Puebla,San Martin Totoltepec,1,Puebla,NA
Puebla,San Matias Tlalancaleca,resolved,exact_same_state,Puebla,San Matias Tlalancaleca,1,Puebla,NA
Puebla,San Miguel Ixitlan,resolved,exact_same_state,Puebla,San Miguel Ixitlan,1,Puebla,NA
Puebla,San Miguel Xoxtla,resolved,exact_same_state,Puebla,San Miguel Xoxtla,1,Puebla,NA
Puebla,San Nicolas Buenos Aires,resolved,exact_same_state,Puebla,San Nicolas Buenos Aires,1,Puebla,NA
Puebla,San Nicolas De Los Ranchos,resolved,exact_same_state,Puebla,San Nicolas De Los Ranchos,1,Puebla,NA
Puebla,San Pablo Anicano,resolved,exact_same_state,Puebla,San Pablo Anicano,1,Puebla,NA
Puebla,San Pedro Cholula,resolved,exact_same_state,Puebla,San Pedro Cholula,1,Puebla,NA
Puebla,San Pedro Yeloixtlahuaca,resolved,exact_same_state,Puebla,San Pedro Yeloixtlahuaca,1,Puebla,NA
Puebla,San Salvador El Seco,resolved,exact_same_state,Puebla,San Salvador El Seco,1,Puebla,NA
Puebla,San Salvador El Verde,resolved,exact_same_state,Puebla,San Salvador El Verde,1,Puebla,NA
Puebla,San Salvador Huixcolotla,resolved,exact_same_state,Puebla,San Salvador Huixcolotla,1,Puebla,NA
Puebla,San Sebastian Tlacotepec,resolved,exact_same_state,Puebla,San Sebastian Tlacotepec,1,Puebla,NA
Puebla,Santa Catarina Tlaltempan,resolved,exact_same_state,Puebla,Santa Catarina Tlaltempan,1,Puebla,NA
Puebla,Santa Ines Ahuatempan,resolved,exact_same_state,Puebla,Santa Ines Ahuatempan,1,Puebla,NA
Puebla,Santa Isabel Cholula,resolved,exact_same_state,Puebla,Santa Isabel Cholula,1,Puebla,NA
Puebla,Santiago Miahuatlan,resolved,exact_same_state,Puebla,Santiago Miahuatlan,1,Puebla,NA
Puebla,Santo Tomas Hueyotlipan,resolved,exact_same_state,Puebla,Santo Tomas Hueyotlipan,1,Puebla,NA
Puebla,Soltepec,resolved,exact_same_state,Puebla,Soltepec,1,Puebla,NA
Puebla,Tecali De Herrera,resolved,exact_same_state,Puebla,Tecali De Herrera,1,Puebla,NA
Puebla,Tecamachalco,resolved,exact_same_state,Puebla,Tecamachalco,1,Puebla,NA
Puebla,Tecomatlan,resolved,exact_same_state,Puebla,Tecomatlan,1,Puebla,NA
Puebla,Tehuacan,resolved,exact_same_state,Puebla,Tehuacan,1,Puebla,NA
Puebla,Tehuitzingo,resolved,exact_same_state,Puebla,Tehuitzingo,1,Puebla,NA
Puebla,Tenampulco,resolved,exact_same_state,Puebla,Tenampulco,1,Puebla,NA
Puebla,Teopantlan,resolved,exact_same_state,Puebla,Teopantlan,1,Puebla,NA
Puebla,Teotlalco,resolved,exact_same_state,Puebla,Teotlalco,1,Puebla,NA
Puebla,Tepanco De Lopez,resolved,exact_same_state,Puebla,Tepanco De Lopez,1,Puebla,NA
Puebla,Tepango De Rodriguez,resolved,exact_same_state,Puebla,Tepango De Rodriguez,1,Puebla,NA
Puebla,Tepatlaxco De Hidalgo,resolved,exact_same_state,Puebla,Tepatlaxco De Hidalgo,1,Puebla,NA
Puebla,Tepeaca,resolved,exact_same_state,Puebla,Tepeaca,1,Puebla,NA
Puebla,Tepemaxalco,resolved,exact_same_state,Puebla,Tepemaxalco,1,Puebla,NA
Puebla,Tepeojuma,resolved,exact_same_state,Puebla,Tepeojuma,1,Puebla,NA
Puebla,Tepetzintla,resolved,exact_same_state,Puebla,Tepetzintla,2,Puebla | Veracruz De Ignacio De La Llave,NA
Puebla,Tepexco,resolved,exact_same_state,Puebla,Tepexco,1,Puebla,NA
Puebla,Tepexi De Rodriguez,resolved,exact_same_state,Puebla,Tepexi De Rodriguez,1,Puebla,NA
Puebla,Tepeyahualco,resolved,exact_same_state,Puebla,Tepeyahualco,1,Puebla,NA
Puebla,Tepeyahualco De Cuauhtemoc,resolved,exact_same_state,Puebla,Tepeyahualco De Cuauhtemoc,1,Puebla,NA
Puebla,Tetela De Ocampo,resolved,exact_same_state,Puebla,Tetela De Ocampo,1,Puebla,NA
Puebla,Teteles De Avila Castillo,resolved,exact_same_state,Puebla,Teteles De Avila Castillo,1,Puebla,NA
Puebla,Teziutlan,resolved,exact_same_state,Puebla,Teziutlan,1,Puebla,NA
Puebla,Tianguismanalco,resolved,exact_same_state,Puebla,Tianguismanalco,1,Puebla,NA
Puebla,Tilapa,resolved,exact_same_state,Puebla,Tilapa,1,Puebla,NA
Puebla,Tlachichuca,resolved,exact_same_state,Puebla,Tlachichuca,1,Puebla,NA
Puebla,Tlacotepec De Benito Juarez,resolved,exact_same_state,Puebla,Tlacotepec De Benito Juarez,1,Puebla,NA
Puebla,Tlacuilotepec,resolved,exact_same_state,Puebla,Tlacuilotepec,1,Puebla,NA
Puebla,Tlahuapan,resolved,exact_same_state,Puebla,Tlahuapan,1,Puebla,NA
Puebla,Tlaltenango,resolved,exact_same_state,Puebla,Tlaltenango,1,Puebla,NA
Puebla,Tlanepantla,resolved,exact_same_state,Puebla,Tlanepantla,1,Puebla,NA
Puebla,Tlaola,resolved,exact_same_state,Puebla,Tlaola,1,Puebla,NA
Puebla,Tlapacoya,resolved,exact_same_state,Puebla,Tlapacoya,1,Puebla,NA
Puebla,Tlapanala,resolved,exact_same_state,Puebla,Tlapanala,1,Puebla,NA
Puebla,Tlatlauquitepec,resolved,exact_same_state,Puebla,Tlatlauquitepec,1,Puebla,NA
Puebla,Tlaxco,resolved,exact_same_state,Puebla,Tlaxco,2,Puebla | Tlaxcala,NA
Puebla,Tochimilco,resolved,exact_same_state,Puebla,Tochimilco,1,Puebla,NA
Puebla,Tochtepec,resolved,exact_same_state,Puebla,Tochtepec,1,Puebla,NA
Puebla,Totoltepec De Guerrero,resolved,exact_same_state,Puebla,Totoltepec De Guerrero,1,Puebla,NA
Puebla,Tulcingo,resolved,exact_same_state,Puebla,Tulcingo,1,Puebla,NA
Puebla,Tuzamapan De Galeana,resolved,exact_same_state,Puebla,Tuzamapan De Galeana,1,Puebla,NA
Puebla,Tzicatlacoyan,resolved,exact_same_state,Puebla,Tzicatlacoyan,1,Puebla,NA
Puebla,Venustiano Carranza,resolved,exact_same_state,Puebla,Venustiano Carranza,4,Chiapas | Ciudad De Mexico | Michoacan De Ocampo | Puebla,NA
Puebla,Vicente Guerrero,resolved,exact_same_state,Puebla,Vicente Guerrero,2,Durango | Puebla,NA
Puebla,Xayacatlan De Bravo,resolved,exact_same_state,Puebla,Xayacatlan De Bravo,1,Puebla,NA
Puebla,Xicotepec,resolved,exact_same_state,Puebla,Xicotepec,1,Puebla,NA
Puebla,Xicotlan,resolved,exact_same_state,Puebla,Xicotlan,1,Puebla,NA
Puebla,Xiutetelco,resolved,exact_same_state,Puebla,Xiutetelco,1,Puebla,NA
Puebla,Xochiapulco,resolved,exact_same_state,Puebla,Xochiapulco,1,Puebla,NA
Puebla,Xochiltepec,resolved,exact_same_state,Puebla,Xochiltepec,1,Puebla,NA
Puebla,Xochitlan De Vicente Suarez,resolved,exact_same_state,Puebla,Xochitlan De Vicente Suarez,1,Puebla,NA
Puebla,Xochitlan Todos Santos,resolved,exact_same_state,Puebla,Xochitlan Todos Santos,1,Puebla,NA
Puebla,Yaonahuac,resolved,exact_same_state,Puebla,Yaonahuac,1,Puebla,NA
Puebla,Yehualtepec,resolved,exact_same_state,Puebla,Yehualtepec,1,Puebla,NA
Puebla,Zacapala,resolved,exact_same_state,Puebla,Zacapala,1,Puebla,NA
Puebla,Zacapoaxtla,resolved,exact_same_state,Puebla,Zacapoaxtla,1,Puebla,NA
Puebla,Zacatlan,resolved,exact_same_state,Puebla,Zacatlan,1,Puebla,NA
Puebla,Zapotitlan,resolved,exact_same_state,Puebla,Zapotitlan,1,Puebla,NA
Puebla,Zapotitlan De Mendez,resolved,exact_same_state,Puebla,Zapotitlan De Mendez,1,Puebla,NA
Puebla,Zaragoza,resolved,exact_same_state,Puebla,Zaragoza,4,Coahuila De Zaragoza | Puebla | San Luis Potosi | Veracruz De Ignacio De La Llave,NA
Puebla,Zautla,resolved,exact_same_state,Puebla,Zautla,1,Puebla,NA
Puebla,Zihuateutla,resolved,exact_same_state,Puebla,Zihuateutla,1,Puebla,NA
Puebla,Zinacatepec,resolved,exact_same_state,Puebla,Zinacatepec,1,Puebla,NA
Puebla,Zongozotla,resolved,exact_same_state,Puebla,Zongozotla,1,Puebla,NA
Puebla,Zoquiapan,resolved,exact_same_state,Puebla,Zoquiapan,1,Puebla,NA
Puebla,Zoquitlan,resolved,exact_same_state,Puebla,Zoquitlan,1,Puebla,NA
Queretaro,Amealco De Bonfil,resolved,exact_same_state,Queretaro,Amealco De Bonfil,1,Queretaro,NA
Queretaro,Arroyo Seco,resolved,exact_same_state,Queretaro,Arroyo Seco,1,Queretaro,NA
Queretaro,Cadereyta De Montes,resolved,exact_same_state,Queretaro,Cadereyta De Montes,1,Queretaro,NA
Queretaro,Colon,resolved,exact_same_state,Queretaro,Colon,1,Queretaro,NA
Queretaro,Corregidora,resolved,exact_same_state,Queretaro,Corregidora,1,Queretaro,NA
Queretaro,El Marques,resolved,exact_same_state,Queretaro,El Marques,1,Queretaro,NA
Queretaro,Ezequiel Montes,resolved,exact_same_state,Queretaro,Ezequiel Montes,1,Queretaro,NA
Queretaro,Huimilpan,resolved,exact_same_state,Queretaro,Huimilpan,1,Queretaro,NA
Queretaro,Jalpan De Serra,resolved,exact_same_state,Queretaro,Jalpan De Serra,1,Queretaro,NA
Queretaro,Landa De Matamoros,resolved,exact_same_state,Queretaro,Landa De Matamoros,1,Queretaro,NA
Queretaro,Pedro Escobedo,resolved,exact_same_state,Queretaro,Pedro Escobedo,1,Queretaro,NA
Queretaro,Penamiller,resolved,exact_same_state,Queretaro,Penamiller,1,Queretaro,NA
Queretaro,Pinal De Amoles,resolved,exact_same_state,Queretaro,Pinal De Amoles,1,Queretaro,NA
Queretaro,Queretaro,resolved,exact_same_state,Queretaro,Queretaro,1,Queretaro,NA
Queretaro,San Joaquin,resolved,exact_same_state,Queretaro,San Joaquin,1,Queretaro,NA
Queretaro,San Juan Del Rio,resolved,exact_same_state,Queretaro,San Juan Del Rio,3,Durango | Oaxaca | Queretaro,NA
Queretaro,Tequisquiapan,resolved,exact_same_state,Queretaro,Tequisquiapan,1,Queretaro,NA
Queretaro,Toliman,resolved,exact_same_state,Queretaro,Toliman,2,Jalisco | Queretaro,NA
Quintana Roo,Benito Juarez,resolved,exact_same_state,Quintana Roo,Benito Juarez,7,Ciudad De Mexico | Guerrero | Quintana Roo | Sonora | Tlaxcala | Veracruz De Ignacio De La Llave | Zacatecas,NA
Quintana Roo,Cozumel,resolved,exact_same_state,Quintana Roo,Cozumel,1,Quintana Roo,NA
Quintana Roo,Felipe Carrillo Puerto,resolved,exact_same_state,Quintana Roo,Felipe Carrillo Puerto,1,Quintana Roo,NA
Quintana Roo,Isla Mujeres,resolved,exact_same_state,Quintana Roo,Isla Mujeres,1,Quintana Roo,NA
Quintana Roo,Jose Maria Morelos,resolved,exact_same_state,Quintana Roo,Jose Maria Morelos,1,Quintana Roo,NA
Quintana Roo,Lazaro Cardenas,resolved,exact_same_state,Quintana Roo,Lazaro Cardenas,3,Michoacan De Ocampo | Quintana Roo | Tlaxcala,NA
Quintana Roo,Othon P. Blanco,resolved,exact_same_state,Quintana Roo,Othon P. Blanco,1,Quintana Roo,NA
Quintana Roo,Solidaridad,resolved,safe_alias_same_state,Quintana Roo,Playa Del Carmen,NA,NA,NA
Quintana Roo,Tulum,resolved,exact_same_state,Quintana Roo,Tulum,1,Quintana Roo,NA
San Luis Potosi,Alaquines,resolved,exact_same_state,San Luis Potosi,Alaquines,1,San Luis Potosi,NA
San Luis Potosi,Aquismon,resolved,exact_same_state,San Luis Potosi,Aquismon,1,San Luis Potosi,NA
San Luis Potosi,Armadillo De Los Infante,resolved,exact_same_state,San Luis Potosi,Armadillo De Los Infante,1,San Luis Potosi,NA
San Luis Potosi,Axtla De Terrazas,resolved,exact_same_state,San Luis Potosi,Axtla De Terrazas,1,San Luis Potosi,NA
San Luis Potosi,Cardenas,resolved,exact_same_state,San Luis Potosi,Cardenas,2,San Luis Potosi | Tabasco,NA
San Luis Potosi,Catorce,resolved,exact_same_state,San Luis Potosi,Catorce,1,San Luis Potosi,NA
San Luis Potosi,Cedral,resolved,exact_same_state,San Luis Potosi,Cedral,1,San Luis Potosi,NA
San Luis Potosi,Cerritos,resolved,exact_same_state,San Luis Potosi,Cerritos,1,San Luis Potosi,NA
San Luis Potosi,Cerro De San Pedro,resolved,exact_same_state,San Luis Potosi,Cerro De San Pedro,1,San Luis Potosi,NA
San Luis Potosi,Charcas,resolved,exact_same_state,San Luis Potosi,Charcas,1,San Luis Potosi,NA
San Luis Potosi,Ciudad Del Maiz,resolved,exact_same_state,San Luis Potosi,Ciudad Del Maiz,1,San Luis Potosi,NA
San Luis Potosi,Ciudad Fernandez,resolved,exact_same_state,San Luis Potosi,Ciudad Fernandez,1,San Luis Potosi,NA
San Luis Potosi,Ciudad Valles,resolved,exact_same_state,San Luis Potosi,Ciudad Valles,1,San Luis Potosi,NA
San Luis Potosi,Coxcatlan,resolved,exact_same_state,San Luis Potosi,Coxcatlan,2,Puebla | San Luis Potosi,NA
San Luis Potosi,Ebano,resolved,exact_same_state,San Luis Potosi,Ebano,1,San Luis Potosi,NA
San Luis Potosi,El Naranjo,resolved,exact_same_state,San Luis Potosi,El Naranjo,1,San Luis Potosi,NA
San Luis Potosi,Guadalcazar,resolved,exact_same_state,San Luis Potosi,Guadalcazar,1,San Luis Potosi,NA
San Luis Potosi,Huehuetlan,resolved,exact_same_state,San Luis Potosi,Huehuetlan,1,San Luis Potosi,NA
San Luis Potosi,Lagunillas,resolved,exact_same_state,San Luis Potosi,Lagunillas,2,Michoacan De Ocampo | San Luis Potosi,NA
San Luis Potosi,Matehuala,resolved,exact_same_state,San Luis Potosi,Matehuala,1,San Luis Potosi,NA
San Luis Potosi,Matlapa,resolved,exact_same_state,San Luis Potosi,Matlapa,1,San Luis Potosi,NA
San Luis Potosi,Mexquitic De Carmona,resolved,exact_same_state,San Luis Potosi,Mexquitic De Carmona,1,San Luis Potosi,NA
San Luis Potosi,Moctezuma,resolved,exact_same_state,San Luis Potosi,Moctezuma,2,San Luis Potosi | Sonora,NA
San Luis Potosi,Rayon,resolved,exact_same_state,San Luis Potosi,Rayon,4,Chiapas | Estado De Mexico | San Luis Potosi | Sonora,NA
San Luis Potosi,Rioverde,resolved,exact_same_state,San Luis Potosi,Rioverde,1,San Luis Potosi,NA
San Luis Potosi,Salinas,resolved,exact_same_state,San Luis Potosi,Salinas,1,San Luis Potosi,NA
San Luis Potosi,San Antonio,resolved,exact_same_state,San Luis Potosi,San Antonio,1,San Luis Potosi,NA
San Luis Potosi,San Ciro De Acosta,resolved,exact_same_state,San Luis Potosi,San Ciro De Acosta,1,San Luis Potosi,NA
San Luis Potosi,San Luis Potosi,resolved,exact_same_state,San Luis Potosi,San Luis Potosi,1,San Luis Potosi,NA
San Luis Potosi,San Martin Chalchicuautla,resolved,exact_same_state,San Luis Potosi,San Martin Chalchicuautla,1,San Luis Potosi,NA
San Luis Potosi,San Nicolas Tolentino,resolved,exact_same_state,San Luis Potosi,San Nicolas Tolentino,1,San Luis Potosi,NA
San Luis Potosi,San Vicente Tancuayalab,resolved,exact_same_state,San Luis Potosi,San Vicente Tancuayalab,1,San Luis Potosi,NA
San Luis Potosi,Santa Catarina,resolved,exact_same_state,San Luis Potosi,Santa Catarina,3,Guanajuato | Nuevo Leon | San Luis Potosi,NA
San Luis Potosi,Santa Maria Del Rio,resolved,exact_same_state,San Luis Potosi,Santa Maria Del Rio,1,San Luis Potosi,NA
San Luis Potosi,Santo Domingo,resolved,exact_same_state,San Luis Potosi,Santo Domingo,1,San Luis Potosi,NA
San Luis Potosi,Soledad De Graciano Sanchez,resolved,exact_same_state,San Luis Potosi,Soledad De Graciano Sanchez,1,San Luis Potosi,NA
San Luis Potosi,Tamasopo,resolved,exact_same_state,San Luis Potosi,Tamasopo,1,San Luis Potosi,NA
San Luis Potosi,Tamazunchale,resolved,exact_same_state,San Luis Potosi,Tamazunchale,1,San Luis Potosi,NA
San Luis Potosi,Tampacan,resolved,exact_same_state,San Luis Potosi,Tampacan,1,San Luis Potosi,NA
San Luis Potosi,Tampamolon Corona,resolved,exact_same_state,San Luis Potosi,Tampamolon Corona,1,San Luis Potosi,NA
San Luis Potosi,Tamuin,resolved,exact_same_state,San Luis Potosi,Tamuin,1,San Luis Potosi,NA
San Luis Potosi,Tancanhuitz,resolved,exact_same_state,San Luis Potosi,Tancanhuitz,1,San Luis Potosi,NA
San Luis Potosi,Tanlajas,resolved,exact_same_state,San Luis Potosi,Tanlajas,1,San Luis Potosi,NA
San Luis Potosi,Tanquian De Escobedo,resolved,exact_same_state,San Luis Potosi,Tanquian De Escobedo,1,San Luis Potosi,NA
San Luis Potosi,Tierra Nueva,resolved,exact_same_state,San Luis Potosi,Tierra Nueva,1,San Luis Potosi,NA
San Luis Potosi,Vanegas,resolved,exact_same_state,San Luis Potosi,Vanegas,1,San Luis Potosi,NA
San Luis Potosi,Venado,resolved,exact_same_state,San Luis Potosi,Venado,1,San Luis Potosi,NA
San Luis Potosi,Villa De Arista,resolved,exact_same_state,San Luis Potosi,Villa De Arista,1,San Luis Potosi,NA
San Luis Potosi,Villa De Arriaga,resolved,exact_same_state,San Luis Potosi,Villa De Arriaga,1,San Luis Potosi,NA
San Luis Potosi,Villa De Guadalupe,resolved,exact_same_state,San Luis Potosi,Villa De Guadalupe,1,San Luis Potosi,NA
San Luis Potosi,Villa De La Paz,resolved,exact_same_state,San Luis Potosi,Villa De La Paz,1,San Luis Potosi,NA
San Luis Potosi,Villa De Ramos,resolved,exact_same_state,San Luis Potosi,Villa De Ramos,1,San Luis Potosi,NA
San Luis Potosi,Villa De Reyes,resolved,exact_same_state,San Luis Potosi,Villa De Reyes,1,San Luis Potosi,NA
San Luis Potosi,Villa Hidalgo,resolved,exact_same_state,San Luis Potosi,Villa Hidalgo,4,Jalisco | San Luis Potosi | Sonora | Zacatecas,NA
San Luis Potosi,Villa Juarez,resolved,exact_same_state,San Luis Potosi,Villa Juarez,1,San Luis Potosi,NA
San Luis Potosi,Xilitla,resolved,exact_same_state,San Luis Potosi,Xilitla,1,San Luis Potosi,NA
San Luis Potosi,Zaragoza,resolved,exact_same_state,San Luis Potosi,Zaragoza,4,Coahuila De Zaragoza | Puebla | San Luis Potosi | Veracruz De Ignacio De La Llave,NA
Sinaloa,Ahome,resolved,exact_same_state,Sinaloa,Ahome,1,Sinaloa,NA
Sinaloa,Angostura,resolved,exact_same_state,Sinaloa,Angostura,1,Sinaloa,NA
Sinaloa,Badiraguato,resolved,exact_same_state,Sinaloa,Badiraguato,1,Sinaloa,NA
Sinaloa,Choix,resolved,exact_same_state,Sinaloa,Choix,1,Sinaloa,NA
Sinaloa,Concordia,resolved,exact_same_state,Sinaloa,Concordia,1,Sinaloa,NA
Sinaloa,Cosala,resolved,exact_same_state,Sinaloa,Cosala,1,Sinaloa,NA
Sinaloa,Culiacan,resolved,exact_same_state,Sinaloa,Culiacan,1,Sinaloa,NA
Sinaloa,El Fuerte,resolved,exact_same_state,Sinaloa,El Fuerte,1,Sinaloa,NA
Sinaloa,Elota,resolved,exact_same_state,Sinaloa,Elota,1,Sinaloa,NA
Sinaloa,Escuinapa,resolved,exact_same_state,Sinaloa,Escuinapa,1,Sinaloa,NA
Sinaloa,Guasave,resolved,exact_same_state,Sinaloa,Guasave,1,Sinaloa,NA
Sinaloa,Mazatlan,resolved,exact_same_state,Sinaloa,Mazatlan,1,Sinaloa,NA
Sinaloa,Mocorito,resolved,exact_same_state,Sinaloa,Mocorito,1,Sinaloa,NA
Sinaloa,Navolato,resolved,exact_same_state,Sinaloa,Navolato,1,Sinaloa,NA
Sinaloa,Rosario,resolved,exact_same_state,Sinaloa,Rosario,2,Sinaloa | Sonora,NA
Sinaloa,Salvador Alvarado,resolved,exact_same_state,Sinaloa,Salvador Alvarado,1,Sinaloa,NA
Sinaloa,San Ignacio,resolved,exact_same_state,Sinaloa,San Ignacio,1,Sinaloa,NA
Sinaloa,Sinaloa,resolved,exact_same_state,Sinaloa,Sinaloa,1,Sinaloa,NA
Sonora,Aconchi,resolved,exact_same_state,Sonora,Aconchi,1,Sonora,NA
Sonora,Agua Prieta,resolved,exact_same_state,Sonora,Agua Prieta,1,Sonora,NA
Sonora,Alamos,resolved,exact_same_state,Sonora,Alamos,1,Sonora,NA
Sonora,Altar,resolved,exact_same_state,Sonora,Altar,1,Sonora,NA
Sonora,Arivechi,resolved,exact_same_state,Sonora,Arivechi,1,Sonora,NA
Sonora,Arizpe,resolved,exact_same_state,Sonora,Arizpe,1,Sonora,NA
Sonora,Atil,resolved,exact_same_state,Sonora,Atil,1,Sonora,NA
Sonora,Bacadehuachi,resolved,exact_same_state,Sonora,Bacadehuachi,1,Sonora,NA
Sonora,Bacanora,resolved,exact_same_state,Sonora,Bacanora,1,Sonora,NA
Sonora,Bacerac,resolved,exact_same_state,Sonora,Bacerac,1,Sonora,NA
Sonora,Bacoachi,resolved,exact_same_state,Sonora,Bacoachi,1,Sonora,NA
Sonora,Bacum,resolved,exact_same_state,Sonora,Bacum,1,Sonora,NA
Sonora,Banamichi,resolved,exact_same_state,Sonora,Banamichi,1,Sonora,NA
Sonora,Baviacora,resolved,exact_same_state,Sonora,Baviacora,1,Sonora,NA
Sonora,Bavispe,resolved,exact_same_state,Sonora,Bavispe,1,Sonora,NA
Sonora,Benito Juarez,resolved,exact_same_state,Sonora,Benito Juarez,7,Ciudad De Mexico | Guerrero | Quintana Roo | Sonora | Tlaxcala | Veracruz De Ignacio De La Llave | Zacatecas,NA
Sonora,Benjamin Hill,resolved,exact_same_state,Sonora,Benjamin Hill,1,Sonora,NA
Sonora,Caborca,resolved,exact_same_state,Sonora,Caborca,1,Sonora,NA
Sonora,Cajeme,resolved,exact_same_state,Sonora,Cajeme,1,Sonora,NA
Sonora,Cananea,resolved,exact_same_state,Sonora,Cananea,1,Sonora,NA
Sonora,Carbo,resolved,exact_same_state,Sonora,Carbo,1,Sonora,NA
Sonora,Cucurpe,resolved,exact_same_state,Sonora,Cucurpe,1,Sonora,NA
Sonora,Cumpas,resolved,exact_same_state,Sonora,Cumpas,1,Sonora,NA
Sonora,Divisaderos,resolved,exact_same_state,Sonora,Divisaderos,1,Sonora,NA
Sonora,Empalme,resolved,exact_same_state,Sonora,Empalme,1,Sonora,NA
Sonora,Etchojoa,resolved,exact_same_state,Sonora,Etchojoa,1,Sonora,NA
Sonora,Fronteras,resolved,exact_same_state,Sonora,Fronteras,1,Sonora,NA
Sonora,General Plutarco Elias Calles,resolved,exact_same_state,Sonora,General Plutarco Elias Calles,1,Sonora,NA
Sonora,Granados,resolved,exact_same_state,Sonora,Granados,1,Sonora,NA
Sonora,Guaymas,resolved,exact_same_state,Sonora,Guaymas,1,Sonora,NA
Sonora,Hermosillo,resolved,exact_same_state,Sonora,Hermosillo,1,Sonora,NA
Sonora,Huachinera,resolved,exact_same_state,Sonora,Huachinera,1,Sonora,NA
Sonora,Huasabas,resolved,exact_same_state,Sonora,Huasabas,1,Sonora,NA
Sonora,Huatabampo,resolved,exact_same_state,Sonora,Huatabampo,1,Sonora,NA
Sonora,Huepac,resolved,exact_same_state,Sonora,Huepac,1,Sonora,NA
Sonora,Imuris,resolved,exact_same_state,Sonora,Imuris,1,Sonora,NA
Sonora,La Colorada,resolved,exact_same_state,Sonora,La Colorada,1,Sonora,NA
Sonora,Magdalena,resolved,exact_same_state,Sonora,Magdalena,3,Jalisco | Sonora | Veracruz De Ignacio De La Llave,NA
Sonora,Mazatan,resolved,exact_same_state,Sonora,Mazatan,2,Chiapas | Sonora,NA
Sonora,Moctezuma,resolved,exact_same_state,Sonora,Moctezuma,2,San Luis Potosi | Sonora,NA
Sonora,Naco,resolved,exact_same_state,Sonora,Naco,1,Sonora,NA
Sonora,Nacori Chico,resolved,exact_same_state,Sonora,Nacori Chico,1,Sonora,NA
Sonora,Nacozari De Garcia,resolved,exact_same_state,Sonora,Nacozari De Garcia,1,Sonora,NA
Sonora,Navojoa,resolved,exact_same_state,Sonora,Navojoa,1,Sonora,NA
Sonora,Nogales,resolved,exact_same_state,Sonora,Nogales,2,Sonora | Veracruz De Ignacio De La Llave,NA
Sonora,Onavas,resolved,exact_same_state,Sonora,Onavas,1,Sonora,NA
Sonora,Opodepe,resolved,exact_same_state,Sonora,Opodepe,1,Sonora,NA
Sonora,Oquitoa,resolved,exact_same_state,Sonora,Oquitoa,1,Sonora,NA
Sonora,Pitiquito,resolved,exact_same_state,Sonora,Pitiquito,1,Sonora,NA
Sonora,Puerto Penasco,resolved,exact_same_state,Sonora,Puerto Penasco,1,Sonora,NA
Sonora,Quiriego,resolved,exact_same_state,Sonora,Quiriego,1,Sonora,NA
Sonora,Rayon,resolved,exact_same_state,Sonora,Rayon,4,Chiapas | Estado De Mexico | San Luis Potosi | Sonora,NA
Sonora,Rosario,resolved,exact_same_state,Sonora,Rosario,2,Sinaloa | Sonora,NA
Sonora,Sahuaripa,resolved,exact_same_state,Sonora,Sahuaripa,1,Sonora,NA
Sonora,San Felipe De Jesus,resolved,exact_same_state,Sonora,San Felipe De Jesus,1,Sonora,NA
Sonora,San Ignacio Rio Muerto,resolved,exact_same_state,Sonora,San Ignacio Rio Muerto,1,Sonora,NA
Sonora,San Javier,resolved,exact_same_state,Sonora,San Javier,1,Sonora,NA
Sonora,San Luis Rio Colorado,resolved,exact_same_state,Sonora,San Luis Rio Colorado,1,Sonora,NA
Sonora,San Miguel De Horcasitas,resolved,exact_same_state,Sonora,San Miguel De Horcasitas,1,Sonora,NA
Sonora,San Pedro De La Cueva,resolved,exact_same_state,Sonora,San Pedro De La Cueva,1,Sonora,NA
Sonora,Santa Ana,resolved,exact_same_state,Sonora,Santa Ana,2,Oaxaca | Sonora,NA
Sonora,Santa Cruz,resolved,exact_same_state,Sonora,Santa Cruz,1,Sonora,NA
Sonora,Saric,resolved,exact_same_state,Sonora,Saric,1,Sonora,NA
Sonora,Soyopa,resolved,exact_same_state,Sonora,Soyopa,1,Sonora,NA
Sonora,Suaqui Grande,resolved,exact_same_state,Sonora,Suaqui Grande,1,Sonora,NA
Sonora,Tepache,resolved,exact_same_state,Sonora,Tepache,1,Sonora,NA
Sonora,Trincheras,resolved,exact_same_state,Sonora,Trincheras,1,Sonora,NA
Sonora,Tubutama,resolved,exact_same_state,Sonora,Tubutama,1,Sonora,NA
Sonora,Ures,resolved,exact_same_state,Sonora,Ures,1,Sonora,NA
Sonora,Villa Hidalgo,resolved,exact_same_state,Sonora,Villa Hidalgo,4,Jalisco | San Luis Potosi | Sonora | Zacatecas,NA
Sonora,Villa Pesqueira,resolved,exact_same_state,Sonora,Villa Pesqueira,1,Sonora,NA
Sonora,Yecora,resolved,exact_same_state,Sonora,Yecora,1,Sonora,NA
Tabasco,Balancan,resolved,exact_same_state,Tabasco,Balancan,1,Tabasco,NA
Tabasco,Cardenas,resolved,exact_same_state,Tabasco,Cardenas,2,San Luis Potosi | Tabasco,NA
Tabasco,Centla,resolved,exact_same_state,Tabasco,Centla,1,Tabasco,NA
Tabasco,Centro,resolved,exact_same_state,Tabasco,Centro,1,Tabasco,NA
Tabasco,Comalcalco,resolved,exact_same_state,Tabasco,Comalcalco,1,Tabasco,NA
Tabasco,Cunduacan,resolved,exact_same_state,Tabasco,Cunduacan,1,Tabasco,NA
Tabasco,Emiliano Zapata,resolved,exact_same_state,Tabasco,Emiliano Zapata,6,Chiapas | Hidalgo | Morelos | Tabasco | Tlaxcala | Veracruz De Ignacio De La Llave,NA
Tabasco,Huimanguillo,resolved,exact_same_state,Tabasco,Huimanguillo,1,Tabasco,NA
Tabasco,Jalapa,resolved,exact_same_state,Tabasco,Jalapa,1,Tabasco,NA
Tabasco,Jalpa De Mendez,resolved,exact_same_state,Tabasco,Jalpa De Mendez,1,Tabasco,NA
Tabasco,Jonuta,resolved,exact_same_state,Tabasco,Jonuta,1,Tabasco,NA
Tabasco,Macuspana,resolved,exact_same_state,Tabasco,Macuspana,1,Tabasco,NA
Tabasco,Nacajuca,resolved,exact_same_state,Tabasco,Nacajuca,1,Tabasco,NA
Tabasco,Paraiso,resolved,exact_same_state,Tabasco,Paraiso,1,Tabasco,NA
Tabasco,Tacotalpa,resolved,exact_same_state,Tabasco,Tacotalpa,1,Tabasco,NA
Tabasco,Teapa,resolved,exact_same_state,Tabasco,Teapa,1,Tabasco,NA
Tabasco,Tenosique,resolved,exact_same_state,Tabasco,Tenosique,1,Tabasco,NA
Tamaulipas,Abasolo,resolved,exact_same_state,Tamaulipas,Abasolo,4,Coahuila De Zaragoza | Guanajuato | Nuevo Leon | Tamaulipas,NA
Tamaulipas,Aldama,resolved,exact_same_state,Tamaulipas,Aldama,3,Chiapas | Chihuahua | Tamaulipas,NA
Tamaulipas,Altamira,resolved,exact_same_state,Tamaulipas,Altamira,1,Tamaulipas,NA
Tamaulipas,Antiguo Morelos,resolved,exact_same_state,Tamaulipas,Antiguo Morelos,1,Tamaulipas,NA
Tamaulipas,Burgos,resolved,exact_same_state,Tamaulipas,Burgos,1,Tamaulipas,NA
Tamaulipas,Bustamante,resolved,exact_same_state,Tamaulipas,Bustamante,2,Nuevo Leon | Tamaulipas,NA
Tamaulipas,Camargo,resolved,exact_same_state,Tamaulipas,Camargo,2,Chihuahua | Tamaulipas,NA
Tamaulipas,Casas,resolved,exact_same_state,Tamaulipas,Casas,1,Tamaulipas,NA
Tamaulipas,Ciudad Madero,resolved,exact_same_state,Tamaulipas,Ciudad Madero,1,Tamaulipas,NA
Tamaulipas,Cruillas,resolved,exact_same_state,Tamaulipas,Cruillas,1,Tamaulipas,NA
Tamaulipas,El Mante,resolved,exact_same_state,Tamaulipas,El Mante,1,Tamaulipas,NA
Tamaulipas,Gomez Farias,resolved,exact_same_state,Tamaulipas,Gomez Farias,3,Chihuahua | Jalisco | Tamaulipas,NA
Tamaulipas,Gonzalez,resolved,exact_same_state,Tamaulipas,Gonzalez,1,Tamaulipas,NA
Tamaulipas,Guemez,resolved,exact_same_state,Tamaulipas,Guemez,1,Tamaulipas,NA
Tamaulipas,Guerrero,resolved,exact_same_state,Tamaulipas,Guerrero,3,Chihuahua | Coahuila De Zaragoza | Tamaulipas,NA
Tamaulipas,Gustavo Diaz Ordaz,resolved,exact_same_state,Tamaulipas,Gustavo Diaz Ordaz,1,Tamaulipas,NA
Tamaulipas,Hidalgo,resolved,exact_same_state,Tamaulipas,Hidalgo,5,Coahuila De Zaragoza | Durango | Michoacan De Ocampo | Nuevo Leon | Tamaulipas,NA
Tamaulipas,Jaumave,resolved,exact_same_state,Tamaulipas,Jaumave,1,Tamaulipas,NA
Tamaulipas,Jimenez,resolved,exact_same_state,Tamaulipas,Jimenez,4,Chihuahua | Coahuila De Zaragoza | Michoacan De Ocampo | Tamaulipas,NA
Tamaulipas,Llera,resolved,exact_same_state,Tamaulipas,Llera,1,Tamaulipas,NA
Tamaulipas,Mainero,resolved,exact_same_state,Tamaulipas,Mainero,1,Tamaulipas,NA
Tamaulipas,Matamoros,resolved,exact_same_state,Tamaulipas,Matamoros,3,Chihuahua | Coahuila De Zaragoza | Tamaulipas,NA
Tamaulipas,Mendez,resolved,exact_same_state,Tamaulipas,Mendez,1,Tamaulipas,NA
Tamaulipas,Mier,resolved,exact_same_state,Tamaulipas,Mier,1,Tamaulipas,NA
Tamaulipas,Miguel Aleman,resolved,exact_same_state,Tamaulipas,Miguel Aleman,1,Tamaulipas,NA
Tamaulipas,Miquihuana,resolved,exact_same_state,Tamaulipas,Miquihuana,1,Tamaulipas,NA
Tamaulipas,Nuevo Laredo,resolved,exact_same_state,Tamaulipas,Nuevo Laredo,1,Tamaulipas,NA
Tamaulipas,Nuevo Morelos,resolved,exact_same_state,Tamaulipas,Nuevo Morelos,1,Tamaulipas,NA
Tamaulipas,Ocampo,resolved,exact_same_state,Tamaulipas,Ocampo,6,Chihuahua | Coahuila De Zaragoza | Durango | Guanajuato | Michoacan De Ocampo | Tamaulipas,NA
Tamaulipas,Padilla,resolved,exact_same_state,Tamaulipas,Padilla,1,Tamaulipas,NA
Tamaulipas,Palmillas,resolved,exact_same_state,Tamaulipas,Palmillas,1,Tamaulipas,NA
Tamaulipas,Reynosa,resolved,exact_same_state,Tamaulipas,Reynosa,1,Tamaulipas,NA
Tamaulipas,Rio Bravo,resolved,exact_same_state,Tamaulipas,Rio Bravo,1,Tamaulipas,NA
Tamaulipas,San Carlos,resolved,exact_same_state,Tamaulipas,San Carlos,1,Tamaulipas,NA
Tamaulipas,San Fernando,resolved,exact_same_state,Tamaulipas,San Fernando,2,Chiapas | Tamaulipas,NA
Tamaulipas,San Nicolas,resolved,exact_same_state,Tamaulipas,San Nicolas,2,Oaxaca | Tamaulipas,NA
Tamaulipas,Soto La Marina,resolved,exact_same_state,Tamaulipas,Soto La Marina,1,Tamaulipas,NA
Tamaulipas,Tampico,resolved,exact_same_state,Tamaulipas,Tampico,1,Tamaulipas,NA
Tamaulipas,Tula,resolved,exact_same_state,Tamaulipas,Tula,1,Tamaulipas,NA
Tamaulipas,Valle Hermoso,resolved,exact_same_state,Tamaulipas,Valle Hermoso,1,Tamaulipas,NA
Tamaulipas,Victoria,resolved,exact_same_state,Tamaulipas,Victoria,2,Guanajuato | Tamaulipas,NA
Tamaulipas,Villagran,resolved,exact_same_state,Tamaulipas,Villagran,2,Guanajuato | Tamaulipas,NA
Tamaulipas,Xicotencatl,resolved,exact_same_state,Tamaulipas,Xicotencatl,1,Tamaulipas,NA
Tlaxcala,Acuamanala De Miguel Hidalgo,resolved,exact_same_state,Tlaxcala,Acuamanala De Miguel Hidalgo,1,Tlaxcala,NA
Tlaxcala,Amaxac De Guerrero,resolved,exact_same_state,Tlaxcala,Amaxac De Guerrero,1,Tlaxcala,NA
Tlaxcala,Apetatitlan De Antonio Carvajal,resolved,exact_same_state,Tlaxcala,Apetatitlan De Antonio Carvajal,1,Tlaxcala,NA
Tlaxcala,Apizaco,resolved,exact_same_state,Tlaxcala,Apizaco,1,Tlaxcala,NA
Tlaxcala,Atlangatepec,resolved,exact_same_state,Tlaxcala,Atlangatepec,1,Tlaxcala,NA
Tlaxcala,Atltzayanca,resolved,exact_same_state,Tlaxcala,Atltzayanca,1,Tlaxcala,NA
Tlaxcala,Benito Juarez,resolved,exact_same_state,Tlaxcala,Benito Juarez,7,Ciudad De Mexico | Guerrero | Quintana Roo | Sonora | Tlaxcala | Veracruz De Ignacio De La Llave | Zacatecas,NA
Tlaxcala,Calpulalpan,resolved,exact_same_state,Tlaxcala,Calpulalpan,1,Tlaxcala,NA
Tlaxcala,Chiautempan,resolved,exact_same_state,Tlaxcala,Chiautempan,1,Tlaxcala,NA
Tlaxcala,Contla De Juan Cuamatzi,resolved,exact_same_state,Tlaxcala,Contla De Juan Cuamatzi,1,Tlaxcala,NA
Tlaxcala,Cuapiaxtla,resolved,exact_same_state,Tlaxcala,Cuapiaxtla,1,Tlaxcala,NA
Tlaxcala,Cuaxomulco,resolved,exact_same_state,Tlaxcala,Cuaxomulco,1,Tlaxcala,NA
Tlaxcala,El Carmen Tequexquitla,resolved,exact_same_state,Tlaxcala,El Carmen Tequexquitla,1,Tlaxcala,NA
Tlaxcala,Emiliano Zapata,resolved,exact_same_state,Tlaxcala,Emiliano Zapata,6,Chiapas | Hidalgo | Morelos | Tabasco | Tlaxcala | Veracruz De Ignacio De La Llave,NA
Tlaxcala,Espanita,resolved,exact_same_state,Tlaxcala,Espanita,1,Tlaxcala,NA
Tlaxcala,Huamantla,resolved,exact_same_state,Tlaxcala,Huamantla,1,Tlaxcala,NA
Tlaxcala,Hueyotlipan,resolved,exact_same_state,Tlaxcala,Hueyotlipan,1,Tlaxcala,NA
Tlaxcala,Ixtacuixtla De Mariano Matamoros,resolved,exact_same_state,Tlaxcala,Ixtacuixtla De Mariano Matamoros,1,Tlaxcala,NA
Tlaxcala,Ixtenco,resolved,exact_same_state,Tlaxcala,Ixtenco,1,Tlaxcala,NA
Tlaxcala,La Magdalena Tlaltelulco,resolved,exact_same_state,Tlaxcala,La Magdalena Tlaltelulco,1,Tlaxcala,NA
Tlaxcala,Lazaro Cardenas,resolved,exact_same_state,Tlaxcala,Lazaro Cardenas,3,Michoacan De Ocampo | Quintana Roo | Tlaxcala,NA
Tlaxcala,Mazatecochco De Jose Maria Morelos,resolved,exact_same_state,Tlaxcala,Mazatecochco De Jose Maria Morelos,1,Tlaxcala,NA
Tlaxcala,Munoz De Domingo Arenas,resolved,exact_same_state,Tlaxcala,Munoz De Domingo Arenas,1,Tlaxcala,NA
Tlaxcala,Nanacamilpa De Mariano Arista,resolved,exact_same_state,Tlaxcala,Nanacamilpa De Mariano Arista,1,Tlaxcala,NA
Tlaxcala,Nativitas,resolved,exact_same_state,Tlaxcala,Nativitas,1,Tlaxcala,NA
Tlaxcala,Panotla,resolved,exact_same_state,Tlaxcala,Panotla,1,Tlaxcala,NA
Tlaxcala,Papalotla De Xicohtencatl,resolved,exact_same_state,Tlaxcala,Papalotla De Xicohtencatl,1,Tlaxcala,NA
Tlaxcala,San Damian Texoloc,resolved,exact_same_state,Tlaxcala,San Damian Texoloc,1,Tlaxcala,NA
Tlaxcala,San Francisco Tetlanohcan,resolved,exact_same_state,Tlaxcala,San Francisco Tetlanohcan,1,Tlaxcala,NA
Tlaxcala,San Jeronimo Zacualpan,resolved,exact_same_state,Tlaxcala,San Jeronimo Zacualpan,1,Tlaxcala,NA
Tlaxcala,San Jose Teacalco,resolved,exact_same_state,Tlaxcala,San Jose Teacalco,1,Tlaxcala,NA
Tlaxcala,San Juan Huactzinco,resolved,exact_same_state,Tlaxcala,San Juan Huactzinco,1,Tlaxcala,NA
Tlaxcala,San Lorenzo Axocomanitla,resolved,exact_same_state,Tlaxcala,San Lorenzo Axocomanitla,1,Tlaxcala,NA
Tlaxcala,San Lucas Tecopilco,resolved,exact_same_state,Tlaxcala,San Lucas Tecopilco,1,Tlaxcala,NA
Tlaxcala,San Pablo Del Monte,resolved,exact_same_state,Tlaxcala,San Pablo Del Monte,1,Tlaxcala,NA
Tlaxcala,Sanctorum De Lazaro Cardenas,resolved,exact_same_state,Tlaxcala,Sanctorum De Lazaro Cardenas,1,Tlaxcala,NA
Tlaxcala,Santa Ana Nopalucan,resolved,exact_same_state,Tlaxcala,Santa Ana Nopalucan,1,Tlaxcala,NA
Tlaxcala,Santa Apolonia Teacalco,resolved,exact_same_state,Tlaxcala,Santa Apolonia Teacalco,1,Tlaxcala,NA
Tlaxcala,Santa Catarina Ayometla,resolved,exact_same_state,Tlaxcala,Santa Catarina Ayometla,1,Tlaxcala,NA
Tlaxcala,Santa Cruz Quilehtla,resolved,exact_same_state,Tlaxcala,Santa Cruz Quilehtla,1,Tlaxcala,NA
Tlaxcala,Santa Cruz Tlaxcala,resolved,exact_same_state,Tlaxcala,Santa Cruz Tlaxcala,1,Tlaxcala,NA
Tlaxcala,Santa Isabel Xiloxoxtla,resolved,exact_same_state,Tlaxcala,Santa Isabel Xiloxoxtla,1,Tlaxcala,NA
Tlaxcala,Tenancingo,resolved,exact_same_state,Tlaxcala,Tenancingo,2,Estado De Mexico | Tlaxcala,NA
Tlaxcala,Teolocholco,resolved,exact_same_state,Tlaxcala,Teolocholco,1,Tlaxcala,NA
Tlaxcala,Tepetitla De Lardizabal,resolved,exact_same_state,Tlaxcala,Tepetitla De Lardizabal,1,Tlaxcala,NA
Tlaxcala,Tepeyanco,resolved,exact_same_state,Tlaxcala,Tepeyanco,1,Tlaxcala,NA
Tlaxcala,Terrenate,resolved,exact_same_state,Tlaxcala,Terrenate,1,Tlaxcala,NA
Tlaxcala,Tetla De La Solidaridad,resolved,exact_same_state,Tlaxcala,Tetla De La Solidaridad,1,Tlaxcala,NA
Tlaxcala,Tetlatlahuca,resolved,exact_same_state,Tlaxcala,Tetlatlahuca,1,Tlaxcala,NA
Tlaxcala,Tlaxcala,resolved,exact_same_state,Tlaxcala,Tlaxcala,1,Tlaxcala,NA
Tlaxcala,Tlaxco,resolved,exact_same_state,Tlaxcala,Tlaxco,2,Puebla | Tlaxcala,NA
Tlaxcala,Tocatlan,resolved,exact_same_state,Tlaxcala,Tocatlan,1,Tlaxcala,NA
Tlaxcala,Totolac,resolved,exact_same_state,Tlaxcala,Totolac,1,Tlaxcala,NA
Tlaxcala,Tzompantepec,resolved,exact_same_state,Tlaxcala,Tzompantepec,1,Tlaxcala,NA
Tlaxcala,Xaloztoc,resolved,exact_same_state,Tlaxcala,Xaloztoc,1,Tlaxcala,NA
Tlaxcala,Xaltocan,resolved,exact_same_state,Tlaxcala,Xaltocan,1,Tlaxcala,NA
Tlaxcala,Xicohtzinco,resolved,exact_same_state,Tlaxcala,Xicohtzinco,1,Tlaxcala,NA
Tlaxcala,Yauhquemehcan,resolved,exact_same_state,Tlaxcala,Yauhquemehcan,1,Tlaxcala,NA
Tlaxcala,Zacatelco,resolved,exact_same_state,Tlaxcala,Zacatelco,1,Tlaxcala,NA
Tlaxcala,Ziltlaltepec De Trinidad Sanchez Santos,resolved,exact_same_state,Tlaxcala,Ziltlaltepec De Trinidad Sanchez Santos,1,Tlaxcala,NA
Veracruz De Ignacio De La Llave,Acajete,resolved,exact_same_state,Veracruz De Ignacio De La Llave,Acajete,2,Puebla | Veracruz De Ignacio De La Llave,NA
Veracruz De Ignacio De La Llave,Acatlan,resolved,exact_same_state,Veracruz De Ignacio De La Llave,Acatlan,3,Hidalgo | Puebla | Veracruz De Ignacio De La Llave,NA
Veracruz De Ignacio De La Llave,Acayucan,resolved,exact_same_state,Veracruz De Ignacio De La Llave,Acayucan,1,Veracruz De Ignacio De La Llave,NA
Veracruz De Ignacio De La Llave,Actopan,resolved,exact_same_state,Veracruz De Ignacio De La Llave,Actopan,2,Hidalgo | Veracruz De Ignacio De La Llave,NA
Veracruz De Ignacio De La Llave,Acula,resolved,exact_same_state,Veracruz De Ignacio De La Llave,Acula,1,Veracruz De Ignacio De La Llave,NA
Veracruz De Ignacio De La Llave,Acultzingo,resolved,exact_same_state,Veracruz De Ignacio De La Llave,Acultzingo,1,Veracruz De Ignacio De La Llave,NA
Veracruz De Ignacio De La Llave,Agua Dulce,resolved,exact_same_state,Veracruz De Ignacio De La Llave,Agua Dulce,1,Veracruz De Ignacio De La Llave,NA
Veracruz De Ignacio De La Llave,Alamo Temapache,resolved,exact_same_state,Veracruz De Ignacio De La Llave,Alamo Temapache,1,Veracruz De Ignacio De La Llave,NA
Veracruz De Ignacio De La Llave,Alpatlahuac,resolved,exact_same_state,Veracruz De Ignacio De La Llave,Alpatlahuac,1,Veracruz De Ignacio De La Llave,NA
Veracruz De Ignacio De La Llave,Alto Lucero De Gutierrez Barrios,resolved,exact_same_state,Veracruz De Ignacio De La Llave,Alto Lucero De Gutierrez Barrios,1,Veracruz De Ignacio De La Llave,NA
Veracruz De Ignacio De La Llave,Altotonga,resolved,exact_same_state,Veracruz De Ignacio De La Llave,Altotonga,1,Veracruz De Ignacio De La Llave,NA
Veracruz De Ignacio De La Llave,Alvarado,resolved,exact_same_state,Veracruz De Ignacio De La Llave,Alvarado,1,Veracruz De Ignacio De La Llave,NA
Veracruz De Ignacio De La Llave,Amatitlan,resolved,exact_same_state,Veracruz De Ignacio De La Llave,Amatitlan,1,Veracruz De Ignacio De La Llave,NA
Veracruz De Ignacio De La Llave,Amatlan De Los Reyes,resolved,exact_same_state,Veracruz De Ignacio De La Llave,Amatlan De Los Reyes,1,Veracruz De Ignacio De La Llave,NA
Veracruz De Ignacio De La Llave,Angel R. Cabada,resolved,exact_same_state,Veracruz De Ignacio De La Llave,Angel R. Cabada,1,Veracruz De Ignacio De La Llave,NA
Veracruz De Ignacio De La Llave,Apazapan,resolved,exact_same_state,Veracruz De Ignacio De La Llave,Apazapan,1,Veracruz De Ignacio De La Llave,NA
Veracruz De Ignacio De La Llave,Aquila,resolved,exact_same_state,Veracruz De Ignacio De La Llave,Aquila,2,Michoacan De Ocampo | Veracruz De Ignacio De La Llave,NA
Veracruz De Ignacio De La Llave,Astacinga,resolved,exact_same_state,Veracruz De Ignacio De La Llave,Astacinga,1,Veracruz De Ignacio De La Llave,NA
Veracruz De Ignacio De La Llave,Atlahuilco,resolved,exact_same_state,Veracruz De Ignacio De La Llave,Atlahuilco,1,Veracruz De Ignacio De La Llave,NA
Veracruz De Ignacio De La Llave,Atoyac,resolved,exact_same_state,Veracruz De Ignacio De La Llave,Atoyac,2,Jalisco | Veracruz De Ignacio De La Llave,NA
Veracruz De Ignacio De La Llave,Atzacan,resolved,exact_same_state,Veracruz De Ignacio De La Llave,Atzacan,1,Veracruz De Ignacio De La Llave,NA
Veracruz De Ignacio De La Llave,Atzalan,resolved,exact_same_state,Veracruz De Ignacio De La Llave,Atzalan,1,Veracruz De Ignacio De La Llave,NA
Veracruz De Ignacio De La Llave,Ayahualulco,resolved,exact_same_state,Veracruz De Ignacio De La Llave,Ayahualulco,1,Veracruz De Ignacio De La Llave,NA
Veracruz De Ignacio De La Llave,Banderilla,resolved,exact_same_state,Veracruz De Ignacio De La Llave,Banderilla,1,Veracruz De Ignacio De La Llave,NA
Veracruz De Ignacio De La Llave,Benito Juarez,resolved,exact_same_state,Veracruz De Ignacio De La Llave,Benito Juarez,7,Ciudad De Mexico | Guerrero | Quintana Roo | Sonora | Tlaxcala | Veracruz De Ignacio De La Llave | Zacatecas,NA
Veracruz De Ignacio De La Llave,Boca Del Rio,resolved,exact_same_state,Veracruz De Ignacio De La Llave,Boca Del Rio,1,Veracruz De Ignacio De La Llave,NA
Veracruz De Ignacio De La Llave,Calcahualco,resolved,exact_same_state,Veracruz De Ignacio De La Llave,Calcahualco,1,Veracruz De Ignacio De La Llave,NA
Veracruz De Ignacio De La Llave,Camaron De Tejeda,resolved,exact_same_state,Veracruz De Ignacio De La Llave,Camaron De Tejeda,1,Veracruz De Ignacio De La Llave,NA
Veracruz De Ignacio De La Llave,Camerino Z. Mendoza,resolved,exact_same_state,Veracruz De Ignacio De La Llave,Camerino Z. Mendoza,1,Veracruz De Ignacio De La Llave,NA
Veracruz De Ignacio De La Llave,Carlos A. Carrillo,resolved,exact_same_state,Veracruz De Ignacio De La Llave,Carlos A. Carrillo,1,Veracruz De Ignacio De La Llave,NA
Veracruz De Ignacio De La Llave,Carrillo Puerto,resolved,exact_same_state,Veracruz De Ignacio De La Llave,Carrillo Puerto,1,Veracruz De Ignacio De La Llave,NA
Veracruz De Ignacio De La Llave,Castillo De Teayo,resolved,exact_same_state,Veracruz De Ignacio De La Llave,Castillo De Teayo,1,Veracruz De Ignacio De La Llave,NA
Veracruz De Ignacio De La Llave,Catemaco,resolved,exact_same_state,Veracruz De Ignacio De La Llave,Catemaco,1,Veracruz De Ignacio De La Llave,NA
Veracruz De Ignacio De La Llave,Cazones De Herrera,resolved,exact_same_state,Veracruz De Ignacio De La Llave,Cazones De Herrera,1,Veracruz De Ignacio De La Llave,NA
Veracruz De Ignacio De La Llave,Cerro Azul,resolved,exact_same_state,Veracruz De Ignacio De La Llave,Cerro Azul,1,Veracruz De Ignacio De La Llave,NA
Veracruz De Ignacio De La Llave,Chacaltianguis,resolved,exact_same_state,Veracruz De Ignacio De La Llave,Chacaltianguis,1,Veracruz De Ignacio De La Llave,NA
Veracruz De Ignacio De La Llave,Chalma,resolved,exact_same_state,Veracruz De Ignacio De La Llave,Chalma,1,Veracruz De Ignacio De La Llave,NA
Veracruz De Ignacio De La Llave,Chiconamel,resolved,exact_same_state,Veracruz De Ignacio De La Llave,Chiconamel,1,Veracruz De Ignacio De La Llave,NA
Veracruz De Ignacio De La Llave,Chiconquiaco,resolved,exact_same_state,Veracruz De Ignacio De La Llave,Chiconquiaco,1,Veracruz De Ignacio De La Llave,NA
Veracruz De Ignacio De La Llave,Chicontepec,resolved,exact_same_state,Veracruz De Ignacio De La Llave,Chicontepec,1,Veracruz De Ignacio De La Llave,NA
Veracruz De Ignacio De La Llave,Chinameca,resolved,exact_same_state,Veracruz De Ignacio De La Llave,Chinameca,1,Veracruz De Ignacio De La Llave,NA
Veracruz De Ignacio De La Llave,Chinampa De Gorostiza,resolved,exact_same_state,Veracruz De Ignacio De La Llave,Chinampa De Gorostiza,1,Veracruz De Ignacio De La Llave,NA
Veracruz De Ignacio De La Llave,Chocaman,resolved,exact_same_state,Veracruz De Ignacio De La Llave,Chocaman,1,Veracruz De Ignacio De La Llave,NA
Veracruz De Ignacio De La Llave,Chontla,resolved,exact_same_state,Veracruz De Ignacio De La Llave,Chontla,1,Veracruz De Ignacio De La Llave,NA
Veracruz De Ignacio De La Llave,Chumatlan,resolved,exact_same_state,Veracruz De Ignacio De La Llave,Chumatlan,1,Veracruz De Ignacio De La Llave,NA
Veracruz De Ignacio De La Llave,Citlaltepetl,resolved,exact_same_state,Veracruz De Ignacio De La Llave,Citlaltepetl,1,Veracruz De Ignacio De La Llave,NA
Veracruz De Ignacio De La Llave,Coacoatzintla,resolved,exact_same_state,Veracruz De Ignacio De La Llave,Coacoatzintla,1,Veracruz De Ignacio De La Llave,NA
Veracruz De Ignacio De La Llave,Coahuitlan,resolved,exact_same_state,Veracruz De Ignacio De La Llave,Coahuitlan,1,Veracruz De Ignacio De La Llave,NA
Veracruz De Ignacio De La Llave,Coatepec,resolved,exact_same_state,Veracruz De Ignacio De La Llave,Coatepec,2,Puebla | Veracruz De Ignacio De La Llave,NA
Veracruz De Ignacio De La Llave,Coatzacoalcos,resolved,exact_same_state,Veracruz De Ignacio De La Llave,Coatzacoalcos,1,Veracruz De Ignacio De La Llave,NA
Veracruz De Ignacio De La Llave,Coatzintla,resolved,exact_same_state,Veracruz De Ignacio De La Llave,Coatzintla,1,Veracruz De Ignacio De La Llave,NA
Veracruz De Ignacio De La Llave,Coetzala,resolved,exact_same_state,Veracruz De Ignacio De La Llave,Coetzala,1,Veracruz De Ignacio De La Llave,NA
Veracruz De Ignacio De La Llave,Colipa,resolved,exact_same_state,Veracruz De Ignacio De La Llave,Colipa,1,Veracruz De Ignacio De La Llave,NA
Veracruz De Ignacio De La Llave,Comapa,resolved,exact_same_state,Veracruz De Ignacio De La Llave,Comapa,1,Veracruz De Ignacio De La Llave,NA
Veracruz De Ignacio De La Llave,Cordoba,resolved,exact_same_state,Veracruz De Ignacio De La Llave,Cordoba,1,Veracruz De Ignacio De La Llave,NA
Veracruz De Ignacio De La Llave,Cosamaloapan De Carpio,resolved,exact_same_state,Veracruz De Ignacio De La Llave,Cosamaloapan De Carpio,1,Veracruz De Ignacio De La Llave,NA
Veracruz De Ignacio De La Llave,Cosautlan De Carvajal,resolved,exact_same_state,Veracruz De Ignacio De La Llave,Cosautlan De Carvajal,1,Veracruz De Ignacio De La Llave,NA
Veracruz De Ignacio De La Llave,Coscomatepec,resolved,exact_same_state,Veracruz De Ignacio De La Llave,Coscomatepec,1,Veracruz De Ignacio De La Llave,NA
Veracruz De Ignacio De La Llave,Cosoleacaque,resolved,exact_same_state,Veracruz De Ignacio De La Llave,Cosoleacaque,1,Veracruz De Ignacio De La Llave,NA
Veracruz De Ignacio De La Llave,Cotaxtla,resolved,exact_same_state,Veracruz De Ignacio De La Llave,Cotaxtla,1,Veracruz De Ignacio De La Llave,NA
Veracruz De Ignacio De La Llave,Coxquihui,resolved,exact_same_state,Veracruz De Ignacio De La Llave,Coxquihui,1,Veracruz De Ignacio De La Llave,NA
Veracruz De Ignacio De La Llave,Coyutla,resolved,exact_same_state,Veracruz De Ignacio De La Llave,Coyutla,1,Veracruz De Ignacio De La Llave,NA
Veracruz De Ignacio De La Llave,Cuichapa,resolved,exact_same_state,Veracruz De Ignacio De La Llave,Cuichapa,1,Veracruz De Ignacio De La Llave,NA
Veracruz De Ignacio De La Llave,Cuitlahuac,resolved,exact_same_state,Veracruz De Ignacio De La Llave,Cuitlahuac,1,Veracruz De Ignacio De La Llave,NA
Veracruz De Ignacio De La Llave,El Higo,resolved,exact_same_state,Veracruz De Ignacio De La Llave,El Higo,1,Veracruz De Ignacio De La Llave,NA
Veracruz De Ignacio De La Llave,Emiliano Zapata,resolved,exact_same_state,Veracruz De Ignacio De La Llave,Emiliano Zapata,6,Chiapas | Hidalgo | Morelos | Tabasco | Tlaxcala | Veracruz De Ignacio De La Llave,NA
Veracruz De Ignacio De La Llave,Espinal,resolved,exact_same_state,Veracruz De Ignacio De La Llave,Espinal,1,Veracruz De Ignacio De La Llave,NA
Veracruz De Ignacio De La Llave,Filomeno Mata,resolved,exact_same_state,Veracruz De Ignacio De La Llave,Filomeno Mata,1,Veracruz De Ignacio De La Llave,NA
Veracruz De Ignacio De La Llave,Fortin,resolved,exact_same_state,Veracruz De Ignacio De La Llave,Fortin,1,Veracruz De Ignacio De La Llave,NA
Veracruz De Ignacio De La Llave,Gutierrez Zamora,resolved,exact_same_state,Veracruz De Ignacio De La Llave,Gutierrez Zamora,1,Veracruz De Ignacio De La Llave,NA
Veracruz De Ignacio De La Llave,Hidalgotitlan,resolved,exact_same_state,Veracruz De Ignacio De La Llave,Hidalgotitlan,1,Veracruz De Ignacio De La Llave,NA
Veracruz De Ignacio De La Llave,Huatusco,resolved,exact_same_state,Veracruz De Ignacio De La Llave,Huatusco,1,Veracruz De Ignacio De La Llave,NA
Veracruz De Ignacio De La Llave,Huayacocotla,resolved,exact_same_state,Veracruz De Ignacio De La Llave,Huayacocotla,1,Veracruz De Ignacio De La Llave,NA
Veracruz De Ignacio De La Llave,Hueyapan De Ocampo,resolved,exact_same_state,Veracruz De Ignacio De La Llave,Hueyapan De Ocampo,1,Veracruz De Ignacio De La Llave,NA
Veracruz De Ignacio De La Llave,Huiloapan De Cuauhtemoc,resolved,exact_same_state,Veracruz De Ignacio De La Llave,Huiloapan De Cuauhtemoc,1,Veracruz De Ignacio De La Llave,NA
Veracruz De Ignacio De La Llave,Ignacio De La Llave,resolved,exact_same_state,Veracruz De Ignacio De La Llave,Ignacio De La Llave,1,Veracruz De Ignacio De La Llave,NA
Veracruz De Ignacio De La Llave,Ilamatlan,resolved,exact_same_state,Veracruz De Ignacio De La Llave,Ilamatlan,1,Veracruz De Ignacio De La Llave,NA
Veracruz De Ignacio De La Llave,Isla,resolved,exact_same_state,Veracruz De Ignacio De La Llave,Isla,1,Veracruz De Ignacio De La Llave,NA
Veracruz De Ignacio De La Llave,Ixcatepec,resolved,exact_same_state,Veracruz De Ignacio De La Llave,Ixcatepec,1,Veracruz De Ignacio De La Llave,NA
Veracruz De Ignacio De La Llave,Ixhuacan De Los Reyes,resolved,exact_same_state,Veracruz De Ignacio De La Llave,Ixhuacan De Los Reyes,1,Veracruz De Ignacio De La Llave,NA
Veracruz De Ignacio De La Llave,Ixhuatlan De Madero,resolved,exact_same_state,Veracruz De Ignacio De La Llave,Ixhuatlan De Madero,1,Veracruz De Ignacio De La Llave,NA
Veracruz De Ignacio De La Llave,Ixhuatlan Del Cafe,resolved,exact_same_state,Veracruz De Ignacio De La Llave,Ixhuatlan Del Cafe,1,Veracruz De Ignacio De La Llave,NA
Veracruz De Ignacio De La Llave,Ixhuatlan Del Sureste,resolved,exact_same_state,Veracruz De Ignacio De La Llave,Ixhuatlan Del Sureste,1,Veracruz De Ignacio De La Llave,NA
Veracruz De Ignacio De La Llave,Ixhuatlancillo,resolved,exact_same_state,Veracruz De Ignacio De La Llave,Ixhuatlancillo,1,Veracruz De Ignacio De La Llave,NA
Veracruz De Ignacio De La Llave,Ixmatlahuacan,resolved,exact_same_state,Veracruz De Ignacio De La Llave,Ixmatlahuacan,1,Veracruz De Ignacio De La Llave,NA
Veracruz De Ignacio De La Llave,Ixtaczoquitlan,resolved,exact_same_state,Veracruz De Ignacio De La Llave,Ixtaczoquitlan,1,Veracruz De Ignacio De La Llave,NA
Veracruz De Ignacio De La Llave,Jalacingo,resolved,exact_same_state,Veracruz De Ignacio De La Llave,Jalacingo,1,Veracruz De Ignacio De La Llave,NA
Veracruz De Ignacio De La Llave,Jalcomulco,resolved,exact_same_state,Veracruz De Ignacio De La Llave,Jalcomulco,1,Veracruz De Ignacio De La Llave,NA
Veracruz De Ignacio De La Llave,Jaltipan,resolved,exact_same_state,Veracruz De Ignacio De La Llave,Jaltipan,1,Veracruz De Ignacio De La Llave,NA
Veracruz De Ignacio De La Llave,Jamapa,resolved,exact_same_state,Veracruz De Ignacio De La Llave,Jamapa,1,Veracruz De Ignacio De La Llave,NA
Veracruz De Ignacio De La Llave,Jesus Carranza,resolved,exact_same_state,Veracruz De Ignacio De La Llave,Jesus Carranza,1,Veracruz De Ignacio De La Llave,NA
Veracruz De Ignacio De La Llave,Jilotepec,resolved,exact_same_state,Veracruz De Ignacio De La Llave,Jilotepec,2,Estado De Mexico | Veracruz De Ignacio De La Llave,NA
Veracruz De Ignacio De La Llave,Jose Azueta,resolved,exact_same_state,Veracruz De Ignacio De La Llave,Jose Azueta,1,Veracruz De Ignacio De La Llave,NA
Veracruz De Ignacio De La Llave,Juan Rodriguez Clara,resolved,exact_same_state,Veracruz De Ignacio De La Llave,Juan Rodriguez Clara,1,Veracruz De Ignacio De La Llave,NA
Veracruz De Ignacio De La Llave,Juchique De Ferrer,resolved,exact_same_state,Veracruz De Ignacio De La Llave,Juchique De Ferrer,1,Veracruz De Ignacio De La Llave,NA
Veracruz De Ignacio De La Llave,La Antigua,resolved,exact_same_state,Veracruz De Ignacio De La Llave,La Antigua,1,Veracruz De Ignacio De La Llave,NA
Veracruz De Ignacio De La Llave,La Perla,resolved,exact_same_state,Veracruz De Ignacio De La Llave,La Perla,1,Veracruz De Ignacio De La Llave,NA
Veracruz De Ignacio De La Llave,Landero Y Coss,resolved,exact_same_state,Veracruz De Ignacio De La Llave,Landero Y Coss,1,Veracruz De Ignacio De La Llave,NA
Veracruz De Ignacio De La Llave,Las Choapas,resolved,exact_same_state,Veracruz De Ignacio De La Llave,Las Choapas,1,Veracruz De Ignacio De La Llave,NA
Veracruz De Ignacio De La Llave,Las Minas,resolved,exact_same_state,Veracruz De Ignacio De La Llave,Las Minas,1,Veracruz De Ignacio De La Llave,NA
Veracruz De Ignacio De La Llave,Las Vigas De Ramirez,resolved,exact_same_state,Veracruz De Ignacio De La Llave,Las Vigas De Ramirez,1,Veracruz De Ignacio De La Llave,NA
Veracruz De Ignacio De La Llave,Lerdo De Tejada,resolved,exact_same_state,Veracruz De Ignacio De La Llave,Lerdo De Tejada,1,Veracruz De Ignacio De La Llave,NA
Veracruz De Ignacio De La Llave,Los Reyes,resolved,exact_same_state,Veracruz De Ignacio De La Llave,Los Reyes,2,Michoacan De Ocampo | Veracruz De Ignacio De La Llave,NA
Veracruz De Ignacio De La Llave,Magdalena,resolved,exact_same_state,Veracruz De Ignacio De La Llave,Magdalena,3,Jalisco | Sonora | Veracruz De Ignacio De La Llave,NA
Veracruz De Ignacio De La Llave,Maltrata,resolved,exact_same_state,Veracruz De Ignacio De La Llave,Maltrata,1,Veracruz De Ignacio De La Llave,NA
Veracruz De Ignacio De La Llave,Manlio Fabio Altamirano,resolved,exact_same_state,Veracruz De Ignacio De La Llave,Manlio Fabio Altamirano,1,Veracruz De Ignacio De La Llave,NA
Veracruz De Ignacio De La Llave,Mariano Escobedo,resolved,exact_same_state,Veracruz De Ignacio De La Llave,Mariano Escobedo,1,Veracruz De Ignacio De La Llave,NA
Veracruz De Ignacio De La Llave,Martinez De La Torre,resolved,exact_same_state,Veracruz De Ignacio De La Llave,Martinez De La Torre,1,Veracruz De Ignacio De La Llave,NA
Veracruz De Ignacio De La Llave,Mecatlan,resolved,exact_same_state,Veracruz De Ignacio De La Llave,Mecatlan,1,Veracruz De Ignacio De La Llave,NA
Veracruz De Ignacio De La Llave,Mecayapan,resolved,exact_same_state,Veracruz De Ignacio De La Llave,Mecayapan,1,Veracruz De Ignacio De La Llave,NA
Veracruz De Ignacio De La Llave,Medellin,resolved,safe_alias_same_state,Veracruz De Ignacio De La Llave,Medellin De Bravo,NA,NA,NA
Veracruz De Ignacio De La Llave,Miahuatlan,resolved,exact_same_state,Veracruz De Ignacio De La Llave,Miahuatlan,1,Veracruz De Ignacio De La Llave,NA
Veracruz De Ignacio De La Llave,Minatitlan,resolved,exact_same_state,Veracruz De Ignacio De La Llave,Minatitlan,2,Colima | Veracruz De Ignacio De La Llave,NA
Veracruz De Ignacio De La Llave,Misantla,resolved,exact_same_state,Veracruz De Ignacio De La Llave,Misantla,1,Veracruz De Ignacio De La Llave,NA
Veracruz De Ignacio De La Llave,Mixtla De Altamirano,resolved,exact_same_state,Veracruz De Ignacio De La Llave,Mixtla De Altamirano,1,Veracruz De Ignacio De La Llave,NA
Veracruz De Ignacio De La Llave,Moloacan,resolved,exact_same_state,Veracruz De Ignacio De La Llave,Moloacan,1,Veracruz De Ignacio De La Llave,NA
Veracruz De Ignacio De La Llave,Nanchital De Lazaro Cardenas Del Rio,resolved,exact_same_state,Veracruz De Ignacio De La Llave,Nanchital De Lazaro Cardenas Del Rio,1,Veracruz De Ignacio De La Llave,NA
Veracruz De Ignacio De La Llave,Naolinco,resolved,exact_same_state,Veracruz De Ignacio De La Llave,Naolinco,1,Veracruz De Ignacio De La Llave,NA
Veracruz De Ignacio De La Llave,Naranjal,resolved,exact_same_state,Veracruz De Ignacio De La Llave,Naranjal,1,Veracruz De Ignacio De La Llave,NA
Veracruz De Ignacio De La Llave,Naranjos Amatlan,resolved,exact_same_state,Veracruz De Ignacio De La Llave,Naranjos Amatlan,1,Veracruz De Ignacio De La Llave,NA
Veracruz De Ignacio De La Llave,Nautla,resolved,exact_same_state,Veracruz De Ignacio De La Llave,Nautla,1,Veracruz De Ignacio De La Llave,NA
Veracruz De Ignacio De La Llave,Nogales,resolved,exact_same_state,Veracruz De Ignacio De La Llave,Nogales,2,Sonora | Veracruz De Ignacio De La Llave,NA
Veracruz De Ignacio De La Llave,Oluta,resolved,exact_same_state,Veracruz De Ignacio De La Llave,Oluta,1,Veracruz De Ignacio De La Llave,NA
Veracruz De Ignacio De La Llave,Omealca,resolved,exact_same_state,Veracruz De Ignacio De La Llave,Omealca,1,Veracruz De Ignacio De La Llave,NA
Veracruz De Ignacio De La Llave,Orizaba,resolved,exact_same_state,Veracruz De Ignacio De La Llave,Orizaba,1,Veracruz De Ignacio De La Llave,NA
Veracruz De Ignacio De La Llave,Otatitlan,resolved,exact_same_state,Veracruz De Ignacio De La Llave,Otatitlan,1,Veracruz De Ignacio De La Llave,NA
Veracruz De Ignacio De La Llave,Oteapan,resolved,exact_same_state,Veracruz De Ignacio De La Llave,Oteapan,1,Veracruz De Ignacio De La Llave,NA
Veracruz De Ignacio De La Llave,Ozuluama De Mascarenas,resolved,exact_same_state,Veracruz De Ignacio De La Llave,Ozuluama De Mascarenas,1,Veracruz De Ignacio De La Llave,NA
Veracruz De Ignacio De La Llave,Pajapan,resolved,exact_same_state,Veracruz De Ignacio De La Llave,Pajapan,1,Veracruz De Ignacio De La Llave,NA
Veracruz De Ignacio De La Llave,Panuco,resolved,exact_same_state,Veracruz De Ignacio De La Llave,Panuco,2,Veracruz De Ignacio De La Llave | Zacatecas,NA
Veracruz De Ignacio De La Llave,Papantla,resolved,exact_same_state,Veracruz De Ignacio De La Llave,Papantla,1,Veracruz De Ignacio De La Llave,NA
Veracruz De Ignacio De La Llave,Paso De Ovejas,resolved,exact_same_state,Veracruz De Ignacio De La Llave,Paso De Ovejas,1,Veracruz De Ignacio De La Llave,NA
Veracruz De Ignacio De La Llave,Paso Del Macho,resolved,exact_same_state,Veracruz De Ignacio De La Llave,Paso Del Macho,1,Veracruz De Ignacio De La Llave,NA
Veracruz De Ignacio De La Llave,Perote,resolved,exact_same_state,Veracruz De Ignacio De La Llave,Perote,1,Veracruz De Ignacio De La Llave,NA
Veracruz De Ignacio De La Llave,Platon Sanchez,resolved,exact_same_state,Veracruz De Ignacio De La Llave,Platon Sanchez,1,Veracruz De Ignacio De La Llave,NA
Veracruz De Ignacio De La Llave,Playa Vicente,resolved,exact_same_state,Veracruz De Ignacio De La Llave,Playa Vicente,1,Veracruz De Ignacio De La Llave,NA
Veracruz De Ignacio De La Llave,Poza Rica De Hidalgo,resolved,exact_same_state,Veracruz De Ignacio De La Llave,Poza Rica De Hidalgo,1,Veracruz De Ignacio De La Llave,NA
Veracruz De Ignacio De La Llave,Pueblo Viejo,resolved,exact_same_state,Veracruz De Ignacio De La Llave,Pueblo Viejo,1,Veracruz De Ignacio De La Llave,NA
Veracruz De Ignacio De La Llave,Puente Nacional,resolved,exact_same_state,Veracruz De Ignacio De La Llave,Puente Nacional,1,Veracruz De Ignacio De La Llave,NA
Veracruz De Ignacio De La Llave,Rafael Delgado,resolved,exact_same_state,Veracruz De Ignacio De La Llave,Rafael Delgado,1,Veracruz De Ignacio De La Llave,NA
Veracruz De Ignacio De La Llave,Rafael Lucio,resolved,exact_same_state,Veracruz De Ignacio De La Llave,Rafael Lucio,1,Veracruz De Ignacio De La Llave,NA
Veracruz De Ignacio De La Llave,Rio Blanco,resolved,exact_same_state,Veracruz De Ignacio De La Llave,Rio Blanco,1,Veracruz De Ignacio De La Llave,NA
Veracruz De Ignacio De La Llave,Saltabarranca,resolved,exact_same_state,Veracruz De Ignacio De La Llave,Saltabarranca,1,Veracruz De Ignacio De La Llave,NA
Veracruz De Ignacio De La Llave,San Andres Tenejapan,resolved,exact_same_state,Veracruz De Ignacio De La Llave,San Andres Tenejapan,1,Veracruz De Ignacio De La Llave,NA
Veracruz De Ignacio De La Llave,San Andres Tuxtla,resolved,exact_same_state,Veracruz De Ignacio De La Llave,San Andres Tuxtla,1,Veracruz De Ignacio De La Llave,NA
Veracruz De Ignacio De La Llave,San Juan Evangelista,resolved,exact_same_state,Veracruz De Ignacio De La Llave,San Juan Evangelista,1,Veracruz De Ignacio De La Llave,NA
Veracruz De Ignacio De La Llave,San Rafael,resolved,exact_same_state,Veracruz De Ignacio De La Llave,San Rafael,1,Veracruz De Ignacio De La Llave,NA
Veracruz De Ignacio De La Llave,Santiago Sochiapan,resolved,exact_same_state,Veracruz De Ignacio De La Llave,Santiago Sochiapan,1,Veracruz De Ignacio De La Llave,NA
Veracruz De Ignacio De La Llave,Santiago Tuxtla,resolved,exact_same_state,Veracruz De Ignacio De La Llave,Santiago Tuxtla,1,Veracruz De Ignacio De La Llave,NA
Veracruz De Ignacio De La Llave,Sayula De Aleman,resolved,exact_same_state,Veracruz De Ignacio De La Llave,Sayula De Aleman,1,Veracruz De Ignacio De La Llave,NA
Veracruz De Ignacio De La Llave,Sochiapa,resolved,exact_same_state,Veracruz De Ignacio De La Llave,Sochiapa,1,Veracruz De Ignacio De La Llave,NA
Veracruz De Ignacio De La Llave,Soconusco,resolved,exact_same_state,Veracruz De Ignacio De La Llave,Soconusco,1,Veracruz De Ignacio De La Llave,NA
Veracruz De Ignacio De La Llave,Soledad Atzompa,resolved,exact_same_state,Veracruz De Ignacio De La Llave,Soledad Atzompa,1,Veracruz De Ignacio De La Llave,NA
Veracruz De Ignacio De La Llave,Soledad De Doblado,resolved,exact_same_state,Veracruz De Ignacio De La Llave,Soledad De Doblado,1,Veracruz De Ignacio De La Llave,NA
Veracruz De Ignacio De La Llave,Soteapan,resolved,exact_same_state,Veracruz De Ignacio De La Llave,Soteapan,1,Veracruz De Ignacio De La Llave,NA
Veracruz De Ignacio De La Llave,Tamalin,resolved,exact_same_state,Veracruz De Ignacio De La Llave,Tamalin,1,Veracruz De Ignacio De La Llave,NA
Veracruz De Ignacio De La Llave,Tamiahua,resolved,exact_same_state,Veracruz De Ignacio De La Llave,Tamiahua,1,Veracruz De Ignacio De La Llave,NA
Veracruz De Ignacio De La Llave,Tampico Alto,resolved,exact_same_state,Veracruz De Ignacio De La Llave,Tampico Alto,1,Veracruz De Ignacio De La Llave,NA
Veracruz De Ignacio De La Llave,Tancoco,resolved,exact_same_state,Veracruz De Ignacio De La Llave,Tancoco,1,Veracruz De Ignacio De La Llave,NA
Veracruz De Ignacio De La Llave,Tantima,resolved,exact_same_state,Veracruz De Ignacio De La Llave,Tantima,1,Veracruz De Ignacio De La Llave,NA
Veracruz De Ignacio De La Llave,Tantoyuca,resolved,exact_same_state,Veracruz De Ignacio De La Llave,Tantoyuca,1,Veracruz De Ignacio De La Llave,NA
Veracruz De Ignacio De La Llave,Tatahuicapan De Juarez,resolved,exact_same_state,Veracruz De Ignacio De La Llave,Tatahuicapan De Juarez,1,Veracruz De Ignacio De La Llave,NA
Veracruz De Ignacio De La Llave,Tatatila,resolved,exact_same_state,Veracruz De Ignacio De La Llave,Tatatila,1,Veracruz De Ignacio De La Llave,NA
Veracruz De Ignacio De La Llave,Tecolutla,resolved,exact_same_state,Veracruz De Ignacio De La Llave,Tecolutla,1,Veracruz De Ignacio De La Llave,NA
Veracruz De Ignacio De La Llave,Tehuipango,resolved,exact_same_state,Veracruz De Ignacio De La Llave,Tehuipango,1,Veracruz De Ignacio De La Llave,NA
Veracruz De Ignacio De La Llave,Tempoal,resolved,exact_same_state,Veracruz De Ignacio De La Llave,Tempoal,1,Veracruz De Ignacio De La Llave,NA
Veracruz De Ignacio De La Llave,Tenampa,resolved,exact_same_state,Veracruz De Ignacio De La Llave,Tenampa,1,Veracruz De Ignacio De La Llave,NA
Veracruz De Ignacio De La Llave,Tenochtitlan,resolved,exact_same_state,Veracruz De Ignacio De La Llave,Tenochtitlan,1,Veracruz De Ignacio De La Llave,NA
Veracruz De Ignacio De La Llave,Teocelo,resolved,exact_same_state,Veracruz De Ignacio De La Llave,Teocelo,1,Veracruz De Ignacio De La Llave,NA
Veracruz De Ignacio De La Llave,Tepatlaxco,resolved,exact_same_state,Veracruz De Ignacio De La Llave,Tepatlaxco,1,Veracruz De Ignacio De La Llave,NA
Veracruz De Ignacio De La Llave,Tepetlan,resolved,exact_same_state,Veracruz De Ignacio De La Llave,Tepetlan,1,Veracruz De Ignacio De La Llave,NA
Veracruz De Ignacio De La Llave,Tepetzintla,resolved,exact_same_state,Veracruz De Ignacio De La Llave,Tepetzintla,2,Puebla | Veracruz De Ignacio De La Llave,NA
Veracruz De Ignacio De La Llave,Tequila,resolved,exact_same_state,Veracruz De Ignacio De La Llave,Tequila,2,Jalisco | Veracruz De Ignacio De La Llave,NA
Veracruz De Ignacio De La Llave,Texcatepec,resolved,exact_same_state,Veracruz De Ignacio De La Llave,Texcatepec,1,Veracruz De Ignacio De La Llave,NA
Veracruz De Ignacio De La Llave,Texhuacan,resolved,exact_same_state,Veracruz De Ignacio De La Llave,Texhuacan,1,Veracruz De Ignacio De La Llave,NA
Veracruz De Ignacio De La Llave,Texistepec,resolved,exact_same_state,Veracruz De Ignacio De La Llave,Texistepec,1,Veracruz De Ignacio De La Llave,NA
Veracruz De Ignacio De La Llave,Tezonapa,resolved,exact_same_state,Veracruz De Ignacio De La Llave,Tezonapa,1,Veracruz De Ignacio De La Llave,NA
Veracruz De Ignacio De La Llave,Tierra Blanca,resolved,exact_same_state,Veracruz De Ignacio De La Llave,Tierra Blanca,2,Guanajuato | Veracruz De Ignacio De La Llave,NA
Veracruz De Ignacio De La Llave,Tihuatlan,resolved,exact_same_state,Veracruz De Ignacio De La Llave,Tihuatlan,1,Veracruz De Ignacio De La Llave,NA
Veracruz De Ignacio De La Llave,Tlachichilco,resolved,exact_same_state,Veracruz De Ignacio De La Llave,Tlachichilco,1,Veracruz De Ignacio De La Llave,NA
Veracruz De Ignacio De La Llave,Tlacojalpan,resolved,exact_same_state,Veracruz De Ignacio De La Llave,Tlacojalpan,1,Veracruz De Ignacio De La Llave,NA
Veracruz De Ignacio De La Llave,Tlacolulan,resolved,exact_same_state,Veracruz De Ignacio De La Llave,Tlacolulan,1,Veracruz De Ignacio De La Llave,NA
Veracruz De Ignacio De La Llave,Tlacotalpan,resolved,exact_same_state,Veracruz De Ignacio De La Llave,Tlacotalpan,1,Veracruz De Ignacio De La Llave,NA
Veracruz De Ignacio De La Llave,Tlacotepec De Mejia,resolved,exact_same_state,Veracruz De Ignacio De La Llave,Tlacotepec De Mejia,1,Veracruz De Ignacio De La Llave,NA
Veracruz De Ignacio De La Llave,Tlalixcoyan,resolved,exact_same_state,Veracruz De Ignacio De La Llave,Tlalixcoyan,1,Veracruz De Ignacio De La Llave,NA
Veracruz De Ignacio De La Llave,Tlalnelhuayocan,resolved,exact_same_state,Veracruz De Ignacio De La Llave,Tlalnelhuayocan,1,Veracruz De Ignacio De La Llave,NA
Veracruz De Ignacio De La Llave,Tlaltetela,resolved,exact_same_state,Veracruz De Ignacio De La Llave,Tlaltetela,1,Veracruz De Ignacio De La Llave,NA
Veracruz De Ignacio De La Llave,Tlapacoyan,resolved,exact_same_state,Veracruz De Ignacio De La Llave,Tlapacoyan,1,Veracruz De Ignacio De La Llave,NA
Veracruz De Ignacio De La Llave,Tlaquilpa,resolved,exact_same_state,Veracruz De Ignacio De La Llave,Tlaquilpa,1,Veracruz De Ignacio De La Llave,NA
Veracruz De Ignacio De La Llave,Tlilapan,resolved,exact_same_state,Veracruz De Ignacio De La Llave,Tlilapan,1,Veracruz De Ignacio De La Llave,NA
Veracruz De Ignacio De La Llave,Tomatlan,resolved,exact_same_state,Veracruz De Ignacio De La Llave,Tomatlan,2,Jalisco | Veracruz De Ignacio De La Llave,NA
Veracruz De Ignacio De La Llave,Tonayan,resolved,exact_same_state,Veracruz De Ignacio De La Llave,Tonayan,1,Veracruz De Ignacio De La Llave,NA
Veracruz De Ignacio De La Llave,Totutla,resolved,exact_same_state,Veracruz De Ignacio De La Llave,Totutla,1,Veracruz De Ignacio De La Llave,NA
Veracruz De Ignacio De La Llave,Tres Valles,resolved,exact_same_state,Veracruz De Ignacio De La Llave,Tres Valles,1,Veracruz De Ignacio De La Llave,NA
Veracruz De Ignacio De La Llave,Tuxpan,resolved,exact_same_state,Veracruz De Ignacio De La Llave,Tuxpan,4,Jalisco | Michoacan De Ocampo | Nayarit | Veracruz De Ignacio De La Llave,NA
Veracruz De Ignacio De La Llave,Tuxtilla,resolved,exact_same_state,Veracruz De Ignacio De La Llave,Tuxtilla,1,Veracruz De Ignacio De La Llave,NA
Veracruz De Ignacio De La Llave,Ursulo Galvan,resolved,exact_same_state,Veracruz De Ignacio De La Llave,Ursulo Galvan,1,Veracruz De Ignacio De La Llave,NA
Veracruz De Ignacio De La Llave,Uxpanapa,resolved,exact_same_state,Veracruz De Ignacio De La Llave,Uxpanapa,1,Veracruz De Ignacio De La Llave,NA
Veracruz De Ignacio De La Llave,Vega De Alatorre,resolved,exact_same_state,Veracruz De Ignacio De La Llave,Vega De Alatorre,1,Veracruz De Ignacio De La Llave,NA
Veracruz De Ignacio De La Llave,Veracruz,resolved,exact_same_state,Veracruz De Ignacio De La Llave,Veracruz,1,Veracruz De Ignacio De La Llave,NA
Veracruz De Ignacio De La Llave,Villa Aldama,resolved,exact_same_state,Veracruz De Ignacio De La Llave,Villa Aldama,1,Veracruz De Ignacio De La Llave,NA
Veracruz De Ignacio De La Llave,Xalapa,resolved,exact_same_state,Veracruz De Ignacio De La Llave,Xalapa,1,Veracruz De Ignacio De La Llave,NA
Veracruz De Ignacio De La Llave,Xico,resolved,exact_same_state,Veracruz De Ignacio De La Llave,Xico,1,Veracruz De Ignacio De La Llave,NA
Veracruz De Ignacio De La Llave,Xoxocotla,resolved,exact_same_state,Veracruz De Ignacio De La Llave,Xoxocotla,2,Morelos | Veracruz De Ignacio De La Llave,NA
Veracruz De Ignacio De La Llave,Yanga,resolved,exact_same_state,Veracruz De Ignacio De La Llave,Yanga,1,Veracruz De Ignacio De La Llave,NA
Veracruz De Ignacio De La Llave,Yecuatla,resolved,exact_same_state,Veracruz De Ignacio De La Llave,Yecuatla,1,Veracruz De Ignacio De La Llave,NA
Veracruz De Ignacio De La Llave,Zacualpan,resolved,exact_same_state,Veracruz De Ignacio De La Llave,Zacualpan,2,Estado De Mexico | Veracruz De Ignacio De La Llave,NA
Veracruz De Ignacio De La Llave,Zaragoza,resolved,exact_same_state,Veracruz De Ignacio De La Llave,Zaragoza,4,Coahuila De Zaragoza | Puebla | San Luis Potosi | Veracruz De Ignacio De La Llave,NA
Veracruz De Ignacio De La Llave,Zentla,resolved,exact_same_state,Veracruz De Ignacio De La Llave,Zentla,1,Veracruz De Ignacio De La Llave,NA
Veracruz De Ignacio De La Llave,Zongolica,resolved,exact_same_state,Veracruz De Ignacio De La Llave,Zongolica,1,Veracruz De Ignacio De La Llave,NA
Veracruz De Ignacio De La Llave,Zontecomatlan De Lopez Y Fuentes,resolved,exact_same_state,Veracruz De Ignacio De La Llave,Zontecomatlan De Lopez Y Fuentes,1,Veracruz De Ignacio De La Llave,NA
Veracruz De Ignacio De La Llave,Zozocolco De Hidalgo,resolved,exact_same_state,Veracruz De Ignacio De La Llave,Zozocolco De Hidalgo,1,Veracruz De Ignacio De La Llave,NA
Yucatan,Abala,resolved,exact_same_state,Yucatan,Abala,1,Yucatan,NA
Yucatan,Acanceh,resolved,exact_same_state,Yucatan,Acanceh,1,Yucatan,NA
Yucatan,Akil,resolved,exact_same_state,Yucatan,Akil,1,Yucatan,NA
Yucatan,Baca,resolved,exact_same_state,Yucatan,Baca,1,Yucatan,NA
Yucatan,Bokoba,resolved,exact_same_state,Yucatan,Bokoba,1,Yucatan,NA
Yucatan,Buctzotz,resolved,exact_same_state,Yucatan,Buctzotz,1,Yucatan,NA
Yucatan,Cacalchen,resolved,exact_same_state,Yucatan,Cacalchen,1,Yucatan,NA
Yucatan,Calotmul,resolved,exact_same_state,Yucatan,Calotmul,1,Yucatan,NA
Yucatan,Cansahcab,resolved,exact_same_state,Yucatan,Cansahcab,1,Yucatan,NA
Yucatan,Cantamayec,resolved,exact_same_state,Yucatan,Cantamayec,1,Yucatan,NA
Yucatan,Celestun,resolved,exact_same_state,Yucatan,Celestun,1,Yucatan,NA
Yucatan,Cenotillo,resolved,exact_same_state,Yucatan,Cenotillo,1,Yucatan,NA
Yucatan,Chacsinkin,resolved,exact_same_state,Yucatan,Chacsinkin,1,Yucatan,NA
Yucatan,Chankom,resolved,exact_same_state,Yucatan,Chankom,1,Yucatan,NA
Yucatan,Chapab,resolved,exact_same_state,Yucatan,Chapab,1,Yucatan,NA
Yucatan,Chemax,resolved,exact_same_state,Yucatan,Chemax,1,Yucatan,NA
Yucatan,Chichimila,resolved,exact_same_state,Yucatan,Chichimila,1,Yucatan,NA
Yucatan,Chicxulub Pueblo,resolved,exact_same_state,Yucatan,Chicxulub Pueblo,1,Yucatan,NA
Yucatan,Chikindzonot,resolved,exact_same_state,Yucatan,Chikindzonot,1,Yucatan,NA
Yucatan,Chochola,resolved,exact_same_state,Yucatan,Chochola,1,Yucatan,NA
Yucatan,Chumayel,resolved,exact_same_state,Yucatan,Chumayel,1,Yucatan,NA
Yucatan,Conkal,resolved,exact_same_state,Yucatan,Conkal,1,Yucatan,NA
Yucatan,Cuncunul,resolved,exact_same_state,Yucatan,Cuncunul,1,Yucatan,NA
Yucatan,Cuzama,resolved,exact_same_state,Yucatan,Cuzama,1,Yucatan,NA
Yucatan,Dzan,resolved,exact_same_state,Yucatan,Dzan,1,Yucatan,NA
Yucatan,Dzemul,resolved,exact_same_state,Yucatan,Dzemul,1,Yucatan,NA
Yucatan,Dzidzantun,resolved,exact_same_state,Yucatan,Dzidzantun,1,Yucatan,NA
Yucatan,Dzilam De Bravo,resolved,exact_same_state,Yucatan,Dzilam De Bravo,1,Yucatan,NA
Yucatan,Dzilam Gonzalez,resolved,exact_same_state,Yucatan,Dzilam Gonzalez,1,Yucatan,NA
Yucatan,Dzitas,resolved,exact_same_state,Yucatan,Dzitas,1,Yucatan,NA
Yucatan,Dzoncauich,resolved,exact_same_state,Yucatan,Dzoncauich,1,Yucatan,NA
Yucatan,Espita,resolved,exact_same_state,Yucatan,Espita,1,Yucatan,NA
Yucatan,Halacho,resolved,exact_same_state,Yucatan,Halacho,1,Yucatan,NA
Yucatan,Hocaba,resolved,exact_same_state,Yucatan,Hocaba,1,Yucatan,NA
Yucatan,Hoctun,resolved,exact_same_state,Yucatan,Hoctun,1,Yucatan,NA
Yucatan,Homun,resolved,exact_same_state,Yucatan,Homun,1,Yucatan,NA
Yucatan,Huhi,resolved,exact_same_state,Yucatan,Huhi,1,Yucatan,NA
Yucatan,Hunucma,resolved,exact_same_state,Yucatan,Hunucma,1,Yucatan,NA
Yucatan,Ixil,resolved,exact_same_state,Yucatan,Ixil,1,Yucatan,NA
Yucatan,Izamal,resolved,exact_same_state,Yucatan,Izamal,1,Yucatan,NA
Yucatan,Kanasin,resolved,exact_same_state,Yucatan,Kanasin,1,Yucatan,NA
Yucatan,Kantunil,resolved,exact_same_state,Yucatan,Kantunil,1,Yucatan,NA
Yucatan,Kaua,resolved,exact_same_state,Yucatan,Kaua,1,Yucatan,NA
Yucatan,Kinchil,resolved,exact_same_state,Yucatan,Kinchil,1,Yucatan,NA
Yucatan,Kopoma,resolved,exact_same_state,Yucatan,Kopoma,1,Yucatan,NA
Yucatan,Mama,resolved,exact_same_state,Yucatan,Mama,1,Yucatan,NA
Yucatan,Mani,resolved,exact_same_state,Yucatan,Mani,1,Yucatan,NA
Yucatan,Maxcanu,resolved,exact_same_state,Yucatan,Maxcanu,1,Yucatan,NA
Yucatan,Mayapan,resolved,exact_same_state,Yucatan,Mayapan,1,Yucatan,NA
Yucatan,Merida,resolved,exact_same_state,Yucatan,Merida,1,Yucatan,NA
Yucatan,Mococha,resolved,exact_same_state,Yucatan,Mococha,1,Yucatan,NA
Yucatan,Motul,resolved,exact_same_state,Yucatan,Motul,1,Yucatan,NA
Yucatan,Muna,resolved,exact_same_state,Yucatan,Muna,1,Yucatan,NA
Yucatan,Muxupip,resolved,exact_same_state,Yucatan,Muxupip,1,Yucatan,NA
Yucatan,Opichen,resolved,exact_same_state,Yucatan,Opichen,1,Yucatan,NA
Yucatan,Oxkutzcab,resolved,exact_same_state,Yucatan,Oxkutzcab,1,Yucatan,NA
Yucatan,Panaba,resolved,exact_same_state,Yucatan,Panaba,1,Yucatan,NA
Yucatan,Peto,resolved,exact_same_state,Yucatan,Peto,1,Yucatan,NA
Yucatan,Progreso,resolved,exact_same_state,Yucatan,Progreso,2,Coahuila De Zaragoza | Yucatan,NA
Yucatan,Quintana Roo,resolved,exact_same_state,Yucatan,Quintana Roo,1,Yucatan,NA
Yucatan,Rio Lagartos,resolved,exact_same_state,Yucatan,Rio Lagartos,1,Yucatan,NA
Yucatan,Sacalum,resolved,exact_same_state,Yucatan,Sacalum,1,Yucatan,NA
Yucatan,Samahil,resolved,exact_same_state,Yucatan,Samahil,1,Yucatan,NA
Yucatan,San Felipe,resolved,exact_same_state,Yucatan,San Felipe,2,Guanajuato | Yucatan,NA
Yucatan,Sanahcat,resolved,exact_same_state,Yucatan,Sanahcat,1,Yucatan,NA
Yucatan,Santa Elena,resolved,exact_same_state,Yucatan,Santa Elena,1,Yucatan,NA
Yucatan,Seye,resolved,exact_same_state,Yucatan,Seye,1,Yucatan,NA
Yucatan,Sinanche,resolved,exact_same_state,Yucatan,Sinanche,1,Yucatan,NA
Yucatan,Sotuta,resolved,exact_same_state,Yucatan,Sotuta,1,Yucatan,NA
Yucatan,Sucila,resolved,exact_same_state,Yucatan,Sucila,1,Yucatan,NA
Yucatan,Sudzal,resolved,exact_same_state,Yucatan,Sudzal,1,Yucatan,NA
Yucatan,Suma,resolved,exact_same_state,Yucatan,Suma,1,Yucatan,NA
Yucatan,Tahdziu,resolved,exact_same_state,Yucatan,Tahdziu,1,Yucatan,NA
Yucatan,Tahmek,resolved,exact_same_state,Yucatan,Tahmek,1,Yucatan,NA
Yucatan,Teabo,resolved,exact_same_state,Yucatan,Teabo,1,Yucatan,NA
Yucatan,Tecoh,resolved,exact_same_state,Yucatan,Tecoh,1,Yucatan,NA
Yucatan,Tekal De Venegas,resolved,exact_same_state,Yucatan,Tekal De Venegas,1,Yucatan,NA
Yucatan,Tekanto,resolved,exact_same_state,Yucatan,Tekanto,1,Yucatan,NA
Yucatan,Tekax,resolved,exact_same_state,Yucatan,Tekax,1,Yucatan,NA
Yucatan,Tekit,resolved,exact_same_state,Yucatan,Tekit,1,Yucatan,NA
Yucatan,Tekom,resolved,exact_same_state,Yucatan,Tekom,1,Yucatan,NA
Yucatan,Telchac Pueblo,resolved,exact_same_state,Yucatan,Telchac Pueblo,1,Yucatan,NA
Yucatan,Telchac Puerto,resolved,exact_same_state,Yucatan,Telchac Puerto,1,Yucatan,NA
Yucatan,Temax,resolved,exact_same_state,Yucatan,Temax,1,Yucatan,NA
Yucatan,Temozon,resolved,exact_same_state,Yucatan,Temozon,1,Yucatan,NA
Yucatan,Tepakan,resolved,exact_same_state,Yucatan,Tepakan,1,Yucatan,NA
Yucatan,Tetiz,resolved,exact_same_state,Yucatan,Tetiz,1,Yucatan,NA
Yucatan,Teya,resolved,exact_same_state,Yucatan,Teya,1,Yucatan,NA
Yucatan,Ticul,resolved,exact_same_state,Yucatan,Ticul,1,Yucatan,NA
Yucatan,Timucuy,resolved,exact_same_state,Yucatan,Timucuy,1,Yucatan,NA
Yucatan,Tinum,resolved,exact_same_state,Yucatan,Tinum,1,Yucatan,NA
Yucatan,Tixcacalcupul,resolved,exact_same_state,Yucatan,Tixcacalcupul,1,Yucatan,NA
Yucatan,Tixkokob,resolved,exact_same_state,Yucatan,Tixkokob,1,Yucatan,NA
Yucatan,Tixmehuac,resolved,exact_same_state,Yucatan,Tixmehuac,1,Yucatan,NA
Yucatan,Tixpehual,resolved,exact_same_state,Yucatan,Tixpehual,1,Yucatan,NA
Yucatan,Tizimin,resolved,exact_same_state,Yucatan,Tizimin,1,Yucatan,NA
Yucatan,Tunkas,resolved,exact_same_state,Yucatan,Tunkas,1,Yucatan,NA
Yucatan,Tzucacab,resolved,exact_same_state,Yucatan,Tzucacab,1,Yucatan,NA
Yucatan,Uayma,resolved,exact_same_state,Yucatan,Uayma,1,Yucatan,NA
Yucatan,Ucu,resolved,exact_same_state,Yucatan,Ucu,1,Yucatan,NA
Yucatan,Uman,resolved,exact_same_state,Yucatan,Uman,1,Yucatan,NA
Yucatan,Valladolid,resolved,exact_same_state,Yucatan,Valladolid,1,Yucatan,NA
Yucatan,Xocchel,resolved,exact_same_state,Yucatan,Xocchel,1,Yucatan,NA
Yucatan,Yaxcaba,resolved,exact_same_state,Yucatan,Yaxcaba,1,Yucatan,NA
Yucatan,Yaxkukul,resolved,exact_same_state,Yucatan,Yaxkukul,1,Yucatan,NA
Yucatan,Yobain,resolved,exact_same_state,Yucatan,Yobain,1,Yucatan,NA
Zacatecas,Apozol,resolved,exact_same_state,Zacatecas,Apozol,1,Zacatecas,NA
Zacatecas,Apulco,resolved,exact_same_state,Zacatecas,Apulco,1,Zacatecas,NA
Zacatecas,Atolinga,resolved,exact_same_state,Zacatecas,Atolinga,1,Zacatecas,NA
Zacatecas,Benito Juarez,resolved,exact_same_state,Zacatecas,Benito Juarez,7,Ciudad De Mexico | Guerrero | Quintana Roo | Sonora | Tlaxcala | Veracruz De Ignacio De La Llave | Zacatecas,NA
Zacatecas,Calera,resolved,exact_same_state,Zacatecas,Calera,1,Zacatecas,NA
Zacatecas,Canitas De Felipe Pescador,resolved,exact_same_state,Zacatecas,Canitas De Felipe Pescador,1,Zacatecas,NA
Zacatecas,Chalchihuites,resolved,exact_same_state,Zacatecas,Chalchihuites,1,Zacatecas,NA
Zacatecas,Concepcion Del Oro,resolved,exact_same_state,Zacatecas,Concepcion Del Oro,1,Zacatecas,NA
Zacatecas,Cuauhtemoc,resolved,exact_same_state,Zacatecas,Cuauhtemoc,4,Chihuahua | Ciudad De Mexico | Colima | Zacatecas,NA
Zacatecas,El Plateado De Joaquin Amaro,resolved,exact_same_state,Zacatecas,El Plateado De Joaquin Amaro,1,Zacatecas,NA
Zacatecas,El Salvador,resolved,exact_same_state,Zacatecas,El Salvador,1,Zacatecas,NA
Zacatecas,Fresnillo,resolved,exact_same_state,Zacatecas,Fresnillo,1,Zacatecas,NA
Zacatecas,Genaro Codina,resolved,exact_same_state,Zacatecas,Genaro Codina,1,Zacatecas,NA
Zacatecas,General Enrique Estrada,resolved,exact_same_state,Zacatecas,General Enrique Estrada,1,Zacatecas,NA
Zacatecas,General Francisco R. Murguia,resolved,exact_same_state,Zacatecas,General Francisco R. Murguia,1,Zacatecas,NA
Zacatecas,General Panfilo Natera,resolved,exact_same_state,Zacatecas,General Panfilo Natera,1,Zacatecas,NA
Zacatecas,Guadalupe,resolved,exact_same_state,Zacatecas,Guadalupe,4,Chihuahua | Nuevo Leon | Puebla | Zacatecas,NA
Zacatecas,Huanusco,resolved,exact_same_state,Zacatecas,Huanusco,1,Zacatecas,NA
Zacatecas,Jalpa,resolved,exact_same_state,Zacatecas,Jalpa,1,Zacatecas,NA
Zacatecas,Jerez,resolved,exact_same_state,Zacatecas,Jerez,1,Zacatecas,NA
Zacatecas,Jimenez Del Teul,resolved,exact_same_state,Zacatecas,Jimenez Del Teul,1,Zacatecas,NA
Zacatecas,Juan Aldama,resolved,exact_same_state,Zacatecas,Juan Aldama,1,Zacatecas,NA
Zacatecas,Juchipila,resolved,exact_same_state,Zacatecas,Juchipila,1,Zacatecas,NA
Zacatecas,Loreto,resolved,exact_same_state,Zacatecas,Loreto,2,Baja California Sur | Zacatecas,NA
Zacatecas,Luis Moya,resolved,exact_same_state,Zacatecas,Luis Moya,1,Zacatecas,NA
Zacatecas,Mazapil,resolved,exact_same_state,Zacatecas,Mazapil,1,Zacatecas,NA
Zacatecas,Melchor Ocampo,resolved,exact_same_state,Zacatecas,Melchor Ocampo,3,Estado De Mexico | Nuevo Leon | Zacatecas,NA
Zacatecas,Mezquital Del Oro,resolved,exact_same_state,Zacatecas,Mezquital Del Oro,1,Zacatecas,NA
Zacatecas,Miguel Auza,resolved,exact_same_state,Zacatecas,Miguel Auza,1,Zacatecas,NA
Zacatecas,Momax,resolved,exact_same_state,Zacatecas,Momax,1,Zacatecas,NA
Zacatecas,Monte Escobedo,resolved,exact_same_state,Zacatecas,Monte Escobedo,1,Zacatecas,NA
Zacatecas,Morelos,resolved,exact_same_state,Zacatecas,Morelos,5,Chihuahua | Coahuila De Zaragoza | Estado De Mexico | Michoacan De Ocampo | Zacatecas,NA
Zacatecas,Moyahua De Estrada,resolved,exact_same_state,Zacatecas,Moyahua De Estrada,1,Zacatecas,NA
Zacatecas,Nochistlan De Mejia,resolved,exact_same_state,Zacatecas,Nochistlan De Mejia,1,Zacatecas,NA
Zacatecas,Noria De Angeles,resolved,exact_same_state,Zacatecas,Noria De Angeles,1,Zacatecas,NA
Zacatecas,Ojocaliente,resolved,exact_same_state,Zacatecas,Ojocaliente,1,Zacatecas,NA
Zacatecas,Panuco,resolved,exact_same_state,Zacatecas,Panuco,2,Veracruz De Ignacio De La Llave | Zacatecas,NA
Zacatecas,Pinos,resolved,exact_same_state,Zacatecas,Pinos,1,Zacatecas,NA
Zacatecas,Rio Grande,resolved,exact_same_state,Zacatecas,Rio Grande,1,Zacatecas,NA
Zacatecas,Sain Alto,resolved,exact_same_state,Zacatecas,Sain Alto,1,Zacatecas,NA
Zacatecas,Santa Maria De La Paz,resolved,exact_same_state,Zacatecas,Santa Maria De La Paz,1,Zacatecas,NA
Zacatecas,Sombrerete,resolved,exact_same_state,Zacatecas,Sombrerete,1,Zacatecas,NA
Zacatecas,Susticacan,resolved,exact_same_state,Zacatecas,Susticacan,1,Zacatecas,NA
Zacatecas,Tabasco,resolved,exact_same_state,Zacatecas,Tabasco,1,Zacatecas,NA
Zacatecas,Tepechitlan,resolved,exact_same_state,Zacatecas,Tepechitlan,1,Zacatecas,NA
Zacatecas,Tepetongo,resolved,exact_same_state,Zacatecas,Tepetongo,1,Zacatecas,NA
Zacatecas,Teul De Gonzalez Ortega,resolved,exact_same_state,Zacatecas,Teul De Gonzalez Ortega,1,Zacatecas,NA
Zacatecas,Tlaltenango De Sanchez Roman,resolved,exact_same_state,Zacatecas,Tlaltenango De Sanchez Roman,1,Zacatecas,NA
Zacatecas,Trancoso,resolved,exact_same_state,Zacatecas,Trancoso,1,Zacatecas,NA
Zacatecas,Trinidad Garcia De La Cadena,resolved,exact_same_state,Zacatecas,Trinidad Garcia De La Cadena,1,Zacatecas,NA
Zacatecas,Valparaiso,resolved,exact_same_state,Zacatecas,Valparaiso,1,Zacatecas,NA
Zacatecas,Vetagrande,resolved,exact_same_state,Zacatecas,Vetagrande,1,Zacatecas,NA
Zacatecas,Villa De Cos,resolved,exact_same_state,Zacatecas,Villa De Cos,1,Zacatecas,NA
Zacatecas,Villa Garcia,resolved,exact_same_state,Zacatecas,Villa Garcia,1,Zacatecas,NA
Zacatecas,Villa Gonzalez Ortega,resolved,exact_same_state,Zacatecas,Villa Gonzalez Ortega,1,Zacatecas,NA
Zacatecas,Villa Hidalgo,resolved,exact_same_state,Zacatecas,Villa Hidalgo,4,Jalisco | San Luis Potosi | Sonora | Zacatecas,NA
Zacatecas,Villanueva,resolved,exact_same_state,Zacatecas,Villanueva,1,Zacatecas,NA
Zacatecas,Zacatecas,resolved,exact_same_state,Zacatecas,Zacatecas,1,Zacatecas,NA
