period_date,year,quarter,year_quarter,us_state,remittances_musd,remittances_kusd,asinh_remittances,mean_pga,max_pga,dominant_event,event_weight,matched_flow_musd,unmatched_flow_musd,matched_flow_share,exposed_flow_musd,exposed_flow_share,light_flow_share,moderate_flow_share,heavy_flow_share,recipient_municipalities,exposed_recipient_municipalities
2013-01-01,2013,1,2013Q1,Alabama,46.995605,46995.605,11.4509565463546,0,0,"",0,46.9442846670567,0.0513203329433424,0.998907975906612,0,0,0,0,0,2451,0
2013-01-01,2013,1,2013Q1,Alaska,8.924355,8924.355,9.78968651882766,0,0,"",0,8.92435499815323,1.84677615027704e-09,0.999999999793063,0,0,0,0,0,2451,0
2013-01-01,2013,1,2013Q1,Arizona,121.102347,121102.347,12.3975384906075,0,0,"",0,121.047783991975,0.0545630080252152,0.999549447146345,0,0,0,0,0,2451,0
2013-01-01,2013,1,2013Q1,Arkansas,38.739154,38739.154,11.2577532795554,0,0,"",0,38.6937922269635,0.0453617730364759,0.99882904585277,0,0,0,0,0,2451,0
2013-01-01,2013,1,2013Q1,California,1403.262699,1403262.699,14.8474577630296,0,0,"",0,1402.21246092032,1.05023807968083,0.999251574148996,0,0,0,0,0,2451,0
2013-01-01,2013,1,2013Q1,Colorado,117.245123,117245.123,12.3651692711388,0,0,"",0,117.163501284629,0.0816217153715009,0.999303837010163,0,0,0,0,0,2451,0
2013-01-01,2013,1,2013Q1,Connecticut,15.838646,15838.646,10.3633553634733,0,0,"",0,15.8229140701141,0.0157319298859083,0.999006737704353,0,0,0,0,0,2451,0
2013-01-01,2013,1,2013Q1,Delaware,9.4098,9409.8,9.84265416175182,0,0,"",0,9.39757715819107,0.0122228418089264,0.998701051902386,0,0,0,0,0,2451,0
2013-01-01,2013,1,2013Q1,District Of Columbia,3.287955,3287.955,8.79116827363632,0,0,"",0,3.28795499909514,9.04863497697267e-10,0.999999999724795,0,0,0,0,0,2451,0
2013-01-01,2013,1,2013Q1,Florida,218.941865,218941.865,12.9897086975029,0,0,"",0,206.454521210856,12.4873437891437,0.942965025034642,0,0,0,0,0,2451,0
2013-01-01,2013,1,2013Q1,Georgia,153.676744,153676.744,12.6357537909067,0,0,"",0,153.464896927427,0.211847072573265,0.998621476047324,0,0,0,0,0,2451,0
2013-01-01,2013,1,2013Q1,Hawaii,3.315527,3315.527,8.79951906764612,0,0,"",0,3.31552699931955,6.80452575506735e-10,0.999999999794768,0,0,0,0,0,2451,0
2013-01-01,2013,1,2013Q1,Idaho,19.133225,19133.225,10.5523288128455,0,0,"",0,19.0149193098083,0.118305690191747,0.993816740764207,0,0,0,0,0,2451,0
2013-01-01,2013,1,2013Q1,Illinois,259.211669,259211.669,13.1585474423007,0,0,"",0,259.072230610943,0.139438389057472,0.999462067469434,0,0,0,0,0,2451,0
2013-01-01,2013,1,2013Q1,Indiana,56.093548,56093.548,11.6279232566235,0,0,"",0,56.0505379493069,0.0430100506930902,0.999233244245968,0,0,0,0,0,2451,0
2013-01-01,2013,1,2013Q1,Iowa,21.464725,21464.725,10.6673133501255,0,0,"",0,21.457856545028,0.00686845497204747,0.999680011974435,0,0,0,0,0,2451,0
2013-01-01,2013,1,2013Q1,Kansas,39.895322,39895.322,11.2871615336137,0,0,"",0,39.8606138431072,0.0347081568928097,0.999130019381901,0,0,0,0,0,2451,0
2013-01-01,2013,1,2013Q1,Kentucky,30.570408,30570.408,11.0209349420413,0,0,"",0,30.5478836069602,0.0225243930398492,0.999263196191564,0,0,0,0,0,2451,0
2013-01-01,2013,1,2013Q1,Louisiana,58.049193,58049.193,11.6621932658548,0,0,"",0,57.9586682936124,0.0905247063876155,0.998440551854224,0,0,0,0,0,2451,0
2013-01-01,2013,1,2013Q1,Maine,1.918004,1918.004,8.25218758946495,0,0,"",0,1.91800399961866,3.81340509483296e-10,0.999999999801178,0,0,0,0,0,2451,0
2013-01-01,2013,1,2013Q1,Maryland,31.855097,31855.097,11.0620998604001,0,0,"",0,31.7987292215677,0.0563677784322766,0.998230494214716,0,0,0,0,0,2451,0
2013-01-01,2013,1,2013Q1,Massachusetts,9.492873,9492.873,9.85144376884777,0,0,"",0,9.44721394064394,0.0456590593560593,0.995190174844216,0,0,0,0,0,2451,0
2013-01-01,2013,1,2013Q1,Michigan,40.373004,40373.004,11.2990638034837,0,0,"",0,40.3202775229797,0.0527264770203168,0.998694016501216,0,0,0,0,0,2451,0
2013-01-01,2013,1,2013Q1,Minnesota,71.828277,71828.277,11.8751806881976,0,0,"",0,71.777427439019,0.0508495609810281,0.999292067649332,0,0,0,0,0,2451,0
2013-01-01,2013,1,2013Q1,Mississippi,23.245973,23245.973,10.7470343727354,0,0,"",0,23.2399026733819,0.00607032661812412,0.999738865453465,0,0,0,0,0,2451,0
2013-01-01,2013,1,2013Q1,Missouri,26.816833,26816.833,10.8899322472511,0,0,"",0,26.7977642641469,0.0190687358530682,0.999288926628545,0,0,0,0,0,2451,0
2013-01-01,2013,1,2013Q1,Montana,0.975621,975.621,7.57622163453539,0,0,"",0,0.975620999762638,2.37362270036306e-10,0.999999999756706,0,0,0,0,0,2451,0
2013-01-01,2013,1,2013Q1,Nebraska,22.497815,22497.815,10.7143206534197,0,0,"",0,22.4792789632884,0.0185360367116279,0.99917609613593,0,0,0,0,0,2451,0
2013-01-01,2013,1,2013Q1,Nevada,61.996394,61996.394,11.7279786816705,0,0,"",0,61.8895989609223,0.106795039077746,0.998277399181027,0,0,0,0,0,2451,0
2013-01-01,2013,1,2013Q1,New Hampshire,2.848132,2848.132,8.64756583115146,0,0,"",0,2.84813199946135,5.38653005181796e-10,0.999999999810875,0,0,0,0,0,2451,0
2013-01-01,2013,1,2013Q1,New Jersey,89.916528,89916.528,12.0997842328733,0,0,"",0,89.8215608768009,0.0949671231990491,0.99894383017993,0,0,0,0,0,2451,0
2013-01-01,2013,1,2013Q1,New Mexico,38.907756,38907.756,11.2620960734909,0,0,"",0,38.8991670383307,0.00858896166926292,0.999779248084386,0,0,0,0,0,2451,0
2013-01-01,2013,1,2013Q1,New York,200.694085,200694.085,12.9026842430677,0,0,"",0,200.614632597545,0.0794524024551462,0.999604111887726,0,0,0,0,0,2451,0
2013-01-01,2013,1,2013Q1,North Carolina,132.649076,132649.076,12.4886095744166,0,0,"",0,132.555707539391,0.0933684606089211,0.999296124304636,0,0,0,0,0,2451,0
2013-01-01,2013,1,2013Q1,North Dakota,3.62542,3625.42,8.88887262222676,0,0,"",0,3.62541999916806,8.31944729283556e-10,0.999999999770525,0,0,0,0,0,2451,0
2013-01-01,2013,1,2013Q1,Ohio,43.093146,43093.146,11.3642664186185,0,0,"",0,43.0608143191477,0.0323316808523017,0.99924972567906,0,0,0,0,0,2451,0
2013-01-01,2013,1,2013Q1,Oklahoma,51.828383,51828.383,11.5488403932023,0,0,"",0,51.7998636707623,0.0285193292376871,0.999449735307434,0,0,0,0,0,2451,0
2013-01-01,2013,1,2013Q1,Oregon,67.16488,67164.88,11.8080529514661,0,0,"",0,67.0991445288465,0.0657354711535368,0.999021282087402,0,0,0,0,0,2451,0
2013-01-01,2013,1,2013Q1,Pennsylvania,45.970181,45970.181,11.4288954068212,0,0,"",0,45.936178168808,0.0340028311919778,0.999260328533578,0,0,0,0,0,2451,0
2013-01-01,2013,1,2013Q1,Rhode Island,2.580926,2580.926,8.5490507463407,0,0,"",0,2.58092599935417,6.45831766411889e-10,0.999999999749767,0,0,0,0,0,2451,0
2013-01-01,2013,1,2013Q1,South Carolina,57.449641,57449.641,11.651811214981,0,0,"",0,57.3622214664298,0.0874195335702148,0.998478327591809,0,0,0,0,0,2451,0
2013-01-01,2013,1,2013Q1,South Dakota,3.065886,3065.886,8.72123908390107,0,0,"",0,3.0658859993812,6.18798436594493e-10,0.999999999798167,0,0,0,0,0,2451,0
2013-01-01,2013,1,2013Q1,Tennessee,66.986933,66986.933,11.8054000301172,0,0,"",0,66.9488889303897,0.0380440696102778,0.999432067301689,0,0,0,0,0,2451,0
2013-01-01,2013,1,2013Q1,Texas,670.099246,670099.246,14.1083282893159,0,0,"",0,669.480089826554,0.619156173446178,0.999076023175459,0,0,0,0,0,2451,0
2013-01-01,2013,1,2013Q1,Utah,47.224343,47224.343,11.4558119608222,0,0,"",0,47.1706392179326,0.0537037820674466,0.998862794511139,0,0,0,0,0,2451,0
2013-01-01,2013,1,2013Q1,Vermont,0.974121,974.121,7.57468296992564,0,0,"",0,0.974120999858656,1.41343691060097e-10,0.999999999854901,0,0,0,0,0,2451,0
2013-01-01,2013,1,2013Q1,Virginia,49.38657,49386.57,11.500580984529,0,0,"",0,49.2951222555033,0.0914477444966927,0.998148327683079,0,0,0,0,0,2451,0
2013-01-01,2013,1,2013Q1,Washington,113.102348,113102.348,12.3291956028572,0,0,"",0,112.961169375878,0.141178624121979,0.998751762216979,0,0,0,0,0,2451,0
2013-01-01,2013,1,2013Q1,West Virginia,3.301347,3301.347,8.79523304948727,0,0,"",0,3.30134699923083,7.69175336968721e-10,0.999999999767012,0,0,0,0,0,2451,0
2013-01-01,2013,1,2013Q1,Wisconsin,42.279023,42279.023,11.3451935125646,0,0,"",0,42.2261197927791,0.05290320722093,0.998748712636502,0,0,0,0,0,2451,0
2013-01-01,2013,1,2013Q1,Wyoming,7.547462,7547.462,9.62211381173726,0,0,"",0,7.54746199855612,1.44387879717247e-09,0.999999999808693,0,0,0,0,0,2451,0
2013-04-01,2013,2,2013Q2,Alabama,60.555131,60555.131,11.7044566659035,0,0,"",0,60.4475605862967,0.107570413703316,0.998223595392712,0,0,0,0,0,2451,0
2013-04-01,2013,2,2013Q2,Alaska,12.480323,12480.323,10.1250557051638,0,0,"",0,12.4803229975305,2.46945223582094e-09,0.999999999802132,0,0,0,0,0,2451,0
2013-04-01,2013,2,2013Q2,Arizona,134.002384,134002.384,12.4987600503934,0,0,"",0,133.923160923196,0.0792230768045025,0.999408793527102,0,0,0,0,0,2451,0
2013-04-01,2013,2,2013Q2,Arkansas,44.441293,44441.293,11.3950715194264,0,0,"",0,44.360920986159,0.0803720138409925,0.998191501452467,0,0,0,0,0,2451,0
2013-04-01,2013,2,2013Q2,California,1604.162014,1604162.014,14.9812592491023,0,0,"",0,1602.79711308085,1.36490091915016,0.999149150206003,0,0,0,0,0,2451,0
2013-04-01,2013,2,2013Q2,Colorado,144.41304,144413.04,12.5735799866447,0,0,"",0,144.268643766779,0.144396233221059,0.999000116379926,0,0,0,0,0,2451,0
2013-04-01,2013,2,2013Q2,Connecticut,21.490941,21490.941,10.6685339575874,0,0,"",0,21.4616764554001,0.0292645445999155,0.998638284633515,0,0,0,0,0,2451,0
2013-04-01,2013,2,2013Q2,Delaware,13.283608,13283.608,10.187433254854,0,0,"",0,13.2549567525128,0.0286512474872072,0.997843112542375,0,0,0,0,0,2451,0
2013-04-01,2013,2,2013Q2,District Of Columbia,4.131165,4131.165,9.0194619237103,0,0,"",0,4.13116499880157,1.19843453955023e-09,0.999999999709904,0,0,0,0,0,2451,0
2013-04-01,2013,2,2013Q2,Florida,252.123631,252123.631,13.1308220259593,0,0,"",0,237.614946058084,14.5086849419159,0.942454085385134,0,0,0,0,0,2451,0
2013-04-01,2013,2,2013Q2,Georgia,204.09317,204093.17,12.9194790648157,0,0,"",0,203.697728195712,0.395441804288038,0.998062444694803,0,0,0,0,0,2451,0
2013-04-01,2013,2,2013Q2,Hawaii,3.376702,3376.702,8.81780197497398,0,0,"",0,3.37670199928499,7.15013622406862e-10,0.999999999788251,0,0,0,0,0,2451,0
2013-04-01,2013,2,2013Q2,Idaho,29.27008,29270.08,10.9774682937078,0,0,"",0,29.104860014967,0.165219985032968,0.994355328545977,0,0,0,0,0,2451,0
2013-04-01,2013,2,2013Q2,Illinois,291.064098,291064.098,13.2744459705023,0,0,"",0,290.891469971065,0.172628028934996,0.999406907172265,0,0,0,0,0,2451,0
2013-04-01,2013,2,2013Q2,Indiana,77.839652,77839.652,11.955553426742,0,0,"",0,77.7641448225743,0.0755071774256827,0.999029965120789,0,0,0,0,0,2451,0
2013-04-01,2013,2,2013Q2,Iowa,26.442631,26442.631,10.8758799782532,0,0,"",0,26.4347046689392,0.00792633106084766,0.999700244235876,0,0,0,0,0,2451,0
2013-04-01,2013,2,2013Q2,Kansas,47.294045,47294.045,11.4572868487058,0,0,"",0,47.2384024869814,0.0556425130186361,0.998823477395122,0,0,0,0,0,2451,0
2013-04-01,2013,2,2013Q2,Kentucky,40.414036,40414.036,11.3000796100665,0,0,"",0,40.3644590472195,0.049576952780497,0.998773273899679,0,0,0,0,0,2451,0
2013-04-01,2013,2,2013Q2,Louisiana,71.809878,71809.878,11.8749245027836,0,0,"",0,71.6466180121301,0.163259987869884,0.997726496793799,0,0,0,0,0,2451,0
2013-04-01,2013,2,2013Q2,Maine,2.892067,2892.067,8.66287396081829,0,0,"",0,2.89206699946394,5.36056032289443e-10,0.999999999814646,0,0,0,0,0,2451,0
2013-04-01,2013,2,2013Q2,Maryland,42.718547,42718.547,11.3555356415803,0,0,"",0,42.6081578622377,0.110389137762357,0.997415896711975,0,0,0,0,0,2451,0
2013-04-01,2013,2,2013Q2,Massachusetts,12.05037,12050.37,10.0899978261232,0,0,"",0,11.9730695446763,0.0773004553237164,0.993585221422768,0,0,0,0,0,2451,0
2013-04-01,2013,2,2013Q2,Michigan,48.893595,48893.595,11.4905488659536,0,0,"",0,48.8012947364083,0.0923002635916785,0.998112221783003,0,0,0,0,0,2451,0
2013-04-01,2013,2,2013Q2,Minnesota,84.683095,84683.095,12.039818454538,0,0,"",0,84.5931949578431,0.0899000421569416,0.998938394467551,0,0,0,0,0,2451,0
2013-04-01,2013,2,2013Q2,Mississippi,29.467042,29467.042,10.9841748782809,0,0,"",0,29.458374698469,0.0086673015309754,0.999705864554339,0,0,0,0,0,2451,0
2013-04-01,2013,2,2013Q2,Missouri,34.431695,34431.695,11.139879966214,0,0,"",0,34.4089835346496,0.0227114653503834,0.999340390725743,0,0,0,0,0,2451,0
2013-04-01,2013,2,2013Q2,Montana,3.905532,3905.532,8.96329648553992,0,0,"",0,3.90553199901221,9.87788549549687e-10,0.99999999974708,0,0,0,0,0,2451,0
2013-04-01,2013,2,2013Q2,Nebraska,28.045017,28045.017,10.9347134289887,0,0,"",0,28.005574368309,0.0394426316910081,0.998593595728931,0,0,0,0,0,2451,0
2013-04-01,2013,2,2013Q2,Nevada,69.29287,69292.87,11.839244474494,0,0,"",0,69.1707908510563,0.122079148943744,0.998238214856107,0,0,0,0,0,2451,0
2013-04-01,2013,2,2013Q2,New Hampshire,3.38347,3383.47,8.81980429147274,0,0,"",0,3.3834699994082,5.91803635217882e-10,0.99999999982509,0,0,0,0,0,2451,0
2013-04-01,2013,2,2013Q2,New Jersey,120.223092,120223.092,12.3902515763539,0,0,"",0,120.051049096655,0.172042903344734,0.998568969567471,0,0,0,0,0,2451,0
2013-04-01,2013,2,2013Q2,New Mexico,44.717922,44717.922,11.4012768205291,0,0,"",0,44.7015622462979,0.0163597537020841,0.999634156665373,0,0,0,0,0,2451,0
2013-04-01,2013,2,2013Q2,New York,226.635898,226635.898,13.0242472157173,0,0,"",0,226.501497360367,0.134400639632809,0.999406975502033,0,0,0,0,0,2451,0
2013-04-01,2013,2,2013Q2,North Carolina,177.421587,177421.587,12.779431207479,0,0,"",0,177.242573101568,0.179013898431849,0.998991025266661,0,0,0,0,0,2451,0
2013-04-01,2013,2,2013Q2,North Dakota,16.63853,16638.53,10.4126235505897,0,0,"",0,16.6385299957491,4.25086251399682e-09,0.999999999744517,0,0,0,0,0,2451,0
2013-04-01,2013,2,2013Q2,Ohio,60.478154,60478.154,11.7031846685291,0,0,"",0,60.4191866298223,0.0589673701777474,0.999024980653713,0,0,0,0,0,2451,0
2013-04-01,2013,2,2013Q2,Oklahoma,60.130045,60130.045,11.6974120930409,0,0,"",0,60.0846291334847,0.0454158665153411,0.99924470592837,0,0,0,0,0,2451,0
2013-04-01,2013,2,2013Q2,Oregon,82.380786,82380.786,12.0122546896921,0,0,"",0,82.298046307154,0.0827396928460412,0.998995643318504,0,0,0,0,0,2451,0
2013-04-01,2013,2,2013Q2,Pennsylvania,64.778157,64778.157,11.7718709228012,0,0,"",0,64.7001844988233,0.0779725011766487,0.998796314918675,0,0,0,0,0,2451,0
2013-04-01,2013,2,2013Q2,Rhode Island,2.925488,2925.488,8.67436379312769,0,0,"",0,2.92548799926158,7.38424004296939e-10,0.999999999747589,0,0,0,0,0,2451,0
2013-04-01,2013,2,2013Q2,South Carolina,73.835277,73835.277,11.902739085115,0,0,"",0,73.6614284145312,0.173848585468778,0.9976454536025,0,0,0,0,0,2451,0
2013-04-01,2013,2,2013Q2,South Dakota,4.181648,4181.648,9.03160790104955,0,0,"",0,4.18164799914058,8.59420034441331e-10,0.999999999794478,0,0,0,0,0,2451,0
2013-04-01,2013,2,2013Q2,Tennessee,86.41093,86410.93,12.0600166320142,0,0,"",0,86.3355151515341,0.0754148484658772,0.999127253364061,0,0,0,0,0,2451,0
2013-04-01,2013,2,2013Q2,Texas,767.076011,767076.011,14.2434883576944,0,0,"",0,765.984532797416,1.09147820258407,0.998577092508523,0,0,0,0,0,2451,0
2013-04-01,2013,2,2013Q2,Utah,56.420881,56420.881,11.6337417801027,0,0,"",0,56.3433413278837,0.0775396721163486,0.998625691929264,0,0,0,0,0,2451,0
2013-04-01,2013,2,2013Q2,Vermont,0.981136,981.136,7.58185852426905,0,0,"",0,0.98113599984792,1.52080450648608e-10,0.999999999844995,0,0,0,0,0,2451,0
2013-04-01,2013,2,2013Q2,Virginia,64.438131,64438.131,11.7666080137661,0,0,"",0,64.2875635183807,0.150567481619256,0.997663379131539,0,0,0,0,0,2451,0
2013-04-01,2013,2,2013Q2,Washington,139.625544,139625.544,12.5398666130871,0,0,"",0,139.402420734644,0.223123265356465,0.998401988211008,0,0,0,0,0,2451,0
2013-04-01,2013,2,2013Q2,West Virginia,3.391736,3391.736,8.82224436598594,0,0,"",0,3.39173599919349,8.06508192531661e-10,0.999999999762214,0,0,0,0,0,2451,0
2013-04-01,2013,2,2013Q2,Wisconsin,58.624674,58624.674,11.6720581255982,0,0,"",0,58.5435481376473,0.0811258623526904,0.998616182286102,0,0,0,0,0,2451,0
2013-04-01,2013,2,2013Q2,Wyoming,9.007772,9007.772,9.79899022286537,0,0,"",0,9.00777199827493,1.72506861133421e-09,0.999999999808491,0,0,0,0,0,2451,0
2013-07-01,2013,3,2013Q3,Alabama,45.960645,45960.645,11.4286879464851,0,0,"",0,45.8869068369516,0.0737381630484142,0.99839562384191,0,0,0,0,0,2451,0
2013-07-01,2013,3,2013Q3,Alaska,12.17758,12177.58,10.1004990173978,0,0,"",0,12.1775799969305,3.06950886306327e-09,0.999999999747938,0,0,0,0,0,2451,0
2013-07-01,2013,3,2013Q3,Arizona,110.283953,110283.953,12.3039608901973,0,0,"",0,110.219594116963,0.0643588830374993,0.999416425678562,0,0,0,0,0,2451,0
2013-07-01,2013,3,2013Q3,Arkansas,40.630385,40630.385,11.3054186454051,0,0,"",0,40.5630178628041,0.0673671371958682,0.998341951788154,0,0,0,0,0,2451,0
2013-07-01,2013,3,2013Q3,California,1394.922354,1394922.354,14.8414964920335,0,0,"",0,1393.725398801,1.19695519900087,0.999141919838356,0,0,0,0,0,2451,0
2013-07-01,2013,3,2013Q3,Colorado,137.060057,137060.057,12.5213216615892,0,0,"",0,136.930690752029,0.129366247970843,0.99905613458215,0,0,0,0,0,2451,0
2013-07-01,2013,3,2013Q3,Connecticut,16.659558,16659.558,10.4138865662174,0,0,"",0,16.6373693265433,0.0221886734566983,0.998668111515522,0,0,0,0,0,2451,0
2013-07-01,2013,3,2013Q3,Delaware,12.790885,12790.885,10.1496352689504,0,0,"",0,12.7658242775409,0.0250607224591421,0.998040735847509,0,0,0,0,0,2451,0
2013-07-01,2013,3,2013Q3,District Of Columbia,3.024256,3024.256,8.70756759769488,0,0,"",0,3.02425599890583,1.09417439160043e-09,0.999999999638201,0,0,0,0,0,2451,0
2013-07-01,2013,3,2013Q3,Florida,195.354864,195354.864,12.8757201796392,0,0,"",0,182.350289809698,13.0045741903023,0.933431019202561,0,0,0,0,0,2451,0
2013-07-01,2013,3,2013Q3,Georgia,160.6495,160649.5,12.6801274327527,0,0,"",0,160.359402565667,0.29009743433277,0.998194221368054,0,0,0,0,0,2451,0
2013-07-01,2013,3,2013Q3,Hawaii,2.87589,2875.89,8.65726468133039,0,0,"",0,2.87588999925649,7.43514576910432e-10,0.999999999741466,0,0,0,0,0,2451,0
2013-07-01,2013,3,2013Q3,Idaho,27.114834,27114.834,10.9009834180838,0,0,"",0,26.9434963514103,0.171337648589733,0.993681036417567,0,0,0,0,0,2451,0
2013-07-01,2013,3,2013Q3,Illinois,239.410865,239410.865,13.0790836359345,0,0,"",0,239.261524523586,0.149340476414421,0.999376216796116,0,0,0,0,0,2451,0
2013-07-01,2013,3,2013Q3,Indiana,67.205154,67205.154,11.8086524006141,0,0,"",0,67.1415451842741,0.063608815725922,0.999053512834359,0,0,0,0,0,2451,0
2013-07-01,2013,3,2013Q3,Iowa,27.856298,27856.298,10.9279615407077,0,0,"",0,27.8469194435658,0.00937855643415494,0.999663323660806,0,0,0,0,0,2451,0
2013-07-01,2013,3,2013Q3,Kansas,43.958617,43958.617,11.3841511282934,0,0,"",0,43.9093805098587,0.0492364901412745,0.998879935414227,0,0,0,0,0,2451,0
2013-07-01,2013,3,2013Q3,Kentucky,42.884543,42884.543,11.359413917657,0,0,"",0,42.8373327840699,0.047210215930058,0.998899132120166,0,0,0,0,0,2451,0
2013-07-01,2013,3,2013Q3,Louisiana,64.791622,64791.622,11.7720787644777,0,0,"",0,64.6569632987514,0.134658701248632,0.997921664914507,0,0,0,0,0,2451,0
2013-07-01,2013,3,2013Q3,Maine,1.230947,1230.947,7.80868641638159,0,0,"",0,1.23094699970961,2.90394355371504e-10,0.999999999764089,0,0,0,0,0,2451,0
2013-07-01,2013,3,2013Q3,Maryland,38.270653,38270.653,11.2455858219784,0,0,"",0,38.1751845318775,0.0954684681224855,0.997505439269027,0,0,0,0,0,2451,0
2013-07-01,2013,3,2013Q3,Massachusetts,10.957485,10957.485,9.99492524600876,0,0,"",0,10.8899864266305,0.0674985733695427,0.993839957493025,0,0,0,0,0,2451,0
2013-07-01,2013,3,2013Q3,Michigan,51.726761,51726.761,11.5468777281202,0,0,"",0,51.6360070282924,0.0907539717076259,0.998245512188408,0,0,0,0,0,2451,0
2013-07-01,2013,3,2013Q3,Minnesota,92.339578,92339.578,12.1263753065727,0,0,"",0,92.24552524512,0.0940527548800111,0.998981446992534,0,0,0,0,0,2451,0
2013-07-01,2013,3,2013Q3,Mississippi,28.283845,28283.845,10.9431932534515,0,0,"",0,28.276385370478,0.00745962952203273,0.999736258294372,0,0,0,0,0,2451,0
2013-07-01,2013,3,2013Q3,Missouri,34.746794,34746.794,11.148989768511,0,0,"",0,34.7216504214671,0.0251435785328624,0.9992763770225,0,0,0,0,0,2451,0
2013-07-01,2013,3,2013Q3,Montana,2.187365,2187.365,8.38360013485294,0,0,"",0,2.18736499930157,6.984285433717e-10,0.999999999680699,0,0,0,0,0,2451,0
2013-07-01,2013,3,2013Q3,Nebraska,27.335851,27335.851,10.909101523987,0,0,"",0,27.3010900819811,0.0347609180189008,0.998728376225825,0,0,0,0,0,2451,0
2013-07-01,2013,3,2013Q3,Nevada,59.501634,59501.634,11.6869062339721,0,0,"",0,59.3912181273927,0.110415872607316,0.998144322009589,0,0,0,0,0,2451,0
2013-07-01,2013,3,2013Q3,New Hampshire,3.122675,3122.675,8.73959249146323,0,0,"",0,3.12267499931098,6.8901577116599e-10,0.999999999779351,0,0,0,0,0,2451,0
2013-07-01,2013,3,2013Q3,New Jersey,107.066488,107066.488,12.2743524842248,0,0,"",0,106.918886914814,0.147601085185647,0.998621407240091,0,0,0,0,0,2451,0
2013-07-01,2013,3,2013Q3,New Mexico,32.955844,32955.844,11.0960710646302,0,0,"",0,32.9450214840226,0.0108225159773589,0.999671605558718,0,0,0,0,0,2451,0
2013-07-01,2013,3,2013Q3,New York,193.961088,193961.088,12.8685600211741,0,0,"",0,193.854966654738,0.106121345261897,0.999452873015118,0,0,0,0,0,2451,0
2013-07-01,2013,3,2013Q3,North Carolina,169.840425,169840.425,12.7357617792978,0,0,"",0,169.678873087819,0.161551912181423,0.999048801766827,0,0,0,0,0,2451,0
2013-07-01,2013,3,2013Q3,North Dakota,8.187432,8187.432,9.7035027588549,0,0,"",0,8.18743199762964,2.37036467792317e-09,0.999999999710488,0,0,0,0,0,2451,0
2013-07-01,2013,3,2013Q3,Ohio,54.318431,54318.431,11.5957660580713,0,0,"",0,54.2663375002103,0.0520934997897009,0.999040960888769,0,0,0,0,0,2451,0
2013-07-01,2013,3,2013Q3,Oklahoma,57.669281,57669.281,11.6556270996794,0,0,"",0,57.6283071798475,0.0409738201525267,0.999289503537377,0,0,0,0,0,2451,0
2013-07-01,2013,3,2013Q3,Oregon,78.452298,78452.298,11.9633932308757,0,0,"",0,78.3678041733051,0.0844938266948594,0.998922991055089,0,0,0,0,0,2451,0
2013-07-01,2013,3,2013Q3,Pennsylvania,57.311697,57311.697,11.6494071986316,0,0,"",0,57.2486521123237,0.0630448876763543,0.998899964737105,0,0,0,0,0,2451,0
2013-07-01,2013,3,2013Q3,Rhode Island,2.4884,2488.4,8.51254243357461,0,0,"",0,2.48839999922991,7.70086742766911e-10,0.99999999969053,0,0,0,0,0,2451,0
2013-07-01,2013,3,2013Q3,South Carolina,60.604338,60604.338,11.7052689342818,0,0,"",0,60.4741559901625,0.130182009837558,0.997851935783251,0,0,0,0,0,2451,0
2013-07-01,2013,3,2013Q3,South Dakota,4.680853,4680.853,9.14438282923078,0,0,"",0,4.68085299883313,1.16687340542504e-09,0.999999999750714,0,0,0,0,0,2451,0
2013-07-01,2013,3,2013Q3,Tennessee,80.873011,80873.011,11.9937826185904,0,0,"",0,80.8087010146434,0.064309985356633,0.999204802880943,0,0,0,0,0,2451,0
2013-07-01,2013,3,2013Q3,Texas,648.454611,648454.611,14.0754944701018,0,0,"",0,647.63570466471,0.818906335290512,0.99873714162657,0,0,0,0,0,2451,0
2013-07-01,2013,3,2013Q3,Utah,48.058716,48058.716,11.4733259729975,0,0,"",0,47.9927185959006,0.0659974040993903,0.998626733928984,0,0,0,0,0,2451,0
2013-07-01,2013,3,2013Q3,Vermont,0.92887,928.87,7.52711626392182,0,0,"",0,0.92886999982705,1.72950188061694e-10,0.999999999813806,0,0,0,0,0,2451,0
2013-07-01,2013,3,2013Q3,Virginia,61.768157,61768.157,11.7242904323801,0,0,"",0,61.6283585126574,0.139798487342567,0.997736722380392,0,0,0,0,0,2451,0
2013-07-01,2013,3,2013Q3,Washington,147.106501,147106.501,12.59205928061,0,0,"",0,146.881275669396,0.225225330603685,0.998468964124137,0,0,0,0,0,2451,0
2013-07-01,2013,3,2013Q3,West Virginia,2.803156,2803.156,8.63164841664779,0,0,"",0,2.80315599917892,8.21080305699408e-10,0.999999999707087,0,0,0,0,0,2451,0
2013-07-01,2013,3,2013Q3,Wisconsin,49.948483,49948.483,11.5118945939053,0,0,"",0,49.876758532909,0.0717244670909873,0.998564031122006,0,0,0,0,0,2451,0
2013-07-01,2013,3,2013Q3,Wyoming,9.745647,9745.647,9.87772318595195,0,0,"",0,9.74564699775744,2.24255519966756e-09,0.999999999769892,0,0,0,0,0,2451,0
2013-10-01,2013,4,2013Q4,Alabama,45.338249,45338.249,11.4150534846767,0,0,"",0,45.2784641247212,0.0597848752788599,0.998681358971784,0,0,0,0,0,2451,0
2013-10-01,2013,4,2013Q4,Alaska,9.568414,9568.414,9.85936992777565,0,0,"",0,9.56841399765802,2.34198470911999e-09,0.999999999755238,0,0,0,0,0,2451,0
2013-10-01,2013,4,2013Q4,Arizona,110.051938,110051.938,12.3018548775573,0,0,"",0,109.999506780647,0.0524312193531866,0.999523577500714,0,0,0,0,0,2451,0
2013-10-01,2013,4,2013Q4,Arkansas,37.542615,37542.615,11.2263791474821,0,0,"",0,37.491866662918,0.0507483370819522,0.998648247143094,0,0,0,0,0,2451,0
2013-10-01,2013,4,2013Q4,California,1488.382782,1488382.782,14.9063478878209,0,0,"",0,1487.3078853251,1.07489667490222,0.999277808983078,0,0,0,0,0,2451,0
2013-10-01,2013,4,2013Q4,Colorado,134.186309,134186.309,12.5001316595152,0,0,"",0,134.08194408049,0.104364919510442,0.999222238689713,0,0,0,0,0,2451,0
2013-10-01,2013,4,2013Q4,Connecticut,15.762427,15762.427,10.3585315305836,0,0,"",0,15.7442460712301,0.018180928769898,0.998846565394409,0,0,0,0,0,2451,0
2013-10-01,2013,4,2013Q4,Delaware,11.63927,11639.27,10.0552871869475,0,0,"",0,11.6200498022588,0.0192201977412102,0.998348676700411,0,0,0,0,0,2451,0
2013-10-01,2013,4,2013Q4,District Of Columbia,2.591819,2591.819,8.55326244256303,0,0,"",0,2.59181899911762,8.82379071259191e-10,0.999999999659552,0,0,0,0,0,2451,0
2013-10-01,2013,4,2013Q4,Florida,227.377034,227377.034,13.0275120419197,0,0,"",0,212.18002744036,15.1970065596402,0.933163845563927,0,0,0,0,0,2451,0
2013-10-01,2013,4,2013Q4,Georgia,157.077369,157077.369,12.6576409396947,0,0,"",0,156.84511504968,0.232253950320151,0.998521404122066,0,0,0,0,0,2451,0
2013-10-01,2013,4,2013Q4,Hawaii,2.546441,2546.441,8.53559919611493,0,0,"",0,2.5464409993854,6.14599165843311e-10,0.999999999758644,0,0,0,0,0,2451,0
2013-10-01,2013,4,2013Q4,Idaho,25.936752,25936.752,10.8565634189346,0,0,"",0,25.7934510648119,0.14330093518809,0.994474985334012,0,0,0,0,0,2451,0
2013-10-01,2013,4,2013Q4,Illinois,296.802968,296802.968,13.2939709707881,0,0,"",0,296.650491033618,0.152476966382461,0.999486268727668,0,0,0,0,0,2451,0
2013-10-01,2013,4,2013Q4,Indiana,64.270773,64270.773,11.7640074462979,0,0,"",0,64.221592671118,0.0491803288820456,0.999234794812845,0,0,0,0,0,2451,0
2013-10-01,2013,4,2013Q4,Iowa,26.811388,26811.388,10.8897291825246,0,0,"",0,26.8036848069117,0.00770319308832879,0.999712689507595,0,0,0,0,0,2451,0
2013-10-01,2013,4,2013Q4,Kansas,44.126241,44126.241,11.3879570991743,0,0,"",0,44.0854857550811,0.0407552449188849,0.999076394363189,0,0,0,0,0,2451,0
2013-10-01,2013,4,2013Q4,Kentucky,43.846911,43846.911,11.3816067313111,0,0,"",0,43.8077875661029,0.0391234338970887,0.999107726564887,0,0,0,0,0,2451,0
2013-10-01,2013,4,2013Q4,Louisiana,65.849175,65849.175,11.7882693592367,0,0,"",0,65.7367421972768,0.112432802723197,0.998292570822289,0,0,0,0,0,2451,0
2013-10-01,2013,4,2013Q4,Maine,0.618678,618.678,7.12073277718166,0,0,"",0,0.618677999845104,1.54896207725272e-10,0.999999999749634,0,0,0,0,0,2451,0
2013-10-01,2013,4,2013Q4,Maryland,35.011496,35011.496,11.1565789244481,0,0,"",0,34.9459052724638,0.0655907275362336,0.998126594546653,0,0,0,0,0,2451,0
2013-10-01,2013,4,2013Q4,Massachusetts,10.532636,10532.636,9.95538108899725,0,0,"",0,10.4760846249629,0.0565513750371231,0.994630843120647,0,0,0,0,0,2451,0
2013-10-01,2013,4,2013Q4,Michigan,42.014616,42014.616,11.3389200174291,0,0,"",0,41.9528154864316,0.0618005135684366,0.998529071084014,0,0,0,0,0,2451,0
2013-10-01,2013,4,2013Q4,Minnesota,186.496091,186496.091,12.829312738628,0,0,"",0,186.326795467918,0.169295532081724,0.999092230131077,0,0,0,0,0,2451,0
2013-10-01,2013,4,2013Q4,Mississippi,26.332285,26332.285,10.8716982127825,0,0,"",0,26.3263479222321,0.00593707776793701,0.99977453237469,0,0,0,0,0,2451,0
2013-10-01,2013,4,2013Q4,Missouri,31.964597,31964.597,11.0655314063865,0,0,"",0,31.9447477073052,0.0198492926947908,0.99937902258881,0,0,0,0,0,2451,0
2013-10-01,2013,4,2013Q4,Montana,1.314281,1314.281,7.87419235231044,0,0,"",0,1.31428099956571,4.3428967377926e-10,0.999999999669561,0,0,0,0,0,2451,0
2013-10-01,2013,4,2013Q4,Nebraska,25.602072,25602.072,10.8435757456337,0,0,"",0,25.575940529191,0.0261314708089754,0.998979322032648,0,0,0,0,0,2451,0
2013-10-01,2013,4,2013Q4,Nevada,57.893096,57893.096,11.6595005970169,0,0,"",0,57.8008204489501,0.0922755510499218,0.998406104398875,0,0,0,0,0,2451,0
2013-10-01,2013,4,2013Q4,New Hampshire,3.203892,3203.892,8.76526880466969,0,0,"",0,3.20389199935875,6.41246171410636e-10,0.999999999799854,0,0,0,0,0,2451,0
2013-10-01,2013,4,2013Q4,New Jersey,99.228647,99228.647,12.1983292124112,0,0,"",0,99.134437809031,0.0942091909689802,0.999050584747276,0,0,0,0,0,2451,0
2013-10-01,2013,4,2013Q4,New Mexico,32.087102,32087.102,11.0693566023213,0,0,"",0,32.0787249937617,0.00837700623828761,0.999738929173526,0,0,0,0,0,2451,0
2013-10-01,2013,4,2013Q4,New York,206.423015,206423.015,12.9308299937219,0,0,"",0,206.330066414272,0.0929485857283336,0.999549717914311,0,0,0,0,0,2451,0
2013-10-01,2013,4,2013Q4,North Carolina,143.254945,143254.945,12.5655283346231,0,0,"",0,143.145091133053,0.109853866947198,0.999233158290297,0,0,0,0,0,2451,0
2013-10-01,2013,4,2013Q4,North Dakota,6.319829,6319.829,9.44459461663213,0,0,"",0,6.31982899830336,1.69664614359112e-09,0.999999999731536,0,0,0,0,0,2451,0
2013-10-01,2013,4,2013Q4,Ohio,51.285269,51285.269,11.5383060165812,0,0,"",0,51.2445461379383,0.040722862061726,0.999205954012609,0,0,0,0,0,2451,0
2013-10-01,2013,4,2013Q4,Oklahoma,51.975661,51975.661,11.5516780109506,0,0,"",0,51.9454998203834,0.0301611796166033,0.999419705703856,0,0,0,0,0,2451,0
2013-10-01,2013,4,2013Q4,Oregon,76.153701,76153.701,11.9336561391899,0,0,"",0,76.0838563707745,0.0698446292254492,0.99908284655495,0,0,0,0,0,2451,0
2013-10-01,2013,4,2013Q4,Pennsylvania,52.841444,52841.444,11.5681982666943,0,0,"",0,52.7947797694707,0.0466642305292814,0.999116900921003,0,0,0,0,0,2451,0
2013-10-01,2013,4,2013Q4,Rhode Island,2.342424,2342.424,8.45208879573874,0,0,"",0,2.34242399928784,7.12160425932238e-10,0.999999999695973,0,0,0,0,0,2451,0
2013-10-01,2013,4,2013Q4,South Carolina,57.588557,57588.557,11.6542263443887,0,0,"",0,57.4878291994737,0.100727800526265,0.998250905982481,0,0,0,0,0,2451,0
2013-10-01,2013,4,2013Q4,South Dakota,4.133717,4133.717,9.02007947638834,0,0,"",0,4.13371699897408,1.02591804294613e-09,0.999999999751817,0,0,0,0,0,2451,0
2013-10-01,2013,4,2013Q4,Tennessee,78.554613,78554.613,11.9646965494854,0,0,"",0,78.5033286823184,0.0512843176816592,0.999347150781818,0,0,0,0,0,2451,0
2013-10-01,2013,4,2013Q4,Texas,667.019718,667019.718,14.1037220672402,0,0,"",0,666.31723902465,0.702478975349905,0.998946839266677,0,0,0,0,0,2451,0
2013-10-01,2013,4,2013Q4,Utah,50.132066,50132.066,11.5155633029143,0,0,"",0,50.0734458736984,0.0586201263015957,0.998830686006406,0,0,0,0,0,2451,0
2013-10-01,2013,4,2013Q4,Vermont,0.778805,778.805,7.35090828634652,0,0,"",0,0.778804999851247,1.48753324698958e-10,0.999999999808998,0,0,0,0,0,2451,0
2013-10-01,2013,4,2013Q4,Virginia,54.601504,54601.504,11.600963887785,0,0,"",0,54.4982916167695,0.103212383230497,0.998109715380175,0,0,0,0,0,2451,0
2013-10-01,2013,4,2013Q4,Washington,137.483729,137483.729,12.5244080351144,0,0,"",0,137.317154615892,0.166574384107774,0.998788406560403,0,0,0,0,0,2451,0
2013-10-01,2013,4,2013Q4,West Virginia,2.467868,2467.868,8.50425712060035,0,0,"",0,2.46786799930206,6.97935833055326e-10,0.999999999717191,0,0,0,0,0,2451,0
2013-10-01,2013,4,2013Q4,Wisconsin,44.851432,44851.432,11.4042579763125,0,0,"",0,44.7982023269102,0.0532296730898033,0.998813200142867,0,0,0,0,0,2451,0
2013-10-01,2013,4,2013Q4,Wyoming,8.741297,8741.297,9.76896103964076,0,0,"",0,8.74129699797207,2.02793060572564e-09,0.999999999768006,0,0,0,0,0,2451,0
2014-01-01,2014,1,2014Q1,Alabama,37.970647,37970.647,11.2377158735823,0,0,"",0,37.8710863191155,0.0995606808845441,0.997377956691532,0,0,0,0,0,2451,0
2014-01-01,2014,1,2014Q1,Alaska,7.815548,7815.548,9.65701754661103,0,0,"",0,7.80482006736828,0.0107279326317197,0.998627360150341,0,0,0,0,0,2451,0
2014-01-01,2014,1,2014Q1,Arizona,99.932333,99932.333,12.2053957465107,0,0,"",0,99.7136389738718,0.218694026128186,0.997811578899812,0,0,0,0,0,2451,0
2014-01-01,2014,1,2014Q1,Arkansas,31.268022,31268.022,11.0434983737504,0,0,"",0,31.1697926728509,0.0982293271490646,0.996858473262266,0,0,0,0,0,2451,0
2014-01-01,2014,1,2014Q1,California,1329.83066,1329830.66,14.7937093493435,0,0,"",0,1324.69921027978,5.13144972021919,0.996141275822127,0,0,0,0,0,2451,0
2014-01-01,2014,1,2014Q1,Colorado,119.977132,119977.132,12.3882036175147,0,0,"",0,119.662954286299,0.314177713700633,0.997381353359066,0,0,0,0,0,2451,0
2014-01-01,2014,1,2014Q1,Connecticut,15.313184,15313.184,10.3296166173033,0,0,"",0,15.2868035402514,0.0263804597485822,0.99827727141863,0,0,0,0,0,2451,0
2014-01-01,2014,1,2014Q1,Delaware,8.525153,8525.153,9.74392343320451,0,0,"",0,8.48297067194563,0.0421823280543729,0.995052015130477,0,0,0,0,0,2451,0
2014-01-01,2014,1,2014Q1,District Of Columbia,2.609647,2609.647,8.56011745939689,0,0,"",0,2.59092668120079,0.0187203187992118,0.992826493851769,0,0,0,0,0,2451,0
2014-01-01,2014,1,2014Q1,Florida,199.945256,199945.256,12.8989460686282,0,0,"",0,199.31976572479,0.62549027520969,0.99687169234358,0,0,0,0,0,2451,0
2014-01-01,2014,1,2014Q1,Georgia,129.284456,129284.456,12.4629175215576,0,0,"",0,128.792517516889,0.491938483110537,0.996194913925998,0,0,0,0,0,2451,0
2014-01-01,2014,1,2014Q1,Hawaii,1.887372,1887.372,8.23608791499595,0,0,"",0,1.88486023633857,0.00251176366142953,0.998669174035945,0,0,0,0,0,2451,0
2014-01-01,2014,1,2014Q1,Idaho,19.935287,19935.287,10.5933938376904,0,0,"",0,19.7541570715294,0.18112992847063,0.990914104799664,0,0,0,0,0,2451,0
2014-01-01,2014,1,2014Q1,Illinois,276.487635,276487.635,13.2230685597971,0,0,"",0,275.68884429315,0.798790706849944,0.997110935153212,0,0,0,0,0,2451,0
2014-01-01,2014,1,2014Q1,Indiana,54.850464,54850.464,11.6055131057455,0,0,"",0,54.7114576831613,0.139006316838709,0.997465722134298,0,0,0,0,0,2451,0
2014-01-01,2014,1,2014Q1,Iowa,22.476706,22476.706,10.7133819440767,0,0,"",0,22.4446388004045,0.0320671995955225,0.998573314097025,0,0,0,0,0,2451,0
2014-01-01,2014,1,2014Q1,Kansas,37.649058,37649.058,11.229210393731,0,0,"",0,37.5584942816655,0.0905637183344891,0.997594528969769,0,0,0,0,0,2451,0
2014-01-01,2014,1,2014Q1,Kentucky,29.627948,29627.948,10.9896205648799,0,0,"",0,29.499170013605,0.128777986395057,0.995653496273348,0,0,0,0,0,2451,0
2014-01-01,2014,1,2014Q1,Louisiana,50.36252,50362.52,11.5201497072789,0,0,"",0,50.1988845525203,0.163635447479669,0.996750848697014,0,0,0,0,0,2451,0
2014-01-01,2014,1,2014Q1,Maine,0.398869,398.869,6.68178179410858,0,0,"",0,0.398052630737885,0.000816369262115079,0.997953289771541,0,0,0,0,0,2451,0
2014-01-01,2014,1,2014Q1,Maryland,28.419719,28419.719,10.9479856950684,0,0,"",0,28.257668596627,0.162050403373004,0.994297958984992,0,0,0,0,0,2451,0
2014-01-01,2014,1,2014Q1,Massachusetts,8.646786,8646.786,9.75809015409018,0,0,"",0,8.63491497469288,0.0118710253071252,0.998627117022773,0,0,0,0,0,2451,0
2014-01-01,2014,1,2014Q1,Michigan,37.549541,37549.541,11.2265636141531,0,0,"",0,37.4230317378943,0.126509262105739,0.996630870611555,0,0,0,0,0,2451,0
2014-01-01,2014,1,2014Q1,Minnesota,184.035131,184035.131,12.8160291282816,0,0,"",0,183.243266278755,0.791864721244837,0.995697208913635,0,0,0,0,0,2451,0
2014-01-01,2014,1,2014Q1,Mississippi,21.554679,21554.679,10.671495376032,0,0,"",0,21.442175016028,0.112503983972043,0.994780530762159,0,0,0,0,0,2451,0
2014-01-01,2014,1,2014Q1,Missouri,25.077521,25077.521,10.8228743271188,0,0,"",0,24.9940917411628,0.083429258837229,0.996673145689431,0,0,0,0,0,2451,0
2014-01-01,2014,1,2014Q1,Montana,1.02535,1025.35,7.62593671505282,0,0,"",0,1.02383694912768,0.00151305087232062,0.998524356685697,0,0,0,0,0,2451,0
2014-01-01,2014,1,2014Q1,Nebraska,21.551792,21551.792,10.6713614286253,0,0,"",0,21.4510074703993,0.100784529600654,0.995323612551539,0,0,0,0,0,2451,0
2014-01-01,2014,1,2014Q1,Nevada,59.090762,59090.762,11.6799770604711,0,0,"",0,58.8391434516296,0.251618548370403,0.995741829351085,0,0,0,0,0,2451,0
2014-01-01,2014,1,2014Q1,New Hampshire,2.49795,2497.95,8.51637289509801,0,0,"",0,2.49431405687753,0.00363594312247275,0.998544429182941,0,0,0,0,0,2451,0
2014-01-01,2014,1,2014Q1,New Jersey,82.768399,82768.399,12.0169487935318,0,0,"",0,82.4785040913878,0.289894908612226,0.996497517022019,0,0,0,0,0,2451,0
2014-01-01,2014,1,2014Q1,New Mexico,32.745745,32745.745,11.0896754897516,0,0,"",0,32.6583754621543,0.0873695378456879,0.997331881200269,0,0,0,0,0,2451,0
2014-01-01,2014,1,2014Q1,New York,170.506089,170506.089,12.7396734682465,0,0,"",0,169.934828223437,0.571260776563298,0.996649616562589,0,0,0,0,0,2451,0
2014-01-01,2014,1,2014Q1,North Carolina,113.89957,113899.57,12.3362195547659,0,0,"",0,113.401320324264,0.4982496757364,0.995625535059207,0,0,0,0,0,2451,0
2014-01-01,2014,1,2014Q1,North Dakota,4.366923,4366.923,9.07496111475783,0,0,"",0,4.36111597364356,0.00580702635644142,0.998670224696785,0,0,0,0,0,2451,0
2014-01-01,2014,1,2014Q1,Ohio,43.861989,43861.989,11.3819505504708,0,0,"",0,43.7501454083534,0.111843591646589,0.997450102145468,0,0,0,0,0,2451,0
2014-01-01,2014,1,2014Q1,Oklahoma,42.433686,42433.686,11.3488449876178,0,0,"",0,42.3466388731472,0.0870471268527692,0.99794863149874,0,0,0,0,0,2451,0
2014-01-01,2014,1,2014Q1,Oregon,65.194345,65194.345,11.7782751916431,0,0,"",0,64.8082330043237,0.386111995676309,0.994077523201187,0,0,0,0,0,2451,0
2014-01-01,2014,1,2014Q1,Pennsylvania,41.734316,41734.316,11.3322261757322,0,0,"",0,41.6040302778919,0.130285722108112,0.996878211155824,0,0,0,0,0,2451,0
2014-01-01,2014,1,2014Q1,Rhode Island,5.63032,5630.32,9.32906874633065,0,0,"",0,5.53212425038063,0.0981957496193743,0.98255947270859,0,0,0,0,0,2451,0
2014-01-01,2014,1,2014Q1,South Carolina,50.720019,50720.019,11.5272231443738,0,0,"",0,50.4993498604389,0.220669139561108,0.995649269382941,0,0,0,0,0,2451,0
2014-01-01,2014,1,2014Q1,South Dakota,3.239858,3239.858,8.77643198504244,0,0,"",0,3.14001981319398,0.0998381868060173,0.969184394252459,0,0,0,0,0,2451,0
2014-01-01,2014,1,2014Q1,Tennessee,64.058717,64058.717,11.7607025754848,0,0,"",0,63.8733808839751,0.185336116024896,0.997106777583059,0,0,0,0,0,2451,0
2014-01-01,2014,1,2014Q1,Texas,572.048405,572048.405,13.9501260714681,0,0,"",0,570.552108526742,1.49629647325815,0.99738431842449,0,0,0,0,0,2451,0
2014-01-01,2014,1,2014Q1,Utah,50.97624,50976.24,11.5322621014528,0,0,"",0,50.8198966201315,0.156343379868519,0.996933014677652,0,0,0,0,0,2451,0
2014-01-01,2014,1,2014Q1,Vermont,0.633986,633.986,7.14517467471994,0,0,"",0,0.633369986541471,0.000616013458528602,0.999028348483202,0,0,0,0,0,2451,0
2014-01-01,2014,1,2014Q1,Virginia,44.276752,44276.752,11.3913622134195,0,0,"",0,44.1003103421936,0.176441657806445,0.996015027077721,0,0,0,0,0,2451,0
2014-01-01,2014,1,2014Q1,Washington,110.704133,110704.133,12.3077636337202,0,0,"",0,109.569400251805,1.13473274819523,0.98974986102646,0,0,0,0,0,2451,0
2014-01-01,2014,1,2014Q1,West Virginia,2.030834,2030.834,8.30934906628015,0,0,"",0,2.02784864905457,0.00298535094543226,0.998529987706808,0,0,0,0,0,2451,0
2014-01-01,2014,1,2014Q1,Wisconsin,45.806823,45806.823,11.425335513485,0,0,"",0,45.6064577351665,0.200365264833458,0.995625864189851,0,0,0,0,0,2451,0
2014-01-01,2014,1,2014Q1,Wyoming,7.792605,7792.605,9.65407767072231,0,0,"",0,7.77924207112891,0.0133629288710918,0.998285178207917,0,0,0,0,0,2451,0
2014-04-01,2014,2,2014Q2,Alabama,42.832278,42832.278,11.3581944369097,0.926701349625906,28.2646605398319,2014_M7.2_coyuquilla_norte,39.692729830152,42.7154031865332,0.116874813466782,0.997271337903934,2.24127976306704,0.0523268868180916,0.0476079797675042,0.00419932542254639,0.000519581628040987,2451,29
2014-04-01,2014,2,2014Q2,Alaska,9.388236,9388.236,9.84035987852597,0.60923342663603,28.2646605398319,2014_M7.2_coyuquilla_norte,5.71962718834774,9.37419836081214,0.0140376391878594,0.998504762855572,0.0703180476285389,0.00749001704138444,0.00749001703552993,5.03892143705192e-12,8.15585795607243e-13,2451,29
2014-04-01,2014,2,2014Q2,Arizona,108.49536,108495.36,12.2876098666524,0.445750602801473,28.2646605398319,2014_M7.2_coyuquilla_norte,48.3618721211628,108.243073436251,0.252286563748757,0.997674678771988,1.59577564404173,0.0147082386199901,0.0126417399955596,0.00132940848538481,0.000737090139045716,2451,29
2014-04-01,2014,2,2014Q2,Arkansas,33.496828,33496.828,11.1123532075457,0.671971465745403,28.2646605398319,2014_M7.2_coyuquilla_norte,22.5089126089817,33.390366454724,0.106461545276044,0.996821742486302,0.808301224847598,0.0241306796227869,0.015339148620852,0.00793683234422043,0.000854698657714446,2451,29
2014-04-01,2014,2,2014Q2,California,1373.169364,1373169.364,14.8257792109439,0.882385555732508,28.2646605398319,2014_M7.2_coyuquilla_norte,1211.664812368,1367.7123675058,5.45699649420267,0.996025984385272,40.7506980159919,0.0296763815770593,0.02289095307138,0.00496980489572509,0.00181562360995425,2451,29
2014-04-01,2014,2,2014Q2,Colorado,127.2314,127231.4,12.4469099353457,0.483066300249505,28.2646605398319,2014_M7.2_coyuquilla_norte,61.4612016735649,126.886989406185,0.344410593815461,0.997293037773573,2.59150628153319,0.020368448995556,0.0183150454217475,0.00135392335117518,0.000699480222633373,2451,29
2014-04-01,2014,2,2014Q2,Connecticut,18.321996,18321.996,10.509004765563,0.97884730171216,28.2646605398319,2014_M7.2_coyuquilla_norte,17.934436346581,18.2865188040598,0.0354771959402285,0.998063682802887,0.188998164028551,0.0103153697898717,0.00754240393604562,0.00241341281883165,0.000359553034994474,2451,29
2014-04-01,2014,2,2014Q2,Delaware,9.985926,9985.926,9.90207916372557,1.30367436332559,28.2646605398319,2014_M7.2_coyuquilla_norte,13.0183957202664,9.93423223855688,0.0516937614431207,0.994823338221902,0.104478111785145,0.0104625361518946,0.00911189742594481,6.64289971155804e-05,0.00128420972883426,2451,29
2014-04-01,2014,2,2014Q2,District Of Columbia,2.833615,2833.615,8.6424557723296,1.40677129120322,28.2646605398319,2014_M7.2_coyuquilla_norte,3.98624823232283,2.8128295175198,0.020785482480199,0.992664676577376,0.106721606214623,0.0376627051362387,0.0343545390151861,4.38057394762706e-05,0.00326436038157641,2451,29
2014-04-01,2014,2,2014Q2,Florida,212.367262,212367.262,12.9592196033256,0.826215190469128,28.2646605398319,2014_M7.2_coyuquilla_norte,175.461057822737,211.679075529093,0.688186470906684,0.996759451224141,7.54095839586256,0.0355090437426394,0.0212733428724029,0.0132245935993149,0.00101110727092157,2451,29
2014-04-01,2014,2,2014Q2,Georgia,158.649739,158649.739,12.6676013324491,1.02825153776403,28.2646605398319,2014_M7.2_coyuquilla_norte,163.131838092611,158.021654332329,0.62808466767051,0.996041060819706,8.17412606640549,0.0515230981023264,0.0372850148580596,0.012631998587724,0.00160608465654282,2451,29
2014-04-01,2014,2,2014Q2,Hawaii,2.024039,2024.039,8.30599754058058,0.855980895566639,28.2646605398319,2014_M7.2_coyuquilla_norte,1.7325387158818,2.02105604946028,0.00298295053971796,0.998526238605226,0.00643240018527938,0.00317800209644151,0.00317800209067109,4.96654855913698e-12,8.03871723071677e-13,2451,29
2014-04-01,2014,2,2014Q2,Idaho,24.546689,24546.689,10.801479437485,0.752946060698692,28.2646605398319,2014_M7.2_coyuquilla_norte,18.4823327857459,24.3248573633068,0.2218316366932,0.99096286930212,0.326075798550633,0.0132839014887357,0.0108624135522366,0.00143026489122368,0.000991223045275473,2451,29
2014-04-01,2014,2,2014Q2,Illinois,261.818254,261818.254,13.1685530355718,1.22959610895022,28.2646605398319,2014_M7.2_coyuquilla_norte,321.930706370539,261.032576096722,0.785677903278472,0.996999147724519,9.86117109040773,0.0376641847531675,0.0303174126739652,0.00462862142074131,0.002718150658461,2451,29
2014-04-01,2014,2,2014Q2,Indiana,56.703075,56703.075,11.6387309016872,0.808981619328643,28.2646605398319,2014_M7.2_coyuquilla_norte,45.8717454344135,56.5536552254246,0.149419774575426,0.997364873517434,0.972898524476314,0.0171577736212069,0.0127101352738777,0.00351932309060091,0.00092831525672823,2451,29
2014-04-01,2014,2,2014Q2,Iowa,24.213216,24213.216,10.7878010597667,0.626708108886787,28.2646605398319,2014_M7.2_coyuquilla_norte,15.1746188094273,24.1777426271685,0.0354733728314594,0.998534958229776,0.393739225038884,0.0162613353401252,0.0119791954989168,0.00213217444455768,0.00214996539665065,2451,29
2014-04-01,2014,2,2014Q2,Kansas,41.50058,41500.58,11.3266098627298,0.466488383607035,28.2646605398319,2014_M7.2_coyuquilla_norte,19.3595384829544,41.39626302782,0.104316972179953,0.997486373149967,0.776568743356163,0.0187122383194684,0.0151917359944218,0.00279416987941319,0.000726332445633368,2451,29
2014-04-01,2014,2,2014Q2,Kentucky,33.830674,33830.674,11.1222703654998,0.720878411486508,28.2646605398319,2014_M7.2_coyuquilla_norte,24.3878025326379,33.6775705590616,0.153103440938363,0.995474419429587,0.789327311589766,0.0233317051735288,0.0184030741247036,0.00352080665185637,0.00140782439696884,2451,29
2014-04-01,2014,2,2014Q2,Louisiana,65.199998,65199.998,11.7783618978587,0.453346270563823,28.2646605398319,2014_M7.2_coyuquilla_norte,29.5581759340687,64.9808723766707,0.219125623329337,0.996639177453206,1.09014000334805,0.0167199392145389,0.0117096659555496,0.00340676324721172,0.00160351001177756,2451,29
2014-04-01,2014,2,2014Q2,Maine,0.682601,682.601,7.21905821856288,1.04699373772526,28.2646605398319,2014_M7.2_coyuquilla_norte,0.714678972365003,0.681061259275729,0.00153974072427127,0.997744303444807,0.0248744099351197,0.0364406292037658,0.0364406291949337,7.60165554326934e-12,1.23038280347089e-12,2451,29
2014-04-01,2014,2,2014Q2,Maryland,35.4921,35492.1,11.170212596246,0.885482380970978,28.2646605398319,2014_M7.2_coyuquilla_norte,31.42762921366,35.2770910716321,0.21500892836788,0.993942062364079,0.581087790584459,0.0163723135735687,0.0146830287081973,0.000438745524435154,0.00125053934093629,2451,29
2014-04-01,2014,2,2014Q2,Massachusetts,11.50209,11502.09,10.0434312194188,0.866394980143523,28.2646605398319,2014_M7.2_coyuquilla_norte,9.96535303715902,11.4852363157284,0.0168536842716336,0.998534728534411,0.28801891932977,0.0250405725680959,0.0150026384256978,0.00919904978443918,0.000838884357958896,2451,29
2014-04-01,2014,2,2014Q2,Michigan,39.596094,39596.094,11.2796329367335,0.828512902345349,28.2646605398319,2014_M7.2_coyuquilla_norte,32.8058747614793,39.4588259274444,0.137268072555642,0.99653329258801,0.788094593028547,0.0199033418050919,0.0100454349597489,0.00460900637186223,0.00524890047348075,2451,29
2014-04-01,2014,2,2014Q2,Minnesota,108.676462,108676.462,12.2892776893037,0.99919448003938,28.2646605398319,2014_M7.2_coyuquilla_norte,108.588920940609,108.230848410993,0.445613589006825,0.995899631062641,2.3609404903056,0.0217244879604711,0.0138626847127094,0.00366820179559778,0.004193601452164,2451,29
2014-04-01,2014,2,2014Q2,Mississippi,23.963644,23963.644,10.777440308472,0.466384093113465,28.2646605398319,2014_M7.2_coyuquilla_norte,11.1762623746339,23.8314148379363,0.132229162063728,0.994482092871029,0.269947977082481,0.0112648968196357,0.00900475706352879,0.00135238031027951,0.00090775944582737,2451,29
2014-04-01,2014,2,2014Q2,Missouri,32.279123,32279.123,11.0753231342893,0.708220266714566,28.2646605398319,2014_M7.2_coyuquilla_norte,22.8607291003723,32.1672506034897,0.111872396510279,0.996534218215585,0.754492484938583,0.0233740081766962,0.0214990234571086,0.00140012616014609,0.000474858559441477,2451,29
2014-04-01,2014,2,2014Q2,Montana,1.687969,1687.969,8.12442857836101,1.06926555963427,28.2646605398319,2014_M7.2_coyuquilla_norte,1.8048871174303,1.68532917325871,0.00263982674128563,0.998436092877721,0.0465323551791254,0.0275670673923072,0.0178324095442241,0.00215383468017829,0.00758082316790487,2451,29
2014-04-01,2014,2,2014Q2,Nebraska,23.161075,23161.075,10.7433755278706,0.916154108016997,28.2646605398319,2014_M7.2_coyuquilla_norte,21.2191140073398,23.0486720287316,0.11240297126842,0.99514690180536,0.964123035855474,0.0416268690402097,0.0375850562086514,0.00269130820946858,0.00135050462208969,2451,29
2014-04-01,2014,2,2014Q2,Nevada,53.292965,53292.965,11.5767067933477,0.692313247322905,28.2646605398319,2014_M7.2_coyuquilla_norte,36.8954256586159,53.0615562047805,0.231408795219523,0.995657798450142,0.965516041405511,0.0181171387519068,0.0151418583448539,0.00197761277385151,0.000997667633201354,2451,29
2014-04-01,2014,2,2014Q2,New Hampshire,3.677028,3677.028,8.90300729522607,0.573512372443869,28.2646605398319,2014_M7.2_coyuquilla_norte,2.10882105182253,3.67114156933953,0.00588643066046525,0.998399133577317,0.0947528172675772,0.0257688593254055,0.0257688593191374,5.39489014513349e-12,8.73201899691978e-13,2451,29
2014-04-01,2014,2,2014Q2,New Jersey,99.457934,99457.934,12.2006372404685,1.06957900632464,28.2646605398319,2014_M7.2_coyuquilla_norte,106.378118218821,99.0765578493052,0.381376150694777,0.996165452715972,1.69326286461299,0.017024914921448,0.0130069877373713,0.00283634654836547,0.00118158063571129,2451,29
2014-04-01,2014,2,2014Q2,New Mexico,30.049937,30049.937,11.0037630242921,0.206018365899086,28.2646605398319,2014_M7.2_coyuquilla_norte,6.19083891611048,29.9649482650409,0.0849887349590591,0.997171749978742,0.132327297658862,0.00440357986969697,0.00398645521015143,0.000136383448985032,0.000280741210560508,2451,29
2014-04-01,2014,2,2014Q2,New York,214.582519,214582.519,12.9695968278987,1.22985367639569,28.2646605398319,2014_M7.2_coyuquilla_norte,263.905099882397,213.792709828654,0.789809171345774,0.99631932193253,3.62867397999679,0.0169103895177817,0.0109512094755503,0.00524592167823159,0.000713258363999821,2451,29
2014-04-01,2014,2,2014Q2,North Carolina,141.594058,141594.058,12.5538666766569,1.00477972760544,28.2646605398319,2014_M7.2_coyuquilla_norte,142.270839027789,140.960565518778,0.633492481222415,0.995525995298317,6.67700700454811,0.0471559830889804,0.0279268221433073,0.0168971164405995,0.00233204450507352,2451,29
2014-04-01,2014,2,2014Q2,North Dakota,7.211831,7211.831,9.57662533624837,0.632942710425478,28.2646605398319,2014_M7.2_coyuquilla_norte,4.56467586027049,7.2018601374119,0.00997086258809677,0.998617429805538,0.140082718346378,0.0194240156690274,0.0098241148837717,4.65923590586486e-12,0.00959990078059648,2451,29
2014-04-01,2014,2,2014Q2,Ohio,47.120191,47120.191,11.4536040524703,0.724956137886792,28.2646605398319,2014_M7.2_coyuquilla_norte,34.160071683848,46.9896569020611,0.13053409793889,0.997229762970636,0.41678183184942,0.00884507942358341,0.0059494234404365,0.00112541282169247,0.00177024316145445,2451,29
2014-04-01,2014,2,2014Q2,Oklahoma,46.21606,46216.06,11.4342298163889,0.391114129633366,28.2646605398319,2014_M7.2_coyuquilla_norte,18.0757540819834,46.1181160392405,0.0979439607594685,0.997880737545358,0.667750699310033,0.0144484557816056,0.0109603992637324,0.000957739526091635,0.00253031699178163,2451,29
2014-04-01,2014,2,2014Q2,Oregon,63.444546,63444.546,11.7510686926232,1.02597010892017,28.2646605398319,2014_M7.2_coyuquilla_norte,65.0922077700105,63.0589712716657,0.385574728334265,0.99392264973676,1.58091140388351,0.024918003257262,0.0148461100991868,0.00398783732207906,0.00608405583599612,2451,29
2014-04-01,2014,2,2014Q2,Pennsylvania,48.372723,48372.723,11.4798385401236,1.15736784194989,28.2646605398319,2014_M7.2_coyuquilla_norte,55.98503402775,48.2127092062805,0.160013793719534,0.996692065614757,1.38511461398983,0.0286342080430293,0.0239450555502537,0.00319339877768446,0.00149575371509113,2451,29
2014-04-01,2014,2,2014Q2,Rhode Island,3.210279,3210.279,8.76726033305286,1.15748985146646,28.2646605398319,2014_M7.2_coyuquilla_norte,3.71586536287591,3.15645351855636,0.0538254814436411,0.983233394529372,0.0573547565483838,0.0178659725676129,0.0098511464610416,0.000668321640168624,0.00734650446640269,2451,29
2014-04-01,2014,2,2014Q2,South Carolina,56.848746,56848.746,11.6412966215252,0.754882151454576,28.2646605398319,2014_M7.2_coyuquilla_norte,42.9141036879747,56.601359576407,0.247386423593022,0.995648339831576,2.00867854731572,0.0353337353706222,0.0193718674570127,0.0142011636007847,0.00176070431282492,2451,29
2014-04-01,2014,2,2014Q2,South Dakota,5.151394,5151.394,9.24016982662312,0.984231629232591,28.2646605398319,2014_M7.2_coyuquilla_norte,5.07016490943899,4.99549130729656,0.155902692703442,0.969735824380072,0.166508216810212,0.0323229434227341,0.0132036044377497,0.00608651234903651,0.0130328266359479,2451,29
2014-04-01,2014,2,2014Q2,Tennessee,71.197445,71197.445,11.866359392534,0.699217000262577,28.2646605398319,2014_M7.2_coyuquilla_norte,49.7824639192598,70.9791061802316,0.218338819768445,0.996933333495767,1.51366017282329,0.0212600350029876,0.0142730305016428,0.0055646919144643,0.00142231258688055,2451,29
2014-04-01,2014,2,2014Q2,Texas,653.494348,653494.348,14.0832363437555,0.452588177677281,28.2646605398319,2014_M7.2_coyuquilla_norte,295.763816083723,651.729797108228,1.76455089177207,0.997299822259867,13.9252067770834,0.0213088404202746,0.0169066601451425,0.00385218816396413,0.000549992111167954,2451,29
2014-04-01,2014,2,2014Q2,Utah,46.687888,46687.888,11.4443872330909,0.900103533956036,28.2646605398319,2014_M7.2_coyuquilla_norte,42.0239329817436,46.5389300015394,0.148957998460654,0.996809493750056,1.44744788655517,0.0310026421960911,0.0268688965532821,0.00275635102084906,0.00137739462195993,2451,29
2014-04-01,2014,2,2014Q2,Vermont,0.704923,704.923,7.25123626065145,0.131480864116968,28.2646605398319,2014_M7.2_coyuquilla_norte,0.0926838851759254,0.704193779360184,0.000729220639816268,0.998965531498027,6.11653587506253e-12,8.67688509959603e-12,4.62648857933432e-12,3.48613966016694e-12,5.64256860094784e-13,2451,29
2014-04-01,2014,2,2014Q2,Virginia,55.868808,55868.808,11.6239086876231,0.808599232767761,28.2646605398319,2014_M7.2_coyuquilla_norte,45.1754752844493,55.6389339326218,0.229874067378252,0.995885466763883,1.3140583717943,0.0235204297144535,0.0102429440690861,0.0125147576248121,0.000762728020555363,2451,29
2014-04-01,2014,2,2014Q2,Washington,109.964363,109964.363,12.3010588001374,0.965107400592001,28.2646605398319,2014_M7.2_coyuquilla_norte,106.127420532685,108.844709423945,1.11965357605496,0.989818032446976,3.23272454706377,0.0293979291005739,0.0210330379007681,0.00369605087784351,0.00466884032196225,2451,29
2014-04-01,2014,2,2014Q2,West Virginia,2.552071,2552.071,8.53780768433861,0.701619053629568,28.2646605398319,2014_M7.2_coyuquilla_norte,1.79058163981546,2.54801831468157,0.00405268531843068,0.998412001343838,0.011720996709636,0.00459273927317697,0.00274511784027346,5.35152601068166e-12,0.00184762142755198,2451,29
2014-04-01,2014,2,2014Q2,Wisconsin,48.427473,48427.473,11.4809697363007,0.81202179755191,28.2646605398319,2014_M7.2_coyuquilla_norte,39.3241636763566,48.218885128965,0.208587871035018,0.995692778125445,0.615117945299985,0.0127018385886041,0.00936102763178979,0.00188670085289314,0.00145411010392121,2451,29
2014-04-01,2014,2,2014Q2,Wyoming,9.511819,9511.819,9.85343759291726,0.668185555309069,28.2646605398319,2014_M7.2_coyuquilla_norte,6.35566006051435,9.49412213671555,0.0176968632844529,0.998139486959912,0.0735701980618443,0.00773460870752947,0.00612633682128854,0.000783138900926139,0.000825132985314787,2451,29
2014-07-01,2014,3,2014Q3,Alabama,45.700259,45700.259,11.4230064249419,0.255578831485376,24.7074409852668,2014_M6.9_puerto_madero,11.680018793799,45.5805455594189,0.119713440581121,0.997380464723819,0.697140621558781,0.0152546317419948,0.00479676615552748,0.00470756840956771,0.00575029717689957,2451,29
2014-07-01,2014,3,2014Q3,Alaska,11.427496,11427.496,10.0369248426474,0.0166500155601289,24.7074409852668,2014_M6.9_puerto_madero,0.190267986213311,11.4118114098121,0.0156845901879351,0.998627469203408,0.00770083744355939,0.000673886689048887,4.02702585994217e-12,4.33867187837364e-12,0.000673886680683189,2451,29
2014-07-01,2014,3,2014Q3,Arizona,99.162818,99162.818,12.1976655850479,0.0907414775861459,24.7074409852668,2014_M6.9_puerto_madero,8.99818062692606,98.9445685133984,0.218249486601608,0.99779907942308,0.543410020103368,0.00547997758699604,0.00242401454082079,0.00121653931288872,0.00183942373328653,2451,29
2014-07-01,2014,3,2014Q3,Arkansas,38.495605,38495.605,11.2514465386441,0.0598354491650098,24.7074409852668,2014_M6.9_puerto_madero,2.3034018160538,38.3725044417672,0.123100558232768,0.996802217857525,0.14560807142493,0.00378245961908976,0.00214102067736219,0.00104791881865104,0.000593520123076534,2451,29
2014-07-01,2014,3,2014Q3,California,1396.741823,1396741.823,14.8427999935597,0.0658145512820627,24.7074409852668,2014_M6.9_puerto_madero,91.9259363376353,1391.4885560086,5.25326699140484,0.996238913373324,4.88039360327205,0.00349412720583512,0.000830708225089094,0.00106033367328967,0.00160308530745636,2451,29
2014-07-01,2014,3,2014Q3,Colorado,149.119033,149119.033,12.6056473257593,0.0569342086723899,24.7074409852668,2014_M6.9_puerto_madero,8.489974141847,148.717921135071,0.401111864928976,0.997310122947693,0.416788136136787,0.00279500294329824,0.00057566618541124,0.000761779958756933,0.00145755679913006,2451,29
2014-07-01,2014,3,2014Q3,Connecticut,17.733027,17733.027,10.4763312934313,0.23372823764212,24.7074409852668,2014_M6.9_puerto_madero,4.14470914877013,17.7005498446231,0.0324771553769506,0.998168549826437,0.258236295746766,0.0145624486866662,0.0042408084515528,0.00467811199941141,0.00564352823570198,2451,29
2014-07-01,2014,3,2014Q3,Delaware,13.079025,13079.025,10.1719122629699,0.289645129802409,24.7074409852668,2014_M6.9_puerto_madero,3.78827589381395,13.012506120143,0.066518879856983,0.994914079615493,0.238368932936377,0.0182252830724291,0.00553255273271519,0.00565711890513804,0.00703561143457584,2451,29
2014-07-01,2014,3,2014Q3,District Of Columbia,2.80379,2803.79,8.63187456470142,0.0467496455954736,24.7074409852668,2014_M6.9_puerto_madero,0.131076188824133,2.78421287748171,0.0195771225182919,0.993017621676983,0.00224770349435316,0.00080166613560686,5.57534958815126e-05,6.36320147946486e-12,0.000745912633362146,2451,29
2014-07-01,2014,3,2014Q3,Florida,205.65006,205650.06,12.9270784459822,0.540155621260034,24.7074409852668,2014_M6.9_puerto_madero,111.083035921463,204.999398236014,0.650661763986491,0.996836073065155,7.11933916086958,0.0346187069474698,0.0142991283364744,0.0110118311200081,0.00930774749098724,2451,29
2014-07-01,2014,3,2014Q3,Georgia,166.898232,166898.232,12.7182866969932,0.205280386082235,24.7074409852668,2014_M6.9_puerto_madero,34.2609335014024,166.250065205134,0.648166794866085,0.99611639508041,2.10964672863303,0.0126403180150706,0.00514569950035168,0.00329767880241676,0.00419693971230216,2451,29
2014-07-01,2014,3,2014Q3,Hawaii,2.047711,2047.711,8.31762510310214,0.228143859789279,24.7074409852668,2014_M6.9_puerto_madero,0.467172691272964,2.04480838866106,0.00290261133894083,0.998582509280391,0.0455403158466765,0.0222396206528541,0.0112898915931223,0.0109497290568611,2.87075179703121e-12,2451,29
2014-07-01,2014,3,2014Q3,Idaho,27.591762,27591.762,10.9184197097792,0.0303934744512699,24.7074409852668,2014_M6.9_puerto_madero,0.838609513412519,27.3202318630431,0.271530136956894,0.990159014239218,0.0275370466958092,0.000998016969550884,0.000525607817800667,0.000379179440342541,9.32297114076752e-05,2451,29
2014-07-01,2014,3,2014Q3,Illinois,251.869083,251869.083,13.1298119001596,0.0437464173097492,24.7074409852668,2014_M6.9_puerto_madero,11.0183700123418,251.130762546608,0.738320453392043,0.997068634051477,0.601333575789375,0.00238748467508168,0.000527021467581711,0.00104946439545258,0.000810998812047388,2451,29
2014-07-01,2014,3,2014Q3,Indiana,68.103635,68103.635,11.8219330487131,0.112940327121198,24.7074409852668,2014_M6.9_puerto_madero,7.69164681504266,67.9281851222811,0.17544987771892,0.997423781010824,0.501679856786946,0.0073664182064136,0.00283220673150935,0.00214512100526419,0.00238909046964006,2451,29
2014-07-01,2014,3,2014Q3,Iowa,29.083207,29083.207,10.9710633884031,0.0789007969840197,24.7074409852668,2014_M6.9_puerto_madero,2.29468821115122,29.0427924823433,0.0404145176566836,0.998610383041434,0.125568943466858,0.00431757555027747,0.00119375959770622,0.00211970333231401,0.00100411262025723,2451,29
2014-07-01,2014,3,2014Q3,Kansas,44.257187,44257.187,11.3909202360144,0.107708413796763,24.7074409852668,2014_M6.9_puerto_madero,4.7668714108767,44.1475184855264,0.109668514473598,0.997522017961205,0.27002927667438,0.00610136556293964,0.00142563793571674,0.00163352342183973,0.00304220420538317,2451,29
2014-07-01,2014,3,2014Q3,Kentucky,46.571995,46571.995,11.4419018544715,0.459088729853544,24.7074409852668,2014_M6.9_puerto_madero,21.3806780312956,46.3621292924766,0.209865707523382,0.995493735934581,1.79091971797377,0.0384548636573066,0.0226065410460108,0.0105519211571622,0.00529640145413365,2451,29
2014-07-01,2014,3,2014Q3,Louisiana,65.606054,65606.054,11.7845704378774,0.1521048786126,24.7074409852668,2014_M6.9_puerto_madero,9.97900087992165,65.3895674461974,0.216486553802587,0.99670020462132,0.703827955597011,0.010728094629758,0.00380897802462942,0.0045772570205005,0.00234185958462803,2451,29
2014-07-01,2014,3,2014Q3,Maine,1.529621,1529.621,8.02592255869178,0.0640518586588566,24.7074409852668,2014_M6.9_puerto_madero,0.097975068093619,1.52649106293008,0.00312993706991888,0.99795378262333,2.54161039237383e-11,1.6615948606706e-11,6.00363234935826e-12,6.46824523809464e-12,4.14407101925311e-12,2451,29
2014-07-01,2014,3,2014Q3,Maryland,36.842128,36842.128,11.2075444327459,0.311801761468292,24.7074409852668,2014_M6.9_puerto_madero,11.4874404066403,36.6249330477204,0.217194952279581,0.994104712076361,0.637220116323013,0.0172959639118298,0.00506471796741796,0.00723514494715077,0.00499610099726104,2451,29
2014-07-01,2014,3,2014Q3,Massachusetts,11.005196,11005.196,9.9992699865124,1.11890160535634,24.7074409852668,2014_M6.9_puerto_madero,12.3137314716612,10.9894765969425,0.0157194030575069,0.998571638064646,0.651980939345583,0.0592430102422149,0.0068167208148448,0.0188661167566777,0.0335601726706924,2451,29
2014-07-01,2014,3,2014Q3,Michigan,55.047055,55047.055,11.6090908245412,0.172083079836095,24.7074409852668,2014_M6.9_puerto_madero,9.47266676030693,54.8569629712896,0.190092028710369,0.996546735720733,0.611657435506764,0.0111115378562352,0.00283641224036528,0.00613029776230331,0.00214482785356666,2451,29
2014-07-01,2014,3,2014Q3,Minnesota,190.308232,190308.232,12.8495474909292,0.11328209433479,24.7074409852668,2014_M6.9_puerto_madero,21.5585150901112,189.516501049314,0.79173095068622,0.995839744070103,1.22352132873802,0.00642915608998994,0.00128693448871472,0.00286720382456103,0.00227501777671419,2451,29
2014-07-01,2014,3,2014Q3,Mississippi,28.755979,28755.979,10.9597481706834,0.308065291261149,24.7074409852668,2014_M6.9_puerto_madero,8.85871904613449,28.5937964307465,0.16218256925356,0.994360040071891,0.630684529460484,0.0219322920447425,0.0108439724148474,0.00775983310403534,0.00332848652585977,2451,29
2014-07-01,2014,3,2014Q3,Missouri,37.003974,37003.974,11.2119277720067,0.0663498740544462,24.7074409852668,2014_M6.9_puerto_madero,2.455209014414,36.879249230066,0.124724769934047,0.996629422290318,0.16954592466103,0.00458183017480851,0.00187815398061798,0.00130611442943379,0.00139756176475675,2451,29
2014-07-01,2014,3,2014Q3,Montana,3.310092,3310.092,8.7978784659238,2.56721768660168e-10,24.7074409852668,2014_M6.9_puerto_madero,8.49772672667871e-10,3.30513035129323,0.00496164870676924,0.99850105413784,4.02901963673017e-11,1.21719264501717e-11,4.39792955069491e-12,4.73827929799845e-12,3.03571760147833e-12,2451,29
2014-07-01,2014,3,2014Q3,Nebraska,27.412209,27412.209,10.9118909579674,0.0301054885643504,24.7074409852668,2014_M6.9_puerto_madero,0.825257944573084,27.2833124623694,0.128896537630566,0.995297842007896,0.0390717343026035,0.00142534059559386,0.000293643568770328,0.000435931800261868,0.000695765226561668,2451,29
2014-07-01,2014,3,2014Q3,Nevada,57.65846,57658.46,11.6554394431809,0.0393165041930007,24.7074409852668,2014_M6.9_puerto_madero,2.26692908435196,57.4121077542224,0.246352245777596,0.995727387693366,0.119740173967292,0.00207671474346162,0.000657316788301729,0.000497258240288395,0.000922139714871495,2451,29
2014-07-01,2014,3,2014Q3,New Hampshire,3.361814,3361.814,8.81338319090667,0.00858577503162083,24.7074409852668,2014_M6.9_puerto_madero,0.0288637787021533,3.35729258892148,0.00452141107852055,0.998655068044062,3.67153240741029e-11,1.09212835909729e-11,3.94605044919422e-12,4.25142989144065e-12,2.72380325033801e-12,2451,29
2014-07-01,2014,3,2014Q3,New Jersey,106.40317,106403.17,12.268137829261,0.223749145538304,24.7074409852668,2014_M6.9_puerto_madero,23.8076183700669,106.005542079313,0.397627920687493,0.996263006819369,1.23005939379419,0.011560364167667,0.00250801572747687,0.00422230378885278,0.00483004465133739,2451,29
2014-07-01,2014,3,2014Q3,New Mexico,29.769193,29769.193,10.9943765266578,0.0444883960228902,24.7074409852668,2014_M6.9_puerto_madero,1.32438364746585,29.6825824472019,0.0866105527981177,0.997090597894336,0.0642804571653488,0.00215929458233378,0.000650815553913198,8.54027767512733e-05,0.00142307625166931,2451,29
2014-07-01,2014,3,2014Q3,New York,215.832454,215832.454,12.9754048903135,0.0625676622556051,24.7074409852668,2014_M6.9_puerto_madero,13.5041320856704,215.096271927553,0.736182072447368,0.996589103914616,0.744098904620353,0.00344757653832891,0.000994369330424531,0.000630667320331974,0.0018225398875724,2451,29
2014-07-01,2014,3,2014Q3,North Carolina,175.150257,175150.257,12.7665466765064,0.195907841774159,24.7074409852668,2014_M6.9_puerto_madero,34.3133088350594,174.39399187444,0.756265125559805,0.995682192315825,2.39812923297677,0.013691839647011,0.00523940764667932,0.00507354136740406,0.00337889063292763,2451,29
2014-07-01,2014,3,2014Q3,North Dakota,11.109691,11109.691,10.0087202520511,0.27277831057707,24.7074409852668,2014_M6.9_puerto_madero,3.03048274201328,11.0935493950774,0.0161416049225545,0.998547069857969,0.0927552645108383,0.00834904089689247,4.26291874045855e-12,0.00834904088968703,2.94252495518876e-12,2451,29
2014-07-01,2014,3,2014Q3,Ohio,54.68463,54684.63,11.6024851423664,0.284638305212793,24.7074409852668,2014_M6.9_puerto_madero,15.5653404043887,54.5386844037428,0.145945596257182,0.997331140463834,1.08164527790264,0.0197796945485896,0.00918591523047127,0.00585427606050811,0.00473950325761023,2451,29
2014-07-01,2014,3,2014Q3,Oklahoma,53.853597,53853.597,11.5871716576573,0.124368388765701,24.7074409852668,2014_M6.9_puerto_madero,6.69768508812738,53.744546413746,0.109050586253967,0.997975054734896,0.349348811062485,0.00648700979179691,0.000390023254282671,0.00454704332363268,0.00154994321388156,2451,29
2014-07-01,2014,3,2014Q3,Oregon,77.176706,77176.706,11.9470001353321,0.0655979911004004,24.7074409852668,2014_M6.9_puerto_madero,5.06263687334622,76.7380724937783,0.438633506221725,0.994316503917364,0.311830934034519,0.00404047996081251,0.00179634881984404,0.00099362329688845,0.00125050784408003,2451,29
2014-07-01,2014,3,2014Q3,Pennsylvania,54.185435,54185.435,11.593314605022,0.187345035391409,24.7074409852668,2014_M6.9_puerto_madero,10.1513722377739,54.0132549266614,0.172180073338644,0.996822391970487,0.696345086108714,0.0128511487655071,0.00429524336376009,0.00430841343534375,0.00424749196640324,2451,29
2014-07-01,2014,3,2014Q3,Rhode Island,3.939746,3939.746,8.97201872987535,0.263156094843579,24.7074409852668,2014_M6.9_puerto_madero,1.03676817203561,3.87306033900341,0.0666856609965856,0.983073614137412,0.0507376780394649,0.0128784134914954,5.13076652631706e-12,0.0049633290238024,0.0079150844625622,2451,29
2014-07-01,2014,3,2014Q3,South Carolina,64.062454,64062.454,11.7607609108867,0.381208981014761,24.7074409852668,2014_M6.9_puerto_madero,24.421182810645,63.795714171962,0.266739828037996,0.995836253353048,1.78362479315796,0.0278419679826496,0.0117718905794095,0.00854747001957382,0.00752260738366626,2451,29
2014-07-01,2014,3,2014Q3,South Dakota,6.130105,6130.105,9.41411434487069,0.0493530451694455,24.7074409852668,2014_M6.9_puerto_madero,0.302539348958444,5.94990131485014,0.180203685149857,0.970603491269749,7.41314964259488e-11,1.20930222934108e-11,4.36942010117497e-12,4.70756354120869e-12,3.0160386510271e-12,2451,29
2014-07-01,2014,3,2014Q3,Tennessee,87.519517,87519.517,12.0727642794946,0.416326135398099,24.7074409852668,2014_M6.9_puerto_madero,36.4366622845182,87.2575317363038,0.261985263696186,0.997006550393826,2.55009395255515,0.0291374317405699,0.0125749283764565,0.00724038898644146,0.00932211437767194,2451,29
2014-07-01,2014,3,2014Q3,Texas,702.20588,702205.88,14.1551290969246,0.0397956978448011,24.7074409852668,2014_M6.9_puerto_madero,27.9447730253227,700.246673429546,1.95920657045441,0.997209925712308,1.48091517187714,0.00210894726754088,0.00047246232133714,0.000513858270279637,0.00112262667592411,2451,29
2014-07-01,2014,3,2014Q3,Utah,48.002692,48002.692,11.4721595523192,0.0960479413534239,24.7074409852668,2014_M6.9_puerto_madero,4.61055974602247,47.8545697197729,0.148122280227112,0.996914292218713,0.295129164896964,0.00614817945828879,0.00113928380398705,0.00372990615636018,0.00127898949794156,2451,29
2014-07-01,2014,3,2014Q3,Vermont,0.787336,787.336,7.36180267889554,1.19258953671118,24.7074409852668,2014_M6.9_puerto_madero,0.938968675476034,0.786453541886871,0.000882458113128708,0.998879184854841,3.23944950467549e-05,4.11444352179437e-05,4.11444294050497e-05,3.54297999230982e-12,2.26991404429955e-12,2451,29
2014-07-01,2014,3,2014Q3,Virginia,62.261916,62261.916,11.7322523983193,0.311464459690262,24.7074409852668,2014_M6.9_puerto_madero,19.3923740262205,61.9914717384623,0.270444261537703,0.995656345340582,1.30640350929456,0.0209823852721552,0.00751400004902742,0.00703263247254289,0.00643575275058488,2451,29
2014-07-01,2014,3,2014Q3,Washington,153.427722,153427.722,12.634132049238,0.099739683796156,24.7074409852668,2014_M6.9_puerto_madero,15.3028324778445,151.990856403292,1.43686559670785,0.990634902363291,0.803332300518387,0.00523590059245217,0.00103148958578628,0.00153526236275758,0.00266914864390831,2451,29
2014-07-01,2014,3,2014Q3,West Virginia,3.015463,3015.463,8.70465587093068,0.223564570910247,24.7074409852668,2014_M6.9_puerto_madero,0.674150691690727,3.0107336511075,0.00472934889250438,0.998431634249034,0.0623235742578422,0.020667995016965,0.0206679950088309,4.95772072700583e-12,3.17630918897987e-12,2451,29
2014-07-01,2014,3,2014Q3,Wisconsin,54.9544,54954.4,11.6074062100623,0.0477899914554068,24.7074409852668,2014_M6.9_puerto_madero,2.62627030643701,54.709095709337,0.245304290663055,0.995536221109446,0.180464757853615,0.00328390006721236,0.00165908918744959,0.000733949860434521,0.000890861019328243,2451,29
2014-07-01,2014,3,2014Q3,Wyoming,10.822609,10822.609,9.98253983356983,0.0670179798896222,24.7074409852668,2014_M6.9_puerto_madero,0.725309392315244,10.8017285776159,0.0208804223841004,0.998070666473851,0.039331122519881,0.00363416275316618,0.00102279780389765,3.61175848542478e-05,0.00257524736441428,2451,29
2014-10-01,2014,4,2014Q4,Alabama,43.744959,43744.959,11.3792788429805,0,0,"",0,43.6399011047555,0.105057895244496,0.997598399960907,0,0,0,0,0,2451,0
2014-10-01,2014,4,2014Q4,Alaska,9.969707,9969.707,9.90045365743471,0,0,"",0,9.95691505574493,0.0127919442550644,0.998716918736422,0,0,0,0,0,2451,0
2014-10-01,2014,4,2014Q4,Arizona,103.970534,103970.534,12.2450099916389,0,0,"",0,103.762518219964,0.208015780035922,0.997999281411444,0,0,0,0,0,2451,0
2014-10-01,2014,4,2014Q4,Arkansas,35.84232,35842.32,11.1800317778912,0,0,"",0,35.7324946010101,0.109825398989905,0.996935873598866,0,0,0,0,0,2451,0
2014-10-01,2014,4,2014Q4,California,1418.801221,1418801.221,14.8584700430277,0,0,"",0,1414.01157425962,4.78964674037835,0.996624159417482,0,0,0,0,0,2451,0
2014-10-01,2014,4,2014Q4,Colorado,138.627919,138627.919,12.5326959618119,0,0,"",0,138.289266963076,0.338652036923628,0.997557115194641,0,0,0,0,0,2451,0
2014-10-01,2014,4,2014Q4,Connecticut,15.637338,15637.338,10.3505639765916,0,0,"",0,15.610481963361,0.0268560366389564,0.998282569792956,0,0,0,0,0,2451,0
2014-10-01,2014,4,2014Q4,Delaware,11.821142,11821.142,10.0707920845473,0,0,"",0,11.7667171114631,0.0544248885369457,0.995395970326983,0,0,0,0,0,2451,0
2014-10-01,2014,4,2014Q4,District Of Columbia,2.708167,2708.167,8.59717451590618,0,0,"",0,2.69103677215481,0.0171302278451875,0.993674604319014,0,0,0,0,0,2451,0
2014-10-01,2014,4,2014Q4,Florida,219.947423,219947.423,12.9942909909742,0,0,"",0,219.321056514574,0.626366485425652,0.997152199026102,0,0,0,0,0,2451,0
2014-10-01,2014,4,2014Q4,Georgia,164.205218,164205.218,12.7020194343839,0,0,"",0,163.622393962598,0.582824037401734,0.996450636316553,0,0,0,0,0,2451,0
2014-10-01,2014,4,2014Q4,Hawaii,2.549173,2549.173,8.53667149085756,0,0,"",0,2.54596576155268,0.0032072384473219,0.998741851397562,0,0,0,0,0,2451,0
2014-10-01,2014,4,2014Q4,Idaho,25.32568,25325.68,10.8327213606439,0,0,"",0,25.082274060645,0.243405939355047,0.990388967271361,0,0,0,0,0,2451,0
2014-10-01,2014,4,2014Q4,Illinois,282.800074,282800.074,13.2456426552366,0,0,"",0,282.038337159674,0.761736840326371,0.997306447521204,0,0,0,0,0,2451,0
2014-10-01,2014,4,2014Q4,Indiana,64.10041,64100.41,11.7613532197649,0,0,"",0,63.9469219301803,0.153488069819718,0.997605505646224,0,0,0,0,0,2451,0
2014-10-01,2014,4,2014Q4,Iowa,28.402112,28402.112,10.9473659684513,0,0,"",0,28.365534700181,0.0365772998190195,0.998712162679345,0,0,0,0,0,2451,0
2014-10-01,2014,4,2014Q4,Kansas,41.388063,41388.063,11.3238949656099,0,0,"",0,41.2978344508987,0.0902285491013535,0.997819937862244,0,0,0,0,0,2451,0
2014-10-01,2014,4,2014Q4,Kentucky,42.771218,42771.218,11.3567678594171,0,0,"",0,42.5955851613983,0.175632838601661,0.995893667592032,0,0,0,0,0,2451,0
2014-10-01,2014,4,2014Q4,Louisiana,68.414056,68414.056,11.8264807601884,0,0,"",0,68.2039226492263,0.210133350773721,0.996928506171689,0,0,0,0,0,2451,0
2014-10-01,2014,4,2014Q4,Maine,0.694042,694.042,7.23568017696852,0,0,"",0,0.692697375599445,0.00134462440055537,0.998062618111648,0,0,0,0,0,2451,0
2014-10-01,2014,4,2014Q4,Maryland,32.751237,32751.237,11.0898431921355,0,0,"",0,32.5710050726866,0.180231927313401,0.994496942899793,0,0,0,0,0,2451,0
2014-10-01,2014,4,2014Q4,Massachusetts,10.570018,10570.018,9.95892396459324,0,0,"",0,10.5557718677921,0.0142461322079044,0.998652213060763,0,0,0,0,0,2451,0
2014-10-01,2014,4,2014Q4,Michigan,46.688921,46688.921,11.4444093584989,0,0,"",0,46.5444990950949,0.144421904905139,0.996906720013831,0,0,0,0,0,2451,0
2014-10-01,2014,4,2014Q4,Minnesota,218.379852,218379.852,12.9871384464153,0,0,"",0,217.536750838138,0.843101161862448,0.996139290533714,0,0,0,0,0,2451,0
2014-10-01,2014,4,2014Q4,Mississippi,26.879676,26879.676,10.892272921899,0,0,"",0,26.7369795588034,0.142696441196581,0.994691288645124,0,0,0,0,0,2451,0
2014-10-01,2014,4,2014Q4,Missouri,32.913295,32913.295,11.0947791392599,0,0,"",0,32.8146407314157,0.0986542685843136,0.997002601271483,0,0,0,0,0,2451,0
2014-10-01,2014,4,2014Q4,Montana,2.112954,2112.954,8.34898948394014,0,0,"",0,2.11003097212488,0.00292302787512044,0.998616615470512,0,0,0,0,0,2451,0
2014-10-01,2014,4,2014Q4,Nebraska,25.529326,25529.326,10.8407302905172,0,0,"",0,25.4244293860901,0.104896613909869,0.99589113265623,0,0,0,0,0,2451,0
2014-10-01,2014,4,2014Q4,Nevada,57.547921,57547.921,11.6535204690243,0,0,"",0,57.3219614495645,0.225959550435528,0.996073541033124,0,0,0,0,0,2451,0
2014-10-01,2014,4,2014Q4,New Hampshire,3.075243,3075.243,8.72428640850366,0,0,"",0,3.07116185850074,0.00408114149925611,0.998672904385359,0,0,0,0,0,2451,0
2014-10-01,2014,4,2014Q4,New Jersey,91.867944,91867.944,12.1212546141554,0,0,"",0,91.5518544332811,0.31608956671895,0.996559305096466,0,0,0,0,0,2451,0
2014-10-01,2014,4,2014Q4,New Mexico,31.085925,31085.925,11.0376576041969,0,0,"",0,31.0065955250203,0.0793294749797372,0.997448058084817,0,0,0,0,0,2451,0
2014-10-01,2014,4,2014Q4,New York,198.829278,198829.278,12.893349016569,0,0,"",0,198.213659826343,0.615618173656729,0.996903785097199,0,0,0,0,0,2451,0
2014-10-01,2014,4,2014Q4,North Carolina,147.924999,147924.999,12.5976078413561,0,0,"",0,147.349254788576,0.575744211424513,0.996107864016788,0,0,0,0,0,2451,0
2014-10-01,2014,4,2014Q4,North Dakota,10.360746,10360.746,9.93892670383193,0,0,"",0,10.3470798797344,0.01366612026556,0.998680971402488,0,0,0,0,0,2451,0
2014-10-01,2014,4,2014Q4,Ohio,47.473273,47473.273,11.4610693386492,0,0,"",0,47.3590083732587,0.114264626741353,0.997593074597124,0,0,0,0,0,2451,0
2014-10-01,2014,4,2014Q4,Oklahoma,50.460207,50460.207,11.522087505104,0,0,"",0,50.3656675496235,0.0945394503764836,0.998126455359636,0,0,0,0,0,2451,0
2014-10-01,2014,4,2014Q4,Oregon,71.854119,71854.119,11.8755403982385,0,0,"",0,71.4897335664159,0.364385433584085,0.994928816348245,0,0,0,0,0,2451,0
2014-10-01,2014,4,2014Q4,Pennsylvania,50.399989,50399.989,11.5208934164638,0,0,"",0,50.2577830150731,0.142205984926877,0.997178452064208,0,0,0,0,0,2451,0
2014-10-01,2014,4,2014Q4,Rhode Island,2.443817,2443.817,8.49446366265791,0,0,"",0,2.40752073002447,0.0362962699755342,0.985147713607224,0,0,0,0,0,2451,0
2014-10-01,2014,4,2014Q4,South Carolina,59.957814,59957.814,11.694543674543,0,0,"",0,59.732665988064,0.225148011936039,0.996244892918611,0,0,0,0,0,2451,0
2014-10-01,2014,4,2014Q4,South Dakota,4.896769,4896.769,9.18947806983792,0,0,"",0,4.77597003858075,0.120798961419253,0.975330884217889,0,0,0,0,0,2451,0
2014-10-01,2014,4,2014Q4,Tennessee,80.096136,80096.136,11.9841300727914,0,0,"",0,79.8812701712334,0.214865828766605,0.997317400819852,0,0,0,0,0,2451,0
2014-10-01,2014,4,2014Q4,Texas,718.284181,718284.181,14.1777677455491,0,0,"",0,716.352094394762,1.93208660523839,0.997310136215796,0,0,0,0,0,2451,0
2014-10-01,2014,4,2014Q4,Utah,46.648944,46648.944,11.4435527500382,0,0,"",0,46.5192972301937,0.129646769806263,0.997220799471768,0,0,0,0,0,2451,0
2014-10-01,2014,4,2014Q4,Vermont,0.8853,885.3,7.47907407015358,0,0,"",0,0.884355996883883,0.000944003116116543,0.998933691272883,0,0,0,0,0,2451,0
2014-10-01,2014,4,2014Q4,Virginia,53.092252,53092.252,11.5729334638613,0,0,"",0,52.8743682994439,0.217883700556129,0.995896129993579,0,0,0,0,0,2451,0
2014-10-01,2014,4,2014Q4,Washington,128.799698,128799.698,12.4591609285042,0,0,"",0,127.756704805406,1.04299319459392,0.991902207762988,0,0,0,0,0,2451,0
2014-10-01,2014,4,2014Q4,West Virginia,2.645445,2645.445,8.57374178838978,0,0,"",0,2.6417198379651,0.00372516203489803,0.998591858067396,0,0,0,0,0,2451,0
2014-10-01,2014,4,2014Q4,Wisconsin,54.19278,54192.78,11.5934501488674,0,0,"",0,53.9611802278729,0.231599772127068,0.99572637218229,0,0,0,0,0,2451,0
2014-10-01,2014,4,2014Q4,Wyoming,9.462134,9462.134,9.84820040135386,0,0,"",0,9.44579192523244,0.0163420747675605,0.998272897554869,0,0,0,0,0,2451,0
2015-01-01,2015,1,2015Q1,Alabama,42.193088,42193.088,11.34315887584,0,0,"",0,42.0486752944023,0.144412705597756,0.996577337368676,0,0,0,0,0,2451,0
2015-01-01,2015,1,2015Q1,Alaska,7.556505,7556.505,9.62331124563012,0,0,"",0,7.5500468490459,0.00645815095410224,0.999145352123223,0,0,0,0,0,2451,0
2015-01-01,2015,1,2015Q1,Arizona,151.375721,151375.721,12.6206674244207,0,0,"",0,150.980443905226,0.395277094774051,0.997388768210894,0,0,0,0,0,2451,0
2015-01-01,2015,1,2015Q1,Arkansas,33.247974,33247.974,11.1048962926828,0,0,"",0,33.1170651448708,0.130908855129163,0.996062651663251,0,0,0,0,0,2451,0
2015-01-01,2015,1,2015Q1,California,1676.78102,1676781.02,15.0255336344254,0,0,"",0,1672.5310052836,4.25001471639677,0.997465372838967,0,0,0,0,0,2451,0
2015-01-01,2015,1,2015Q1,Colorado,118.737426,118737.426,12.3778170105524,0,0,"",0,118.324103058639,0.413322941360537,0.996519017168517,0,0,0,0,0,2451,0
2015-01-01,2015,1,2015Q1,Connecticut,14.993739,14993.739,10.3085351746207,0,0,"",0,14.957525594652,0.0362134053479552,0.997584764857655,0,0,0,0,0,2451,0
2015-01-01,2015,1,2015Q1,Delaware,7.756346,7756.346,9.64941381070702,0,0,"",0,7.71540301886218,0.040942981137817,0.994721357049077,0,0,0,0,0,2451,0
2015-01-01,2015,1,2015Q1,District Of Columbia,2.547949,2547.949,8.53619121986177,0,0,"",0,2.52299005155749,0.024958948442508,0.990204298264012,0,0,0,0,0,2451,0
2015-01-01,2015,1,2015Q1,Florida,204.545338,204545.338,12.9216921121702,0,0,"",0,203.794918530815,0.750419469184546,0.996331280504743,0,0,0,0,0,2451,0
2015-01-01,2015,1,2015Q1,Georgia,195.209186,195209.186,12.8749741918466,0,0,"",0,194.370249807854,0.838936192145793,0.995702373390636,0,0,0,0,0,2451,0
2015-01-01,2015,1,2015Q1,Hawaii,5.515399,5515.399,9.30844646599036,0,0,"",0,5.51066358681222,0.00473541318778214,0.999141419652906,0,0,0,0,0,2451,0
2015-01-01,2015,1,2015Q1,Idaho,16.515216,16515.216,10.405184598235,0,0,"",0,16.3863146451671,0.128901354832901,0.992194994311131,0,0,0,0,0,2451,0
2015-01-01,2015,1,2015Q1,Illinois,295.842193,295842.193,13.290728639947,0,0,"",0,294.963536473361,0.87865652663885,0.99702998237767,0,0,0,0,0,2451,0
2015-01-01,2015,1,2015Q1,Indiana,56.674546,56674.546,11.6382276453947,0,0,"",0,56.5259103509619,0.148635649038079,0.997377382625384,0,0,0,0,0,2451,0
2015-01-01,2015,1,2015Q1,Iowa,24.089043,24089.043,10.7826595497832,0,0,"",0,24.0084362276513,0.0806067723486587,0.996653799308314,0,0,0,0,0,2451,0
2015-01-01,2015,1,2015Q1,Kansas,40.16206,40162.06,11.2938252285857,0,0,"",0,40.0789541022939,0.0831058977060899,0.997930736179716,0,0,0,0,0,2451,0
2015-01-01,2015,1,2015Q1,Kentucky,29.625173,29625.173,10.9895268989276,0,0,"",0,29.508297538487,0.116875461512985,0.996054859780465,0,0,0,0,0,2451,0
2015-01-01,2015,1,2015Q1,Louisiana,79.649782,79649.782,11.9785417589595,0,0,"",0,79.2508043294389,0.398977670561123,0.994990850438723,0,0,0,0,0,2451,0
2015-01-01,2015,1,2015Q1,Maine,1.066792,1066.792,7.66555869345193,0,0,"",0,1.06580438222223,0.000987617777765234,0.999074217112834,0,0,0,0,0,2451,0
2015-01-01,2015,1,2015Q1,Maryland,30.737283,30737.283,11.0263788075437,0,0,"",0,30.6144028539209,0.122880146079071,0.996002244372768,0,0,0,0,0,2451,0
2015-01-01,2015,1,2015Q1,Massachusetts,12.198791,12198.791,10.1022393096901,0,0,"",0,12.1483522598196,0.0504387401804422,0.995865267289157,0,0,0,0,0,2451,0
2015-01-01,2015,1,2015Q1,Michigan,51.73711,51737.11,11.5470777786293,0,0,"",0,51.6062706812631,0.130839318736894,0.997471074075516,0,0,0,0,0,2451,0
2015-01-01,2015,1,2015Q1,Minnesota,177.062332,177062.332,12.7774042883228,0,0,"",0,176.418079054322,0.64425294567824,0.996361434200029,0,0,0,0,0,2451,0
2015-01-01,2015,1,2015Q1,Mississippi,22.477095,22477.095,10.7133992507334,0,0,"",0,22.1994838432247,0.277611156775286,0.987649153203504,0,0,0,0,0,2451,0
2015-01-01,2015,1,2015Q1,Missouri,33.068395,33068.395,11.0994804521727,0,0,"",0,32.9941889202274,0.0742060797726387,0.997755981813673,0,0,0,0,0,2451,0
2015-01-01,2015,1,2015Q1,Montana,2.971259,2971.259,8.68988825657571,0,0,"",0,2.96886038109859,0.00239861890140908,0.999192726416173,0,0,0,0,0,2451,0
2015-01-01,2015,1,2015Q1,Nebraska,27.192737,27192.737,10.9038523754666,0,0,"",0,27.1495603011409,0.0431766988590621,0.998412197387153,0,0,0,0,0,2451,0
2015-01-01,2015,1,2015Q1,Nevada,65.022607,65022.607,11.7756374690285,0,0,"",0,64.7638501683251,0.25875683167493,0.996020509733254,0,0,0,0,0,2451,0
2015-01-01,2015,1,2015Q1,New Hampshire,3.28132,3281.32,8.78914826322462,0,0,"",0,3.27863320974969,0.00268679025030855,0.999181186153649,0,0,0,0,0,2451,0
2015-01-01,2015,1,2015Q1,New Jersey,84.984073,84984.073,12.0433663220393,0,0,"",0,84.6814026180957,0.30267038190428,0.996438504637166,0,0,0,0,0,2451,0
2015-01-01,2015,1,2015Q1,New Mexico,35.680722,35680.722,11.1755130026715,0,0,"",0,35.6159314372935,0.0647905627065263,0.998184157744719,0,0,0,0,0,2451,0
2015-01-01,2015,1,2015Q1,New York,179.536361,179536.361,12.7912802152091,0,0,"",0,179.167813867017,0.368547132982609,0.997947228455953,0,0,0,0,0,2451,0
2015-01-01,2015,1,2015Q1,North Carolina,107.589038,107589.038,12.2792212247781,0,0,"",0,107.156399957241,0.432638042759164,0.995978790676062,0,0,0,0,0,2451,0
2015-01-01,2015,1,2015Q1,North Dakota,18.339124,18339.124,10.5099391615237,0,0,"",0,18.3228771262429,0.016246873757129,0.999114086705716,0,0,0,0,0,2451,0
2015-01-01,2015,1,2015Q1,Ohio,38.887744,38887.744,11.2615815964213,0,0,"",0,38.7921268720303,0.0956171279697343,0.997541201465178,0,0,0,0,0,2451,0
2015-01-01,2015,1,2015Q1,Oklahoma,49.055164,49055.164,11.493847920442,0,0,"",0,48.9363655119253,0.118798488074731,0.997578267436335,0,0,0,0,0,2451,0
2015-01-01,2015,1,2015Q1,Oregon,56.221934,56221.934,11.6302094250771,0,0,"",0,56.0408814821573,0.181052517842654,0.996779681790337,0,0,0,0,0,2451,0
2015-01-01,2015,1,2015Q1,Pennsylvania,49.735984,49735.984,11.5076311549116,0,0,"",0,49.5997208318369,0.136263168163068,0.997260269985549,0,0,0,0,0,2451,0
2015-01-01,2015,1,2015Q1,Rhode Island,3.721483,3721.483,8.91502472235024,0,0,"",0,3.71756352791473,0.00391947208527182,0.998946798336773,0,0,0,0,0,2451,0
2015-01-01,2015,1,2015Q1,South Carolina,42.827928,42827.928,11.3580928728298,0,0,"",0,42.6749843558829,0.152943644117099,0.996428880609935,0,0,0,0,0,2451,0
2015-01-01,2015,1,2015Q1,South Dakota,5.403152,5403.152,9.28788495509066,0,0,"",0,5.39089248609264,0.0122595139073603,0.99773104404478,0,0,0,0,0,2451,0
2015-01-01,2015,1,2015Q1,Tennessee,68.327073,68327.073,11.8252085312349,0,0,"",0,68.1197116435232,0.20736135647682,0.996965165528504,0,0,0,0,0,2451,0
2015-01-01,2015,1,2015Q1,Texas,770.326099,770326.099,14.247716389932,0,0,"",0,767.768876146679,2.55722285332088,0.996680337253742,0,0,0,0,0,2451,0
2015-01-01,2015,1,2015Q1,Utah,39.334176,39334.176,11.2729962190006,0,0,"",0,39.1982462225225,0.135929777477482,0.996544232235156,0,0,0,0,0,2451,0
2015-01-01,2015,1,2015Q1,Vermont,2.931023,2931.023,8.67625399749177,0,0,"",0,2.92835273027252,0.00267026972748017,0.999088963229739,0,0,0,0,0,2451,0
2015-01-01,2015,1,2015Q1,Virginia,59.295823,59295.823,11.6834413246874,0,0,"",0,58.928236385596,0.367586614403962,0.993800800869161,0,0,0,0,0,2451,0
2015-01-01,2015,1,2015Q1,Washington,101.365635,101365.635,12.2196365879567,0,0,"",0,101.083677448508,0.281957551492312,0.997218410840199,0,0,0,0,0,2451,0
2015-01-01,2015,1,2015Q1,West Virginia,5.098841,5098.841,9.22991572816015,0,0,"",0,5.0941030305388,0.00473796946119547,0.999070775209269,0,0,0,0,0,2451,0
2015-01-01,2015,1,2015Q1,Wisconsin,62.191437,62191.437,11.7311197810643,0,0,"",0,61.9460899195599,0.245347080440155,0.996054970068626,0,0,0,0,0,2451,0
2015-01-01,2015,1,2015Q1,Wyoming,9.84664,9846.64,9.88803274235974,0,0,"",0,9.82458309539756,0.0220569046024381,0.997759956228476,0,0,0,0,0,2451,0
2015-04-01,2015,2,2015Q2,Alabama,53.756071,53756.071,11.5853590690953,0,0,"",0,53.5602815417751,0.195789458224931,0.99635781680873,0,0,0,0,0,2451,0
2015-04-01,2015,2,2015Q2,Alaska,11.186138,11186.138,10.0155777947129,0,0,"",0,11.1761709032414,0.00996709675860694,0.999108977847528,0,0,0,0,0,2451,0
2015-04-01,2015,2,2015Q2,Arizona,148.066873,148066.873,12.5985664758612,0,0,"",0,147.718858832223,0.348014167777386,0.997649614929212,0,0,0,0,0,2451,0
2015-04-01,2015,2,2015Q2,Arkansas,44.222105,44222.105,11.3901272368609,0,0,"",0,44.049526282196,0.172578717803968,0.996097455835628,0,0,0,0,0,2451,0
2015-04-01,2015,2,2015Q2,California,1910.923474,1910923.474,15.156244357978,0,0,"",0,1905.7200685139,5.20340548610466,0.997277020478893,0,0,0,0,0,2451,0
2015-04-01,2015,2,2015Q2,Colorado,133.148589,133148.589,12.492368174689,0,0,"",0,132.707174664422,0.44141433557825,0.996684798998672,0,0,0,0,0,2451,0
2015-04-01,2015,2,2015Q2,Connecticut,19.980473,19980.473,10.5956579067822,0,0,"",0,19.9356373703727,0.0448356296272762,0.997756027616199,0,0,0,0,0,2451,0
2015-04-01,2015,2,2015Q2,Delaware,11.308952,11308.952,10.0264970859699,0,0,"",0,11.2395432261815,0.0694087738185492,0.993862492844735,0,0,0,0,0,2451,0
2015-04-01,2015,2,2015Q2,District Of Columbia,3.112804,3112.804,8.73642641304716,0,0,"",0,3.08129878760445,0.0315052123955495,0.989878831948446,0,0,0,0,0,2451,0
2015-04-01,2015,2,2015Q2,Florida,250.856826,250856.826,13.1257848215871,0,0,"",0,249.90159894022,0.955227059780542,0.996192142446303,0,0,0,0,0,2451,0
2015-04-01,2015,2,2015Q2,Georgia,248.645579,248645.579,13.1169309645367,0,0,"",0,247.523777589107,1.12180141089324,0.995488351671464,0,0,0,0,0,2451,0
2015-04-01,2015,2,2015Q2,Hawaii,6.040955,6040.955,9.39946457842371,0,0,"",0,6.03534177356296,0.00561322643703838,0.999070804792117,0,0,0,0,0,2451,0
2015-04-01,2015,2,2015Q2,Idaho,25.674821,25674.821,10.8464132439492,0,0,"",0,25.4884137454536,0.186407254546374,0.992739686304089,0,0,0,0,0,2451,0
2015-04-01,2015,2,2015Q2,Illinois,311.091332,311091.332,13.3409890006364,0,0,"",0,310.089761872802,1.00157012719815,0.996780462763912,0,0,0,0,0,2451,0
2015-04-01,2015,2,2015Q2,Indiana,66.592583,66592.583,11.7994956645767,0,0,"",0,66.4100798089339,0.182503191066093,0.99725940663593,0,0,0,0,0,2451,0
2015-04-01,2015,2,2015Q2,Iowa,28.888159,28888.159,10.9643342478172,0,0,"",0,28.7801091722887,0.108049827711296,0.996259719156513,0,0,0,0,0,2451,0
2015-04-01,2015,2,2015Q2,Kansas,45.149865,45149.865,11.41088974949,0,0,"",0,45.0678083893622,0.0820566106378559,0.99818257240331,0,0,0,0,0,2451,0
2015-04-01,2015,2,2015Q2,Kentucky,37.305162,37305.162,11.2200341682172,0,0,"",0,37.15595787827,0.149204121729989,0.996000443002231,0,0,0,0,0,2451,0
2015-04-01,2015,2,2015Q2,Louisiana,99.182267,99182.267,12.1978616977982,0,0,"",0,98.7001197777403,0.482147222259675,0.995138775944094,0,0,0,0,0,2451,0
2015-04-01,2015,2,2015Q2,Maine,1.648478,1648.478,8.1007549895141,0,0,"",0,1.64683327076769,0.00164472923230805,0.999002274078084,0,0,0,0,0,2451,0
2015-04-01,2015,2,2015Q2,Maryland,43.195262,43195.262,11.3666332729854,0,0,"",0,43.0247822703745,0.170479729625487,0.996053277101885,0,0,0,0,0,2451,0
2015-04-01,2015,2,2015Q2,Massachusetts,17.618212,17618.212,10.4698356001106,0,0,"",0,17.5516907603405,0.0665212396595383,0.996224291110838,0,0,0,0,0,2451,0
2015-04-01,2015,2,2015Q2,Michigan,63.346802,63346.802,11.7495268836451,0,0,"",0,63.1770167807758,0.169785219224242,0.997319750739363,0,0,0,0,0,2451,0
2015-04-01,2015,2,2015Q2,Minnesota,159.951755,159951.755,12.675774698066,0,0,"",0,159.353707970439,0.598047029560712,0.996261078663621,0,0,0,0,0,2451,0
2015-04-01,2015,2,2015Q2,Mississippi,29.830555,29830.555,10.9964356636074,0,0,"",0,29.4527073189036,0.377847681096446,0.987333534991339,0,0,0,0,0,2451,0
2015-04-01,2015,2,2015Q2,Missouri,44.422851,44422.851,11.394656458876,0,0,"",0,44.3275082554883,0.0953427445117435,0.997853745485364,0,0,0,0,0,2451,0
2015-04-01,2015,2,2015Q2,Montana,5.861475,5861.475,9.36930374521944,0,0,"",0,5.85693602303062,0.00453897696938283,0.999225625466391,0,0,0,0,0,2451,0
2015-04-01,2015,2,2015Q2,Nebraska,29.322253,29322.253,10.9792491756454,0,0,"",0,29.2737556838049,0.0484973161951338,0.998346057644509,0,0,0,0,0,2451,0
2015-04-01,2015,2,2015Q2,Nevada,65.830502,65830.502,11.787985746753,0,0,"",0,65.5732843628506,0.257217637149386,0.99609272860855,0,0,0,0,0,2451,0
2015-04-01,2015,2,2015Q2,New Hampshire,4.956907,4956.907,9.20168442723156,0,0,"",0,4.95296683340851,0.0039401665914892,0.999205115893542,0,0,0,0,0,2451,0
2015-04-01,2015,2,2015Q2,New Jersey,105.946063,105946.063,12.263832584551,0,0,"",0,105.530145579194,0.415917420806235,0.996074253171576,0,0,0,0,0,2451,0
2015-04-01,2015,2,2015Q2,New Mexico,36.580215,36580.215,11.2004099802031,0,0,"",0,36.5232415153815,0.0569734846185282,0.998442505474106,0,0,0,0,0,2451,0
2015-04-01,2015,2,2015Q2,New York,237.13571,237135.71,13.0695350528334,0,0,"",0,236.619761720848,0.515948279151581,0.997824248911513,0,0,0,0,0,2451,0
2015-04-01,2015,2,2015Q2,North Carolina,150.853115,150853.115,12.6172090745969,0,0,"",0,150.223470527341,0.629644472658723,0.995826108909593,0,0,0,0,0,2451,0
2015-04-01,2015,2,2015Q2,North Dakota,26.997882,26997.882,10.896660878368,0,0,"",0,26.9763591652624,0.0215228347375643,0.999202795436414,0,0,0,0,0,2451,0
2015-04-01,2015,2,2015Q2,Ohio,54.426338,54426.338,11.5977506507352,0,0,"",0,54.2795942947986,0.146743705201425,0.997303810790992,0,0,0,0,0,2451,0
2015-04-01,2015,2,2015Q2,Oklahoma,57.31634,57316.34,11.6494882084809,0,0,"",0,57.1877149913558,0.128625008644251,0.997755875398809,0,0,0,0,0,2451,0
2015-04-01,2015,2,2015Q2,Oregon,63.788683,63788.683,11.756478251775,0,0,"",0,63.5775635894736,0.211119410526361,0.996690331253173,0,0,0,0,0,2451,0
2015-04-01,2015,2,2015Q2,Pennsylvania,69.115647,69115.647,11.8366836046765,0,0,"",0,68.9134028388033,0.202244161196676,0.997073829588882,0,0,0,0,0,2451,0
2015-04-01,2015,2,2015Q2,Rhode Island,4.843231,4843.231,9.17848453019156,0,0,"",0,4.83808431752364,0.00514668247636496,0.99893734523991,0,0,0,0,0,2451,0
2015-04-01,2015,2,2015Q2,South Carolina,63.794022,63794.022,11.7565619465047,0,0,"",0,63.5581740143502,0.23584798564979,0.996302976701331,0,0,0,0,0,2451,0
2015-04-01,2015,2,2015Q2,South Dakota,8.392934,8392.934,9.72829262446497,0,0,"",0,8.37486790345924,0.0180660965407596,0.997847463528158,0,0,0,0,0,2451,0
2015-04-01,2015,2,2015Q2,Tennessee,90.642759,90642.759,12.1078285149287,0,0,"",0,90.358619898352,0.28413910164796,0.996865286264643,0,0,0,0,0,2451,0
2015-04-01,2015,2,2015Q2,Texas,874.457475,874457.475,14.3745061250314,0,0,"",0,871.657567552384,2.79990744761672,0.996798120517391,0,0,0,0,0,2451,0
2015-04-01,2015,2,2015Q2,Utah,43.525258,43525.258,11.3742438729385,0,0,"",0,43.3651420014474,0.160115998552593,0.996321308456056,0,0,0,0,0,2451,0
2015-04-01,2015,2,2015Q2,Vermont,2.976057,2976.057,8.69150175778184,0,0,"",0,2.9738915511617,0.00216544883830339,0.999272376557874,0,0,0,0,0,2451,0
2015-04-01,2015,2,2015Q2,Virginia,88.632433,88632.433,12.0854003111491,0,0,"",0,88.0836836722427,0.5487493277573,0.993808707386411,0,0,0,0,0,2451,0
2015-04-01,2015,2,2015Q2,Washington,122.996075,122996.075,12.4130549038528,0,0,"",0,122.63018963791,0.365885362090126,0.997025227332741,0,0,0,0,0,2451,0
2015-04-01,2015,2,2015Q2,West Virginia,3.029448,3029.448,8.70928291148944,0,0,"",0,3.02654518054778,0.00290281945222146,0.999041799214833,0,0,0,0,0,2451,0
2015-04-01,2015,2,2015Q2,Wisconsin,66.942736,66942.736,11.8047400269689,0,0,"",0,66.6808397667475,0.261896233252537,0.996087757254909,0,0,0,0,0,2451,0
2015-04-01,2015,2,2015Q2,Wyoming,11.152286,11152.286,10.0125469608656,0,0,"",0,11.1337877846686,0.0184982153314164,0.998341307304044,0,0,0,0,0,2451,0
2015-07-01,2015,3,2015Q3,Alabama,52.25144,52251.44,11.5569699099074,0,0,"",0,52.0531401315021,0.198299868497957,0.996204891798237,0,0,0,0,0,2451,0
2015-07-01,2015,3,2015Q3,Alaska,14.678774,14678.774,10.2873049654148,0,0,"",0,14.664286713109,0.0144872868909655,0.999013045170464,0,0,0,0,0,2451,0
2015-07-01,2015,3,2015Q3,Arizona,139.112355,139112.355,12.5361843755321,0,0,"",0,138.745410102864,0.366944897136399,0.997362240779143,0,0,0,0,0,2451,0
2015-07-01,2015,3,2015Q3,Arkansas,49.564192,49564.192,11.5041710971699,0,0,"",0,49.3535403352801,0.210651664719879,0.995749922348782,0,0,0,0,0,2451,0
2015-07-01,2015,3,2015Q3,California,1899.720758,1899720.758,15.1503646444219,0,0,"",0,1894.51049872731,5.21025927268894,0.997257355192468,0,0,0,0,0,2451,0
2015-07-01,2015,3,2015Q3,Colorado,151.852089,151852.089,12.6238094079471,0,0,"",0,151.317375117015,0.534713882984733,0.996478718952726,0,0,0,0,0,2451,0
2015-07-01,2015,3,2015Q3,Connecticut,21.227378,21227.378,10.65619422371,0,0,"",0,21.167918430592,0.0594595694079774,0.997198920685919,0,0,0,0,0,2451,0
2015-07-01,2015,3,2015Q3,Delaware,12.004277,12004.277,10.0861654642303,0,0,"",0,11.9366834996055,0.0675935003944608,0.994369215206009,0,0,0,0,0,2451,0
2015-07-01,2015,3,2015Q3,District Of Columbia,3.40662,3406.62,8.82662307846789,0,0,"",0,3.36913506571554,0.0374849342844633,0.988996443899095,0,0,0,0,0,2451,0
2015-07-01,2015,3,2015Q3,Florida,231.473644,231473.644,13.0453684777797,0,0,"",0,230.531951147137,0.941692852863095,0.995931749133119,0,0,0,0,0,2451,0
2015-07-01,2015,3,2015Q3,Georgia,247.703121,247703.121,13.1131333958814,0,0,"",0,246.568396542236,1.13472445776442,0.995419014289431,0,0,0,0,0,2451,0
2015-07-01,2015,3,2015Q3,Hawaii,6.657361,6657.361,9.49662562496258,0,0,"",0,6.65077357863753,0.00658742136247138,0.999010505609885,0,0,0,0,0,2451,0
2015-07-01,2015,3,2015Q3,Idaho,28.397876,28397.876,10.94721681349,0,0,"",0,28.1753110118786,0.222564988121372,0.992162618495786,0,0,0,0,0,2451,0
2015-07-01,2015,3,2015Q3,Illinois,319.928392,319928.392,13.3689996552969,0,0,"",0,318.915955052063,1.01243694793716,0.996835426385236,0,0,0,0,0,2451,0
2015-07-01,2015,3,2015Q3,Indiana,69.092075,69092.075,11.8363424949341,0,0,"",0,68.8890600168926,0.203014983107364,0.997061674828736,0,0,0,0,0,2451,0
2015-07-01,2015,3,2015Q3,Iowa,32.931364,32931.364,11.0953279764995,0,0,"",0,32.8105498431632,0.120814156836809,0.996331334564921,0,0,0,0,0,2451,0
2015-07-01,2015,3,2015Q3,Kansas,46.769253,46769.253,11.4461284594898,0,0,"",0,46.671189092372,0.0980639076280219,0.997903239813815,0,0,0,0,0,2451,0
2015-07-01,2015,3,2015Q3,Kentucky,47.289627,47289.627,11.4571934287759,0,0,"",0,47.0801802986198,0.209446701380252,0.995570980050651,0,0,0,0,0,2451,0
2015-07-01,2015,3,2015Q3,Louisiana,94.80392,94803.92,12.1527132181869,0,0,"",0,94.2961096743142,0.507810325685787,0.994643572484284,0,0,0,0,0,2451,0
2015-07-01,2015,3,2015Q3,Maine,8.728254,8728.254,9.76746781267252,0,0,"",0,8.71851389372595,0.00974010627404818,0.998884071628295,0,0,0,0,0,2451,0
2015-07-01,2015,3,2015Q3,Maryland,45.300684,45300.684,11.4142245913766,0,0,"",0,45.0961868400745,0.204497159925518,0.99548578207063,0,0,0,0,0,2451,0
2015-07-01,2015,3,2015Q3,Massachusetts,19.643714,19643.714,10.5786598491081,0,0,"",0,19.5561199413851,0.0875940586148517,0.995540860622647,0,0,0,0,0,2451,0
2015-07-01,2015,3,2015Q3,Michigan,72.075524,72075.524,11.8786169732929,0,0,"",0,71.874229380742,0.201294619258014,0.99720717092174,0,0,0,0,0,2451,0
2015-07-01,2015,3,2015Q3,Minnesota,138.63865,138638.65,12.5327733674655,0,0,"",0,138.107117592002,0.531532407998168,0.996166058974188,0,0,0,0,0,2451,0
2015-07-01,2015,3,2015Q3,Mississippi,27.199609,27199.609,10.9041050580786,0,0,"",0,26.8423073806585,0.357301619341484,0.986863722219629,0,0,0,0,0,2451,0
2015-07-01,2015,3,2015Q3,Missouri,51.034612,51034.612,11.533406528839,0,0,"",0,50.9107667073588,0.123845292641164,0.997573307843681,0,0,0,0,0,2451,0
2015-07-01,2015,3,2015Q3,Montana,9.016504,9016.504,9.79995913841343,0,0,"",0,9.00821339937854,0.0082906006214618,0.999080508296623,0,0,0,0,0,2451,0
2015-07-01,2015,3,2015Q3,Nebraska,33.195608,33195.608,11.1033200377838,0,0,"",0,33.1382931627816,0.0573148372184441,0.998273421073702,0,0,0,0,0,2451,0
2015-07-01,2015,3,2015Q3,Nevada,66.673599,66673.599,11.8007115170722,0,0,"",0,66.3986896717945,0.274909328205486,0.995876788829031,0,0,0,0,0,2451,0
2015-07-01,2015,3,2015Q3,New Hampshire,5.788092,5788.092,9.35670517060231,0,0,"",0,5.78264075670076,0.00545124329923763,0.999058196846346,0,0,0,0,0,2451,0
2015-07-01,2015,3,2015Q3,New Jersey,114.825504,114825.504,12.3443160790513,0,0,"",0,114.33922997112,0.486274028880007,0.995765104337099,0,0,0,0,0,2451,0
2015-07-01,2015,3,2015Q3,New Mexico,37.426245,37426.245,11.223274656006,0,0,"",0,37.3554981374652,0.0707468625347867,0.998109699155371,0,0,0,0,0,2451,0
2015-07-01,2015,3,2015Q3,New York,252.114158,252114.158,13.1307844524168,0,0,"",0,251.500023767983,0.614134232017047,0.997564062895599,0,0,0,0,0,2451,0
2015-07-01,2015,3,2015Q3,North Carolina,167.869015,167869.015,12.7240864622324,0,0,"",0,167.117479695089,0.751535304911316,0.99552308503799,0,0,0,0,0,2451,0
2015-07-01,2015,3,2015Q3,North Dakota,35.217827,35217.827,11.1624548630094,0,0,"",0,35.1831852422936,0.0346417577063913,0.999016357320785,0,0,0,0,0,2451,0
2015-07-01,2015,3,2015Q3,Ohio,59.107172,59107.172,11.6802547303008,0,0,"",0,58.9414672609926,0.165704739007372,0.997196537519891,0,0,0,0,0,2451,0
2015-07-01,2015,3,2015Q3,Oklahoma,61.103098,61103.098,11.7134650282655,0,0,"",0,60.9492201238595,0.153877876140549,0.997481668177601,0,0,0,0,0,2451,0
2015-07-01,2015,3,2015Q3,Oregon,69.681279,69681.279,11.8448341473081,0,0,"",0,69.4324093444741,0.248869655525901,0.996428457412128,0,0,0,0,0,2451,0
2015-07-01,2015,3,2015Q3,Pennsylvania,74.090732,74090.732,11.9061929098432,0,0,"",0,73.8572622958387,0.233469704161348,0.996848867626772,0,0,0,0,0,2451,0
2015-07-01,2015,3,2015Q3,Rhode Island,4.952549,4952.549,9.20080486326918,0,0,"",0,4.94630404936569,0.00624495063431439,0.998739043140348,0,0,0,0,0,2451,0
2015-07-01,2015,3,2015Q3,South Carolina,64.823878,64823.878,11.7725764827392,0,0,"",0,64.5655643233456,0.258313676654455,0.996015146198837,0,0,0,0,0,2451,0
2015-07-01,2015,3,2015Q3,South Dakota,11.427901,11427.901,10.0369602828542,0,0,"",0,11.3989722554804,0.0289287445195992,0.997468586355482,0,0,0,0,0,2451,0
2015-07-01,2015,3,2015Q3,Tennessee,102.097295,102097.295,12.226828690752,0,0,"",0,101.745425930676,0.351869069323754,0.99655359067717,0,0,0,0,0,2451,0
2015-07-01,2015,3,2015Q3,Texas,912.936831,912936.831,14.4175691493538,0,0,"",0,909.723840798257,3.21299020174308,0.996480599650883,0,0,0,0,0,2451,0
2015-07-01,2015,3,2015Q3,Utah,45.143109,45143.109,11.4107401032947,0,0,"",0,44.9770314637006,0.16607753629941,0.996321087758944,0,0,0,0,0,2451,0
2015-07-01,2015,3,2015Q3,Vermont,3.86047,3860.47,8.95169141403939,0,0,"",0,3.85634016093018,0.00412983906981699,0.998930223762957,0,0,0,0,0,2451,0
2015-07-01,2015,3,2015Q3,Virginia,95.884222,95884.222,12.1640439023754,0,0,"",0,95.2617082940834,0.622513705916625,0.99350765232348,0,0,0,0,0,2451,0
2015-07-01,2015,3,2015Q3,Washington,155.791634,155791.634,12.6494218944998,0,0,"",0,155.314066038552,0.477567961448215,0.996934572485143,0,0,0,0,0,2451,0
2015-07-01,2015,3,2015Q3,West Virginia,3.463357,3463.357,8.8431408302978,0,0,"",0,3.45969390955561,0.00366309044438823,0.998942329524681,0,0,0,0,0,2451,0
2015-07-01,2015,3,2015Q3,Wisconsin,69.172027,69172.027,11.8374990063893,0,0,"",0,68.8805799973325,0.291447002667552,0.995786634925885,0,0,0,0,0,2451,0
2015-07-01,2015,3,2015Q3,Wyoming,13.560819,13560.819,10.20808713982,0,0,"",0,13.5297553407585,0.0310636592414935,0.997709308026197,0,0,0,0,0,2451,0
2015-10-01,2015,4,2015Q4,Alabama,49.654287,49654.287,11.5059871908181,0,0,"",0,49.4679156878215,0.18637131217852,0.996246621924537,0,0,0,0,0,2451,0
2015-10-01,2015,4,2015Q4,Alaska,9.774035,9774.035,9.88063184192956,0,0,"",0,9.764227195245,0.00980780475500441,0.998996544952519,0,0,0,0,0,2451,0
2015-10-01,2015,4,2015Q4,Arizona,141.938648,141938.648,12.5562973674545,0,0,"",0,141.557470062606,0.381177937393726,0.997314488035748,0,0,0,0,0,2451,0
2015-10-01,2015,4,2015Q4,Arkansas,43.849975,43849.975,11.3816766083647,0,0,"",0,43.6641196226097,0.185855377390308,0.995761562523347,0,0,0,0,0,2451,0
2015-10-01,2015,4,2015Q4,California,1873.336972,1873336.972,15.1363790561086,0,0,"",0,1868.132909152,5.20406284800178,0.997222035903959,0,0,0,0,0,2451,0
2015-10-01,2015,4,2015Q4,Colorado,132.745797,132745.797,12.4893384581601,0,0,"",0,132.268092360574,0.477704639426151,0.996401357706066,0,0,0,0,0,2451,0
2015-10-01,2015,4,2015Q4,Connecticut,19.55889,19558.89,10.5743323747258,0,0,"",0,19.504942768701,0.0539472312990506,0.997241805066696,0,0,0,0,0,2451,0
2015-10-01,2015,4,2015Q4,Delaware,10.17521,10175.21,9.92085683189305,0,0,"",0,10.1160585817461,0.059151418253865,0.994186712779995,0,0,0,0,0,2451,0
2015-10-01,2015,4,2015Q4,District Of Columbia,3.52239,3522.39,8.86004221617357,0,0,"",0,3.4847094862491,0.0376805137509,0.989302571904048,0,0,0,0,0,2451,0
2015-10-01,2015,4,2015Q4,Florida,238.056247,238056.247,13.0734094372288,0,0,"",0,237.104326347755,0.951920652245391,0.996001278419527,0,0,0,0,0,2451,0
2015-10-01,2015,4,2015Q4,Georgia,230.401522,230401.522,13.0407259942495,0,0,"",0,229.344822605537,1.05669939446261,0.99541366139733,0,0,0,0,0,2451,0
2015-10-01,2015,4,2015Q4,Hawaii,7.913182,7913.182,9.66943244002345,0,0,"",0,7.90526855329349,0.00791344670651183,0.998999966548664,0,0,0,0,0,2451,0
2015-10-01,2015,4,2015Q4,Idaho,24.517695,24517.695,10.8002975617133,0,0,"",0,24.3252743146071,0.192420685392906,0.992151762823018,0,0,0,0,0,2451,0
2015-10-01,2015,4,2015Q4,Illinois,309.064973,309064.973,13.3344539829475,0,0,"",0,308.073525394292,0.991447605707596,0.996792106216101,0,0,0,0,0,2451,0
2015-10-01,2015,4,2015Q4,Indiana,63.251246,63251.246,11.7480172866229,0,0,"",0,63.0655013515635,0.185744648436489,0.997063383566602,0,0,0,0,0,2451,0
2015-10-01,2015,4,2015Q4,Iowa,29.668653,29668.653,10.9909934937049,0,0,"",0,29.5589669474959,0.109686052504087,0.996302964866518,0,0,0,0,0,2451,0
2015-10-01,2015,4,2015Q4,Kansas,44.32766,44327.66,11.3925113211093,0,0,"",0,44.2322103974298,0.0954496025702249,0.997846725891459,0,0,0,0,0,2451,0
2015-10-01,2015,4,2015Q4,Kentucky,40.447754,40447.754,11.3009135763179,0,0,"",0,40.2733327178429,0.174421282157129,0.995687738751647,0,0,0,0,0,2451,0
2015-10-01,2015,4,2015Q4,Louisiana,92.781841,92781.841,12.1311534013364,0,0,"",0,92.2896731139848,0.492167886015161,0.994695428752969,0,0,0,0,0,2451,0
2015-10-01,2015,4,2015Q4,Maine,6.079662,6079.662,9.40585156863325,0,0,"",0,6.07268575103951,0.00697624896049197,0.998852526841049,0,0,0,0,0,2451,0
2015-10-01,2015,4,2015Q4,Maryland,42.140601,42140.601,11.3419141299411,0,0,"",0,41.9539700243495,0.186630975650532,0.995571231277633,0,0,0,0,0,2451,0
2015-10-01,2015,4,2015Q4,Massachusetts,19.777403,19777.403,10.5854424835194,0,0,"",0,19.6901328207586,0.0872701792414243,0.995587379230659,0,0,0,0,0,2451,0
2015-10-01,2015,4,2015Q4,Michigan,62.430438,62430.438,11.734955404513,0,0,"",0,62.2565266111433,0.173911388856724,0.997214317335773,0,0,0,0,0,2451,0
2015-10-01,2015,4,2015Q4,Minnesota,113.172575,113172.575,12.3298163256605,0,0,"",0,112.743140964765,0.429434035235383,0.996205493820076,0,0,0,0,0,2451,0
2015-10-01,2015,4,2015Q4,Mississippi,30.354195,30354.195,11.0138371885251,0,0,"",0,29.9738554671182,0.380339532881808,0.987469951587192,0,0,0,0,0,2451,0
2015-10-01,2015,4,2015Q4,Missouri,42.433695,42433.695,11.3488451997135,0,0,"",0,42.3289920373558,0.104702962644256,0.997532551368806,0,0,0,0,0,2451,0
2015-10-01,2015,4,2015Q4,Montana,7.227466,7227.466,9.57879095497075,0,0,"",0,7.22045439702965,0.00701160297034977,0.999029867041872,0,0,0,0,0,2451,0
2015-10-01,2015,4,2015Q4,Nebraska,32.238121,32238.121,11.0740520940849,0,0,"",0,32.1809521990848,0.0571688009151626,0.998226670812633,0,0,0,0,0,2451,0
2015-10-01,2015,4,2015Q4,Nevada,61.262075,61262.075,11.7160634324606,0,0,"",0,61.0063578935431,0.255717106456873,0.995825849737266,0,0,0,0,0,2451,0
2015-10-01,2015,4,2015Q4,New Hampshire,6.331413,6331.413,9.44642589977296,0,0,"",0,6.32530323877445,0.00610976122554961,0.999035008263471,0,0,0,0,0,2451,0
2015-10-01,2015,4,2015Q4,New Jersey,105.767,105767,12.2621410210721,0,0,"",0,105.301277691533,0.465722308466955,0.995596714396107,0,0,0,0,0,2451,0
2015-10-01,2015,4,2015Q4,New Mexico,34.825805,34825.805,11.1512610947248,0,0,"",0,34.7595128103083,0.0662921896917165,0.9980964635364,0,0,0,0,0,2451,0
2015-10-01,2015,4,2015Q4,New York,236.383028,236383.028,13.066355948931,0,0,"",0,235.81726402166,0.565763978339542,0.997606579528461,0,0,0,0,0,2451,0
2015-10-01,2015,4,2015Q4,North Carolina,142.065475,142065.475,12.557190502435,0,0,"",0,141.442312466156,0.62316253384392,0.995613554004983,0,0,0,0,0,2451,0
2015-10-01,2015,4,2015Q4,North Dakota,33.514135,33514.135,11.1128697499024,0,0,"",0,33.4797805946742,0.0343544053257777,0.998974927882645,0,0,0,0,0,2451,0
2015-10-01,2015,4,2015Q4,Ohio,50.143563,50143.563,11.5157926108761,0,0,"",0,50.0023064976015,0.141256502398501,0.997182958410863,0,0,0,0,0,2451,0
2015-10-01,2015,4,2015Q4,Oklahoma,55.572522,55572.522,11.6185913300851,0,0,"",0,55.4315016749443,0.141020325055713,0.997462409119102,0,0,0,0,0,2451,0
2015-10-01,2015,4,2015Q4,Oregon,58.947574,58947.574,11.6775509322306,0,0,"",0,58.7377718848833,0.209802115116691,0.996440869388167,0,0,0,0,0,2451,0
2015-10-01,2015,4,2015Q4,Pennsylvania,63.902425,63902.425,11.7582597701885,0,0,"",0,63.7072322772411,0.195192722758908,0.996945456721573,0,0,0,0,0,2451,0
2015-10-01,2015,4,2015Q4,Rhode Island,4.850472,4850.472,9.17997848996991,0,0,"",0,4.84438104929126,0.00609095070874146,0.998744256082967,0,0,0,0,0,2451,0
2015-10-01,2015,4,2015Q4,South Carolina,55.438733,55438.733,11.6161809607086,0,0,"",0,55.216478950691,0.222254049309002,0.995990996956785,0,0,0,0,0,2451,0
2015-10-01,2015,4,2015Q4,South Dakota,11.662253,11662.253,10.0572598483369,0,0,"",0,11.6325605124346,0.0296924875653908,0.997453966436383,0,0,0,0,0,2451,0
2015-10-01,2015,4,2015Q4,Tennessee,94.189343,94189.343,12.1462095031179,0,0,"",0,93.8702554495492,0.319087550450836,0.99661227544128,0,0,0,0,0,2451,0
2015-10-01,2015,4,2015Q4,Texas,862.70181,862701.81,14.360971563687,0,0,"",0,859.695257281318,3.00655271868179,0.996514957214844,0,0,0,0,0,2451,0
2015-10-01,2015,4,2015Q4,Utah,42.673428,42673.428,11.354478891126,0,0,"",0,42.5145928927729,0.158835107227077,0.996277892012166,0,0,0,0,0,2451,0
2015-10-01,2015,4,2015Q4,Vermont,3.805435,3805.435,8.9373327848438,0,0,"",0,3.8012164723822,0.00421852761780322,0.998891446676187,0,0,0,0,0,2451,0
2015-10-01,2015,4,2015Q4,Virginia,81.235358,81235.358,11.9982530553194,0,0,"",0,80.7024388601398,0.532919139860158,0.993439812995467,0,0,0,0,0,2451,0
2015-10-01,2015,4,2015Q4,Washington,113.479046,113479.046,12.3325206626991,0,0,"",0,113.129485484357,0.349560515642613,0.99691960297549,0,0,0,0,0,2451,0
2015-10-01,2015,4,2015Q4,West Virginia,5.499077,5499.077,9.30548272778288,0,0,"",0,5.49296016383684,0.00611683616315641,0.998887661299677,0,0,0,0,0,2451,0
2015-10-01,2015,4,2015Q4,Wisconsin,64.368965,64368.965,11.7655340666189,0,0,"",0,64.0926486950389,0.27631630496111,0.995707305454405,0,0,0,0,0,2451,0
2015-10-01,2015,4,2015Q4,Wyoming,11.357877,11357.877,10.0308139735053,0,0,"",0,11.3308880456007,0.0269889543992776,0.997623767681295,0,0,0,0,0,2451,0
2016-01-01,2016,1,2016Q1,Alabama,51.849706,51849.706,11.549251724092,0,0,"",0,51.7280516849705,0.121654315029551,0.997653712539285,0,0,0,0,0,2451,0
2016-01-01,2016,1,2016Q1,Alaska,10.180014,10180.014,9.92132884832146,0,0,"",0,10.1800139999286,7.13976069937543e-11,0.999999999992987,0,0,0,0,0,2451,0
2016-01-01,2016,1,2016Q1,Arizona,165.6832,165683.2,12.7109799907929,0,0,"",0,165.275585792725,0.407614207275407,0.99753979759399,0,0,0,0,0,2451,0
2016-01-01,2016,1,2016Q1,Arkansas,44.821736,44821.736,11.4035956599978,0,0,"",0,44.695690715667,0.126045284332984,0.997187853582177,0,0,0,0,0,2451,0
2016-01-01,2016,1,2016Q1,California,2000.789803,2000789.803,15.2021997426312,0,0,"",0,1994.34511997871,6.44468302129173,0.996778930494533,0,0,0,0,0,2451,0
2016-01-01,2016,1,2016Q1,Colorado,130.58569,130585.69,12.4729320991859,0,0,"",0,130.254455691647,0.331234308353214,0.997463471622708,0,0,0,0,0,2451,0
2016-01-01,2016,1,2016Q1,Connecticut,18.203425,18203.425,10.5025122234876,0,0,"",0,18.1742007739738,0.0292242260261967,0.998394575415,0,0,0,0,0,2451,0
2016-01-01,2016,1,2016Q1,Delaware,9.58248,9582.48,9.86083889339707,0,0,"",0,9.53755951586361,0.0449204841363951,0.995312227718044,0,0,0,0,0,2451,0
2016-01-01,2016,1,2016Q1,District Of Columbia,2.59343,2593.43,8.5538838206037,0,0,"",0,2.57923512365097,0.0141948763490322,0.994526601316006,0,0,0,0,0,2451,0
2016-01-01,2016,1,2016Q1,Florida,257.458075,257458.075,13.1517593508598,0,0,"",0,256.733791375561,0.724283624439029,0.997186790026147,0,0,0,0,0,2451,0
2016-01-01,2016,1,2016Q1,Georgia,234.353354,234353.354,13.0577324957395,0,0,"",0,233.553757719889,0.799596280111044,0.996588074092121,0,0,0,0,0,2451,0
2016-01-01,2016,1,2016Q1,Hawaii,6.915306,6915.306,9.53463968053441,0,0,"",0,6.91530599995497,4.50269532465142e-11,0.999999999993489,0,0,0,0,0,2451,0
2016-01-01,2016,1,2016Q1,Idaho,20.326522,20326.522,10.6128289959263,0,0,"",0,20.1677279909599,0.15879400904006,0.992187841626813,0,0,0,0,0,2451,0
2016-01-01,2016,1,2016Q1,Illinois,332.251153,332251.153,13.4067936274101,0,0,"",0,331.377344612031,0.873808387968766,0.997370036551931,0,0,0,0,0,2451,0
2016-01-01,2016,1,2016Q1,Indiana,65.708781,65708.781,11.7861350291278,0,0,"",0,65.49508905564,0.213691944359974,0.996747893643622,0,0,0,0,0,2451,0
2016-01-01,2016,1,2016Q1,Iowa,29.042045,29042.045,10.9696470674259,0,0,"",0,29.0038435290078,0.0382014709922528,0.99868461497831,0,0,0,0,0,2451,0
2016-01-01,2016,1,2016Q1,Kansas,42.720807,42720.807,11.355588544602,0,0,"",0,42.6029667023534,0.117840297646589,0.997241618173398,0,0,0,0,0,2451,0
2016-01-01,2016,1,2016Q1,Kentucky,32.490172,32490.172,11.0818401033825,0,0,"",0,32.2992670764056,0.190904923594404,0.994124225516737,0,0,0,0,0,2451,0
2016-01-01,2016,1,2016Q1,Louisiana,76.779514,76779.514,11.9418403193637,0,0,"",0,76.4368779500353,0.342636049964732,0.995537402724837,0,0,0,0,0,2451,0
2016-01-01,2016,1,2016Q1,Maine,1.769124,1769.124,8.17138704823991,0,0,"",0,1.76912399998933,1.06670687645007e-11,0.999999999993971,0,0,0,0,0,2451,0
2016-01-01,2016,1,2016Q1,Maryland,36.95925,36959.25,11.2107184140849,0,0,"",0,36.8400698686032,0.119180131396821,0.996775363910339,0,0,0,0,0,2451,0
2016-01-01,2016,1,2016Q1,Massachusetts,17.121497,17121.497,10.4412372688745,0,0,"",0,17.0757077555557,0.045789244444333,0.997325628451511,0,0,0,0,0,2451,0
2016-01-01,2016,1,2016Q1,Michigan,60.759842,60759.842,11.707831536939,0,0,"",0,60.6268140458312,0.133027954168845,0.997810594139319,0,0,0,0,0,2451,0
2016-01-01,2016,1,2016Q1,Minnesota,126.076666,126076.666,12.4377926417898,0,0,"",0,125.593082720194,0.483583279805846,0.996164371289721,0,0,0,0,0,2451,0
2016-01-01,2016,1,2016Q1,Mississippi,25.747816,25747.816,10.8492522678979,0,0,"",0,25.4178646667615,0.329951333238498,0.987185269102494,0,0,0,0,0,2451,0
2016-01-01,2016,1,2016Q1,Missouri,39.663987,39663.987,11.2813461072406,0,0,"",0,39.5317681527451,0.132218847254894,0.996666526558339,0,0,0,0,0,2451,0
2016-01-01,2016,1,2016Q1,Montana,3.536972,3536.972,8.86417347340457,0,0,"",0,3.53697199997442,2.55816980126195e-11,0.999999999992767,0,0,0,0,0,2451,0
2016-01-01,2016,1,2016Q1,Nebraska,33.178003,33178.003,11.1027895558606,0,0,"",0,33.1246583333167,0.0533446666833424,0.998392167645432,0,0,0,0,0,2451,0
2016-01-01,2016,1,2016Q1,Nevada,69.922034,69922.034,11.8482832809064,0,0,"",0,69.6199039329322,0.302130067067825,0.995679043503399,0,0,0,0,0,2451,0
2016-01-01,2016,1,2016Q1,New Hampshire,4.560659,4560.659,9.11836960219004,0,0,"",0,4.54027564856894,0.0203833514310625,0.995530612696309,0,0,0,0,0,2451,0
2016-01-01,2016,1,2016Q1,New Jersey,98.827586,98827.586,12.1942792358758,0,0,"",0,98.3690677513015,0.458518248698491,0.995360422456353,0,0,0,0,0,2451,0
2016-01-01,2016,1,2016Q1,New Mexico,35.260105,35260.105,11.1636546145871,0,0,"",0,35.2234822228894,0.0366227771106583,0.998961353713761,0,0,0,0,0,2451,0
2016-01-01,2016,1,2016Q1,New York,223.194397,223194.397,13.0089455866926,0,0,"",0,222.733989825836,0.460407174164325,0.997937192060586,0,0,0,0,0,2451,0
2016-01-01,2016,1,2016Q1,North Carolina,128.456212,128456.212,12.4564905431738,0,0,"",0,127.859590418878,0.596621581122136,0.99535544780721,0,0,0,0,0,2451,0
2016-01-01,2016,1,2016Q1,North Dakota,14.067978,14067.978,10.244803611583,0,0,"",0,14.0679779999045,9.55123610124367e-11,0.999999999993211,0,0,0,0,0,2451,0
2016-01-01,2016,1,2016Q1,Ohio,44.272733,44272.733,11.3912714393173,0,0,"",0,44.1329425458553,0.139790454144713,0.996842515817925,0,0,0,0,0,2451,0
2016-01-01,2016,1,2016Q1,Oklahoma,53.726483,53726.483,11.5848085053128,0,0,"",0,53.6444080566105,0.0820749433895375,0.99847235592567,0,0,0,0,0,2451,0
2016-01-01,2016,1,2016Q1,Oregon,61.518002,61518.002,11.720232307035,0,0,"",0,61.2164232808697,0.301578719130351,0.995097715964014,0,0,0,0,0,2451,0
2016-01-01,2016,1,2016Q1,Pennsylvania,55.293371,55293.371,11.613555487549,0,0,"",0,55.0833025570523,0.210068442947691,0.99620083856078,0,0,0,0,0,2451,0
2016-01-01,2016,1,2016Q1,Rhode Island,4.808795,4808.795,9.17134900333496,0,0,"",0,4.65698382517158,0.151811174828421,0.968430516412444,0,0,0,0,0,2451,0
2016-01-01,2016,1,2016Q1,South Carolina,60.830951,60830.951,11.7090011815534,0,0,"",0,60.6459644076463,0.184986592353745,0.996959005418907,0,0,0,0,0,2451,0
2016-01-01,2016,1,2016Q1,South Dakota,6.080789,6080.789,9.40603692359878,0,0,"",0,6.07090058074979,0.00988841925020743,0.998373826283035,0,0,0,0,0,2451,0
2016-01-01,2016,1,2016Q1,Tennessee,88.467066,88467.066,12.0835328067351,0,0,"",0,88.1980946080624,0.268971391937653,0.996959643807588,0,0,0,0,0,2451,0
2016-01-01,2016,1,2016Q1,Texas,880.685734,880685.734,14.3816033067441,0,0,"",0,878.107899462232,2.57783453776799,0.997072923475143,0,0,0,0,0,2451,0
2016-01-01,2016,1,2016Q1,Utah,45.421554,45421.554,11.416889209758,0,0,"",0,45.2589745700889,0.162579429911142,0.996420654610119,0,0,0,0,0,2451,0
2016-01-01,2016,1,2016Q1,Vermont,4.780949,4780.949,9.16554153284206,0,0,"",0,4.78094899996457,3.54260254923041e-11,0.99999999999259,0,0,0,0,0,2451,0
2016-01-01,2016,1,2016Q1,Virginia,70.333458,70333.458,11.8541500769109,0,0,"",0,69.9247485646731,0.40870943532692,0.994188975674608,0,0,0,0,0,2451,0
2016-01-01,2016,1,2016Q1,Washington,113.882982,113882.982,12.3360739070867,0,0,"",0,112.730416126395,1.15256587360491,0.989879384493068,0,0,0,0,0,2451,0
2016-01-01,2016,1,2016Q1,West Virginia,5.524546,5524.546,9.31010353981508,0,0,"",0,5.46936659718195,0.0551794028180532,0.990011957033564,0,0,0,0,0,2451,0
2016-01-01,2016,1,2016Q1,Wisconsin,70.380389,70380.389,11.8548171186091,0,0,"",0,70.1502128258532,0.23017617414678,0.996729541035262,0,0,0,0,0,2451,0
2016-01-01,2016,1,2016Q1,Wyoming,9.869144,9869.144,9.89031558433622,0,0,"",0,9.85904066593975,0.0101033340602491,0.998976270478954,0,0,0,0,0,2451,0
2016-04-01,2016,2,2016Q2,Alabama,66.406687,66406.687,11.7967002188418,0,0,"",0,66.2479585789619,0.158728421038151,0.997609752448,0,0,0,0,0,2451,0
2016-04-01,2016,2,2016Q2,Alaska,10.418436,10418.436,9.9444793909357,0,0,"",0,10.4184359999274,7.26150565730925e-11,0.99999999999303,0,0,0,0,0,2451,0
2016-04-01,2016,2,2016Q2,Arizona,148.092642,148092.642,12.5987404969462,0,0,"",0,147.764334815887,0.328307184112555,0.997783095907543,0,0,0,0,0,2451,0
2016-04-01,2016,2,2016Q2,Arkansas,52.743094,52743.094,11.5663353039862,0,0,"",0,52.6038095472756,0.139284452724438,0.997359190707992,0,0,0,0,0,2451,0
2016-04-01,2016,2,2016Q2,California,1905.908374,1905908.374,15.1536164701978,0,0,"",0,1899.74194363779,6.16643036220705,0.996764571452475,0,0,0,0,0,2451,0
2016-04-01,2016,2,2016Q2,Colorado,187.235984,187235.984,12.8332722273426,0,0,"",0,186.763877038654,0.472106961345711,0.997478545783455,0,0,0,0,0,2451,0
2016-04-01,2016,2,2016Q2,Connecticut,25.555565,25555.565,10.841757561077,0,0,"",0,25.5112769911754,0.0442880088246077,0.998266991599497,0,0,0,0,0,2451,0
2016-04-01,2016,2,2016Q2,Delaware,18.645707,18645.707,10.5265183921862,0,0,"",0,18.5613285337155,0.0843784662845485,0.995474643772717,0,0,0,0,0,2451,0
2016-04-01,2016,2,2016Q2,District Of Columbia,3.760169,3760.169,8.92536638042407,0,0,"",0,3.73877301875584,0.0213959812441623,0.994309835211087,0,0,0,0,0,2451,0
2016-04-01,2016,2,2016Q2,Florida,345.281609,345281.609,13.4452628015892,0,0,"",0,344.307316767031,0.974292232969362,0.997178267803515,0,0,0,0,0,2451,0
2016-04-01,2016,2,2016Q2,Georgia,253.56138,253561.38,13.1365083834459,0,0,"",0,252.701510070155,0.859869929845338,0.996608829271061,0,0,0,0,0,2451,0
2016-04-01,2016,2,2016Q2,Hawaii,3.135516,3135.516,8.74369623881298,0,0,"",0,3.13551599997868,2.1321021462874e-11,0.9999999999932,0,0,0,0,0,2451,0
2016-04-01,2016,2,2016Q2,Idaho,42.345207,42345.207,11.3467576984597,0,0,"",0,42.0274840876,0.317722912399959,0.992496838841762,0,0,0,0,0,2451,0
2016-04-01,2016,2,2016Q2,Illinois,331.878655,331878.655,13.4056718646626,0,0,"",0,330.999695834674,0.878959165325646,0.997351564639414,0,0,0,0,0,2451,0
2016-04-01,2016,2,2016Q2,Indiana,97.499402,97499.402,12.18074870422,0,0,"",0,97.1791061817333,0.3202958182667,0.996714894535797,0,0,0,0,0,2451,0
2016-04-01,2016,2,2016Q2,Iowa,38.193422,38193.422,11.2435657615452,0,0,"",0,38.1463467312808,0.0470752687191988,0.998767450878866,0,0,0,0,0,2451,0
2016-04-01,2016,2,2016Q2,Kansas,50.840745,50840.745,11.5296005596686,0,0,"",0,50.6994154984917,0.141329501508303,0.997220152822145,0,0,0,0,0,2451,0
2016-04-01,2016,2,2016Q2,Kentucky,54.536046,54536.046,11.5997643371658,0,0,"",0,54.204678229471,0.331367770529049,0.993923876136362,0,0,0,0,0,2451,0
2016-04-01,2016,2,2016Q2,Louisiana,64.456694,64456.694,11.7668960470541,0,0,"",0,64.1906871346758,0.266006865324242,0.995873091702093,0,0,0,0,0,2451,0
2016-04-01,2016,2,2016Q2,Maine,1.03091,1030.91,7.6313446021102,0,0,"",0,1.03090999999332,6.6769511063717e-12,0.999999999993523,0,0,0,0,0,2451,0
2016-04-01,2016,2,2016Q2,Maryland,49.202995,49202.995,11.4968569552746,0,0,"",0,49.0333270151421,0.169667984857909,0.996551673635763,0,0,0,0,0,2451,0
2016-04-01,2016,2,2016Q2,Massachusetts,14.126012,14126.012,10.2489203812787,0,0,"",0,14.0886307310015,0.037381268998472,0.99735372807283,0,0,0,0,0,2451,0
2016-04-01,2016,2,2016Q2,Michigan,57.864521,57864.521,11.6590068929943,0,0,"",0,57.7415562191135,0.122964780886532,0.99787495379273,0,0,0,0,0,2451,0
2016-04-01,2016,2,2016Q2,Minnesota,93.755881,93755.881,12.1415968531202,0,0,"",0,93.4004019077193,0.355479092280724,0.99620846086145,0,0,0,0,0,2451,0
2016-04-01,2016,2,2016Q2,Mississippi,33.558548,33558.548,11.1141940746345,0,0,"",0,33.1490496656959,0.409498334304154,0.987797495460645,0,0,0,0,0,2451,0
2016-04-01,2016,2,2016Q2,Missouri,46.25834,46258.34,11.4351442316852,0,0,"",0,46.1048660158597,0.153473984140314,0.99668224185865,0,0,0,0,0,2451,0
2016-04-01,2016,2,2016Q2,Montana,2.707087,2707.087,8.59677564267118,0,0,"",0,2.70708699998045,1.95544576541531e-11,0.999999999992777,0,0,0,0,0,2451,0
2016-04-01,2016,2,2016Q2,Nebraska,34.481379,34481.379,11.1413218989476,0,0,"",0,34.4265696151652,0.0548093848348504,0.998410464244053,0,0,0,0,0,2451,0
2016-04-01,2016,2,2016Q2,Nevada,84.362115,84362.115,12.0360208859973,0,0,"",0,84.0002249297501,0.361890070249884,0.995710277412439,0,0,0,0,0,2451,0
2016-04-01,2016,2,2016Q2,New Hampshire,5.38759,5387.59,9.28500062878177,0,0,"",0,5.36274150276869,0.0248484972313117,0.995387826981765,0,0,0,0,0,2451,0
2016-04-01,2016,2,2016Q2,New Jersey,131.808174,131808.174,12.4822500979112,0,0,"",0,131.167930229914,0.640243770085808,0.995142609516116,0,0,0,0,0,2451,0
2016-04-01,2016,2,2016Q2,New Mexico,37.557093,37557.093,11.226764714898,0,0,"",0,37.5201906073858,0.0369023926142397,0.999017432136874,0,0,0,0,0,2451,0
2016-04-01,2016,2,2016Q2,New York,304.447087,304447.087,13.31939976148,0,0,"",0,303.768559779025,0.67852722097548,0.997771280298125,0,0,0,0,0,2451,0
2016-04-01,2016,2,2016Q2,North Carolina,213.190667,213190.667,12.9630893750837,0,0,"",0,212.188984232919,1.00168276708092,0.995301469894642,0,0,0,0,0,2451,0
2016-04-01,2016,2,2016Q2,North Dakota,4.625374,4625.374,9.13245970378742,0,0,"",0,4.62537399996946,3.05400885463114e-11,0.999999999993397,0,0,0,0,0,2451,0
2016-04-01,2016,2,2016Q2,Ohio,65.415224,65415.224,11.7816574738485,0,0,"",0,65.2070369405573,0.20818705944268,0.996817452471879,0,0,0,0,0,2451,0
2016-04-01,2016,2,2016Q2,Oklahoma,59.621459,59621.459,11.6889180192167,0,0,"",0,59.5364013036769,0.0850576963230643,0.998573371102457,0,0,0,0,0,2451,0
2016-04-01,2016,2,2016Q2,Oregon,99.62394,99623.94,12.2023049567214,0,0,"",0,99.1291477334559,0.494792266544132,0.995033399938367,0,0,0,0,0,2451,0
2016-04-01,2016,2,2016Q2,Pennsylvania,64.679552,64679.552,11.7703475678798,0,0,"",0,64.4287902394675,0.25076176053253,0.996123013336077,0,0,0,0,0,2451,0
2016-04-01,2016,2,2016Q2,Rhode Island,5.722171,5722.171,9.34525074601434,0,0,"",0,5.51593164151967,0.206239358480334,0.963957847732909,0,0,0,0,0,2451,0
2016-04-01,2016,2,2016Q2,South Carolina,105.684018,105684.018,12.2613561394948,0,0,"",0,105.364983482413,0.319034517587382,0.99698124159523,0,0,0,0,0,2451,0
2016-04-01,2016,2,2016Q2,South Dakota,6.295407,6295.407,9.44072278574408,0,0,"",0,6.28662138438323,0.00878561561677309,0.998604440409211,0,0,0,0,0,2451,0
2016-04-01,2016,2,2016Q2,Tennessee,110.918008,110918.008,12.3096937212594,0,0,"",0,110.578172776465,0.339835223535246,0.996936158251821,0,0,0,0,0,2451,0
2016-04-01,2016,2,2016Q2,Texas,941.439817,941439.817,14.4483128831323,0,0,"",0,938.806927136721,2.63288986327909,0.997203337042118,0,0,0,0,0,2451,0
2016-04-01,2016,2,2016Q2,Utah,65.728667,65728.667,11.7864376217367,0,0,"",0,65.4969100260116,0.231756973988372,0.9964740350814,0,0,0,0,0,2451,0
2016-04-01,2016,2,2016Q2,Vermont,1.760378,1760.378,8.16643109893203,0,0,"",0,1.76037799998615,1.38521187266046e-11,0.999999999992131,0,0,0,0,0,2451,0
2016-04-01,2016,2,2016Q2,Virginia,69.312696,69312.696,11.8395305524735,0,0,"",0,68.9134639097977,0.39923209020229,0.994240130405513,0,0,0,0,0,2451,0
2016-04-01,2016,2,2016Q2,Washington,195.353475,195353.475,12.8757130694761,0,0,"",0,193.282102061925,2.07137293807477,0.989396795024635,0,0,0,0,0,2451,0
2016-04-01,2016,2,2016Q2,West Virginia,3.401789,3401.789,8.82520395085605,0,0,"",0,3.36844933648413,0.0333396635158697,0.990199373472055,0,0,0,0,0,2451,0
2016-04-01,2016,2,2016Q2,Wisconsin,68.830675,68830.675,11.8325519627273,0,0,"",0,68.6107223251221,0.219952674877889,0.996804438211918,0,0,0,0,0,2451,0
2016-04-01,2016,2,2016Q2,Wyoming,9.448313,9448.313,9.84673866939336,0,0,"",0,9.43824015172835,0.0100728482716496,0.998933899811358,0,0,0,0,0,2451,0
2016-07-01,2016,3,2016Q3,Alabama,55.462327,55462.327,11.6166064570988,0,0,"",0,55.3238269206182,0.138500079381765,0.997502807998269,0,0,0,0,0,2451,0
2016-07-01,2016,3,2016Q3,Alaska,10.643635,10643.635,9.96586452265665,0,0,"",0,10.6436349999191,8.08954123286621e-11,0.9999999999924,0,0,0,0,0,2451,0
2016-07-01,2016,3,2016Q3,Arizona,160.331804,160331.804,12.6781479024824,0,0,"",0,159.947289524273,0.384514475726964,0.997601757941132,0,0,0,0,0,2451,0
2016-07-01,2016,3,2016Q3,Arkansas,53.603,53603,11.5825074962888,0,0,"",0,53.4489334303327,0.154066569667295,0.997125784570503,0,0,0,0,0,2451,0
2016-07-01,2016,3,2016Q3,California,2112.121123,2112121.123,15.2563504526292,0,0,"",0,2105.03823603803,7.08288696196984,0.996646552659864,0,0,0,0,0,2451,0
2016-07-01,2016,3,2016Q3,Colorado,166.791903,166791.903,12.717649405132,0,0,"",0,166.362218804228,0.429684195772153,0.997423830605421,0,0,0,0,0,2451,0
2016-07-01,2016,3,2016Q3,Connecticut,21.616569,21616.569,10.6743625640425,0,0,"",0,21.5810822398687,0.0354867601312743,0.998358353717869,0,0,0,0,0,2451,0
2016-07-01,2016,3,2016Q3,Delaware,12.511405,12511.405,10.1275430894636,0,0,"",0,12.4534977888443,0.0579072111557276,0.995371646017715,0,0,0,0,0,2451,0
2016-07-01,2016,3,2016Q3,District Of Columbia,3.623135,3623.135,8.888242151743,0,0,"",0,3.60070313198763,0.0224318680123662,0.993808713169019,0,0,0,0,0,2451,0
2016-07-01,2016,3,2016Q3,Florida,252.485973,252485.973,13.1322581542431,0,0,"",0,251.77205874973,0.71391425027038,0.997172459753753,0,0,0,0,0,2451,0
2016-07-01,2016,3,2016Q3,Georgia,249.757153,249757.153,13.1213915173053,0,0,"",0,248.885039201254,0.872113798745783,0.996508152866614,0,0,0,0,0,2451,0
2016-07-01,2016,3,2016Q3,Hawaii,7.372095,7372.095,9.59860439046457,0,0,"",0,7.37209499994362,5.63778259322106e-11,0.999999999992353,0,0,0,0,0,2451,0
2016-07-01,2016,3,2016Q3,Idaho,30.533368,30533.368,11.0197225781928,0,0,"",0,30.2632576875179,0.270110312482098,0.991153602429902,0,0,0,0,0,2451,0
2016-07-01,2016,3,2016Q3,Illinois,332.047178,332047.178,13.4061795207749,0,0,"",0,331.150485992954,0.896692007046248,0.997299504207663,0,0,0,0,0,2451,0
2016-07-01,2016,3,2016Q3,Indiana,73.055581,73055.581,11.8921229945935,0,0,"",0,72.8065578366053,0.249023163394683,0.996591319102716,0,0,0,0,0,2451,0
2016-07-01,2016,3,2016Q3,Iowa,34.120982,34120.982,11.1308149627399,0,0,"",0,34.0762375690452,0.044744430954834,0.998688653481461,0,0,0,0,0,2451,0
2016-07-01,2016,3,2016Q3,Kansas,46.813697,46813.697,11.4470782907001,0,0,"",0,46.6777121205557,0.135984879444346,0.997095190336189,0,0,0,0,0,2451,0
2016-07-01,2016,3,2016Q3,Kentucky,46.013029,46013.029,11.4298270551751,0,0,"",0,45.711787203812,0.301241796188018,0.993453119632963,0,0,0,0,0,2451,0
2016-07-01,2016,3,2016Q3,Louisiana,88.850548,88850.548,12.0878581818538,0,0,"",0,88.4510611066044,0.399486893395648,0.995503833095147,0,0,0,0,0,2451,0
2016-07-01,2016,3,2016Q3,Maine,2.245081,2245.081,8.40964410986295,0,0,"",0,2.24508099998441,1.55920883036527e-11,0.999999999993055,0,0,0,0,0,2451,0
2016-07-01,2016,3,2016Q3,Maryland,45.416606,45416.606,11.4167802687578,0,0,"",0,45.2513688222049,0.165237177795102,0.996361745353779,0,0,0,0,0,2451,0
2016-07-01,2016,3,2016Q3,Massachusetts,21.845652,21845.652,10.6849043686708,0,0,"",0,21.7909646078828,0.0546873921172549,0.99749664637534,0,0,0,0,0,2451,0
2016-07-01,2016,3,2016Q3,Michigan,77.601037,77601.037,11.9524832500855,0,0,"",0,77.4294065010601,0.171630498939944,0.997788296322124,0,0,0,0,0,2451,0
2016-07-01,2016,3,2016Q3,Minnesota,126.432067,126432.067,12.4406076037157,0,0,"",0,125.944638594391,0.48742840560933,0.996144740672401,0,0,0,0,0,2451,0
2016-07-01,2016,3,2016Q3,Mississippi,28.668359,28668.359,10.9566965005729,0,0,"",0,28.289030448167,0.37932855183298,0.98676838978356,0,0,0,0,0,2451,0
2016-07-01,2016,3,2016Q3,Missouri,48.770826,48770.826,11.4880347658671,0,0,"",0,48.6009119709535,0.169914029046543,0.996516072353449,0,0,0,0,0,2451,0
2016-07-01,2016,3,2016Q3,Montana,5.331322,5331.322,9.27450170577993,0,0,"",0,5.33132199995865,4.1355895058527e-11,0.999999999992243,0,0,0,0,0,2451,0
2016-07-01,2016,3,2016Q3,Nebraska,38.527463,38527.463,11.2522737713844,0,0,"",0,38.4656219115505,0.0618410884494748,0.998394882931963,0,0,0,0,0,2451,0
2016-07-01,2016,3,2016Q3,Nevada,74.560564,74560.564,11.9125141943135,0,0,"",0,74.2199245801165,0.340639419883482,0.995431372811457,0,0,0,0,0,2451,0
2016-07-01,2016,3,2016Q3,New Hampshire,5.555326,5555.326,9.31565957488098,0,0,"",0,5.52982305979526,0.0255029402047421,0.99540928107464,0,0,0,0,0,2451,0
2016-07-01,2016,3,2016Q3,New Jersey,110.483545,110483.545,12.3057690554044,0,0,"",0,109.938510970629,0.545034029370661,0.995066830726959,0,0,0,0,0,2451,0
2016-07-01,2016,3,2016Q3,New Mexico,37.685941,37685.941,11.2301895668491,0,0,"",0,37.6463187518494,0.0396222481506187,0.998948619907073,0,0,0,0,0,2451,0
2016-07-01,2016,3,2016Q3,New York,250.870388,250870.388,13.1258388828364,0,0,"",0,250.31378050743,0.556607492569906,0.997781294568054,0,0,0,0,0,2451,0
2016-07-01,2016,3,2016Q3,North Carolina,180.325265,180325.265,12.7956647075073,0,0,"",0,179.450397087732,0.874867912268233,0.995148389704192,0,0,0,0,0,2451,0
2016-07-01,2016,3,2016Q3,North Dakota,16.878603,16878.603,10.4269491854991,0,0,"",0,16.8786029998676,1.32406993892864e-10,0.999999999992155,0,0,0,0,0,2451,0
2016-07-01,2016,3,2016Q3,Ohio,57.761004,57761.004,11.657216336322,0,0,"",0,57.5637053549903,0.197298645009756,0.996584224107154,0,0,0,0,0,2451,0
2016-07-01,2016,3,2016Q3,Oklahoma,57.421822,57421.822,11.6513268649115,0,0,"",0,57.3367970769437,0.085024923056335,0.998519292490295,0,0,0,0,0,2451,0
2016-07-01,2016,3,2016Q3,Oregon,75.154566,75154.566,11.9204493324226,0,0,"",0,74.7715349998968,0.383031000103236,0.994903423431342,0,0,0,0,0,2451,0
2016-07-01,2016,3,2016Q3,Pennsylvania,65.706236,65706.236,11.7860962968724,0,0,"",0,65.4431685902122,0.263067409787833,0.995996309851201,0,0,0,0,0,2451,0
2016-07-01,2016,3,2016Q3,Rhode Island,5.802099,5802.099,9.35912221560367,0,0,"",0,5.6002018429114,0.201897157088597,0.965202738338557,0,0,0,0,0,2451,0
2016-07-01,2016,3,2016Q3,South Carolina,75.051876,75051.876,11.9190820140224,0,0,"",0,74.8272371937957,0.224638806204312,0.997006886194233,0,0,0,0,0,2451,0
2016-07-01,2016,3,2016Q3,South Dakota,8.65112,8651.12,9.75859125521325,0,0,"",0,8.63907494178299,0.0120450582170132,0.998607687996813,0,0,0,0,0,2451,0
2016-07-01,2016,3,2016Q3,Tennessee,110.076813,110076.813,12.3020808816571,0,0,"",0,109.735346512116,0.341466487883979,0.996897925379762,0,0,0,0,0,2451,0
2016-07-01,2016,3,2016Q3,Texas,969.875481,969875.481,14.4780701526965,0,0,"",0,966.934817422222,2.94066357777834,0.996967998845845,0,0,0,0,0,2451,0
2016-07-01,2016,3,2016Q3,Utah,52.098652,52098.652,11.5540415347383,0,0,"",0,51.9040087693854,0.194643230614616,0.996263948813597,0,0,0,0,0,2451,0
2016-07-01,2016,3,2016Q3,Vermont,5.067981,5067.981,9.22384498271405,0,0,"",0,5.06798099995617,4.38304555841791e-11,0.999999999991352,0,0,0,0,0,2451,0
2016-07-01,2016,3,2016Q3,Virginia,88.920248,88920.248,12.0886423376896,0,0,"",0,88.3766779616733,0.543570038326705,0.993886993676325,0,0,0,0,0,2451,0
2016-07-01,2016,3,2016Q3,Washington,173.962069,173962.069,12.7597397407478,0,0,"",0,172.140043932083,1.82202506791743,0.989526308359109,0,0,0,0,0,2451,0
2016-07-01,2016,3,2016Q3,West Virginia,6.509301,6509.301,9.47413454262601,0,0,"",0,6.44137891384639,0.0679220861536084,0.989565379423442,0,0,0,0,0,2451,0
2016-07-01,2016,3,2016Q3,Wisconsin,70.591577,70591.577,11.8578132910249,0,0,"",0,70.3539153558673,0.237661644132687,0.996633286091162,0,0,0,0,0,2451,0
2016-07-01,2016,3,2016Q3,Wyoming,11.477313,11477.313,10.0412747657018,0,0,"",0,11.4658336395362,0.0114793604638382,0.998999821607737,0,0,0,0,0,2451,0
2016-10-01,2016,4,2016Q4,Alabama,56.640863,56640.863,11.6376331454713,0,0,"",0,56.5086736153992,0.132189384600804,0.997666183430136,0,0,0,0,0,2451,0
2016-10-01,2016,4,2016Q4,Alaska,9.368241,9368.241,9.83822781423046,0,0,"",0,9.36824099993068,6.93194599107714e-11,0.9999999999926,0,0,0,0,0,2451,0
2016-10-01,2016,4,2016Q4,Arizona,167.37455,167374.55,12.7211365749852,0,0,"",0,166.969031337339,0.405518662660885,0.997577178473902,0,0,0,0,0,2451,0
2016-10-01,2016,4,2016Q4,Arkansas,52.797795,52797.795,11.5673718881083,0,0,"",0,52.6521715366949,0.145623463305124,0.997241864678153,0,0,0,0,0,2451,0
2016-10-01,2016,4,2016Q4,California,2142.867032,2142867.032,15.2708024054939,0,0,"",0,2135.79601872576,7.07101327423759,0.996700209033671,0,0,0,0,0,2451,0
2016-10-01,2016,4,2016Q4,Colorado,164.586336,164586.336,12.7043377309827,0,0,"",0,164.168384891581,0.417951108418877,0.997460596556333,0,0,0,0,0,2451,0
2016-10-01,2016,4,2016Q4,Connecticut,21.451458,21451.458,10.6666950751774,0,0,"",0,21.415640074334,0.0358179256660238,0.998330280129862,0,0,0,0,0,2451,0
2016-10-01,2016,4,2016Q4,Delaware,11.221285,11221.285,10.0187148826935,0,0,"",0,11.1677857220474,0.053499277952626,0.995232339437718,0,0,0,0,0,2451,0
2016-10-01,2016,4,2016Q4,District Of Columbia,3.057,3057,8.71833652920234,0,0,"",0,3.03971888529199,0.0172811147080099,0.994347034770033,0,0,0,0,0,2451,0
2016-10-01,2016,4,2016Q4,Florida,269.379467,269379.467,13.1970235030967,0,0,"",0,268.64208723573,0.737379764270295,0.99726267271785,0,0,0,0,0,2451,0
2016-10-01,2016,4,2016Q4,Georgia,247.205714,247205.714,13.1111232997493,0,0,"",0,246.381503515908,0.82421048409229,0.996665892261324,0,0,0,0,0,2451,0
2016-10-01,2016,4,2016Q4,Hawaii,7.520863,7520.863,9.61858335597745,0,0,"",0,7.52086299994682,5.3185168456225e-11,0.999999999992928,0,0,0,0,0,2451,0
2016-10-01,2016,4,2016Q4,Idaho,27.887907,27887.907,10.929095613868,0,0,"",0,27.6576140526621,0.230292947337951,0.991742193225976,0,0,0,0,0,2451,0
2016-10-01,2016,4,2016Q4,Illinois,342.267141,342267.141,13.4364940057311,0,0,"",0,341.378719412436,0.888421587563996,0.997404303594647,0,0,0,0,0,2451,0
2016-10-01,2016,4,2016Q4,Indiana,73.239317,73239.317,11.8946348538463,0,0,"",0,72.9980941348071,0.241222865192942,0.996706374730489,0,0,0,0,0,2451,0
2016-10-01,2016,4,2016Q4,Iowa,34.560767,34560.767,11.143621596728,0,0,"",0,34.5177644755553,0.0430025244446635,0.998755741605947,0,0,0,0,0,2451,0
2016-10-01,2016,4,2016Q4,Kansas,48.470333,48470.333,11.4818543797112,0,0,"",0,48.3291300749123,0.141202925087695,0.997086817516032,0,0,0,0,0,2451,0
2016-10-01,2016,4,2016Q4,Kentucky,45.473673,45473.673,11.4180360027728,0,0,"",0,45.1964532508731,0.277219749126907,0.993903730865837,0,0,0,0,0,2451,0
2016-10-01,2016,4,2016Q4,Louisiana,94.860418,94860.418,12.1533089865034,0,0,"",0,94.4509612390785,0.409456760921496,0.995683586794637,0,0,0,0,0,2451,0
2016-10-01,2016,4,2016Q4,Maine,1.864097,1864.097,8.22367928502352,0,0,"",0,1.86409699998776,1.22384927038049e-11,0.999999999993435,0,0,0,0,0,2451,0
2016-10-01,2016,4,2016Q4,Maryland,43.852135,43852.135,11.3817258660165,0,0,"",0,43.6938089394732,0.15832606052676,0.996389547270007,0,0,0,0,0,2451,0
2016-10-01,2016,4,2016Q4,Massachusetts,19.97259,19972.59,10.5952632937287,0,0,"",0,19.9191073853519,0.0534826146481137,0.997322199341792,0,0,0,0,0,2451,0
2016-10-01,2016,4,2016Q4,Michigan,72.725771,72725.771,11.8875982654957,0,0,"",0,72.5675925976277,0.158178402372273,0.997825002056392,0,0,0,0,0,2451,0
2016-10-01,2016,4,2016Q4,Minnesota,130.543721,130543.721,12.4726106570305,0,0,"",0,130.045119012064,0.498601987936152,0.996180574721505,0,0,0,0,0,2451,0
2016-10-01,2016,4,2016Q4,Mississippi,30.674097,30674.097,11.0243210123187,0,0,"",0,30.3064700181465,0.367626981853474,0.988015067506194,0,0,0,0,0,2451,0
2016-10-01,2016,4,2016Q4,Missouri,48.107041,48107.041,11.4743310085853,0,0,"",0,47.9428331111858,0.164207888814192,0.996586614237733,0,0,0,0,0,2451,0
2016-10-01,2016,4,2016Q4,Montana,4.864268,4864.268,9.18281871193815,0,0,"",0,4.86426799996305,3.69550330786441e-11,0.999999999992403,0,0,0,0,0,2451,0
2016-10-01,2016,4,2016Q4,Nebraska,38.302016,38302.016,11.2464049915895,0,0,"",0,38.2393001608523,0.0627158391477042,0.998362596915324,0,0,0,0,0,2451,0
2016-10-01,2016,4,2016Q4,Nevada,73.856073,73856.073,11.9030206994429,0,0,"",0,73.5251075184614,0.330965481538547,0.995518777697014,0,0,0,0,0,2451,0
2016-10-01,2016,4,2016Q4,New Hampshire,5.557143,5557.143,9.31598659491348,0,0,"",0,5.53089614463312,0.0262468553668799,0.995276915608096,0,0,0,0,0,2451,0
2016-10-01,2016,4,2016Q4,New Jersey,107.683018,107683.018,12.2800943525562,0,0,"",0,107.115463457518,0.567554542481615,0.994729396027128,0,0,0,0,0,2451,0
2016-10-01,2016,4,2016Q4,New Mexico,38.03179,38031.79,11.2393248486516,0,0,"",0,37.9906267851347,0.0411632148652834,0.998917662963924,0,0,0,0,0,2451,0
2016-10-01,2016,4,2016Q4,New York,254.39812,254398.12,13.1398029010475,0,0,"",0,253.86441760753,0.533702392470133,0.99790209773378,0,0,0,0,0,2451,0
2016-10-01,2016,4,2016Q4,North Carolina,166.665839,166665.839,12.7168933032928,0,0,"",0,165.890310066783,0.775528933216546,0.995346803292926,0,0,0,0,0,2451,0
2016-10-01,2016,4,2016Q4,North Dakota,16.541104,16541.104,10.4067508951032,0,0,"",0,16.5411039998731,1.26933321124538e-10,0.999999999992326,0,0,0,0,0,2451,0
2016-10-01,2016,4,2016Q4,Ohio,55.567664,55567.664,11.6185039089609,0,0,"",0,55.3879479071097,0.179716092890352,0.996765815225014,0,0,0,0,0,2451,0
2016-10-01,2016,4,2016Q4,Oklahoma,57.135886,57135.886,11.6463348552293,0,0,"",0,57.0532361975722,0.0826498024278337,0.998553451985888,0,0,0,0,0,2451,0
2016-10-01,2016,4,2016Q4,Oregon,71.960309,71960.309,11.8770171627157,0,0,"",0,71.5994995904972,0.360809409502832,0.994985994160992,0,0,0,0,0,2451,0
2016-10-01,2016,4,2016Q4,Pennsylvania,64.024024,64024.024,11.7601608475272,0,0,"",0,63.7820413496625,0.241982650337509,0.996220439840871,0,0,0,0,0,2451,0
2016-10-01,2016,4,2016Q4,Rhode Island,5.621754,5621.754,9.32754618230921,0,0,"",0,5.42451104986986,0.197242950130138,0.964914339878597,0,0,0,0,0,2451,0
2016-10-01,2016,4,2016Q4,South Carolina,72.04112,72041.12,11.8781395266955,0,0,"",0,71.8272980660136,0.213821933986445,0.99703194600547,0,0,0,0,0,2451,0
2016-10-01,2016,4,2016Q4,South Dakota,8.441512,8441.512,9.73406390253281,0,0,"",0,8.42878242601584,0.0127295739841634,0.998492026785704,0,0,0,0,0,2451,0
2016-10-01,2016,4,2016Q4,Tennessee,109.014578,109014.578,12.2923840759687,0,0,"",0,108.679859774952,0.334718225048239,0.996929601240595,0,0,0,0,0,2451,0
2016-10-01,2016,4,2016Q4,Texas,994.588734,994588.734,14.5032317785921,0,0,"",0,991.736892852184,2.85184114781597,0.997132642819765,0,0,0,0,0,2451,0
2016-10-01,2016,4,2016Q4,Utah,52.10988,52109.88,11.5542570257317,0,0,"",0,51.9213249562754,0.188555043724621,0.99638158745089,0,0,0,0,0,2451,0
2016-10-01,2016,4,2016Q4,Vermont,5.094114,5094.114,9.22898822475258,0,0,"",0,5.09411399995665,4.33512985348769e-11,0.99999999999149,0,0,0,0,0,2451,0
2016-10-01,2016,4,2016Q4,Virginia,85.622331,85622.331,12.0508485848698,0,0,"",0,85.1365162569325,0.485814743067539,0.994326074315034,0,0,0,0,0,2451,0
2016-10-01,2016,4,2016Q4,Washington,149.481988,149481.988,12.6080783635202,0,0,"",0,147.914182098236,1.56780590176386,0.989511740359221,0,0,0,0,0,2451,0
2016-10-01,2016,4,2016Q4,West Virginia,6.399738,6399.738,9.45715951767376,0,0,"",0,6.33637304313873,0.0633649568612719,0.990098820160877,0,0,0,0,0,2451,0
2016-10-01,2016,4,2016Q4,Wisconsin,72.261897,72261.897,11.8811994373867,0,0,"",0,72.0230740013344,0.238822998665601,0.996695035577801,0,0,0,0,0,2451,0
2016-10-01,2016,4,2016Q4,Wyoming,10.558743,10558.743,9.95785669888658,0,0,"",0,10.5474074920362,0.0113355079638386,0.99892643395489,0,0,0,0,0,2451,0
2017-01-01,2017,1,2017Q1,Alabama,59.146174,59146.174,11.6809143649366,0,0,"",0,58.9661986107376,0.179975389262426,0.996957108514535,0,0,0,0,0,2451,0
2017-01-01,2017,1,2017Q1,Alaska,8.022682,8022.682,9.6831752433659,0,0,"",0,8.02268199994349,5.65050909084226e-11,0.999999999992957,0,0,0,0,0,2451,0
2017-01-01,2017,1,2017Q1,Arizona,190.571068,190571.068,12.8509276449135,0,0,"",0,190.231057030228,0.340010969771648,0.998215831115709,0,0,0,0,0,2451,0
2017-01-01,2017,1,2017Q1,Arkansas,51.710038,51710.038,11.546554380911,0,0,"",0,51.5270518754757,0.182986124524314,0.99646130361528,0,0,0,0,0,2451,0
2017-01-01,2017,1,2017Q1,California,2136.90272,2136902.72,15.2680151920657,0,0,"",0,2129.42687758346,7.47584241653763,0.996501552295026,0,0,0,0,0,2451,0
2017-01-01,2017,1,2017Q1,Colorado,154.529921,154529.921,12.6412902005704,0,0,"",0,154.272404521341,0.257516478658847,0.998333549405886,0,0,0,0,0,2451,0
2017-01-01,2017,1,2017Q1,Connecticut,18.014389,18014.389,10.4920732877564,0,0,"",0,17.9760938586998,0.0382951413002394,0.997874191497683,0,0,0,0,0,2451,0
2017-01-01,2017,1,2017Q1,Delaware,11.096297,11096.297,10.0075139106291,0,0,"",0,11.0367860282389,0.0595109717611106,0.99463686203054,0,0,0,0,0,2451,0
2017-01-01,2017,1,2017Q1,District Of Columbia,2.67347,2673.47,8.58427974861776,0,0,"",0,2.66349905043221,0.00997094956779275,0.996270409031037,0,0,0,0,0,2451,0
2017-01-01,2017,1,2017Q1,Florida,305.930906,305930.906,13.3242617386154,0,0,"",0,304.952590241766,0.978315758234456,0.996802167616781,0,0,0,0,0,2451,0
2017-01-01,2017,1,2017Q1,Georgia,261.201181,261201.181,13.1661933783773,0,0,"",0,259.974330747529,1.2268502524707,0.995303044772716,0,0,0,0,0,2451,0
2017-01-01,2017,1,2017Q1,Hawaii,7.401124,7401.124,9.60253434467368,0,0,"",0,7.40112399993946,6.05406862952415e-11,0.99999999999182,0,0,0,0,0,2451,0
2017-01-01,2017,1,2017Q1,Idaho,22.181751,22181.751,10.7001723838519,0,0,"",0,22.0072810408385,0.174469959161536,0.992134527199339,0,0,0,0,0,2451,0
2017-01-01,2017,1,2017Q1,Illinois,344.472114,344472.114,13.4429156004226,0,0,"",0,343.601765155691,0.8703488443095,0.997473383740115,0,0,0,0,0,2451,0
2017-01-01,2017,1,2017Q1,Indiana,75.657466,75657.466,11.9271185862922,0,0,"",0,75.4178321593807,0.239633840619299,0.996832647810075,0,0,0,0,0,2451,0
2017-01-01,2017,1,2017Q1,Iowa,31.248346,31248.346,11.0428689065798,0,0,"",0,31.1516934072406,0.0966525927594398,0.996906953322923,0,0,0,0,0,2451,0
2017-01-01,2017,1,2017Q1,Kansas,47.22766,47227.66,11.455882197554,0,0,"",0,47.1242640819502,0.103395918049764,0.99781069148779,0,0,0,0,0,2451,0
2017-01-01,2017,1,2017Q1,Kentucky,39.734226,39734.226,11.2831153918542,0,0,"",0,39.5948093709743,0.139416629025695,0.996491271051166,0,0,0,0,0,2451,0
2017-01-01,2017,1,2017Q1,Louisiana,89.003463,89003.463,12.0895777386612,0,0,"",0,88.5557145962241,0.447748403775875,0.994969314803224,0,0,0,0,0,2451,0
2017-01-01,2017,1,2017Q1,Maine,2.2176,2217.6,8.39732804039178,0,0,"",0,2.21759999998308,1.69236266671131e-11,0.999999999992368,0,0,0,0,0,2451,0
2017-01-01,2017,1,2017Q1,Maryland,37.832846,37832.846,11.2340801268299,0,0,"",0,37.6909192784871,0.141926721512911,0.996248584589356,0,0,0,0,0,2451,0
2017-01-01,2017,1,2017Q1,Massachusetts,17.628316,17628.316,10.4704089331924,0,0,"",0,17.5537234663358,0.0745925336642177,0.995768595612637,0,0,0,0,0,2451,0
2017-01-01,2017,1,2017Q1,Michigan,71.575618,71575.618,11.8716569448375,0,0,"",0,71.3154233608712,0.260194639128793,0.996364758748869,0,0,0,0,0,2451,0
2017-01-01,2017,1,2017Q1,Minnesota,140.608584,140608.584,12.5468824896992,0,0,"",0,139.759129724055,0.849454275945498,0.993958731026368,0,0,0,0,0,2451,0
2017-01-01,2017,1,2017Q1,Mississippi,27.61263,27612.63,10.9191757366178,0,0,"",0,27.2662646955363,0.346365304463705,0.987456272565717,0,0,0,0,0,2451,0
2017-01-01,2017,1,2017Q1,Missouri,47.265035,47265.035,11.4566732640367,0,0,"",0,47.1974620968871,0.0675729031129392,0.998570340567548,0,0,0,0,0,2451,0
2017-01-01,2017,1,2017Q1,Montana,4.765169,4765.169,9.1622354739757,0,0,"",0,4.76516899996048,3.95201514968989e-11,0.999999999991706,0,0,0,0,0,2451,0
2017-01-01,2017,1,2017Q1,Nebraska,33.4193,33419.3,11.1100360371722,0,0,"",0,33.3312436258244,0.0880563741755664,0.997365104171076,0,0,0,0,0,2451,0
2017-01-01,2017,1,2017Q1,Nevada,77.274935,77274.935,11.94827210645,0,0,"",0,76.9012269431161,0.373708056883878,0.995163916257142,0,0,0,0,0,2451,0
2017-01-01,2017,1,2017Q1,New Hampshire,5.435089,5435.089,9.29377836378921,0,0,"",0,5.43508899996211,3.78856614286381e-11,0.999999999993029,0,0,0,0,0,2451,0
2017-01-01,2017,1,2017Q1,New Jersey,99.041741,99041.741,12.1964438471054,0,0,"",0,98.5538330670177,0.487907932982271,0.995073714092099,0,0,0,0,0,2451,0
2017-01-01,2017,1,2017Q1,New Mexico,38.229118,38229.118,11.2444999362686,0,0,"",0,38.1805481138168,0.0485698861832359,0.998729505447046,0,0,0,0,0,2451,0
2017-01-01,2017,1,2017Q1,New York,241.371226,241371.226,13.0872385647508,0,0,"",0,240.68993917858,0.681286821420401,0.997177431491273,0,0,0,0,0,2451,0
2017-01-01,2017,1,2017Q1,North Carolina,163.415718,163415.718,12.6971998307415,0,0,"",0,162.651228615147,0.764489384852671,0.995321812404529,0,0,0,0,0,2451,0
2017-01-01,2017,1,2017Q1,North Dakota,12.609887,12609.887,10.135383649909,0,0,"",0,12.6098869999135,8.64794214614764e-11,0.999999999993142,0,0,0,0,0,2451,0
2017-01-01,2017,1,2017Q1,Ohio,53.032897,53032.897,11.5718148787429,0,0,"",0,52.8892023408111,0.143694659188909,0.997290461820539,0,0,0,0,0,2451,0
2017-01-01,2017,1,2017Q1,Oklahoma,59.056275,59056.275,11.6793932624877,0,0,"",0,58.9294856518537,0.126789348146314,0.997853075762968,0,0,0,0,0,2451,0
2017-01-01,2017,1,2017Q1,Oregon,67.763221,67763.221,11.8169220442297,0,0,"",0,67.4275615227754,0.335659477224623,0.995046583201459,0,0,0,0,0,2451,0
2017-01-01,2017,1,2017Q1,Pennsylvania,59.766584,59766.584,11.6913491683974,0,0,"",0,59.6208790833035,0.145704916696513,0.99756210064312,0,0,0,0,0,2451,0
2017-01-01,2017,1,2017Q1,Rhode Island,4.132418,4132.418,9.01976518198771,0,0,"",0,4.07490814806686,0.0575098519331383,0.986083244257203,0,0,0,0,0,2451,0
2017-01-01,2017,1,2017Q1,South Carolina,79.504412,79504.412,11.9767149765574,0,0,"",0,79.2489956317186,0.25541636828143,0.996787393782858,0,0,0,0,0,2451,0
2017-01-01,2017,1,2017Q1,South Dakota,6.317054,6317.054,9.44415542604852,0,0,"",0,6.1901525048668,0.126901495133197,0.979911285366059,0,0,0,0,0,2451,0
2017-01-01,2017,1,2017Q1,Tennessee,118.080822,118080.822,12.3722717817701,0,0,"",0,117.723091582755,0.35773041724463,0.996970461323138,0,0,0,0,0,2451,0
2017-01-01,2017,1,2017Q1,Texas,1025.790486,1025790.486,14.5341212597421,0,0,"",0,1022.34720160354,3.44328439645675,0.996643286866616,0,0,0,0,0,2451,0
2017-01-01,2017,1,2017Q1,Utah,47.21244,47212.44,11.4555598768421,0,0,"",0,47.018195588497,0.194244411502979,0.995885736651125,0,0,0,0,0,2451,0
2017-01-01,2017,1,2017Q1,Vermont,6.480133,6480.133,9.46964350034049,0,0,"",0,6.48013299994604,5.39649085562946e-11,0.999999999991672,0,0,0,0,0,2451,0
2017-01-01,2017,1,2017Q1,Virginia,83.588396,83588.396,12.0268071662066,0,0,"",0,83.2028850339675,0.38551096603247,0.995387984642839,0,0,0,0,0,2451,0
2017-01-01,2017,1,2017Q1,Washington,139.012446,139012.446,12.5354659282456,0,0,"",0,137.767859568081,1.24458643191947,0.991046942430468,0,0,0,0,0,2451,0
2017-01-01,2017,1,2017Q1,West Virginia,6.031615,6031.615,9.39791726882264,0,0,"",0,6.03161499994915,5.08495179574694e-11,0.99999999999157,0,0,0,0,0,2451,0
2017-01-01,2017,1,2017Q1,Wisconsin,78.492415,78492.415,11.9639044554988,0,0,"",0,78.1828656763825,0.30954932361752,0.996056315459047,0,0,0,0,0,2451,0
2017-01-01,2017,1,2017Q1,Wyoming,9.909007,9909.007,9.89434660359322,0,0,"",0,9.90552416164173,0.00348283835827136,0.999648517923312,0,0,0,0,0,2451,0
2017-04-01,2017,2,2017Q2,Alabama,64.141186,64141.186,11.7619891444983,0,0,"",0,63.9487057878003,0.192480212199764,0.996999116726657,0,0,0,0,0,2451,0
2017-04-01,2017,2,2017Q2,Alaska,9.291913,9291.913,9.83004691440914,0,0,"",0,9.29191299993521,6.47913502762516e-11,0.999999999993027,0,0,0,0,0,2451,0
2017-04-01,2017,2,2017Q2,Arizona,184.471616,184471.616,12.8183980683766,0,0,"",0,184.160056849166,0.311559150834068,0.998311072686467,0,0,0,0,0,2451,0
2017-04-01,2017,2,2017Q2,Arkansas,59.125776,59125.776,11.6805694310753,0,0,"",0,58.9234709037257,0.202305096274311,0.996578394230728,0,0,0,0,0,2451,0
2017-04-01,2017,2,2017Q2,California,2299.897254,2299897.254,15.3415221882876,0,0,"",0,2292.13959284374,7.75766115625731,0.996626953163771,0,0,0,0,0,2451,0
2017-04-01,2017,2,2017Q2,Colorado,192.953446,192953.446,12.8633514069221,0,0,"",0,192.645951817403,0.307494182596881,0.99840638149268,0,0,0,0,0,2451,0
2017-04-01,2017,2,2017Q2,Connecticut,21.561919,21561.919,10.6718312095808,0,0,"",0,21.5163855849685,0.0455334150315434,0.99788824848885,0,0,0,0,0,2451,0
2017-04-01,2017,2,2017Q2,Delaware,13.044568,13044.568,10.1692742629152,0,0,"",0,12.9759728728491,0.068595127150872,0.994741479583619,0,0,0,0,0,2451,0
2017-04-01,2017,2,2017Q2,District Of Columbia,3.011972,3011.972,8.70349750084518,0,0,"",0,3.00022891261932,0.0117430873806844,0.996101196365476,0,0,0,0,0,2451,0
2017-04-01,2017,2,2017Q2,Florida,306.519314,306519.314,13.3261832276176,0,0,"",0,305.555261940349,0.96405205965065,0.996854840737211,0,0,0,0,0,2451,0
2017-04-01,2017,2,2017Q2,Georgia,287.617568,287617.568,13.2625341683665,0,0,"",0,286.294838697484,1.32272930251636,0.995401083071127,0,0,0,0,0,2451,0
2017-04-01,2017,2,2017Q2,Hawaii,8.286727,8286.727,9.71555754134297,0,0,"",0,8.28672699993417,6.58299310443919e-11,0.999999999992056,0,0,0,0,0,2451,0
2017-04-01,2017,2,2017Q2,Idaho,30.464091,30464.091,11.0174511055483,0,0,"",0,30.231946029298,0.232144970701962,0.992379717789644,0,0,0,0,0,2451,0
2017-04-01,2017,2,2017Q2,Illinois,369.038295,369038.295,13.5118028786874,0,0,"",0,368.138554861095,0.899740138904934,0.997561932864163,0,0,0,0,0,2451,0
2017-04-01,2017,2,2017Q2,Indiana,81.351889,81351.889,11.9996865136268,0,0,"",0,81.0969843081036,0.25490469189642,0.996866640774667,0,0,0,0,0,2451,0
2017-04-01,2017,2,2017Q2,Iowa,35.03343,35033.43,11.1572052082336,0,0,"",0,34.9258574269791,0.107572573020857,0.99692943074598,0,0,0,0,0,2451,0
2017-04-01,2017,2,2017Q2,Kansas,52.565241,52565.241,11.5629575434496,0,0,"",0,52.4538072938645,0.11143370613552,0.99788008760132,0,0,0,0,0,2451,0
2017-04-01,2017,2,2017Q2,Kentucky,45.602157,45602.157,11.4208574776955,0,0,"",0,45.4386284403253,0.163528559674647,0.996414017001988,0,0,0,0,0,2451,0
2017-04-01,2017,2,2017Q2,Louisiana,102.298292,102298.292,12.228795436392,0,0,"",0,101.800425030699,0.497866969300736,0.995133183950904,0,0,0,0,0,2451,0
2017-04-01,2017,2,2017Q2,Maine,1.926234,1926.234,8.25646932824374,0,0,"",0,1.9262339999859,1.4099243742798e-11,0.99999999999268,0,0,0,0,0,2451,0
2017-04-01,2017,2,2017Q2,Maryland,47.94479,47944.79,11.4709526002281,0,0,"",0,47.7705596121449,0.174230387855079,0.996366020419422,0,0,0,0,0,2451,0
2017-04-01,2017,2,2017Q2,Massachusetts,22.465348,22465.348,10.712876493203,0,0,"",0,22.3708728506899,0.0944751493100878,0.995794627828152,0,0,0,0,0,2451,0
2017-04-01,2017,2,2017Q2,Michigan,81.677985,81677.985,12.0036869636899,0,0,"",0,81.3889254046404,0.289059595359637,0.996460985229256,0,0,0,0,0,2451,0
2017-04-01,2017,2,2017Q2,Minnesota,139.744539,139744.539,12.5407184939035,0,0,"",0,138.932808147077,0.811730852922733,0.994191323262208,0,0,0,0,0,2451,0
2017-04-01,2017,2,2017Q2,Mississippi,33.837842,33837.842,11.1224822217794,0,0,"",0,33.4219212540249,0.415920745975132,0.987708413971106,0,0,0,0,0,2451,0
2017-04-01,2017,2,2017Q2,Missouri,57.1429,57142.9,11.646457607671,0,0,"",0,57.0614826780976,0.0814173219024152,0.998575197935309,0,0,0,0,0,2451,0
2017-04-01,2017,2,2017Q2,Montana,5.60837,5608.37,9.3251625922216,0,0,"",0,5.60836999995484,4.51557334554449e-11,0.999999999991948,0,0,0,0,0,2451,0
2017-04-01,2017,2,2017Q2,Nebraska,39.496243,39496.243,11.2771080131618,0,0,"",0,39.3948465021062,0.101396497893825,0.997432755872658,0,0,0,0,0,2451,0
2017-04-01,2017,2,2017Q2,Nevada,80.592815,80592.815,11.990311961199,0,0,"",0,80.220331088465,0.372483911535009,0.995378199514001,0,0,0,0,0,2451,0
2017-04-01,2017,2,2017Q2,New Hampshire,5.769688,5769.688,9.35352047331973,0,0,"",0,5.76968799996138,3.86196701089271e-11,0.999999999993307,0,0,0,0,0,2451,0
2017-04-01,2017,2,2017Q2,New Jersey,115.965058,115965.058,12.354191381152,0,0,"",0,115.432187786407,0.532870213592946,0.995404907109235,0,0,0,0,0,2451,0
2017-04-01,2017,2,2017Q2,New Mexico,41.95416,41954.16,11.3374800533542,0,0,"",0,41.9027000110393,0.0514599889607398,0.998773423446906,0,0,0,0,0,2451,0
2017-04-01,2017,2,2017Q2,New York,270.16136,270161.36,13.199921869664,0,0,"",0,269.384048868103,0.777311131896845,0.997122789388176,0,0,0,0,0,2451,0
2017-04-01,2017,2,2017Q2,North Carolina,185.916008,185916.008,12.8261974613817,0,0,"",0,185.056691670487,0.85931632951344,0.995377932547296,0,0,0,0,0,2451,0
2017-04-01,2017,2,2017Q2,North Dakota,19.200944,19200.944,10.5558619047119,0,0,"",0,19.2009439998681,1.31947562099054e-10,0.999999999993128,0,0,0,0,0,2451,0
2017-04-01,2017,2,2017Q2,Ohio,64.297725,64297.725,11.7644267091938,0,0,"",0,64.1268899201974,0.170835079802608,0.997343061829908,0,0,0,0,0,2451,0
2017-04-01,2017,2,2017Q2,Oklahoma,64.36056,64360.56,11.7654034827453,0,0,"",0,64.2246709038752,0.135889096124836,0.997888627816091,0,0,0,0,0,2451,0
2017-04-01,2017,2,2017Q2,Oregon,74.96246,74962.46,11.9178899144809,0,0,"",0,74.6031920578404,0.359267942159562,0.99520736189608,0,0,0,0,0,2451,0
2017-04-01,2017,2,2017Q2,Pennsylvania,72.244657,72244.657,11.8809608322909,0,0,"",0,72.0701561122373,0.174500887762681,0.997584584175371,0,0,0,0,0,2451,0
2017-04-01,2017,2,2017Q2,Rhode Island,5.051006,5051.006,9.22048990070994,0,0,"",0,4.98574900459227,0.0652569954077317,0.987080396378913,0,0,0,0,0,2451,0
2017-04-01,2017,2,2017Q2,South Carolina,84.730086,84730.086,12.0403732047756,0,0,"",0,84.4606014403451,0.269484559654903,0.996819493849506,0,0,0,0,0,2451,0
2017-04-01,2017,2,2017Q2,South Dakota,8.483371,8483.371,9.73901035741302,0,0,"",0,8.32805594541402,0.155315054585982,0.981691823381768,0,0,0,0,0,2451,0
2017-04-01,2017,2,2017Q2,Tennessee,123.473752,123473.752,12.4169310586249,0,0,"",0,123.113221200004,0.360530799995771,0.997080101688367,0,0,0,0,0,2451,0
2017-04-01,2017,2,2017Q2,Texas,1156.512761,1156512.761,14.6540669753077,0,0,"",0,1152.74055354948,3.77220745051612,0.996738291545305,0,0,0,0,0,2451,0
2017-04-01,2017,2,2017Q2,Utah,54.62487,54624.87,11.6013917331761,0,0,"",0,54.4053984179059,0.219471582094144,0.995982204038305,0,0,0,0,0,2451,0
2017-04-01,2017,2,2017Q2,Vermont,5.615175,5615.175,9.32637522169399,0,0,"",0,5.6151749999572,4.2803671010849e-11,0.999999999992377,0,0,0,0,0,2451,0
2017-04-01,2017,2,2017Q2,Virginia,96.255365,96255.365,12.1679071714433,0,0,"",0,95.8177728799771,0.437592120022926,0.995453841767439,0,0,0,0,0,2451,0
2017-04-01,2017,2,2017Q2,Washington,162.881388,162881.388,12.6939247144884,0,0,"",0,161.494161709656,1.38722629034424,0.991483211756863,0,0,0,0,0,2451,0
2017-04-01,2017,2,2017Q2,West Virginia,6.748025,6748.025,9.51015233451055,0,0,"",0,6.74802499994342,5.65817527830088e-11,0.999999999991615,0,0,0,0,0,2451,0
2017-04-01,2017,2,2017Q2,Wisconsin,80.601016,80601.016,11.9904137144728,0,0,"",0,80.2780132678384,0.323002732161594,0.995992572448943,0,0,0,0,0,2451,0
2017-04-01,2017,2,2017Q2,Wyoming,11.379756,11379.756,10.0327384488161,0,0,"",0,11.375846771913,0.00390922808703955,0.999656475227848,0,0,0,0,0,2451,0
2017-07-01,2017,3,2017Q3,Alabama,61.828382,61828.382,11.725264974309,3.6472480122979,47.8232719975986,2017_M7.1_matzaco,183.781337346364,61.6477279482181,0.180654051781908,0.997078137160667,21.4728094673525,0.347296965774593,0.263364280752967,0.0694674451759912,0.0144652398456353,2451,987
2017-07-01,2017,3,2017Q3,Alaska,9.219697,9219.697,9.82224463617109,2.0839134186873,47.8232719975986,2017_M7.1_matzaco,17.2554316304941,9.21969699993103,6.89734119422877e-11,0.999999999992519,2.16928752031505,0.235288374478582,0.168915653075873,0.0566070059814841,0.00976571542122483,2451,987
2017-07-01,2017,3,2017Q3,Arizona,179.408002,179408.002,12.7905650124161,1.90288872902329,47.8232719975986,2017_M7.1_matzaco,297.652346383703,179.091393990812,0.316608009188213,0.998235262610036,29.4666222942066,0.164243634429453,0.107047965601835,0.0418176619783526,0.0153780068492661,2451,987
2017-07-01,2017,3,2017Q3,Arkansas,57.266507,57266.507,11.6486183923707,2.58352326364314,47.8232719975986,2017_M7.1_matzaco,127.88235818874,57.0580375499331,0.208469450066914,0.996359661851439,11.8179317870563,0.206367253847983,0.138756715037411,0.0406663099299434,0.0269442288806289,2451,987
2017-07-01,2017,3,2017Q3,California,2280.446295,2280446.295,15.3330289057564,3.23868620463131,47.8232719975986,2017_M7.1_matzaco,6684.65670266772,2272.61403136668,7.83226363332457,0.99656546893891,583.705068071314,0.255960892107443,0.157174005872893,0.0649099337703559,0.0338769524641947,2451,987
2017-07-01,2017,3,2017Q3,Colorado,188.22113,188221.13,12.8385199545746,1.83315105008513,47.8232719975986,2017_M7.1_matzaco,309.453501622177,187.911088936611,0.310041063389385,0.998352782902805,27.2610290561841,0.144835115250791,0.0903458198902683,0.0384958778287955,0.0159934175317274,2451,987
2017-07-01,2017,3,2017Q3,Connecticut,21.399238,21399.238,10.6642577740052,13.0524414685807,47.8232719975986,2017_M7.1_matzaco,265.464309339978,21.357192616969,0.0420453830309581,0.998035192513352,15.6668074497323,0.732119875003599,0.230646666916625,0.220248946033217,0.281224262053756,2451,987
2017-07-01,2017,3,2017Q3,Delaware,12.991123,12991.123,10.1651687390855,6.89236150537744,47.8232719975986,2017_M7.1_matzaco,83.0603887391684,12.919111164901,0.0720118350990449,0.99445684294583,7.23020025431077,0.556549287872247,0.354865054576873,0.116306908211112,0.0853773250842624,2451,987
2017-07-01,2017,3,2017Q3,District Of Columbia,2.924023,2924.023,8.67386289657582,8.51016054418881,47.8232719975986,2017_M7.1_matzaco,21.7578191288437,2.91359746140849,0.0104255385915057,0.996434522371573,2.00516183213904,0.685754466411188,0.403083975615084,0.177799373541644,0.10487111725446,2451,987
2017-07-01,2017,3,2017Q3,Florida,271.726256,271726.256,13.2056976073044,3.99713849378725,47.8232719975986,2017_M7.1_matzaco,763.031531754314,270.908468817162,0.817787182837703,0.996990400578597,93.5009597387059,0.344099834572872,0.245291728667964,0.0781625685905187,0.0206455373143893,2451,987
2017-07-01,2017,3,2017Q3,Georgia,273.8043,273804.3,13.2133160771705,3.48025439792499,47.8232719975986,2017_M7.1_matzaco,791.19431609911,272.480485041676,1.32381495832375,0.995165105302131,78.7364721367095,0.287564775778574,0.205561080722649,0.0608978972854187,0.0211057977705069,2451,987
2017-07-01,2017,3,2017Q3,Hawaii,8.363876,8363.876,9.72482441912996,3.11419012749045,47.8232719975986,2017_M7.1_matzaco,21.0917702529688,8.3638759999289,7.11034996370124e-11,0.999999999991499,1.98689816039701,0.237557103954795,0.148938029990594,0.0668843534762787,0.0217347204879222,2451,987
2017-07-01,2017,3,2017Q3,Idaho,32.859548,32859.548,11.0931448169625,2.00614695082499,47.8232719975986,2017_M7.1_matzaco,59.8789327617746,32.5864043509751,0.273143649024908,0.991687540892988,5.62212038639748,0.171095487570233,0.114741358359684,0.0451121761835959,0.0112419530269533,2451,987
2017-07-01,2017,3,2017Q3,Illinois,371.798906,371798.906,13.5192555923847,4.46660622536652,47.8232719975986,2017_M7.1_matzaco,1595.04309046326,370.84649419971,0.952411800289801,0.997438368470375,120.541405869514,0.324211297893153,0.197036100168678,0.0843988014134074,0.0427763963110673,2451,987
2017-07-01,2017,3,2017Q3,Indiana,82.455799,82455.799,12.0131648396466,5.10750667763368,47.8232719975986,2017_M7.1_matzaco,378.614077294286,82.1932478985334,0.262551101466571,0.996815856438835,29.5917874234291,0.358880609760742,0.204948964389076,0.0940962633618647,0.0598353820098005,2451,987
2017-07-01,2017,3,2017Q3,Iowa,36.603016,36603.016,11.2010331011125,2.32321944588516,47.8232719975986,2017_M7.1_matzaco,75.6208943181685,36.4812533763337,0.121762623666261,0.996673426483046,6.83466889493478,0.186724200402906,0.129027286390354,0.0390622652088339,0.0186346488037178,2451,987
2017-07-01,2017,3,2017Q3,Kansas,52.634709,52634.709,11.5642782286797,1.66946326078787,47.8232719975986,2017_M7.1_matzaco,74.495685427552,52.518334719854,0.116374280146009,0.997789020166408,6.61623286132946,0.125700948804133,0.0780844754203742,0.0360804902831573,0.0115359831006019,2451,987
2017-07-01,2017,3,2017Q3,Kentucky,52.396032,52396.032,11.559733322902,4.22743468573463,47.8232719975986,2017_M7.1_matzaco,161.112348339111,52.2005382210129,0.195493778987085,0.996268920154353,18.7577138905,0.357998748655241,0.242241864129769,0.0874561568402221,0.02830072768525,2451,987
2017-07-01,2017,3,2017Q3,Louisiana,101.665735,101665.735,12.2225927835292,2.64842825288706,47.8232719975986,2017_M7.1_matzaco,218.622706838973,101.17317249968,0.492562500319791,0.995155078549132,19.5404363890223,0.192202774996141,0.12560355719251,0.042760229949436,0.0238389878541949,2451,987
2017-07-01,2017,3,2017Q3,Maine,2.346407,2346.407,8.45378772692039,4.52529053956722,47.8232719975986,2017_M7.1_matzaco,9.77866709449189,2.34640699998144,1.85632503313708e-11,0.999999999992089,0.421642706571841,0.179697173837208,0.0659778496339347,0.00381513812549843,0.109904186077775,2451,987
2017-07-01,2017,3,2017Q3,Maryland,47.689308,47689.308,11.4656096814773,7.65915596607473,47.8232719975986,2017_M7.1_matzaco,313.453079336037,47.5000789527286,0.189229047271454,0.99603204459852,24.1738172847359,0.50690224493792,0.220789365697137,0.161072727012939,0.125040152227843,2451,987
2017-07-01,2017,3,2017Q3,Massachusetts,22.714778,22714.778,10.7239181859127,6.19016486346813,47.8232719975986,2017_M7.1_matzaco,106.569959862298,22.6178337192053,0.0969442807947324,0.995732105293095,10.1069389299081,0.444949932150254,0.237111115855463,0.128671067891685,0.0791677484031061,2451,987
2017-07-01,2017,3,2017Q3,Michigan,92.052785,92052.785,12.123264622089,3.06674971655623,47.8232719975986,2017_M7.1_matzaco,249.87626351429,91.7371064171235,0.315678582876499,0.996570678628827,21.3552299652921,0.231988961173658,0.154947062021864,0.0522049270615722,0.0248369720902217,2451,987
2017-07-01,2017,3,2017Q3,Minnesota,141.695569,141695.569,12.5545833354729,9.7144410479325,47.8232719975986,2017_M7.1_matzaco,1339.92501171251,140.855215656714,0.840353343286419,0.994069304007055,63.3911311844372,0.447375536382773,0.172617365607197,0.0677992486547463,0.206958922120829,2451,987
2017-07-01,2017,3,2017Q3,Mississippi,32.483011,32483.011,11.0816196739778,3.252726349592,47.8232719975986,2017_M7.1_matzaco,75.0203809466179,32.1364445201755,0.346566479824503,0.989330838824501,9.46687049734603,0.291440670242855,0.21001788653951,0.0701709039356223,0.0112518797677229,2451,987
2017-07-01,2017,3,2017Q3,Missouri,56.786229,56786.229,11.6401963087685,2.86818746704019,47.8232719975986,2017_M7.1_matzaco,145.535401952236,56.6896386808652,0.096590319134848,0.998299053822805,12.3662162456379,0.217767871954271,0.136571889452158,0.0658318366670011,0.0153641458351119,2451,987
2017-07-01,2017,3,2017Q3,Montana,6.086853,6086.853,9.40703366568244,3.44816767785021,47.8232719975986,2017_M7.1_matzaco,20.6785527963692,6.08685299994846,5.15366502161864e-11,0.999999999991533,1.6660404725562,0.273711304110055,0.154292667671488,0.0791966243147025,0.0402220121238646,2451,987
2017-07-01,2017,3,2017Q3,Nebraska,40.912967,40912.967,11.3123495140579,2.57741990706473,47.8232719975986,2017_M7.1_matzaco,97.1699565905242,40.8001137335986,0.112853266401371,0.997241625951954,7.93949553421081,0.194058170706877,0.137555466119703,0.0330066700175701,0.0234960345696039,2451,987
2017-07-01,2017,3,2017Q3,Nevada,82.812142,82812.142,12.0174771527309,3.14190681142091,47.8232719975986,2017_M7.1_matzaco,242.769680634662,82.4314643841344,0.380677615865604,0.995403118351103,19.386657203242,0.234104042414963,0.141668261678533,0.0570353352438438,0.0354004454925862,2451,987
2017-07-01,2017,3,2017Q3,New Hampshire,5.697253,5697.253,9.34088659609462,1.72996546860441,47.8232719975986,2017_M7.1_matzaco,8.16792489466723,5.69725299995907,4.09260209826703e-11,0.999999999992817,0.673570994370453,0.118227327164592,0.0887365226370869,0.0123316016296039,0.0171592028979011,2451,987
2017-07-01,2017,3,2017Q3,New Jersey,113.95704,113957.04,12.3367239948277,12.6398891769987,47.8232719975986,2017_M7.1_matzaco,1345.59412024626,113.46720312076,0.489836879239614,0.995701565438699,81.3408067572719,0.713784832927145,0.293829653602049,0.139087794798394,0.280867384526702,2451,987
2017-07-01,2017,3,2017Q3,New Mexico,42.710532,42710.532,11.3553480005542,0.970708498883982,47.8232719975986,2017_M7.1_matzaco,37.5537748939957,42.6600535040073,0.0504784959927417,0.998818125328133,3.11110102867713,0.0728415424251125,0.0444456664226387,0.0187573404635426,0.00963853553893124,2451,987
2017-07-01,2017,3,2017Q3,New York,267.289685,267289.685,13.1892354923462,15.2429002621369,47.8232719975986,2017_M7.1_matzaco,3996.2806208344,266.51505847527,0.774626524730001,0.99710192136771,215.080764921559,0.804672896081115,0.21728325845181,0.242480042211158,0.344909595418147,2451,987
2017-07-01,2017,3,2017Q3,North Carolina,201.141819,201141.819,12.904912685976,3.92902595464169,47.8232719975986,2017_M7.1_matzaco,636.188856800433,200.194654572669,0.947164427331477,0.99529106163979,63.7616407422775,0.316998429562166,0.215860576906899,0.078341668901656,0.0227961837536114,2451,987
2017-07-01,2017,3,2017Q3,North Dakota,19.674369,19674.369,10.5802191828208,2.44229329719813,47.8232719975986,2017_M7.1_matzaco,42.4225058153895,19.6743689998565,1.43512009829458e-10,0.999999999992706,3.77909345341826,0.192082066439755,0.123465223670141,0.04066679955056,0.0279500432190547,2451,987
2017-07-01,2017,3,2017Q3,Ohio,66.140927,66140.927,11.7926901827789,3.84609567434403,47.8232719975986,2017_M7.1_matzaco,193.175983535755,65.9682438222214,0.172683177778663,0.997389163024905,22.0605186726416,0.333538093178549,0.234516714113022,0.0735590409829312,0.0254623380825955,2451,987
2017-07-01,2017,3,2017Q3,Oklahoma,65.07853,65078.53,11.7764971541123,1.43217450413501,47.8232719975986,2017_M7.1_matzaco,76.9966574879259,64.9387573833198,0.13977261668019,0.997852246867282,7.34881320187453,0.112922237209023,0.0758421800163093,0.026873001720221,0.0102070554724929,2451,987
2017-07-01,2017,3,2017Q3,Oregon,82.225017,82225.017,12.0103620584039,3.40812724802945,47.8232719975986,2017_M7.1_matzaco,252.932809972884,81.8421410554157,0.382875944584308,0.995343558948923,23.7332626625796,0.288637978178583,0.187931363546065,0.0711964920248986,0.0295101226076192,2451,987
2017-07-01,2017,3,2017Q3,Pennsylvania,72.339984,72339.984,11.882279464936,8.50866145258644,47.8232719975986,2017_M7.1_matzaco,586.107315915115,72.16741744804,0.172566551960039,0.997614506633565,40.5142568507611,0.560053439474925,0.261345159758179,0.182984421738341,0.115723857978406,2451,987
2017-07-01,2017,3,2017Q3,Rhode Island,5.124867,5124.867,9.23500704252894,6.60266155234393,47.8232719975986,2017_M7.1_matzaco,28.6949138971917,5.06134878175832,0.0635182182416789,0.98760587967616,2.30277150614298,0.44933293022882,0.253133122266229,0.103506979095576,0.0926928288670149,2451,987
2017-07-01,2017,3,2017Q3,South Carolina,81.577554,81577.554,12.0024566101806,4.26477348274999,47.8232719975986,2017_M7.1_matzaco,258.888420828279,81.3196449282147,0.257909071785263,0.996838479959999,31.3862823213118,0.384741645003377,0.289251739573198,0.072210948665487,0.0232789567646915,2451,987
2017-07-01,2017,3,2017Q3,South Dakota,9.24783,9247.83,9.82529139187342,1.814957219777,47.8232719975986,2017_M7.1_matzaco,13.7727585789642,9.09248454216187,0.155345457838126,0.983201955719544,1.46995399848885,0.158951234883086,0.107101385472031,0.0468056221253765,0.00504422728567866,2451,987
2017-07-01,2017,3,2017Q3,Tennessee,127.81132,127811.32,12.4514575734781,3.33518143941067,47.8232719975986,2017_M7.1_matzaco,309.014158770446,127.433497995548,0.377822004451639,0.997043908126044,36.987062085569,0.289387998540106,0.202086641084644,0.0712603983073049,0.0160409591481573,2451,987
2017-07-01,2017,3,2017Q3,Texas,1148.645744,1148645.744,14.6472413730544,1.64125988162364,47.8232719975986,2017_M7.1_matzaco,1719.49309406153,1144.98286527186,3.66287872814398,0.996811132808111,141.933626154063,0.123566057590392,0.0826885775831838,0.0306182851015899,0.0102591949056182,2451,987
2017-07-01,2017,3,2017Q3,Utah,55.355821,55355.821,11.614684280367,3.33128648285105,47.8232719975986,2017_M7.1_matzaco,170.548171690825,55.1233656115561,0.232455388443914,0.995800705612443,15.7025231990259,0.283665257155628,0.184636477792257,0.0714735713576546,0.0275552080057172,2451,987
2017-07-01,2017,3,2017Q3,Vermont,5.701031,5701.031,9.34154950291116,4.85833802744126,47.8232719975986,2017_M8.2_chiapas,21.9811492737893,5.7010309999558,4.42031344524152e-11,0.999999999992246,3.24881917984314,0.569865201547429,0.534196508493354,0.0333108481555695,0.00235784489850475,2451,987
2017-07-01,2017,3,2017Q3,Virginia,100.086987,100086.987,12.2069421374375,4.14811570047302,47.8232719975986,2017_M7.1_matzaco,330.044628227538,99.6153924681653,0.471594531834692,0.995288153375676,32.9692723423383,0.329406182867092,0.208916574187425,0.0815331301131791,0.0389564785664878,2451,987
2017-07-01,2017,3,2017Q3,Washington,199.099284,199099.284,12.8947060744293,3.37779043426136,47.8232719975986,2017_M7.1_matzaco,594.720893158618,197.470833172864,1.62845082713646,0.991820910681243,56.9320507410656,0.285948043595504,0.174554053521761,0.0864631271505291,0.0249308629232139,2451,987
2017-07-01,2017,3,2017Q3,West Virginia,6.91179,6911.79,9.53413111387095,3.37987956341784,47.8232719975986,2017_M7.1_matzaco,16.524813434425,6.91178999993729,6.2713159319743e-11,0.999999999990927,2.03348240484814,0.294204888292054,0.193655528079922,0.0621017571482263,0.0384476030639057,2451,987
2017-07-01,2017,3,2017Q3,Wisconsin,80.142154,80142.154,11.9847044423914,4.08070185617968,47.8232719975986,2017_M7.1_matzaco,277.531550191106,79.7832853550956,0.358868644904438,0.995522098833225,25.8461740414894,0.322504109903128,0.21630181894099,0.0662986413508259,0.0399036496113121,2451,987
2017-07-01,2017,3,2017Q3,Wyoming,12.592097,12592.097,10.1339718560678,4.58471167356532,47.8232719975986,2017_M7.1_matzaco,56.2778714144324,12.5882909711787,0.00380602882131289,0.999697744639252,4.50313551258584,0.357616012057868,0.106300369996278,0.238725724938539,0.0125899171230505,2451,987
2017-10-01,2017,4,2017Q4,Alabama,64.325579,64325.579,11.7648598188958,0,0,"",0,64.1189416016046,0.206637398395405,0.996787632515591,0,0,0,0,0,2451,0
2017-10-01,2017,4,2017Q4,Alaska,9.488539,9488.539,9.85098711156102,0,0,"",0,9.48853899992892,7.10819560273258e-11,0.999999999992509,0,0,0,0,0,2451,0
2017-10-01,2017,4,2017Q4,Arizona,188.188437,188188.437,12.8383462448554,0,0,"",0,187.851944441103,0.336492558896539,0.998211938181428,0,0,0,0,0,2451,0
2017-10-01,2017,4,2017Q4,Arkansas,59.279773,59279.773,11.683170611309,0,0,"",0,59.066828732216,0.212944267783976,0.996407808987663,0,0,0,0,0,2451,0
2017-10-01,2017,4,2017Q4,California,2400.885972,2400885.972,15.3844955627572,0,0,"",0,2392.77926668566,8.10670531433734,0.996623452588386,0,0,0,0,0,2451,0
2017-10-01,2017,4,2017Q4,Colorado,208.171143,208171.143,12.9392630038171,0,0,"",0,207.813558093869,0.357584906130602,0.998282255162856,0,0,0,0,0,2451,0
2017-10-01,2017,4,2017Q4,Connecticut,21.138805,21138.805,10.6520129110367,0,0,"",0,21.0923610812785,0.0464439187215383,0.997802907083842,0,0,0,0,0,2451,0
2017-10-01,2017,4,2017Q4,Delaware,12.141742,12141.742,10.0975517291617,0,0,"",0,12.0700040693863,0.0717379306137043,0.994091627822951,0,0,0,0,0,2451,0
2017-10-01,2017,4,2017Q4,District Of Columbia,2.992246,2992.246,8.69692676344776,0,0,"",0,2.98259297122062,0.0096530287793764,0.99677398556824,0,0,0,0,0,2451,0
2017-10-01,2017,4,2017Q4,Florida,304.711625,304711.625,13.3202682970896,0,0,"",0,303.758696386639,0.952928613360804,0.996872687041852,0,0,0,0,0,2451,0
2017-10-01,2017,4,2017Q4,Georgia,283.249074,283249.074,13.2472290902511,0,0,"",0,281.883277229463,1.36579677053691,0.99517810684692,0,0,0,0,0,2451,0
2017-10-01,2017,4,2017Q4,Hawaii,8.760249,8760.249,9.77112679200161,0,0,"",0,8.76024899992425,7.57496762122887e-11,0.999999999991353,0,0,0,0,0,2451,0
2017-10-01,2017,4,2017Q4,Idaho,32.908432,32908.432,11.0946313765004,0,0,"",0,32.6712800227283,0.23715197727169,0.992793580159891,0,0,0,0,0,2451,0
2017-10-01,2017,4,2017Q4,Illinois,377.072606,377072.606,13.5333402173084,0,0,"",0,376.094974967013,0.977631032987059,0.997407313558633,0,0,0,0,0,2451,0
2017-10-01,2017,4,2017Q4,Indiana,82.46696,82466.96,12.0133001878555,0,0,"",0,82.1970245504921,0.269935449507855,0.996726744268155,0,0,0,0,0,2451,0
2017-10-01,2017,4,2017Q4,Iowa,36.88569,36885.69,11.2087261306785,0,0,"",0,36.7633349710425,0.122355028957496,0.996682859153306,0,0,0,0,0,2451,0
2017-10-01,2017,4,2017Q4,Kansas,54.543587,54543.587,11.5999026031244,0,0,"",0,54.4295508711016,0.114036128898411,0.997909266053617,0,0,0,0,0,2451,0
2017-10-01,2017,4,2017Q4,Kentucky,53.73309,53733.09,11.5849314724869,0,0,"",0,53.525967371195,0.207122628804982,0.996145343050158,0,0,0,0,0,2451,0
2017-10-01,2017,4,2017Q4,Louisiana,109.059844,109059.844,12.2927992186547,0,0,"",0,108.505138542331,0.554705457668841,0.994913751594319,0,0,0,0,0,2451,0
2017-10-01,2017,4,2017Q4,Maine,2.050253,2050.253,8.3188657191853,0,0,"",0,2.05025299998407,1.59329684745134e-11,0.999999999992229,0,0,0,0,0,2451,0
2017-10-01,2017,4,2017Q4,Maryland,47.297099,47297.099,11.457351421347,0,0,"",0,47.0984989336238,0.198600066376222,0.995801009563478,0,0,0,0,0,2451,0
2017-10-01,2017,4,2017Q4,Massachusetts,23.230037,23230.037,10.7463485995544,0,0,"",0,23.1389459320405,0.0910910679595558,0.996078737715331,0,0,0,0,0,2451,0
2017-10-01,2017,4,2017Q4,Michigan,87.204032,87204.032,12.069153027953,0,0,"",0,86.8839819737428,0.320050026257198,0.996329871235114,0,0,0,0,0,2451,0
2017-10-01,2017,4,2017Q4,Minnesota,149.456052,149456.052,12.6079048426122,0,0,"",0,148.573960553623,0.882091446376703,0.994097987772508,0,0,0,0,0,2451,0
2017-10-01,2017,4,2017Q4,Mississippi,33.964049,33964.049,11.1262050425989,0,0,"",0,33.5338595912483,0.430189408751722,0.987333977502161,0,0,0,0,0,2451,0
2017-10-01,2017,4,2017Q4,Missouri,56.622688,56622.688,11.6373122125676,0,0,"",0,56.5411151488982,0.0815728511017597,0.998559361026772,0,0,0,0,0,2451,0
2017-10-01,2017,4,2017Q4,Montana,6.086946,6086.946,9.40704894439679,0,0,"",0,6.08694599994697,5.30330575015496e-11,0.999999999991287,0,0,0,0,0,2451,0
2017-10-01,2017,4,2017Q4,Nebraska,41.944982,41944.982,11.337261266849,0,0,"",0,41.8329132815158,0.112068718484174,0.997328197244567,0,0,0,0,0,2451,0
2017-10-01,2017,4,2017Q4,Nevada,82.939716,82939.716,12.0190164902288,0,0,"",0,82.5617418517569,0.377974148243075,0.995442784633564,0,0,0,0,0,2451,0
2017-10-01,2017,4,2017Q4,New Hampshire,5.798066,5798.066,9.35842688064894,0,0,"",0,5.79806599995737,4.26306389575789e-11,0.999999999992647,0,0,0,0,0,2451,0
2017-10-01,2017,4,2017Q4,New Jersey,111.46194,111461.94,12.3145856468993,0,0,"",0,110.812157084241,0.64978291575933,0.99417036061135,0,0,0,0,0,2451,0
2017-10-01,2017,4,2017Q4,New Mexico,44.263247,44263.247,11.3910571535538,0,0,"",0,44.2103865653828,0.0528604346172015,0.99880577141986,0,0,0,0,0,2451,0
2017-10-01,2017,4,2017Q4,New York,275.614692,275614.692,13.2199063064077,0,0,"",0,274.809191139296,0.805500860704405,0.997077438597851,0,0,0,0,0,2451,0
2017-10-01,2017,4,2017Q4,North Carolina,189.199884,189199.884,12.8437065030588,0,0,"",0,188.290187673731,0.909696326269088,0.995191876934401,0,0,0,0,0,2451,0
2017-10-01,2017,4,2017Q4,North Dakota,20.102363,20102.363,10.6017398305049,0,0,"",0,20.1023629998507,1.49313099415286e-10,0.999999999992572,0,0,0,0,0,2451,0
2017-10-01,2017,4,2017Q4,Ohio,64.548551,64548.551,11.7683201289278,0,0,"",0,64.3748025851606,0.173748414839373,0.997308252282234,0,0,0,0,0,2451,0
2017-10-01,2017,4,2017Q4,Oklahoma,65.641272,65641.272,11.785107104062,0,0,"",0,65.4980732181171,0.143198781882895,0.997818464244829,0,0,0,0,0,2451,0
2017-10-01,2017,4,2017Q4,Oregon,84.780686,84780.686,12.0409702169996,0,0,"",0,84.3967742633561,0.383911736643915,0.995471707593355,0,0,0,0,0,2451,0
2017-10-01,2017,4,2017Q4,Pennsylvania,72.961859,72961.859,11.8908392847454,0,0,"",0,72.781091518092,0.180767481908034,0.997522438649651,0,0,0,0,0,2451,0
2017-10-01,2017,4,2017Q4,Rhode Island,5.17811,5178.11,9.24534259369313,0,0,"",0,5.11113889196808,0.0669711080319221,0.987066495684348,0,0,0,0,0,2451,0
2017-10-01,2017,4,2017Q4,South Carolina,82.485487,82485.487,12.0135248222931,0,0,"",0,82.2103092401109,0.275177759889074,0.996663925135229,0,0,0,0,0,2451,0
2017-10-01,2017,4,2017Q4,South Dakota,9.572168,9572.168,9.85976218335363,0,0,"",0,9.40694798364167,0.165220016358331,0.982739540681031,0,0,0,0,0,2451,0
2017-10-01,2017,4,2017Q4,Tennessee,128.762856,128762.856,12.4588748465433,0,0,"",0,128.373148427182,0.3897075728177,0.996973447274129,0,0,0,0,0,2451,0
2017-10-01,2017,4,2017Q4,Texas,1205.704468,1205704.468,14.6957217553898,0,0,"",0,1201.68990673401,4.01456126599158,0.996670360463497,0,0,0,0,0,2451,0
2017-10-01,2017,4,2017Q4,Utah,58.636874,58636.874,11.6722662074503,0,0,"",0,58.3953941649977,0.241479835002292,0.995881775092542,0,0,0,0,0,2451,0
2017-10-01,2017,4,2017Q4,Vermont,5.868775,5868.775,9.37054839061682,0,0,"",0,5.86877499995159,4.84091725519512e-11,0.999999999991751,0,0,0,0,0,2451,0
2017-10-01,2017,4,2017Q4,Virginia,98.559576,98559.576,12.1915636573957,0,0,"",0,98.1181828153838,0.441393184616255,0.995521559623833,0,0,0,0,0,2451,0
2017-10-01,2017,4,2017Q4,Washington,179.859363,179859.363,12.7930776883864,0,0,"",0,178.400439265676,1.45892373432404,0.991888530516345,0,0,0,0,0,2451,0
2017-10-01,2017,4,2017Q4,West Virginia,6.914766,6914.766,9.53456158983544,0,0,"",0,6.91476599993685,6.31459961196139e-11,0.999999999990868,0,0,0,0,0,2451,0
2017-10-01,2017,4,2017Q4,Wisconsin,83.012241,83012.241,12.0198905384283,0,0,"",0,82.6659067636947,0.346334236305283,0.995827913665103,0,0,0,0,0,2451,0
2017-10-01,2017,4,2017Q4,Wyoming,12.185746,12185.746,10.1011693692437,0,0,"",0,12.182347803783,0.00339819621701786,0.999721133509839,0,0,0,0,0,2451,0
2018-01-01,2018,1,2018Q1,Alabama,54.249835,54249.835,11.5945024105683,0.503171172657781,37.2806614267867,2018_M7.2_pinotepa,27.2969530934411,54.0856169385449,0.16421806145511,0.996972929752596,1.43241741254497,0.0264040879118797,0.0189039353012788,0.00517090213432351,0.00232925047627738,2451,298
2018-01-01,2018,1,2018Q1,Alaska,7.803983,7803.983,9.65553670803545,0.798625774789348,37.2806614267867,2018_M7.2_pinotepa,6.2324619698179,7.80398299994512,5.48819502737766e-11,0.999999999992967,0.550558384483113,0.0705483833682253,0.0705483833503552,8.93132060989654e-12,8.93880300668451e-12,2451,298
2018-01-01,2018,1,2018Q1,Arizona,202.951076,202951.076,12.9138674046175,0.239876780542352,37.2806614267867,2018_M7.2_pinotepa,48.6832507184862,202.420702491048,0.530373508952118,0.99738669279609,2.82557770303807,0.013922457366218,0.00978293132058213,0.00160156282293977,0.00253796322269612,2451,298
2018-01-01,2018,1,2018Q1,Arkansas,49.999713,49999.713,11.5129197250538,0.425488212700249,37.2806614267867,2018_M7.2_pinotepa,21.2742885198954,49.7994348833863,0.200278116613682,0.995994414675667,1.38880172925669,0.0277761940204876,0.0188387297596792,0.00600252800054981,0.00293493626025854,2451,298
2018-01-01,2018,1,2018Q1,California,2192.741974,2192741.974,15.2938105421229,0.625236577212717,37.2806614267867,2018_M7.2_pinotepa,1370.98248653442,2186.05239702708,6.68957697291751,0.996949218352074,108.837177360192,0.0496351958646784,0.0391384426209176,0.00695309094904768,0.00354366229471311,2451,298
2018-01-01,2018,1,2018Q1,Colorado,185.63808,185638.08,12.8247014312703,0.276030416566664,37.2806614267867,2018_M7.2_pinotepa,51.2417565530356,185.166990206642,0.471089793357542,0.997462321343996,3.08008235744957,0.0165918671290371,0.0113375005704368,0.00325439497300274,0.00199997158559762,2451,298
2018-01-01,2018,1,2018Q1,Connecticut,17.348561,17348.561,10.4544120238447,1.08119259151534,37.2806614267867,2018_M7.2_pinotepa,18.757135626652,17.3134462870989,0.0351147129010678,0.997975929363763,1.3548872199191,0.0780979598203622,0.067373270633953,0.00909899078574914,0.00162569840066013,2451,298
2018-01-01,2018,1,2018Q1,Delaware,10.154019,10154.019,9.91877204967404,0.429487737050834,37.2806614267867,2018_M7.2_pinotepa,4.36102664228117,10.1237068174767,0.030312182523349,0.997014760113867,0.161144563726069,0.015870027791564,0.0122938474133538,0.00356904718703791,7.13319117227139e-06,2451,298
2018-01-01,2018,1,2018Q1,District Of Columbia,2.915742,2915.742,8.67102682181428,1.2656618312404,37.2806614267867,2018_M7.2_pinotepa,3.69034335914454,2.91280558547483,0.00293641452516948,0.998992910029361,0.134020886988887,0.0459645904846475,0.0190014264452618,0.0145159481725801,0.0124472158668056,2451,298
2018-01-01,2018,1,2018Q1,Florida,297.80808,297808.08,13.2973517117303,0.669488026596298,37.2806614267867,2018_M7.2_pinotepa,199.378943783633,296.908835285932,0.899244714068225,0.99698045562072,13.6894953378365,0.0459675081275046,0.0314804940691632,0.0107550670250493,0.00373194703329208,2451,298
2018-01-01,2018,1,2018Q1,Georgia,240.666322,240666.322,13.0843138776371,0.629039114345659,37.2806614267867,2018_M7.2_pinotepa,151.388530043707,239.594517659107,1.07180434089277,0.995546512981186,9.9760645427096,0.0414518510932726,0.0294349492224515,0.00856612454739365,0.00345077732342746,2451,298
2018-01-01,2018,1,2018Q1,Hawaii,7.379232,7379.232,9.59957203228978,0.386905578582473,37.2806614267867,2018_M7.2_pinotepa,2.8550660264543,7.36658256154584,0.0126494384541644,0.998285805561586,0.436860243659721,0.0592013157547724,0.0540135544982533,0.00518776124574122,1.07779007884296e-11,2451,298
2018-01-01,2018,1,2018Q1,Idaho,23.933903,23933.903,10.7761984493097,0.225997615109696,37.2806614267867,2018_M7.2_pinotepa,5.4090049982668,23.7132355238566,0.220667476143357,0.990780129921001,0.418986006888117,0.0175059624369714,0.013792054167947,0.00362483447402015,8.90737950042096e-05,2451,298
2018-01-01,2018,1,2018Q1,Illinois,308.756958,308756.958,13.3334568832653,0.472467673633256,37.2806614267867,2018_M7.2_pinotepa,145.877681664341,307.925639047742,0.831318952258149,0.997307529658139,7.44130473523944,0.0241008487175192,0.0155869377717929,0.00622314127115341,0.00229076967457288,2451,298
2018-01-01,2018,1,2018Q1,Indiana,73.787679,73787.679,11.902094226037,0.421329204513772,37.2806614267867,2018_M7.2_pinotepa,31.0889040959876,73.6048159906112,0.18286300938877,0.997521767700692,1.7597994627979,0.0238495028797138,0.0159082669221254,0.00584319527893636,0.00209804067865206,2451,298
2018-01-01,2018,1,2018Q1,Iowa,30.930607,30930.607,11.0326486712674,0.429526854994332,37.2806614267867,2018_M7.2_pinotepa,13.2855263477757,30.877869860527,0.052737139473009,0.998294985304588,0.979368417421239,0.0316634076214941,0.0218389886863848,0.00636265622635706,0.0034617627087522,2451,298
2018-01-01,2018,1,2018Q1,Kansas,47.365565,47365.565,11.4587979475492,0.368939627041827,37.2806614267867,2018_M7.2_pinotepa,17.4750338857254,47.2700119665341,0.0955530334658996,0.997982647658359,0.867686542187713,0.0183189315315401,0.00911726258416888,0.00432334001950211,0.00487832892786913,2451,298
2018-01-01,2018,1,2018Q1,Kentucky,38.297131,38297.131,11.2462774444772,0.705098782594117,37.2806614267867,2018_M7.2_pinotepa,27.0032604449474,38.1674836746028,0.129647325397251,0.996614698751265,1.62250391452814,0.0423662000824066,0.0255259032168832,0.0117827266580369,0.00505757020748649,2451,298
2018-01-01,2018,1,2018Q1,Louisiana,83.390448,83390.448,12.0244362300093,0.269615125934465,37.2806614267867,2018_M7.2_pinotepa,22.4833261392515,83.1124948118162,0.277953188183819,0.996666846205409,0.95835476021689,0.0114923805208108,0.00545292473049014,0.00457000254528573,0.00146945324503498,2451,298
2018-01-01,2018,1,2018Q1,Maine,2.287192,2287.192,8.4282273716252,0.353189911665493,37.2806614267867,2018_M7.2_pinotepa,0.807813140442022,2.28719199998073,1.9270698711706e-11,0.999999999991575,0.00146229878352693,0.00063934238294246,0.00063934236153283,1.07003330768492e-11,1.07092975000673e-11,2451,298
2018-01-01,2018,1,2018Q1,Maryland,32.795282,32795.282,11.091187123355,1.22691822361471,37.2806614267867,2018_M7.2_pinotepa,40.2371291343836,32.6578905133534,0.137391486646605,0.99581063255847,2.06749777501633,0.0630425368812602,0.0422363574491457,0.0122681889603811,0.00853799047173338,2451,298
2018-01-01,2018,1,2018Q1,Massachusetts,18.704926,18704.926,10.5296893718875,0.866650262076954,37.2806614267867,2018_M7.2_pinotepa,16.21062902003,18.6103138401827,0.0946121598173097,0.994941858641017,1.83539158292041,0.098123434592599,0.0941511410054822,0.00184947668678342,0.00212281690033337,2451,298
2018-01-01,2018,1,2018Q1,Michigan,73.462739,73462.739,11.8976807848824,0.331629934870118,37.2806614267867,2018_M7.2_pinotepa,24.3624433499505,73.1733911847686,0.28934781523138,0.996061298296659,1.46408970484374,0.0199296912254216,0.0149461861911158,0.00296546325757448,0.00201804177673136,2451,298
2018-01-01,2018,1,2018Q1,Minnesota,179.637284,179637.284,12.7918421885279,0.981215318943735,37.2806614267867,2018_M7.2_pinotepa,176.262854914246,178.995829126865,0.641454873135101,0.99642916626854,7.54614247868743,0.0420076629453351,0.0218469428780386,0.0082301580206322,0.0119305620466643,2451,298
2018-01-01,2018,1,2018Q1,Mississippi,23.175765,23175.765,10.7440095806234,0.410736261532813,37.2806614267867,2018_M7.2_pinotepa,9.51912707426301,23.0204578314679,0.155307168532144,0.993298725261835,0.447078580898064,0.0192907798684559,0.0120334816432826,0.00426175421973151,0.00299554400544172,2451,298
2018-01-01,2018,1,2018Q1,Missouri,45.297222,45297.222,11.4141481657692,0.521877138603831,37.2806614267867,2018_M7.2_pinotepa,23.6395846040625,45.2160420261918,0.0811799738081601,0.998207837694591,1.66285362167287,0.0367098366798933,0.0204919940661213,0.0132434974536196,0.00297434516015235,2451,298
2018-01-01,2018,1,2018Q1,Montana,5.237009,5237.009,9.25665300249446,0.318663661558847,37.2806614267867,2018_M7.2_pinotepa,1.66884446355663,5.23700899996216,3.78440626855758e-11,0.999999999992774,0.0941826865751935,0.0179840604771146,0.0155919905266952,0.00239206994123441,9.1850299766939e-12,2451,298
2018-01-01,2018,1,2018Q1,Nebraska,31.252517,31252.517,11.043002376737,0.515160575705216,37.2806614267867,2018_M7.2_pinotepa,16.100064649957,31.1471392945267,0.105377705473281,0.996628185004322,1.42757378489865,0.045678681972996,0.0399641258119962,0.00295602412895934,0.00275853203204052,2451,298
2018-01-01,2018,1,2018Q1,Nevada,79.851418,79851.418,11.9810700923814,0.383651406805847,37.2806614267867,2018_M7.2_pinotepa,30.6351088511418,79.5024715132687,0.348946486731272,0.995630052722029,1.69876339514932,0.0212740542083964,0.0159275314747765,0.0034740428781991,0.00187247985542075,2451,298
2018-01-01,2018,1,2018Q1,New Hampshire,5.59552,5595.52,9.32286874509713,0.683346993887949,37.2806614267867,2018_M7.2_pinotepa,3.8236817712399,5.59551999996188,3.81198671580627e-11,0.999999999993187,0.297710620171518,0.0532051748848219,0.0332046742346229,0.0191962150628133,0.000804285587385737,2451,298
2018-01-01,2018,1,2018Q1,New Jersey,95.056166,95056.166,12.1553703975206,3.65434087866357,37.2806614267867,2018_M7.2_pinotepa,347.36763318283,94.6693696386396,0.386796361360424,0.995930865112312,18.7850438532725,0.197620466338528,0.0656565118038872,0.0637268740907091,0.0682370804439317,2451,298
2018-01-01,2018,1,2018Q1,New Mexico,46.625341,46625.341,11.4430466512672,0.0886898033501114,37.2806614267867,2018_M7.2_pinotepa,4.13519232442189,46.5593175135559,0.0660234864440934,0.998583957027915,0.326059827218564,0.00699318911616247,0.00556312932121501,0.00132056066215607,0.000109499132791377,2451,298
2018-01-01,2018,1,2018Q1,New York,229.961948,229961.948,13.0388163113045,1.50072561605917,37.2806614267867,2018_M7.2_pinotepa,345.109786082468,229.419526987403,0.542421012597441,0.997641257532757,11.2633954744403,0.0489793879917919,0.0365231746058277,0.008653252696721,0.00380296068924322,2451,298
2018-01-01,2018,1,2018Q1,North Carolina,152.823588,152823.588,12.6301866960989,1.24631146252653,37.2806614267867,2018_M7.2_pinotepa,190.465789468832,152.086523942658,0.737064057341882,0.995177026877933,11.7077077585397,0.0766092977645552,0.0284558150872993,0.0369863404585394,0.0111671422187166,2451,298
2018-01-01,2018,1,2018Q1,North Dakota,14.249115,14249.115,10.2575972602963,0.212694703035776,37.2806614267867,2018_M7.2_pinotepa,3.03071128344762,14.0327871273909,0.216327872609056,0.984818153786459,0.0502214396137193,0.00352453044373067,0.0020553217978268,0.00146920863665127,9.25260528118063e-12,2451,298
2018-01-01,2018,1,2018Q1,Ohio,53.713856,53713.856,11.5845734539313,0.702347249748112,37.2806614267867,2018_M7.2_pinotepa,37.7257790349661,53.614594149096,0.0992618509040591,0.998152025225967,3.39592756699183,0.0632225615489574,0.0506237410193347,0.0076830080917261,0.00491581243789655,2451,298
2018-01-01,2018,1,2018Q1,Oklahoma,57.935195,57935.195,11.660227517901,0.289668387742129,37.2806614267867,2018_M7.2_pinotepa,16.7819945291759,57.8397971567509,0.0953978432491055,0.998353369773777,0.963472585886072,0.0166301776646488,0.00771167795744301,0.00555082396274955,0.00336767574445622,2451,298
2018-01-01,2018,1,2018Q1,Oregon,71.359514,71359.514,11.8686331373016,0.916826047606928,37.2806614267867,2018_M7.2_pinotepa,65.4242611797713,71.0526934432157,0.306820556784295,0.995700355291317,5.51734514152237,0.07731758292976,0.059584832837486,0.012174770239,0.00555797985327399,2451,298
2018-01-01,2018,1,2018Q1,Pennsylvania,55.359599,55359.599,11.6147525274097,1.07604093766433,37.2806614267867,2018_M7.2_pinotepa,59.5691948166812,55.1953818517668,0.164217148233167,0.99703362829212,2.42032046976745,0.0437199783504112,0.0162987763889582,0.0186548413102369,0.00876636065121621,2451,298
2018-01-01,2018,1,2018Q1,Rhode Island,3.653454,3653.454,8.89657549977525,1.18994773398375,37.2806614267867,2018_M7.2_pinotepa,4.34741930851386,3.6101789031409,0.0432750968591011,0.988155018002389,0.322909213813049,0.0883846392518008,0.083082951391518,0.00172325441656919,0.00357843344371365,2451,298
2018-01-01,2018,1,2018Q1,South Carolina,75.763563,75763.563,11.9285199374526,0.986138176660045,37.2806614267867,2018_M7.2_pinotepa,74.7133418740885,75.4833214773494,0.280241522650581,0.996301104230663,4.23722759579135,0.0559269842653961,0.03226509486856,0.0120141387315371,0.011647750665299,2451,298
2018-01-01,2018,1,2018Q1,South Dakota,7.179312,7179.312,9.57210602113437,0.495436777409828,37.2806614267867,2018_M7.2_pinotepa,3.55689520129971,7.02988794773076,0.149424052269237,0.979186856307507,0.205421424930353,0.0286129680574341,0.015013971684332,0.000760903008935804,0.0128380933641663,2451,298
2018-01-01,2018,1,2018Q1,Tennessee,111.477984,111477.984,12.3147295780512,0.692303813226134,37.2806614267867,2018_M7.2_pinotepa,77.1766334139619,110.982002773017,0.495981226982885,0.995550859378809,4.81208876417727,0.0431662700697679,0.0267744281864687,0.00989987603049004,0.00649196585280919,2451,298
2018-01-01,2018,1,2018Q1,Texas,1134.258728,1134258.728,14.6346370730094,0.133793211612323,37.2806614267867,2018_M7.2_pinotepa,151.756118018428,1130.07686542511,4.18186257488912,0.996313131676524,7.45390249132871,0.00657160690706954,0.00479707260249698,0.00124324283726484,0.000531291467307719,2451,298
2018-01-01,2018,1,2018Q1,Utah,54.330344,54330.344,11.595985351847,0.536858319933661,37.2806614267867,2018_M7.2_pinotepa,29.1676972012578,54.0984409993055,0.231903000694491,0.995731611773073,1.61402745418834,0.0297076612323372,0.0155434489766025,0.00962330557134174,0.004540906684393,2451,298
2018-01-01,2018,1,2018Q1,Vermont,6.880475,6880.475,9.52959015508265,0.49321032344007,37.2806614267867,2018_M7.2_pinotepa,3.39352130017132,6.88047499995117,4.88318774349983e-11,0.999999999992903,0.345855096765684,0.0502661657466503,0.0338614281730991,0.0163721390459866,3.25985275645595e-05,2451,298
2018-01-01,2018,1,2018Q1,Virginia,80.343102,80343.102,11.9872086986702,0.869069900240901,37.2806614267867,2018_M7.2_pinotepa,69.8237716401845,80.0868916689272,0.256210331072786,0.996811047561087,4.24471047331613,0.0528322950900767,0.0356534639814097,0.00790009908158186,0.00927873202708517,2451,298
2018-01-01,2018,1,2018Q1,Washington,146.026902,146026.902,12.5846933245623,0.896602690656265,37.2806614267867,2018_M7.2_pinotepa,130.928113241399,144.708099145211,1.3188028547894,0.990968767831633,9.54579254729307,0.0653700956231549,0.0454755319018521,0.0147362683059182,0.00515829541538462,2451,298
2018-01-01,2018,1,2018Q1,West Virginia,7.257748,7257.748,9.58297205216767,1.4077738982392,37.2806614267867,2018_M7.2_pinotepa,10.2172681943978,7.25774799993343,6.65747845738918e-11,0.999999999990827,0.650569566201043,0.0896379381319169,0.0532170727247389,0.00380415136910376,0.0326167140380742,2451,298
2018-01-01,2018,1,2018Q1,Wisconsin,76.34476,76344.76,11.9361618575912,0.67238723617398,37.2806614267867,2018_M7.2_pinotepa,51.3332421727658,75.9488490126071,0.395910987392854,0.994814169467651,3.18552501245814,0.0417255226482883,0.0280707728796834,0.00425836396657521,0.00939638580202975,2451,298
2018-01-01,2018,1,2018Q1,Wyoming,10.422132,10422.132,9.94483408376574,0.44422583757502,37.2806614267867,2018_M7.2_pinotepa,4.62978031701742,10.4174306296641,0.00470137033592381,0.999548905124602,0.232872170068732,0.0223440050527793,0.00586206033456827,0.005889456525376,0.010592488192835,2451,298
2018-04-01,2018,2,2018Q2,Alabama,77.165406,77165.406,11.9468537073758,0,0,"",0,76.9303203521222,0.235085647877821,0.996953483950077,0,0,0,0,0,2451,0
2018-04-01,2018,2,2018Q2,Alaska,10.275021,10275.021,9.93061826608587,0,0,"",0,10.2750209999268,7.31550891764164e-11,0.99999999999288,0,0,0,0,0,2451,0
2018-04-01,2018,2,2018Q2,Arizona,222.536058,222536.058,13.0059916064503,0,0,"",0,221.970207419061,0.565850580938843,0.997457263393518,0,0,0,0,0,2451,0
2018-04-01,2018,2,2018Q2,Arkansas,61.862848,61862.848,11.7258222652485,0,0,"",0,61.6195071145244,0.243340885475606,0.996066445478301,0,0,0,0,0,2451,0
2018-04-01,2018,2,2018Q2,California,2746.761318,2746761.318,15.5190802536207,0,0,"",0,2738.33293888152,8.42837911847922,0.996931521110609,0,0,0,0,0,2451,0
2018-04-01,2018,2,2018Q2,Colorado,234.650056,234650.056,13.0589977404403,0,0,"",0,234.082719419209,0.567336580790767,0.997582201383362,0,0,0,0,0,2451,0
2018-04-01,2018,2,2018Q2,Connecticut,23.710171,23710.171,10.7668065721849,0,0,"",0,23.6577447578408,0.0524262421592467,0.997788871191218,0,0,0,0,0,2451,0
2018-04-01,2018,2,2018Q2,Delaware,14.358573,14358.573,10.2652496461779,0,0,"",0,14.315139225702,0.0434337742980234,0.996975063309005,0,0,0,0,0,2451,0
2018-04-01,2018,2,2018Q2,District Of Columbia,4.928316,4928.316,9.19589981738713,0,0,"",0,4.92312831620395,0.00518768379604916,0.99894737192257,0,0,0,0,0,2451,0
2018-04-01,2018,2,2018Q2,Florida,362.035777,362035.777,13.492645497978,0,0,"",0,360.941947987213,1.09382901278686,0.996978671495257,0,0,0,0,0,2451,0
2018-04-01,2018,2,2018Q2,Georgia,338.108799,338108.799,13.4242701937642,0,0,"",0,336.606083209674,1.50271579032575,0.99555552592902,0,0,0,0,0,2451,0
2018-04-01,2018,2,2018Q2,Hawaii,9.759098,9759.098,9.87910244028843,0,0,"",0,9.74228786382913,0.0168101361708681,0.998277490791581,0,0,0,0,0,2451,0
2018-04-01,2018,2,2018Q2,Idaho,38.395939,38395.939,11.2488541585045,0,0,"",0,38.0079743400441,0.387964659955857,0.989895685063052,0,0,0,0,0,2451,0
2018-04-01,2018,2,2018Q2,Illinois,414.74915,414749.15,13.6285763391846,0,0,"",0,413.630041772454,1.11910822754565,0.997301722673704,0,0,0,0,0,2451,0
2018-04-01,2018,2,2018Q2,Indiana,99.598876,99598.876,12.2020533389536,0,0,"",0,99.3468368279437,0.2520391720563,0.997469457666808,0,0,0,0,0,2451,0
2018-04-01,2018,2,2018Q2,Iowa,43.504632,43504.632,11.3737698748585,0,0,"",0,43.4226255951275,0.0820064048725092,0.998114996010712,0,0,0,0,0,2451,0
2018-04-01,2018,2,2018Q2,Kansas,62.045387,62045.387,11.7287686252225,0,0,"",0,61.9220492599998,0.123337740000218,0.998012136824931,0,0,0,0,0,2451,0
2018-04-01,2018,2,2018Q2,Kentucky,53.098281,53098.281,11.5730470144733,0,0,"",0,52.918348573144,0.179932426855971,0.996611332354508,0,0,0,0,0,2451,0
2018-04-01,2018,2,2018Q2,Louisiana,123.854607,123854.607,12.4200108130256,0,0,"",0,123.44941946869,0.405187531309915,0.996728522732223,0,0,0,0,0,2451,0
2018-04-01,2018,2,2018Q2,Maine,2.171254,2171.254,8.37620739339997,0,0,"",0,2.17125399998225,1.77492876274586e-11,0.999999999991825,0,0,0,0,0,2451,0
2018-04-01,2018,2,2018Q2,Maryland,55.191882,55191.882,11.6117183368747,0,0,"",0,54.9474269717956,0.244455028204405,0.995570815501374,0,0,0,0,0,2451,0
2018-04-01,2018,2,2018Q2,Massachusetts,26.761809,26761.809,10.8878782937632,0,0,"",0,26.6206265184636,0.141182481536403,0.994724479143529,0,0,0,0,0,2451,0
2018-04-01,2018,2,2018Q2,Michigan,98.634035,98634.035,12.1923188441704,0,0,"",0,98.2461290597678,0.387905940232236,0.996067220202112,0,0,0,0,0,2451,0
2018-04-01,2018,2,2018Q2,Minnesota,181.931853,181931.853,12.8045346424426,0,0,"",0,181.305182156911,0.626670843089141,0.996555463857727,0,0,0,0,0,2451,0
2018-04-01,2018,2,2018Q2,Mississippi,38.649039,38649.039,11.2554243702682,0,0,"",0,38.3876106398637,0.261428360136338,0.993235838020802,0,0,0,0,0,2451,0
2018-04-01,2018,2,2018Q2,Missouri,65.673074,65673.074,11.785591468514,0,0,"",0,65.5452714199253,0.127802580074748,0.998053957698481,0,0,0,0,0,2451,0
2018-04-01,2018,2,2018Q2,Montana,6.540262,6540.262,9.47887969121537,0,0,"",0,6.54026199995254,4.74564402606956e-11,0.999999999992744,0,0,0,0,0,2451,0
2018-04-01,2018,2,2018Q2,Nebraska,46.666135,46666.135,11.443921200676,0,0,"",0,46.5130015796489,0.153133420351146,0.99671853217861,0,0,0,0,0,2451,0
2018-04-01,2018,2,2018Q2,Nevada,97.55933,97559.33,12.1813631653238,0,0,"",0,97.1088151991123,0.450514800887743,0.995382145399238,0,0,0,0,0,2451,0
2018-04-01,2018,2,2018Q2,New Hampshire,6.382495,6382.495,9.45446155242023,0,0,"",0,6.38249499995487,4.51325652392815e-11,0.999999999992929,0,0,0,0,0,2451,0
2018-04-01,2018,2,2018Q2,New Jersey,169.045295,169045.295,12.731069156315,0,0,"",0,168.553165748045,0.492129251955189,0.997088772852535,0,0,0,0,0,2451,0
2018-04-01,2018,2,2018Q2,New Mexico,54.359944,54359.944,11.5965300187399,0,0,"",0,54.2893236749616,0.0706203250384387,0.998700875684522,0,0,0,0,0,2451,0
2018-04-01,2018,2,2018Q2,New York,312.471313,312471.313,13.3454151261074,0,0,"",0,311.681433921015,0.789879078984844,0.997472154895112,0,0,0,0,0,2451,0
2018-04-01,2018,2,2018Q2,North Carolina,215.559184,215559.184,12.9741379671166,0,0,"",0,214.541369772148,1.01781422785201,0.995278260898167,0,0,0,0,0,2451,0
2018-04-01,2018,2,2018Q2,North Dakota,22.745435,22745.435,10.7252669259468,0,0,"",0,22.410778587746,0.334656412254002,0.985286875706971,0,0,0,0,0,2451,0
2018-04-01,2018,2,2018Q2,Ohio,75.742088,75742.088,11.9282364496751,0,0,"",0,75.5963948641719,0.145693135828148,0.998076457361089,0,0,0,0,0,2451,0
2018-04-01,2018,2,2018Q2,Oklahoma,76.754852,76754.852,11.9415190622947,0,0,"",0,76.628674298798,0.126177701202019,0.998356094788613,0,0,0,0,0,2451,0
2018-04-01,2018,2,2018Q2,Oregon,93.642043,93642.043,12.1403819195546,0,0,"",0,93.2432094145122,0.398833585487785,0.995740870524495,0,0,0,0,0,2451,0
2018-04-01,2018,2,2018Q2,Pennsylvania,80.861752,80861.752,11.9936433906371,0,0,"",0,80.6135165254002,0.248235474599801,0.996930124954505,0,0,0,0,0,2451,0
2018-04-01,2018,2,2018Q2,Rhode Island,5.965774,5965.774,9.38694127061395,0,0,"",0,5.89724793638113,0.0685260636188711,0.988513466380243,0,0,0,0,0,2451,0
2018-04-01,2018,2,2018Q2,South Carolina,99.330643,99330.643,12.1993565731453,0,0,"",0,98.9676461702636,0.362996829736368,0.996345570523123,0,0,0,0,0,2451,0
2018-04-01,2018,2,2018Q2,South Dakota,10.578358,10578.358,9.9597126776741,0,0,"",0,10.3700757854295,0.208282214570502,0.980310534529981,0,0,0,0,0,2451,0
2018-04-01,2018,2,2018Q2,Tennessee,148.991957,148991.957,12.6047947841761,0,0,"",0,148.333130043164,0.658826956835725,0.995578103878213,0,0,0,0,0,2451,0
2018-04-01,2018,2,2018Q2,Texas,1385.290434,1385290.434,14.8345675558187,0,0,"",0,1380.20544687047,5.08498712952946,0.996329298893051,0,0,0,0,0,2451,0
2018-04-01,2018,2,2018Q2,Utah,69.18264,69182.64,11.8376524236935,0,0,"",0,68.8827022473105,0.299937752689487,0.99566455179089,0,0,0,0,0,2451,0
2018-04-01,2018,2,2018Q2,Vermont,6.631749,6631.749,9.49277103553988,0,0,"",0,6.63174899995193,4.80717627332616e-11,0.999999999992751,0,0,0,0,0,2451,0
2018-04-01,2018,2,2018Q2,Virginia,113.885697,113885.697,12.3360977470634,0,0,"",0,113.513522352856,0.372174647143753,0.996732033460323,0,0,0,0,0,2451,0
2018-04-01,2018,2,2018Q2,Washington,206.433003,206433.003,12.9308783786288,0,0,"",0,204.59926642858,1.83373657142033,0.991117037756699,0,0,0,0,0,2451,0
2018-04-01,2018,2,2018Q2,West Virginia,7.765881,7765.881,9.65064237167577,0,0,"",0,7.76588099992715,7.28553488194669e-11,0.999999999990619,0,0,0,0,0,2451,0
2018-04-01,2018,2,2018Q2,Wisconsin,97.577255,97577.255,12.1815468827959,0,0,"",0,97.0519456940919,0.525309305908082,0.994616477929123,0,0,0,0,0,2451,0
2018-04-01,2018,2,2018Q2,Wyoming,13.631172,13631.172,10.2132616896932,0,0,"",0,13.6251396253932,0.00603237460678351,0.999557457377342,0,0,0,0,0,2451,0
2018-07-01,2018,3,2018Q3,Alabama,68.753175,68753.175,11.8314253768935,0,0,"",0,68.5414490492972,0.211725950702845,0.996920492025236,0,0,0,0,0,2451,0
2018-07-01,2018,3,2018Q3,Alaska,9.987727,9987.727,9.90225950129285,0,0,"",0,9.98772699992016,7.98339805350773e-11,0.999999999992007,0,0,0,0,0,2451,0
2018-07-01,2018,3,2018Q3,Arizona,212.163276,212163.276,12.9582586076024,0,0,"",0,211.616449457396,0.546826542604073,0.997422614540492,0,0,0,0,0,2451,0
2018-07-01,2018,3,2018Q3,Arkansas,53.259579,53259.579,11.5760801353659,0,0,"",0,53.045777729723,0.213801270276991,0.995985674797073,0,0,0,0,0,2451,0
2018-07-01,2018,3,2018Q3,California,2486.378865,2486378.865,15.419485119438,0,0,"",0,2478.51960885889,7.85925614110644,0.996839075391229,0,0,0,0,0,2451,0
2018-07-01,2018,3,2018Q3,Colorado,239.709441,239709.441,13.0803299869446,0,0,"",0,239.124511617961,0.584929382039204,0.997559840031335,0,0,0,0,0,2451,0
2018-07-01,2018,3,2018Q3,Connecticut,21.944536,21944.536,10.6894206392094,0,0,"",0,21.8957631397242,0.0487728602757742,0.997777448551395,0,0,0,0,0,2451,0
2018-07-01,2018,3,2018Q3,Delaware,13.531079,13531.079,10.205891648617,0,0,"",0,13.4904564889965,0.0406225110035104,0.99699783653591,0,0,0,0,0,2451,0
2018-07-01,2018,3,2018Q3,District Of Columbia,5.643459,5643.459,9.33139964278374,0,0,"",0,5.63740562451299,0.00605337548700881,0.998927364319115,0,0,0,0,0,2451,0
2018-07-01,2018,3,2018Q3,Florida,307.932848,307932.848,13.3307841927732,0,0,"",0,306.996226216879,0.936621783121391,0.996958357027499,0,0,0,0,0,2451,0
2018-07-01,2018,3,2018Q3,Georgia,303.169686,303169.686,13.3151951281036,0,0,"",0,301.815204395408,1.35448160459164,0.995532265700893,0,0,0,0,0,2451,0
2018-07-01,2018,3,2018Q3,Hawaii,9.042293,9042.293,9.80281525528243,0,0,"",0,9.02620818800897,0.0160848119910314,0.998221157842261,0,0,0,0,0,2451,0
2018-07-01,2018,3,2018Q3,Idaho,37.577114,37577.114,11.2272976545873,0,0,"",0,37.1834028455605,0.39371115443952,0.989522581365894,0,0,0,0,0,2451,0
2018-07-01,2018,3,2018Q3,Illinois,372.666426,372666.426,13.5215861787945,0,0,"",0,371.619527917737,1.0468980822631,0.997190790451665,0,0,0,0,0,2451,0
2018-07-01,2018,3,2018Q3,Indiana,92.393741,92393.741,12.1269616978294,0,0,"",0,92.1575491320968,0.236191867903269,0.997443637790321,0,0,0,0,0,2451,0
2018-07-01,2018,3,2018Q3,Iowa,41.426629,41426.629,11.3248263463069,0,0,"",0,41.3385788769755,0.0880501230245007,0.997874552548688,0,0,0,0,0,2451,0
2018-07-01,2018,3,2018Q3,Kansas,56.253468,56253.468,11.6307701521385,0,0,"",0,56.1385244052443,0.114943594755756,0.997956684292678,0,0,0,0,0,2451,0
2018-07-01,2018,3,2018Q3,Kentucky,55.640182,55640.182,11.6198080977008,0,0,"",0,55.4530343447246,0.187147655275393,0.996636465795971,0,0,0,0,0,2451,0
2018-07-01,2018,3,2018Q3,Louisiana,112.86594,112865.94,12.3271032022967,0,0,"",0,112.496501735722,0.369438264278338,0.996726751540116,0,0,0,0,0,2451,0
2018-07-01,2018,3,2018Q3,Maine,2.439036,2439.036,8.49250538083913,0,0,"",0,2.43903599997776,2.22371002178914e-11,0.999999999990883,0,0,0,0,0,2451,0
2018-07-01,2018,3,2018Q3,Maryland,50.901856,50901.856,11.5308018461845,0,0,"",0,50.650781889353,0.251074110647011,0.995067486131606,0,0,0,0,0,2451,0
2018-07-01,2018,3,2018Q3,Massachusetts,25.227034,25227.034,10.8288186572152,0,0,"",0,25.0965589560112,0.130475043988808,0.994827967331046,0,0,0,0,0,2451,0
2018-07-01,2018,3,2018Q3,Michigan,102.687514,102687.514,12.2325929916992,0,0,"",0,102.292683660487,0.394830339513005,0.996155030693284,0,0,0,0,0,2451,0
2018-07-01,2018,3,2018Q3,Minnesota,171.585992,171585.992,12.7459870115708,0,0,"",0,170.993448533767,0.592543466232658,0.996546667596078,0,0,0,0,0,2451,0
2018-07-01,2018,3,2018Q3,Mississippi,34.846878,34846.878,11.1518660090105,0,0,"",0,34.6258271521055,0.221050847894539,0.99365650926047,0,0,0,0,0,2451,0
2018-07-01,2018,3,2018Q3,Missouri,60.31727,60317.27,11.7005209236656,0,0,"",0,60.1982812053866,0.118988794613429,0.998027284812237,0,0,0,0,0,2451,0
2018-07-01,2018,3,2018Q3,Montana,6.204911,6204.911,9.42624354131758,0,0,"",0,6.20491099995161,4.83957137985332e-11,0.999999999992201,0,0,0,0,0,2451,0
2018-07-01,2018,3,2018Q3,Nebraska,43.269008,43269.008,11.368339087835,0,0,"",0,43.123549099091,0.145458900908982,0.996638265871291,0,0,0,0,0,2451,0
2018-07-01,2018,3,2018Q3,Nevada,89.177917,89177.917,12.0915359012451,0,0,"",0,88.7546262493252,0.423290750674801,0.995253412897334,0,0,0,0,0,2451,0
2018-07-01,2018,3,2018Q3,New Hampshire,6.005593,6005.593,9.39359366817078,0,0,"",0,6.00559299995401,4.5994710651056e-11,0.999999999992341,0,0,0,0,0,2451,0
2018-07-01,2018,3,2018Q3,New Jersey,148.337955,148337.955,12.6003956098696,0,0,"",0,147.892040709001,0.445914290999275,0.996993929901492,0,0,0,0,0,2451,0
2018-07-01,2018,3,2018Q3,New Mexico,51.510996,51510.996,11.5426977590781,0,0,"",0,51.4455989447497,0.0653970552502528,0.998730425339664,0,0,0,0,0,2451,0
2018-07-01,2018,3,2018Q3,New York,287.468949,287468.949,13.2620173104715,0,0,"",0,286.720174864133,0.748774135867264,0.997395286904996,0,0,0,0,0,2451,0
2018-07-01,2018,3,2018Q3,North Carolina,209.341634,209341.634,12.944869989428,0,0,"",0,208.355877704412,0.985756295587946,0.995291159829258,0,0,0,0,0,2451,0
2018-07-01,2018,3,2018Q3,North Dakota,21.797999,21797.999,10.6827206366596,0,0,"",0,21.4602120712751,0.337786928724897,0.984503764371909,0,0,0,0,0,2451,0
2018-07-01,2018,3,2018Q3,Ohio,72.632295,72632.295,11.8863121172213,0,0,"",0,72.4953984320196,0.136896567980418,0.998115210761543,0,0,0,0,0,2451,0
2018-07-01,2018,3,2018Q3,Oklahoma,70.408783,70408.783,11.8552204734975,0,0,"",0,70.2947257431815,0.114057256818537,0.998380070611098,0,0,0,0,0,2451,0
2018-07-01,2018,3,2018Q3,Oregon,93.052744,93052.744,12.1340689317462,0,0,"",0,92.650591274703,0.402152725296995,0.995678228196076,0,0,0,0,0,2451,0
2018-07-01,2018,3,2018Q3,Pennsylvania,75.570733,75570.733,11.9259715381877,0,0,"",0,75.3426176493503,0.228115350649665,0.996981432605005,0,0,0,0,0,2451,0
2018-07-01,2018,3,2018Q3,Rhode Island,5.534048,5534.048,9.31182202268606,0,0,"",0,5.47362728598796,0.0604207140120392,0.98908200398478,0,0,0,0,0,2451,0
2018-07-01,2018,3,2018Q3,South Carolina,89.368269,89368.269,12.0936681458634,0,0,"",0,89.045197081908,0.323071918091995,0.996384937050845,0,0,0,0,0,2451,0
2018-07-01,2018,3,2018Q3,South Dakota,10.631304,10631.304,9.9647053182682,0,0,"",0,10.4313666111936,0.199937388806416,0.981193521621956,0,0,0,0,0,2451,0
2018-07-01,2018,3,2018Q3,Tennessee,143.169152,143169.152,12.5649292718804,0,0,"",0,142.533019300247,0.636132699753065,0.995556775388646,0,0,0,0,0,2451,0
2018-07-01,2018,3,2018Q3,Texas,1249.198042,1249198.042,14.7311595175468,0,0,"",0,1244.5926436955,4.60539830449919,0.996313316103885,0,0,0,0,0,2451,0
2018-07-01,2018,3,2018Q3,Utah,63.702794,63702.794,11.7551308830723,0,0,"",0,63.4185445357241,0.284249464275947,0.995537880736033,0,0,0,0,0,2451,0
2018-07-01,2018,3,2018Q3,Vermont,6.229807,6229.807,9.43024781916991,0,0,"",0,6.22980699995577,4.42345846912712e-11,0.9999999999929,0,0,0,0,0,2451,0
2018-07-01,2018,3,2018Q3,Virginia,108.393063,108393.063,12.2866665520562,0,0,"",0,108.033526440373,0.35953655962671,0.996683029802131,0,0,0,0,0,2451,0
2018-07-01,2018,3,2018Q3,Washington,217.068573,217068.573,12.9811157677772,0,0,"",0,215.149808835901,1.918764164099,0.991160562132138,0,0,0,0,0,2451,0
2018-07-01,2018,3,2018Q3,West Virginia,7.936191,7936.191,9.67233590074468,0,0,"",0,7.93619099992095,7.90534604598367e-11,0.999999999990039,0,0,0,0,0,2451,0
2018-07-01,2018,3,2018Q3,Wisconsin,90.012926,90012.926,12.1008557418127,0,0,"",0,89.5032973173953,0.509628682604726,0.994338272232093,0,0,0,0,0,2451,0
2018-07-01,2018,3,2018Q3,Wyoming,13.169198,13169.198,10.1787830789089,0,0,"",0,13.1624953043904,0.00670269560958346,0.999491032361304,0,0,0,0,0,2451,0
2018-10-01,2018,4,2018Q4,Alabama,72.487999,72487.999,11.884323476714,0,0,"",0,72.2668102813403,0.221188718659754,0.996948616023188,0,0,0,0,0,2451,0
2018-10-01,2018,4,2018Q4,Alaska,10.035138,10035.138,9.90699519604681,0,0,"",0,10.0351379999262,7.38216219300402e-11,0.999999999992644,0,0,0,0,0,2451,0
2018-10-01,2018,4,2018Q4,Arizona,215.720905,215720.905,12.9748879252608,0,0,"",0,215.186125580718,0.534779419282204,0.997520966179508,0,0,0,0,0,2451,0
2018-10-01,2018,4,2018Q4,Arkansas,55.53419,55534.19,11.6179013267393,0,0,"",0,55.3130796783974,0.221110321602583,0.996018482999346,0,0,0,0,0,2451,0
2018-10-01,2018,4,2018Q4,California,2694.387666,2694387.666,15.4998287059371,0,0,"",0,2686.21777126521,8.16989473479158,0.996967810223493,0,0,0,0,0,2451,0
2018-10-01,2018,4,2018Q4,Colorado,237.996186,237996.186,13.0731571078795,0,0,"",0,237.417067469315,0.579118530684637,0.997566689868363,0,0,0,0,0,2451,0
2018-10-01,2018,4,2018Q4,Connecticut,22.599317,22599.317,10.7188221446142,0,0,"",0,22.5494871461796,0.0498298538203989,0.997795072575848,0,0,0,0,0,2451,0
2018-10-01,2018,4,2018Q4,Delaware,13.21167,13211.67,10.1820029908976,0,0,"",0,13.1733865779527,0.0382834220472794,0.997102302581939,0,0,0,0,0,2451,0
2018-10-01,2018,4,2018Q4,District Of Columbia,3.388361,3388.361,8.82124880496907,0,0,"",0,3.3846862203766,0.00367477962340478,0.998915469861858,0,0,0,0,0,2451,0
2018-10-01,2018,4,2018Q4,Florida,335.913575,335913.575,13.4177563691596,0,0,"",0,334.902438910539,1.01113608946093,0.996989892148714,0,0,0,0,0,2451,0
2018-10-01,2018,4,2018Q4,Georgia,317.725375,317725.375,13.362089868578,0,0,"",0,316.312241285037,1.41313371496306,0.995552342286281,0,0,0,0,0,2451,0
2018-10-01,2018,4,2018Q4,Hawaii,9.704719,9704.719,9.87351472425098,0,0,"",0,9.68778286786788,0.0169361321321197,0.998254856000249,0,0,0,0,0,2451,0
2018-10-01,2018,4,2018Q4,Idaho,38.981033,38981.033,11.2639776542045,0,0,"",0,38.6022246634387,0.378808336561309,0.990282239658418,0,0,0,0,0,2451,0
2018-10-01,2018,4,2018Q4,Illinois,404.145813,404145.813,13.602678195655,0,0,"",0,403.068679981055,1.07713301894479,0.997334791096933,0,0,0,0,0,2451,0
2018-10-01,2018,4,2018Q4,Indiana,95.35984,95359.84,12.1585599850329,0,0,"",0,95.1149955666808,0.2448444333192,0.997432415644582,0,0,0,0,0,2451,0
2018-10-01,2018,4,2018Q4,Iowa,42.235685,42235.685,11.3441679395061,0,0,"",0,42.1541566540416,0.0815283459583717,0.998069680982838,0,0,0,0,0,2451,0
2018-10-01,2018,4,2018Q4,Kansas,59.421718,59421.718,11.6855622420533,0,0,"",0,59.3013970137205,0.1203209862795,0.997975134507563,0,0,0,0,0,2451,0
2018-10-01,2018,4,2018Q4,Kentucky,58.175659,58175.659,11.6643694966301,0,0,"",0,57.9787563376455,0.196902662354474,0.996615377191439,0,0,0,0,0,2451,0
2018-10-01,2018,4,2018Q4,Louisiana,121.419866,121419.866,12.4001569656534,0,0,"",0,121.007887349441,0.411978650558899,0.996606991391681,0,0,0,0,0,2451,0
2018-10-01,2018,4,2018Q4,Maine,2.216695,2216.695,8.39691985829271,0,0,"",0,2.21669499998117,1.88269186941309e-11,0.999999999991507,0,0,0,0,0,2451,0
2018-10-01,2018,4,2018Q4,Maryland,52.81961,52819.61,11.5677849829066,0,0,"",0,52.5837577908459,0.235852209154058,0.995534760496072,0,0,0,0,0,2451,0
2018-10-01,2018,4,2018Q4,Massachusetts,26.633109,26633.109,10.8830576009344,0,0,"",0,26.4938439618742,0.139265038125843,0.994770980807166,0,0,0,0,0,2451,0
2018-10-01,2018,4,2018Q4,Michigan,100.392125,100392.125,12.2099862274933,0,0,"",0,100.006338305834,0.385786694166181,0.996157201631441,0,0,0,0,0,2451,0
2018-10-01,2018,4,2018Q4,Minnesota,174.969251,174969.251,12.7655127094638,0,0,"",0,174.373606590499,0.595644409501399,0.996595719498728,0,0,0,0,0,2451,0
2018-10-01,2018,4,2018Q4,Mississippi,37.116607,37116.607,11.2149669572137,0,0,"",0,36.8725255146357,0.244081485364275,0.993423927856221,0,0,0,0,0,2451,0
2018-10-01,2018,4,2018Q4,Missouri,62.375092,62375.092,11.7340684886268,0,0,"",0,62.2551269510078,0.119965048992206,0.998076715478156,0,0,0,0,0,2451,0
2018-10-01,2018,4,2018Q4,Montana,6.369041,6369.041,9.45235137450489,0,0,"",0,6.36904099995203,4.79743367486509e-11,0.999999999992468,0,0,0,0,0,2451,0
2018-10-01,2018,4,2018Q4,Nebraska,45.876829,45876.829,11.4268626344507,0,0,"",0,45.7270675979189,0.14976140208108,0.99673557642615,0,0,0,0,0,2451,0
2018-10-01,2018,4,2018Q4,Nevada,92.102602,92102.602,12.1238056543338,0,0,"",0,91.6882307298945,0.414371270105526,0.995500981936368,0,0,0,0,0,2451,0
2018-10-01,2018,4,2018Q4,New Hampshire,6.437975,6437.975,9.46311651524934,0,0,"",0,6.43797499995187,4.81267906407572e-11,0.999999999992525,0,0,0,0,0,2451,0
2018-10-01,2018,4,2018Q4,New Jersey,143.531702,143531.702,12.5674583902153,0,0,"",0,143.09910668575,0.432595314249603,0.996986064345216,0,0,0,0,0,2451,0
2018-10-01,2018,4,2018Q4,New Mexico,54.027465,54027.465,11.5903949880043,0,0,"",0,53.9564578330092,0.0710071669907859,0.998685720920077,0,0,0,0,0,2451,0
2018-10-01,2018,4,2018Q4,New York,308.444058,308444.058,13.3324429509526,0,0,"",0,307.658482741779,0.785575258220717,0.997453102960341,0,0,0,0,0,2451,0
2018-10-01,2018,4,2018Q4,North Carolina,205.512771,205512.771,12.9264106375387,0,0,"",0,204.549751237759,0.963019762240782,0.995314063658648,0,0,0,0,0,2451,0
2018-10-01,2018,4,2018Q4,North Dakota,23.089284,23089.284,10.7402710738018,0,0,"",0,22.7351746900891,0.354109309910915,0.984663478091789,0,0,0,0,0,2451,0
2018-10-01,2018,4,2018Q4,Ohio,73.684098,73684.098,11.900689468881,0,0,"",0,73.5458929624686,0.138205037531431,0.998124357340556,0,0,0,0,0,2451,0
2018-10-01,2018,4,2018Q4,Oklahoma,72.927745,72927.745,11.8903716160469,0,0,"",0,72.8078412129333,0.119903787066739,0.99835585500324,0,0,0,0,0,2451,0
2018-10-01,2018,4,2018Q4,Oregon,98.50284,98502.84,12.1909878398176,0,0,"",0,98.0952645265835,0.407575473416496,0.99586229723512,0,0,0,0,0,2451,0
2018-10-01,2018,4,2018Q4,Pennsylvania,79.799403,79799.403,11.9804184828061,0,0,"",0,79.5521275035149,0.247275496485088,0.99690128638575,0,0,0,0,0,2451,0
2018-10-01,2018,4,2018Q4,Rhode Island,5.788506,5788.506,9.35677669420433,0,0,"",0,5.72505685582546,0.0634491441745406,0.989038770250123,0,0,0,0,0,2451,0
2018-10-01,2018,4,2018Q4,South Carolina,90.088859,90088.859,12.1016989650434,0,0,"",0,89.7594123464068,0.329446653593147,0.996343092173105,0,0,0,0,0,2451,0
2018-10-01,2018,4,2018Q4,South Dakota,11.240993,11240.993,10.0204696472796,0,0,"",0,11.0246010597025,0.216391940297539,0.980749748683454,0,0,0,0,0,2451,0
2018-10-01,2018,4,2018Q4,Tennessee,143.840054,143840.054,12.5696044056945,0,0,"",0,143.206032351888,0.63402164811209,0.995592175958777,0,0,0,0,0,2451,0
2018-10-01,2018,4,2018Q4,Texas,1325.092604,1325092.604,14.7901400853317,0,0,"",0,1320.12287109262,4.96973290737557,0.996249520303431,0,0,0,0,0,2451,0
2018-10-01,2018,4,2018Q4,Utah,69.10553,69105.53,11.8365372161095,0,0,"",0,68.8124689263896,0.293061073610365,0.995759223992489,0,0,0,0,0,2451,0
2018-10-01,2018,4,2018Q4,Vermont,6.584625,6584.625,9.48563985127359,0,0,"",0,6.58462499995368,4.6323905506008e-11,0.999999999992965,0,0,0,0,0,2451,0
2018-10-01,2018,4,2018Q4,Virginia,109.901109,109901.109,12.3004834119133,0,0,"",0,109.543039439756,0.358069560243528,0.996741893111893,0,0,0,0,0,2451,0
2018-10-01,2018,4,2018Q4,Washington,197.870872,197870.872,12.888517115877,0,0,"",0,196.159603477529,1.71126852247054,0.991351589523138,0,0,0,0,0,2451,0
2018-10-01,2018,4,2018Q4,West Virginia,8.12695,8126.95,9.69608816274766,0,0,"",0,8.12694999992192,7.80832610879432e-11,0.999999999990392,0,0,0,0,0,2451,0
2018-10-01,2018,4,2018Q4,Wisconsin,96.121079,96121.079,12.1665110959258,0,0,"",0,95.5729124662363,0.548166533763679,0.994297124632114,0,0,0,0,0,2451,0
2018-10-01,2018,4,2018Q4,Wyoming,12.900471,12900.471,10.1581662833733,0,0,"",0,12.894654102151,0.0058168978490489,0.999549094149427,0,0,0,0,0,2451,0
2019-01-01,2019,1,2019Q1,Alabama,68.124893,68124.893,11.8222451419359,0.348464516427952,15.4762113299455,2019_M6.7_puerto_madero,23.739107895951,67.9710143189441,0.15387868105593,0.997741226822097,1.71308354045108,0.0251462199060053,0.00809507428015139,0.0170511456258539,0,2451,25
2019-01-01,2019,1,2019Q1,Alaska,10.132788,10132.788,9.91667896448346,1.59871862844037e-10,15.4762113299455,2019_M6.7_puerto_madero,1.6199476933637e-09,10.1327879999315,6.85318497210833e-11,0.999999999993237,9.28394574865417e-11,9.16228164317083e-12,4.10070408052695e-12,5.06157756264388e-12,0,2451,25
2019-01-01,2019,1,2019Q1,Arizona,209.526865,209526.865,12.9457544245789,0.0595192411858971,15.4762113299455,2019_M6.7_puerto_madero,12.4708800128599,208.99732384817,0.529541151830115,0.997472681358402,0.67693321746924,0.0032307705146509,0.001149143465603,0.0020816270490479,0,2451,25
2019-01-01,2019,1,2019Q1,Arkansas,50.131746,50131.746,11.5155569197539,0.0653638113759155,15.4762113299455,2019_M6.7_puerto_madero,3.27680198948931,49.9554956674418,0.176250332558252,0.996484257050248,0.236940551357828,0.00472635745337551,0.00214265488854928,0.00258370256482623,0,2451,25
2019-01-01,2019,1,2019Q1,California,2406.021833,2406021.833,15.3866324304329,0.0526393618947852,15.4762113299455,2019_M6.7_puerto_madero,126.651453994041,2398.00858032538,8.01325267462021,0.996669501263574,9.08698321610404,0.00377676673231753,0.00104567256460026,0.00273109416771726,0,2451,25
2019-01-01,2019,1,2019Q1,Colorado,210.513121,210513.121,12.9504504432691,0.03666913947181,15.4762113299455,2019_M6.7_puerto_madero,7.71933499459502,209.98119606244,0.53192493756012,0.997473198178653,0.553619407865924,0.00262985701430897,0.00143312417419141,0.00119673284011757,0,2451,25
2019-01-01,2019,1,2019Q1,Connecticut,19.993498,19993.498,10.596309580865,0.220810217044454,15.4762113299455,2019_M6.7_puerto_madero,4.41476863285785,19.9294492197507,0.0640487802492658,0.996796519536038,0.36723140392527,0.0183675414839999,0.00740822915571395,0.010959312328286,0,2451,25
2019-01-01,2019,1,2019Q1,Delaware,11.491626,11491.626,10.042521057644,0.205426374598194,15.4762113299455,2019_M6.7_puerto_madero,2.36068306741835,11.4255641232011,0.0660618767989228,0.994251302922761,0.17532435222622,0.0152567053806154,0.00370705171189264,0.0115496536687228,0,2451,25
2019-01-01,2019,1,2019Q1,District Of Columbia,3.199938,3199.938,8.76403391857507,0.485947685617901,15.4762113299455,2019_M6.7_puerto_madero,1.55500246522077,3.19993799996371,3.62877852982701e-11,0.99999999998866,0.115887371146501,0.036215505158694,1.48297116159837e-05,0.036200675447078,0,2451,25
2019-01-01,2019,1,2019Q1,Florida,326.313094,326313.094,13.3887597910545,0.51313695367282,15.4762113299455,2019_M6.7_puerto_madero,167.443306998713,325.246356407041,1.06673759295931,0.996730938437428,10.7783643141129,0.0330307441297864,0.0165078532218318,0.0165228909079546,0,2451,25
2019-01-01,2019,1,2019Q1,Georgia,288.866091,288866.091,13.2668656873352,0.201916959863463,15.4762113299455,2019_M6.7_puerto_madero,58.3269629023625,287.69415198985,1.1719390101496,0.995942967877979,4.01424701484349,0.0138965670942786,0.00580101777494529,0.00809554931933332,0,2451,25
2019-01-01,2019,1,2019Q1,Hawaii,8.848335,8848.335,9.78113176846211,0.288075685764623,15.4762113299455,2019_M6.7_puerto_madero,2.54899017300011,8.84833499992532,7.46791291500127e-11,0.99999999999156,0.270708932379904,0.03059433581345,0.0280658177626492,0.00252851805080084,0,2451,25
2019-01-01,2019,1,2019Q1,Idaho,27.050607,27050.607,10.8986119048505,0.0405023087023064,15.4762113299455,2019_M6.7_puerto_madero,1.09561203529877,26.8061086504737,0.244498349526289,0.990961446834583,0.0483305798141672,0.00178667265448673,0.0011910477606835,0.000595624893803225,0,2451,25
2019-01-01,2019,1,2019Q1,Illinois,370.705084,370705.084,13.5163092842006,0.0306928787549749,15.4762113299455,2019_M6.7_puerto_madero,11.3780061970648,369.66604550049,1.03903849951019,0.997197129080889,0.782955409970185,0.00211207087186909,0.000485731533105522,0.00162633933876357,0,2451,25
2019-01-01,2019,1,2019Q1,Indiana,82.436842,82436.842,12.0129349082202,0.119085162622872,15.4762113299455,2019_M6.7_puerto_madero,9.81700473568599,82.2255269230558,0.211315076944242,0.997436642745919,0.697674061305022,0.00846313425379664,0.00461935636315746,0.00384377789063918,0,2451,25
2019-01-01,2019,1,2019Q1,Iowa,35.774371,35774.371,11.178134202915,0.0556301456353042,15.4762113299455,2019_M6.7_puerto_madero,1.9901334687414,35.7697958705468,0.00457512945325968,0.99987211153333,0.133384358095408,0.00372848926108046,0.00195799297349099,0.00177049628758947,0,2451,25
2019-01-01,2019,1,2019Q1,Kansas,53.278371,53278.371,11.5764329110706,0.0597837571745245,15.4762113299455,2019_M6.7_puerto_madero,3.18518119451823,53.1457610838569,0.132609916143134,0.997510999047941,0.252263814958486,0.0047348259757883,0.00113267973687855,0.00360214623890974,0,2451,25
2019-01-01,2019,1,2019Q1,Kentucky,42.379313,42379.313,11.3475628019134,0.488166893955174,15.4762113299455,2019_M6.7_puerto_madero,20.6881775951641,42.2423487286465,0.136964271353496,0.996768133750694,1.34969324296206,0.0318479264390637,0.0172608997557593,0.0145870266833044,0,2451,25
2019-01-01,2019,1,2019Q1,Louisiana,107.805294,107805.294,12.2812292262946,0.150589845836864,15.4762113299455,2019_M6.7_puerto_madero,16.2343826038578,107.289614086706,0.515679913294058,0.995216562246989,1.29596660791575,0.0120213633285556,0.00558634158203558,0.00643502174652002,0,2451,25
2019-01-01,2019,1,2019Q1,Maine,1.950612,1950.612,8.26904569473715,1.80708068742368,15.4762113299455,2019_M6.7_puerto_madero,3.52491327385687,1.95061199997881,2.11871448593494e-11,0.999999999989138,0.192440091412501,0.0986562634765401,0.0536155697743748,0.0450406937021652,0,2451,25
2019-01-01,2019,1,2019Q1,Maryland,45.14248,45142.48,11.4107261697311,0.229889921783654,15.4762113299455,2019_M6.7_puerto_madero,10.3778011963201,44.9570648000252,0.185415199974791,0.995892666951953,0.696663706696178,0.0154325528126983,0.00668685805738522,0.00874569475531312,0,2451,25
2019-01-01,2019,1,2019Q1,Massachusetts,24.228342,24228.342,10.788425564886,0.60638819441982,15.4762113299455,2019_M6.7_puerto_madero,14.6917805591659,24.0643567920032,0.163985207996809,0.993231678502936,0.990649527838617,0.0408880445817802,0.00943159540525462,0.0314564491765256,0,2451,25
2019-01-01,2019,1,2019Q1,Michigan,84.904459,84904.459,12.0424290721274,0.162136552072179,15.4762113299455,2019_M6.7_puerto_madero,13.7661162378137,84.6086218465228,0.295837153477209,0.996515646445881,0.965204470520219,0.0113681246178156,0.00417111251102248,0.00719701210679316,0,2451,25
2019-01-01,2019,1,2019Q1,Minnesota,153.658991,153658.991,12.6356382625252,0.0864939383367741,15.4762113299455,2019_M6.7_puerto_madero,13.2905712924449,152.957274982847,0.70171601715276,0.995433290218906,1.10736557554876,0.00720664354452753,0.0024020915286538,0.00480455201587373,0,2451,25
2019-01-01,2019,1,2019Q1,Mississippi,31.755153,31755.153,11.0589574711722,0.316741374347862,15.4762113299455,2019_M6.7_puerto_madero,10.0581708038466,31.3963085807118,0.358844419288202,0.988699647604022,0.699952071748226,0.0220421571185069,0.0107775641839099,0.011264592934597,0,2451,25
2019-01-01,2019,1,2019Q1,Missouri,52.917161,52917.161,11.5696301504247,0.0949669502993408,15.4762113299455,2019_M6.7_puerto_madero,5.02538139866922,52.7919304125065,0.1252305874935,0.997633459824243,0.279070189927272,0.00527371810304169,0.00114555935402403,0.00412815874901766,0,2451,25
2019-01-01,2019,1,2019Q1,Montana,5.799348,5799.348,9.35864796441575,0.342370927363712,15.4762113299455,2019_M6.7_puerto_madero,1.98552815286489,5.79934799995341,4.65945672352669e-11,0.999999999991966,0.294069953048853,0.0507074162559055,0.0364776131623426,0.014229803093563,0,2451,25
2019-01-01,2019,1,2019Q1,Nebraska,40.837615,40837.615,11.3105060526544,0.0341601212763602,15.4762113299455,2019_M6.7_puerto_madero,1.39501788103731,40.6857191617239,0.15189583827605,0.996280491936758,0.0942213578208091,0.00230721989569688,0.000563736003001684,0.00174348389269519,0,2451,25
2019-01-01,2019,1,2019Q1,Nevada,84.592661,84592.661,12.0387499730173,0.035523946839377,15.4762113299455,2019_M6.7_puerto_madero,3.00506519236544,84.329021685418,0.263639314582024,0.99688342568415,0.229316065168593,0.00271082694949852,0.00110800510752868,0.00160282184196984,0,2451,25
2019-01-01,2019,1,2019Q1,New Hampshire,5.689315,5689.315,9.33949232151364,0.468350803418336,15.4762113299455,2019_M6.7_puerto_madero,2.66459525114999,5.68931499995861,4.13905682870683e-11,0.999999999992725,0.074496834526961,0.0130941659104762,4.41099273131352e-12,0.0130941659060652,0,2451,25
2019-01-01,2019,1,2019Q1,New Jersey,128.396851,128396.851,12.4560283255902,0.22208137952784,15.4762113299455,2019_M6.7_puerto_madero,28.5145497971106,128.062028970912,0.334822029087807,0.997392287844444,2.02393866655672,0.015763148790594,0.00575651570473626,0.0100066330858577,0,2451,25
2019-01-01,2019,1,2019Q1,New Mexico,51.823904,51823.904,11.5487539696388,0.0475994163285877,15.4762113299455,2019_M6.7_puerto_madero,2.46678758226876,51.7759359267339,0.0479680732660846,0.999074402552419,0.200325590541179,0.00386550558871789,0.000972620750568307,0.00289288483814958,0,2451,25
2019-01-01,2019,1,2019Q1,New York,277.852676,277852.676,13.2279934903208,0.0537042281513994,15.4762113299455,2019_M6.7_puerto_madero,14.9218635043808,277.293534788056,0.559141211944369,0.997987634238425,1.14689525855573,0.00412770996150394,0.00163274224148225,0.00249496772002169,0,2451,25
2019-01-01,2019,1,2019Q1,North Carolina,178.095172,178095.172,12.7832205411121,0.187218672012044,15.4762113299455,2019_M6.7_puerto_madero,33.3427415935965,177.417650201954,0.677521798046131,0.996195731807676,2.821600527416,0.0158432173973588,0.00789651447846812,0.00794670291889065,0,2451,25
2019-01-01,2019,1,2019Q1,North Dakota,21.313242,21313.242,10.6602310297794,0.0942620876701521,15.4762113299455,2019_M6.7_puerto_madero,2.00903068593917,21.3132419998662,1.33785498711191e-10,0.999999999993723,1.81237967025021e-10,8.50353817711172e-12,3.80587446007946e-12,4.69766371703226e-12,0,2451,25
2019-01-01,2019,1,2019Q1,Ohio,62.782269,62782.269,11.7405751524497,0.302595597546148,15.4762113299455,2019_M6.7_puerto_madero,18.997638203358,62.6005992161303,0.181669783869665,0.997106352051888,1.26308337891567,0.020118472922915,0.0123759273207264,0.00774254560218863,0,2451,25
2019-01-01,2019,1,2019Q1,Oklahoma,65.967176,65967.176,11.7900597445814,0.0755155502031448,15.4762113299455,2019_M6.7_puerto_madero,4.98154759098769,65.8410952680651,0.126080731934854,0.998088735344153,0.397833815195818,0.00603078438882723,0.000889338343595504,0.00514144604523172,0,2451,25
2019-01-01,2019,1,2019Q1,Oregon,76.556865,76556.865,11.9389362576152,0.0601216858215229,15.4762113299455,2019_M6.7_puerto_madero,4.60272778501074,76.2847069303786,0.27215806962145,0.996445020709489,0.303140090087023,0.00395967220035751,0.000949862865399153,0.00300980933495835,0,2451,25
2019-01-01,2019,1,2019Q1,Pennsylvania,69.557927,69557.927,11.8430623470256,0.185901970807766,15.4762113299455,2019_M6.7_puerto_madero,12.9309557146027,69.4188602234243,0.139066776575757,0.998000705561916,1.12332565184784,0.0161494987026832,0.00900423407483078,0.00714526462785247,0,2451,25
2019-01-01,2019,1,2019Q1,Rhode Island,5.189933,5189.933,9.24762325647678,0.111540921267211,15.4762113299455,2019_M6.7_puerto_madero,0.578889908135102,5.04521171307031,0.14472128692969,0.972114998993303,0.00200183658802554,0.000385715304614826,0.000268141511852008,0.000117573792762818,0,2451,25
2019-01-01,2019,1,2019Q1,South Carolina,82.983482,82983.482,12.0195440355213,0.409336305424036,15.4762113299455,2019_M6.7_puerto_madero,33.968151933102,82.4849001849126,0.498581815087359,0.993991794474383,2.79030966966845,0.0336248805475341,0.0183437427979127,0.0152811377496214,0,2451,25
2019-01-01,2019,1,2019Q1,South Dakota,9.456781,9456.781,9.84763451265327,0.0243822631904487,15.4762113299455,2019_M6.7_puerto_madero,0.230577723276435,9.37067714775703,0.0861038522429725,0.990895014673283,0.012252735711373,0.00129565607064106,0.00129565606621929,4.42176274576136e-12,0,2451,25
2019-01-01,2019,1,2019Q1,Tennessee,127.464057,127464.057,12.4487368785307,0.349320555021772,15.4762113299455,2019_M6.7_puerto_madero,44.5258151365668,126.99104025149,0.473016748509639,0.996289018570077,3.38676427808689,0.0265703474202684,0.0122053721232858,0.0143649752969825,0,2451,25
2019-01-01,2019,1,2019Q1,Texas,1223.160694,1223160.694,14.7100959798933,0.0357737831130649,15.4762113299455,2019_M6.7_puerto_madero,43.7570853795819,1218.42651488574,4.73417911425814,0.996129552611132,3.15040144624351,0.0025756235151254,0.000626686795217821,0.00194893671990758,0,2451,25
2019-01-01,2019,1,2019Q1,Utah,59.382006,59382.006,11.6848937107963,0.0858464941257955,15.4762113299455,2019_M6.7_puerto_madero,5.09773702925695,59.1247066580771,0.25729934192287,0.995667048669207,0.443260884807878,0.00746456569365269,0.00409100989739451,0.00337355579625818,0,2451,25
2019-01-01,2019,1,2019Q1,Vermont,6.050892,6050.892,9.40110816556157,0.793543430235302,15.4762113299455,2019_M6.7_puerto_madero,4.80164559366335,6.05089199996091,3.90881543670211e-11,0.99999999999354,0.0505535128563984,0.00835472073479387,0.00835472072995941,4.8344621239744e-12,0,2451,25
2019-01-01,2019,1,2019Q1,Virginia,96.433057,96433.057,12.1697515173413,0.234793542629886,15.4762113299455,2019_M6.7_puerto_madero,22.6418590796597,96.1855686166522,0.247488383347815,0.99743357318489,1.7648091745666,0.0183008734708742,0.00812785149339059,0.0101730219774836,0,2451,25
2019-01-01,2019,1,2019Q1,Washington,148.49881,148498.81,12.6014794042961,0.11328030206097,15.4762113299455,2019_M6.7_puerto_madero,16.8219900524945,147.165726493282,1.33308350671794,0.991022934751343,1.04977294924086,0.00706923475845271,0.00214831902091065,0.00492091573754206,0,2451,25
2019-01-01,2019,1,2019Q1,West Virginia,7.042959,7042.959,9.55293085894547,0.0329056486995435,15.4762113299455,2019_M6.7_puerto_madero,0.231753134659288,7.04295899993605,6.3954111679469e-11,0.999999999990919,8.66380384670834e-11,1.23013691357686e-11,5.50564549046726e-12,6.7957236453013e-12,0,2451,25
2019-01-01,2019,1,2019Q1,Wisconsin,86.342647,86342.647,12.0592261070973,0.0546166086620451,15.4762113299455,2019_M6.7_puerto_madero,4.7157425620441,85.9517507487096,0.390896251290398,0.995472732596553,0.303782695356722,0.003518338919546,0.00109249314683379,0.00242584577271221,0,2451,25
2019-01-01,2019,1,2019Q1,Wyoming,11.801486,11801.486,10.0691279170833,0.136644340381913,15.4762113299455,2019_M6.7_puerto_madero,1.61260626999638,11.7946341889362,0.00685181106381733,0.999419411160271,0.109909486235541,0.00931319040971123,0.00137314576354528,0.00794004464616595,0,2451,25
2019-04-01,2019,2,2019Q2,Alabama,81.209295,81209.295,11.9979321706397,0,0,"",0,81.0191189321467,0.190176067853307,0.997658198265934,0,0,0,0,0,2451,0
2019-04-01,2019,2,2019Q2,Alaska,11.657902,11657.902,10.056886694725,0,0,"",0,11.6579019999114,8.86264858284449e-11,0.999999999992398,0,0,0,0,0,2451,0
2019-04-01,2019,2,2019Q2,Arizona,244.739707,244739.707,13.1010976849142,0,0,"",0,244.075825879379,0.663881120621454,0.99728739921789,0,0,0,0,0,2451,0
2019-04-01,2019,2,2019Q2,Arkansas,60.488789,60488.789,11.7033605016908,0,0,"",0,60.2621149631716,0.22667403682838,0.996252627295475,0,0,0,0,0,2451,0
2019-04-01,2019,2,2019Q2,California,2827.298892,2827298.892,15.5479795392734,0,0,"",0,2817.43283455054,9.86605744946125,0.996510429980581,0,0,0,0,0,2451,0
2019-04-01,2019,2,2019Q2,Colorado,277.903324,277903.324,13.2281757573593,0,0,"",0,277.172680097174,0.730643902825587,0.997370870228146,0,0,0,0,0,2451,0
2019-04-01,2019,2,2019Q2,Connecticut,24.074354,24074.354,10.7820495844835,0,0,"",0,23.9938553800522,0.0804986199477607,0.996656250051496,0,0,0,0,0,2451,0
2019-04-01,2019,2,2019Q2,Delaware,14.894837,14894.837,10.3019171035048,0,0,"",0,14.8054585473747,0.0893784526252847,0.993999366852737,0,0,0,0,0,2451,0
2019-04-01,2019,2,2019Q2,District Of Columbia,3.745505,3745.505,8.92145893170272,0,0,"",0,3.74550499995268,4.73170892951666e-11,0.999999999987367,0,0,0,0,0,2451,0
2019-04-01,2019,2,2019Q2,Florida,373.142942,373142.942,13.5228640282968,0,0,"",0,371.83137706028,1.31156493972032,0.996485087101767,0,0,0,0,0,2451,0
2019-04-01,2019,2,2019Q2,Georgia,358.683849,358683.849,13.483343816584,0,0,"",0,357.151608919152,1.53224008084811,0.995728159812269,0,0,0,0,0,2451,0
2019-04-01,2019,2,2019Q2,Hawaii,10.381283,10381.283,9.94090693504418,0,0,"",0,10.3812829999009,9.90503396794768e-11,0.999999999990459,0,0,0,0,0,2451,0
2019-04-01,2019,2,2019Q2,Idaho,41.155361,41155.361,11.3182566577925,0,0,"",0,40.7341837936424,0.421177206357609,0.989766164209868,0,0,0,0,0,2451,0
2019-04-01,2019,2,2019Q2,Illinois,419.184247,419184.247,13.6392130131229,0,0,"",0,417.946226273936,1.2380207260641,0.997046595298072,0,0,0,0,0,2451,0
2019-04-01,2019,2,2019Q2,Indiana,99.837331,99837.331,12.2044446310585,0,0,"",0,99.5611183540472,0.276212645952837,0.997233373096153,0,0,0,0,0,2451,0
2019-04-01,2019,2,2019Q2,Iowa,43.549568,43549.568,11.3748022432906,0,0,"",0,43.5431207710868,0.00644722891315992,0.999851956535753,0,0,0,0,0,2451,0
2019-04-01,2019,2,2019Q2,Kansas,64.705402,64705.402,11.7707471506681,0,0,"",0,64.5351171613541,0.170284838645882,0.997368305684186,0,0,0,0,0,2451,0
2019-04-01,2019,2,2019Q2,Kentucky,55.453055,55453.055,11.616439266582,0,0,"",0,55.2605441203434,0.192510879656568,0.996528399027672,0,0,0,0,0,2451,0
2019-04-01,2019,2,2019Q2,Louisiana,130.320546,130320.546,12.4708996135287,0,0,"",0,129.662013931999,0.658532068001249,0.994946828506986,0,0,0,0,0,2451,0
2019-04-01,2019,2,2019Q2,Maine,2.37522,2375.22,8.46599256863071,0,0,"",0,2.37521999997158,2.84187768551782e-11,0.999999999988035,0,0,0,0,0,2451,0
2019-04-01,2019,2,2019Q2,Maryland,56.790167,56790.167,11.6402656541632,0,0,"",0,56.5321020409276,0.258064959072401,0.995455816161407,0,0,0,0,0,2451,0
2019-04-01,2019,2,2019Q2,Massachusetts,29.263413,29263.413,10.9772404925061,0,0,"",0,29.0408051002458,0.222607899754174,0.992392961827311,0,0,0,0,0,2451,0
2019-04-01,2019,2,2019Q2,Michigan,106.141437,106141.437,12.2656749755948,0,0,"",0,105.758304719528,0.383132280471613,0.996390360906159,0,0,0,0,0,2451,0
2019-04-01,2019,2,2019Q2,Minnesota,181.478665,181478.665,12.8020405581359,0,0,"",0,180.607068397068,0.871596602931959,0.995197250305252,0,0,0,0,0,2451,0
2019-04-01,2019,2,2019Q2,Mississippi,40.378768,40378.768,11.2992065619611,0,0,"",0,39.8919210789859,0.486846921014127,0.987942997146071,0,0,0,0,0,2451,0
2019-04-01,2019,2,2019Q2,Missouri,67.47672,67476.72,11.8126851090987,0,0,"",0,67.2994550488943,0.177264951105671,0.997372946534662,0,0,0,0,0,2451,0
2019-04-01,2019,2,2019Q2,Montana,7.415914,7415.914,9.60453069573619,0,0,"",0,7.41591399993357,6.6434225220325e-11,0.999999999991042,0,0,0,0,0,2451,0
2019-04-01,2019,2,2019Q2,Nebraska,49.915774,49915.774,11.5112395246714,0,0,"",0,49.7256820786081,0.190091921391954,0.996191746492963,0,0,0,0,0,2451,0
2019-04-01,2019,2,2019Q2,Nevada,100.091321,100091.321,12.2069854388326,0,0,"",0,99.7604968644064,0.330824135593651,0.996694777006753,0,0,0,0,0,2451,0
2019-04-01,2019,2,2019Q2,New Hampshire,7.159287,7159.287,9.56931285942807,0,0,"",0,7.1592869999431,5.68961015045527e-11,0.999999999992053,0,0,0,0,0,2451,0
2019-04-01,2019,2,2019Q2,New Jersey,156.322215,156322.215,12.6528218173984,0,0,"",0,155.87303266056,0.449182339439874,0.997126561062099,0,0,0,0,0,2451,0
2019-04-01,2019,2,2019Q2,New Mexico,61.920261,61920.261,11.7267499039962,0,0,"",0,61.8616791956609,0.0585818043391019,0.999053915416489,0,0,0,0,0,2451,0
2019-04-01,2019,2,2019Q2,New York,327.78112,327781.12,13.3932485281002,0,0,"",0,327.04137090544,0.739749094559886,0.997743161367684,0,0,0,0,0,2451,0
2019-04-01,2019,2,2019Q2,North Carolina,230.955711,230955.711,13.0431284244138,0,0,"",0,230.034186482022,0.921524517978258,0.996009951371247,0,0,0,0,0,2451,0
2019-04-01,2019,2,2019Q2,North Dakota,24.704258,24704.258,10.8078780773924,0,0,"",0,24.7042579998275,1.72472735720777e-10,0.999999999993019,0,0,0,0,0,2451,0
2019-04-01,2019,2,2019Q2,Ohio,82.872433,82872.433,12.0182049332458,0,0,"",0,82.6096268244882,0.262806175511814,0.996828786533734,0,0,0,0,0,2451,0
2019-04-01,2019,2,2019Q2,Oklahoma,78.050264,78050.264,11.958255488986,0,0,"",0,77.8888442156412,0.161419784358829,0.997931848323296,0,0,0,0,0,2451,0
2019-04-01,2019,2,2019Q2,Oregon,94.445563,94445.563,12.1489260751775,0,0,"",0,94.0952171217166,0.35034587828343,0.996290499339991,0,0,0,0,0,2451,0
2019-04-01,2019,2,2019Q2,Pennsylvania,85.988079,85988.079,12.0551111299422,0,0,"",0,85.8013562112849,0.186722788715133,0.997828503777656,0,0,0,0,0,2451,0
2019-04-01,2019,2,2019Q2,Rhode Island,6.386008,6386.008,9.45501181270455,0,0,"",0,6.21703191271996,0.168976087280041,0.973539637394748,0,0,0,0,0,2451,0
2019-04-01,2019,2,2019Q2,South Carolina,103.982783,103982.783,12.2451277969251,0,0,"",0,103.326763368452,0.656019631548249,0.993691074496936,0,0,0,0,0,2451,0
2019-04-01,2019,2,2019Q2,South Dakota,11.580244,11580.244,10.0502030041409,0,0,"",0,11.4746708567204,0.105573143279556,0.990883340344162,0,0,0,0,0,2451,0
2019-04-01,2019,2,2019Q2,Tennessee,156.81985,156819.85,12.6560001538439,0,0,"",0,156.201801234888,0.618048765112394,0.996058861393425,0,0,0,0,0,2451,0
2019-04-01,2019,2,2019Q2,Texas,1441.262892,1441262.892,14.8741774760985,0,0,"",0,1435.3164039625,5.94648803749655,0.995874112855813,0,0,0,0,0,2451,0
2019-04-01,2019,2,2019Q2,Utah,72.786781,72786.781,11.888436818634,0,0,"",0,72.4502180874629,0.336562912537168,0.995376043453039,0,0,0,0,0,2451,0
2019-04-01,2019,2,2019Q2,Vermont,7.243697,7243.697,9.58103417573348,0,0,"",0,7.24369699994893,5.10655773163246e-11,0.99999999999295,0,0,0,0,0,2451,0
2019-04-01,2019,2,2019Q2,Virginia,119.684424,119684.424,12.3857609383431,0,0,"",0,119.354063736007,0.330360263992792,0.997239738865328,0,0,0,0,0,2451,0
2019-04-01,2019,2,2019Q2,Washington,204.964141,204964.141,12.9237375014346,0,0,"",0,203.135361224829,1.82877977517102,0.991077562317737,0,0,0,0,0,2451,0
2019-04-01,2019,2,2019Q2,West Virginia,8.7129,8712.9,9.76570714891536,0,0,"",0,8.71289999991252,8.74765529430118e-11,0.99999999998996,0,0,0,0,0,2451,0
2019-04-01,2019,2,2019Q2,Wisconsin,98.920319,98920.319,12.1952171270438,0,0,"",0,98.4437036410867,0.476615358913304,0.995181825496203,0,0,0,0,0,2451,0
2019-04-01,2019,2,2019Q2,Wyoming,13.754165,13754.165,10.2222441481994,0,0,"",0,13.743543776073,0.0106212239269934,0.99922778126284,0,0,0,0,0,2451,0
2019-07-01,2019,3,2019Q3,Alabama,69.520349,69520.349,11.8425219606764,0,0,"",0,69.3649358846869,0.155413115313165,0.997764494604117,0,0,0,0,0,2451,0
2019-07-01,2019,3,2019Q3,Alaska,17.756014,17756.014,10.4776267357724,0,0,"",0,17.756013999856,1.43972111755341e-10,0.999999999991892,0,0,0,0,0,2451,0
2019-07-01,2019,3,2019Q3,Arizona,271.258053,271258.053,13.2039730524387,0,0,"",0,270.501729376355,0.756323623645373,0.997211792920871,0,0,0,0,0,2451,0
2019-07-01,2019,3,2019Q3,Arkansas,62.816524,62816.524,11.7411206194884,0,0,"",0,62.5850497592865,0.231474240713469,0.996315074028715,0,0,0,0,0,2451,0
2019-07-01,2019,3,2019Q3,California,2867.209861,2867209.861,15.5619971215607,0,0,"",0,2857.27232201431,9.9375389856933,0.99653407337884,0,0,0,0,0,2451,0
2019-07-01,2019,3,2019Q3,Colorado,299.92656,299926.56,13.3044401042327,0,0,"",0,299.141263965566,0.785296034434067,0.997381705593416,0,0,0,0,0,2451,0
2019-07-01,2019,3,2019Q3,Connecticut,22.291609,22291.609,10.705112789674,0,0,"",0,22.2200839347807,0.0715250652193091,0.99679139064303,0,0,0,0,0,2451,0
2019-07-01,2019,3,2019Q3,Delaware,15.054531,15054.531,10.3125814696526,0,0,"",0,14.9682412471838,0.0862897528162437,0.994268187244342,0,0,0,0,0,2451,0
2019-07-01,2019,3,2019Q3,District Of Columbia,2.791508,2791.508,8.62748444323105,0,0,"",0,2.79150799996562,3.43804828577806e-11,0.999999999987684,0,0,0,0,0,2451,0
2019-07-01,2019,3,2019Q3,Florida,345.166358,345166.358,13.4449289574573,0,0,"",0,343.990534897533,1.17582310246656,0.99659345971815,0,0,0,0,0,2451,0
2019-07-01,2019,3,2019Q3,Georgia,309.042131,309042.131,13.3343800734265,0,0,"",0,307.760956082105,1.28117491789489,0.99585436809619,0,0,0,0,0,2451,0
2019-07-01,2019,3,2019Q3,Hawaii,7.833772,7833.772,9.65934659452993,0,0,"",0,7.8337719999199,8.01006080810612e-11,0.999999999989775,0,0,0,0,0,2451,0
2019-07-01,2019,3,2019Q3,Idaho,48.933954,48933.954,11.4913739710021,0,0,"",0,48.37502407882,0.558929921180016,0.988577871283812,0,0,0,0,0,2451,0
2019-07-01,2019,3,2019Q3,Illinois,384.979072,384979.072,13.5540914339125,0,0,"",0,383.842612934812,1.13645906518766,0.997047997806001,0,0,0,0,0,2451,0
2019-07-01,2019,3,2019Q3,Indiana,106.373115,106373.115,12.2678553259717,0,0,"",0,106.08097575952,0.292139240480165,0.997253636499409,0,0,0,0,0,2451,0
2019-07-01,2019,3,2019Q3,Iowa,50.327797,50327.797,11.5194600083604,0,0,"",0,50.3202423698198,0.0075546301802425,0.999849891498723,0,0,0,0,0,2451,0
2019-07-01,2019,3,2019Q3,Kansas,67.72075,67720.75,11.816295091815,0,0,"",0,67.5352262526887,0.185523747311331,0.997260459352395,0,0,0,0,0,2451,0
2019-07-01,2019,3,2019Q3,Kentucky,70.865407,70865.407,11.861684861509,0,0,"",0,70.6053389722537,0.2600680277463,0.996330113115045,0,0,0,0,0,2451,0
2019-07-01,2019,3,2019Q3,Louisiana,96.166771,96166.771,12.1669863417706,0,0,"",0,95.686281082887,0.480489917112997,0.995003576473281,0,0,0,0,0,2451,0
2019-07-01,2019,3,2019Q3,Maine,6.6854,6685.4,9.50082850935195,0,0,"",0,6.68539999991027,8.97290245959542e-11,0.999999999986578,0,0,0,0,0,2451,0
2019-07-01,2019,3,2019Q3,Maryland,49.802787,49802.787,11.508973405963,0,0,"",0,49.5770295333878,0.225757466612173,0.995466971223675,0,0,0,0,0,2451,0
2019-07-01,2019,3,2019Q3,Massachusetts,27.966693,27966.693,10.9319167262635,0,0,"",0,27.7727213679692,0.193971632030839,0.993064191321053,0,0,0,0,0,2451,0
2019-07-01,2019,3,2019Q3,Michigan,124.467456,124467.456,12.4249467437023,0,0,"",0,124.039431639637,0.428024360362924,0.996561154424471,0,0,0,0,0,2451,0
2019-07-01,2019,3,2019Q3,Minnesota,209.461063,209461.063,12.9454403248345,0,0,"",0,208.471529467582,0.98953353241839,0.995275811560173,0,0,0,0,0,2451,0
2019-07-01,2019,3,2019Q3,Mississippi,37.947875,37947.875,11.2371159672597,0,0,"",0,37.5238928691382,0.423982130861812,0.988827249724476,0,0,0,0,0,2451,0
2019-07-01,2019,3,2019Q3,Missouri,77.514439,77514.439,11.9513666882669,0,0,"",0,77.3038528636901,0.210586136309913,0.997283265685379,0,0,0,0,0,2451,0
2019-07-01,2019,3,2019Q3,Montana,11.44298,11442.98,10.038278902992,0,0,"",0,11.4429799998856,1.14408503018224e-10,0.999999999990002,0,0,0,0,0,2451,0
2019-07-01,2019,3,2019Q3,Nebraska,53.330342,53330.342,11.5774078971227,0,0,"",0,53.1337234560566,0.196618543943459,0.996313195517414,0,0,0,0,0,2451,0
2019-07-01,2019,3,2019Q3,Nevada,111.364517,111364.517,12.3137112174665,0,0,"",0,110.988454985202,0.376062014797885,0.996623143305171,0,0,0,0,0,2451,0
2019-07-01,2019,3,2019Q3,New Hampshire,8.822665,8822.665,9.77822644132815,0,0,"",0,8.82266499992539,7.46167073917482e-11,0.999999999991543,0,0,0,0,0,2451,0
2019-07-01,2019,3,2019Q3,New Jersey,146.145022,146145.022,12.5855018896346,0,0,"",0,145.722219627685,0.422802372315301,0.997106966993954,0,0,0,0,0,2451,0
2019-07-01,2019,3,2019Q3,New Mexico,71.734088,71734.088,11.8738685196009,0,0,"",0,71.6715545260953,0.06253347390472,0.99912825999956,0,0,0,0,0,2451,0
2019-07-01,2019,3,2019Q3,New York,316.145631,316145.631,13.3571054245642,0,0,"",0,315.432442961078,0.713188038921585,0.997744115467718,0,0,0,0,0,2451,0
2019-07-01,2019,3,2019Q3,North Carolina,254.205356,254205.356,13.1390448881029,0,0,"",0,253.203491057263,1.00186494273732,0.996058836216113,0,0,0,0,0,2451,0
2019-07-01,2019,3,2019Q3,North Dakota,50.570161,50570.161,11.5242641584324,0,0,"",0,50.5701609996025,3.97484122514659e-10,0.99999999999214,0,0,0,0,0,2451,0
2019-07-01,2019,3,2019Q3,Ohio,98.546191,98546.191,12.1914278419884,0,0,"",0,98.2245814355318,0.32160956446815,0.996736458698154,0,0,0,0,0,2451,0
2019-07-01,2019,3,2019Q3,Oklahoma,73.902203,73902.203,11.9036450976525,0,0,"",0,73.7520947884667,0.150108211533263,0.997968826294214,0,0,0,0,0,2451,0
2019-07-01,2019,3,2019Q3,Oregon,111.596761,111596.761,12.3157944857907,0,0,"",0,111.192767331157,0.403993668843302,0.996379879978387,0,0,0,0,0,2451,0
2019-07-01,2019,3,2019Q3,Pennsylvania,86.256454,86256.454,12.0582273416731,0,0,"",0,86.0799517281754,0.17650227182465,0.997953749967224,0,0,0,0,0,2451,0
2019-07-01,2019,3,2019Q3,Rhode Island,5.297044,5297.044,9.26805139756851,0,0,"",0,5.16375160997343,0.133292390026568,0.974836457838265,0,0,0,0,0,2451,0
2019-07-01,2019,3,2019Q3,South Carolina,97.731504,97731.504,12.1831264231386,0,0,"",0,97.1298041794107,0.60169982058928,0.993843338166685,0,0,0,0,0,2451,0
2019-07-01,2019,3,2019Q3,South Dakota,13.920018,13920.018,10.2342304088412,0,0,"",0,13.7918144425142,0.128203557485821,0.990789986228048,0,0,0,0,0,2451,0
2019-07-01,2019,3,2019Q3,Tennessee,171.63062,171630.62,12.7462470689147,0,0,"",0,170.972558529431,0.658061470568983,0.996165827108421,0,0,0,0,0,2451,0
2019-07-01,2019,3,2019Q3,Texas,1595.840105,1595840.105,14.976058047696,0,0,"",0,1589.27828614236,6.56181885763782,0.99588817273292,0,0,0,0,0,2451,0
2019-07-01,2019,3,2019Q3,Utah,76.927102,76927.102,11.943760705736,0,0,"",0,76.5641857348916,0.362916265108393,0.995282335410108,0,0,0,0,0,2451,0
2019-07-01,2019,3,2019Q3,Vermont,6.69973,6699.73,9.50296969218915,0,0,"",0,6.69972999994651,5.34878917935779e-11,0.999999999992016,0,0,0,0,0,2451,0
2019-07-01,2019,3,2019Q3,Virginia,108.627294,108627.294,12.2888251614529,0,0,"",0,108.312560112173,0.314733887826836,0.997102626087447,0,0,0,0,0,2451,0
2019-07-01,2019,3,2019Q3,Washington,257.521377,257521.377,13.1520051936796,0,0,"",0,255.295965255347,2.22541174465256,0.99135834170127,0,0,0,0,0,2451,0
2019-07-01,2019,3,2019Q3,West Virginia,11.287459,11287.459,10.0245947479042,0,0,"",0,11.2874589998771,1.22894023174119e-10,0.999999999989112,0,0,0,0,0,2451,0
2019-07-01,2019,3,2019Q3,Wisconsin,106.644842,106644.842,12.270406539505,0,0,"",0,106.118309641596,0.526532358404408,0.995062748947536,0,0,0,0,0,2451,0
2019-07-01,2019,3,2019Q3,Wyoming,15.857595,15857.595,10.3645510259003,0,0,"",0,15.8450722890984,0.0125227109016319,0.999210302009754,0,0,0,0,0,2451,0
2019-10-01,2019,4,2019Q4,Alabama,63.364379,63364.379,11.7498043177274,0,0,"",0,63.226170414277,0.138208585723018,0.997818828371647,0,0,0,0,0,2451,0
2019-10-01,2019,4,2019Q4,Alaska,12.449093,12449.093,10.1225502300065,0,0,"",0,12.4490929999004,9.95907063440487e-11,0.999999999992,0,0,0,0,0,2451,0
2019-10-01,2019,4,2019Q4,Arizona,286.131047,286131.047,13.2573523717142,0,0,"",0,285.346770244197,0.784276755802694,0.997259029511038,0,0,0,0,0,2451,0
2019-10-01,2019,4,2019Q4,Arkansas,57.001973,57001.973,11.6439883408896,0,0,"",0,56.8044686639103,0.197504336089748,0.996535131580625,0,0,0,0,0,2451,0
2019-10-01,2019,4,2019Q4,California,2784.708832,2784708.832,15.5328010577844,0,0,"",0,2775.40228516438,9.30654683562429,0.99665798207386,0,0,0,0,0,2451,0
2019-10-01,2019,4,2019Q4,Colorado,280.569196,280569.196,13.2377228421426,0,0,"",0,279.807877949902,0.761318050097652,0.997286523036201,0,0,0,0,0,2451,0
2019-10-01,2019,4,2019Q4,Connecticut,21.881733,21881.733,10.6865546392347,0,0,"",0,21.8123819699979,0.0693510300021178,0.996830642709966,0,0,0,0,0,2451,0
2019-10-01,2019,4,2019Q4,Delaware,12.533003,12533.003,10.1292678661311,0,0,"",0,12.467280292078,0.0657227079220113,0.994756028709,0,0,0,0,0,2451,0
2019-10-01,2019,4,2019Q4,District Of Columbia,3.102182,3102.182,8.73300822037792,0,0,"",0,3.10218199995941,4.05860603734686e-11,0.999999999986917,0,0,0,0,0,2451,0
2019-10-01,2019,4,2019Q4,Florida,318.519248,318519.248,13.3645853660118,0,0,"",0,317.50383844444,1.01540955555966,0.996812093580104,0,0,0,0,0,2451,0
2019-10-01,2019,4,2019Q4,Georgia,292.02979,292029.79,13.2777582771575,0,0,"",0,290.899392405814,1.13039759418589,0.996129170266547,0,0,0,0,0,2451,0
2019-10-01,2019,4,2019Q4,Hawaii,7.893722,7893.722,9.66697022355454,0,0,"",0,7.89372199992185,7.81497001788613e-11,0.9999999999901,0,0,0,0,0,2451,0
2019-10-01,2019,4,2019Q4,Idaho,43.856894,43856.894,11.3818343839207,0,0,"",0,43.4210660712244,0.435827928775575,0.990062498981903,0,0,0,0,0,2451,0
2019-10-01,2019,4,2019Q4,Illinois,329.51,329510,13.3985091620401,0,0,"",0,328.594605421622,0.915394578378162,0.997221952054936,0,0,0,0,0,2451,0
2019-10-01,2019,4,2019Q4,Indiana,97.551058,97551.058,12.1812783722988,0,0,"",0,97.3005883456351,0.25046965436484,0.997432425034644,0,0,0,0,0,2451,0
2019-10-01,2019,4,2019Q4,Iowa,44.201987,44201.987,11.3896722024944,0,0,"",0,44.1953291985412,0.00665780145883448,0.999849377778903,0,0,0,0,0,2451,0
2019-10-01,2019,4,2019Q4,Kansas,66.013858,66013.858,11.7907671492823,0,0,"",0,65.8375802017908,0.176277798209193,0.997329684954799,0,0,0,0,0,2451,0
2019-10-01,2019,4,2019Q4,Kentucky,63.568636,63568.636,11.7530226636601,0,0,"",0,63.3586601211874,0.209975878812647,0.996696863547416,0,0,0,0,0,2451,0
2019-10-01,2019,4,2019Q4,Louisiana,99.112027,99112.027,12.1971532558,0,0,"",0,98.6516998717352,0.460327128264842,0.995355486693206,0,0,0,0,0,2451,0
2019-10-01,2019,4,2019Q4,Maine,6.023207,6023.207,9.39652230815915,0,0,"",0,6.02320699991872,8.12859926713011e-11,0.999999999986504,0,0,0,0,0,2451,0
2019-10-01,2019,4,2019Q4,Maryland,41.128562,41128.562,11.3176052790064,0,0,"",0,40.9576638951921,0.170898104807878,0.995844782883294,0,0,0,0,0,2451,0
2019-10-01,2019,4,2019Q4,Massachusetts,24.438659,24438.659,10.7970687236916,0,0,"",0,24.2736149729802,0.165044027019807,0.993246600518473,0,0,0,0,0,2451,0
2019-10-01,2019,4,2019Q4,Michigan,98.061664,98061.664,12.1864989648497,0,0,"",0,97.7270609990509,0.334603000949127,0.996587830684281,0,0,0,0,0,2451,0
2019-10-01,2019,4,2019Q4,Minnesota,206.005657,206005.657,12.9288060891256,0,0,"",0,205.064999581209,0.940657418790955,0.995433827242953,0,0,0,0,0,2451,0
2019-10-01,2019,4,2019Q4,Mississippi,35.237359,35237.359,11.1630093147567,0,0,"",0,34.8600271271168,0.377331872883176,0.989291709606183,0,0,0,0,0,2451,0
2019-10-01,2019,4,2019Q4,Missouri,67.601912,67601.912,11.8145387262694,0,0,"",0,67.4317295914105,0.17018240858954,0.997482579951444,0,0,0,0,0,2451,0
2019-10-01,2019,4,2019Q4,Montana,7.092694,7092.694,9.55996770467593,0,0,"",0,7.09269399993108,6.89164917475917e-11,0.999999999990284,0,0,0,0,0,2451,0
2019-10-01,2019,4,2019Q4,Nebraska,51.494017,51494.017,11.5423680858,0,0,"",0,51.3048044244882,0.189212575511768,0.996325542528334,0,0,0,0,0,2451,0
2019-10-01,2019,4,2019Q4,Nevada,104.479935,104479.935,12.2498975029643,0,0,"",0,104.141737582552,0.33819741744757,0.996763039549674,0,0,0,0,0,2451,0
2019-10-01,2019,4,2019Q4,New Hampshire,7.699609,7699.609,9.64207201210862,0,0,"",0,7.69960899993461,6.5389512178862e-11,0.999999999991507,0,0,0,0,0,2451,0
2019-10-01,2019,4,2019Q4,New Jersey,130.866518,130866.518,12.475080316714,0,0,"",0,130.502149539034,0.364368460966436,0.997215724338547,0,0,0,0,0,2451,0
2019-10-01,2019,4,2019Q4,New Mexico,67.703821,67703.821,11.8160450780994,0,0,"",0,67.6179897084607,0.0858312915393397,0.998732253360718,0,0,0,0,0,2451,0
2019-10-01,2019,4,2019Q4,New York,289.229718,289229.718,13.2681237038864,0,0,"",0,288.617500899844,0.612217100155728,0.99788328424759,0,0,0,0,0,2451,0
2019-10-01,2019,4,2019Q4,North Carolina,232.701436,232701.436,13.0506587008716,0,0,"",0,231.825254871045,0.876181128954618,0.996234741203081,0,0,0,0,0,2451,0
2019-10-01,2019,4,2019Q4,North Dakota,35.392793,35392.793,11.167410671584,0,0,"",0,35.392792999725,2.75016631868362e-10,0.99999999999223,0,0,0,0,0,2451,0
2019-10-01,2019,4,2019Q4,Ohio,81.476423,81476.423,12.0012161496311,0,0,"",0,81.2411773343417,0.2352456656583,0.997112714856686,0,0,0,0,0,2451,0
2019-10-01,2019,4,2019Q4,Oklahoma,68.492309,68492.309,11.8276239211877,0,0,"",0,68.3572791047767,0.135029895223266,0.998028539303248,0,0,0,0,0,2451,0
2019-10-01,2019,4,2019Q4,Oregon,101.998063,101998.063,12.225856282474,0,0,"",0,101.630657165507,0.36740583449276,0.99639791361045,0,0,0,0,0,2451,0
2019-10-01,2019,4,2019Q4,Pennsylvania,73.66539,73665.39,11.9004355419709,0,0,"",0,73.529081166477,0.136308833523008,0.998149621775938,0,0,0,0,0,2451,0
2019-10-01,2019,4,2019Q4,Rhode Island,5.043518,5043.518,9.21900632382678,0,0,"",0,4.90880090693596,0.134717093064042,0.973289062701067,0,0,0,0,0,2451,0
2019-10-01,2019,4,2019Q4,South Carolina,90.070537,90070.537,12.1014955673803,0,0,"",0,89.5400728182923,0.53046418170769,0.994110569345138,0,0,0,0,0,2451,0
2019-10-01,2019,4,2019Q4,South Dakota,11.223725,11223.725,10.0189323029575,0,0,"",0,11.1157097088389,0.108015291161135,0.990376163781531,0,0,0,0,0,2451,0
2019-10-01,2019,4,2019Q4,Tennessee,155.185806,155185.806,12.6455256069336,0,0,"",0,154.635512164412,0.550293835588097,0.996453967989907,0,0,0,0,0,2451,0
2019-10-01,2019,4,2019Q4,Texas,1546.047757,1546047.757,14.9443595788981,0,0,"",0,1540.0765253879,5.97123161210294,0.99613774439692,0,0,0,0,0,2451,0
2019-10-01,2019,4,2019Q4,Utah,72.501755,72501.755,11.8845132280538,0,0,"",0,72.179119887899,0.322635112100968,0.995549968244204,0,0,0,0,0,2451,0
2019-10-01,2019,4,2019Q4,Vermont,4.59489,4594.89,9.12584728784003,0,0,"",0,4.59488999996118,3.88240370494426e-11,0.999999999991551,0,0,0,0,0,2451,0
2019-10-01,2019,4,2019Q4,Virginia,94.032654,94032.654,12.1445445644956,0,0,"",0,93.7716737943011,0.260980205698943,0.997224578967016,0,0,0,0,0,2451,0
2019-10-01,2019,4,2019Q4,Washington,208.130519,208130.519,12.9390678376487,0,0,"",0,206.276529628495,1.85398937150523,0.991092179174813,0,0,0,0,0,2451,0
2019-10-01,2019,4,2019Q4,West Virginia,9.326749,9326.749,9.83378897068039,0,0,"",0,9.3267489998989,1.01099000776763e-10,0.99999999998916,0,0,0,0,0,2451,0
2019-10-01,2019,4,2019Q4,Wisconsin,97.772364,97772.364,12.1835444199896,0,0,"",0,97.3177726363746,0.454591363625374,0.995350512711083,0,0,0,0,0,2451,0
2019-10-01,2019,4,2019Q4,Wyoming,13.922899,13922.899,10.2344373555489,0,0,"",0,13.9126797487677,0.01021925123233,0.999266011250076,0,0,0,0,0,2451,0
2020-01-01,2020,1,2020Q1,Alabama,67.206147,67206.147,11.8086671761574,0,0,"",0,66.99839056697,0.207756433029999,0.99690866918721,0,0,0,0,0,2451,0
2020-01-01,2020,1,2020Q1,Alaska,14.275632,14275.632,10.2594564885358,0,0,"",0,14.2756319998596,1.4041014255453e-10,0.999999999990164,0,0,0,0,0,2451,0
2020-01-01,2020,1,2020Q1,Arizona,348.333201,348333.201,13.4540619553706,0,0,"",0,347.842829846529,0.490371153471427,0.998592235388233,0,0,0,0,0,2451,0
2020-01-01,2020,1,2020Q1,Arkansas,53.275133,53275.133,11.5763721340923,0,0,"",0,53.0940912770933,0.181041722906697,0.996601759344145,0,0,0,0,0,2451,0
2020-01-01,2020,1,2020Q1,California,3094.547311,3094547.311,15.6382993693427,0,0,"",0,3084.37146557589,10.1758454241081,0.996711685296283,0,0,0,0,0,2451,0
2020-01-01,2020,1,2020Q1,Colorado,264.079189,264079.189,13.1771514760468,0,0,"",0,263.262533397042,0.816655602958172,0.996907535175147,0,0,0,0,0,2451,0
2020-01-01,2020,1,2020Q1,Connecticut,19.648542,19648.542,10.5789055972788,0,0,"",0,19.5968906050275,0.0516513949724615,0.997371235230967,0,0,0,0,0,2451,0
2020-01-01,2020,1,2020Q1,Delaware,12.378516,12378.516,10.1168648504857,0,0,"",0,12.2919899353994,0.0865260646006051,0.993009980792479,0,0,0,0,0,2451,0
2020-01-01,2020,1,2020Q1,District Of Columbia,2.638021,2638.021,8.57093151030562,0,0,"",0,2.63802099995933,4.0673097139159e-11,0.999999999984582,0,0,0,0,0,2451,0
2020-01-01,2020,1,2020Q1,Florida,376.595393,376595.393,13.5320738425535,0,0,"",0,375.070345404086,1.52504759591377,0.995950434805468,0,0,0,0,0,2451,0
2020-01-01,2020,1,2020Q1,Georgia,253.545094,253545.094,13.136444152359,0,0,"",0,252.435966655367,1.10912734463278,0.995625522359219,0,0,0,0,0,2451,0
2020-01-01,2020,1,2020Q1,Hawaii,8.037721,8037.721,9.68504804870946,0,0,"",0,8.03772099989275,1.07251121112118e-10,0.999999999986657,0,0,0,0,0,2451,0
2020-01-01,2020,1,2020Q1,Idaho,34.786315,34786.315,11.1501265220607,0,0,"",0,34.5456859589563,0.240629041043746,0.993082652156638,0,0,0,0,0,2451,0
2020-01-01,2020,1,2020Q1,Illinois,339.310758,339310.758,13.4278188372863,0,0,"",0,338.320977133291,0.989780866709446,0.99708296644485,0,0,0,0,0,2451,0
2020-01-01,2020,1,2020Q1,Indiana,91.369403,91369.403,12.115813122688,0,0,"",0,91.1591525274568,0.210250472543213,0.997698896286504,0,0,0,0,0,2451,0
2020-01-01,2020,1,2020Q1,Iowa,39.987758,39987.758,11.2894758169695,0,0,"",0,39.9437160082274,0.0440419917725937,0.998898613126232,0,0,0,0,0,2451,0
2020-01-01,2020,1,2020Q1,Kansas,64.189891,64189.891,11.7627481968412,0,0,"",0,64.1401065274479,0.0497844725521007,0.999224418802143,0,0,0,0,0,2451,0
2020-01-01,2020,1,2020Q1,Kentucky,48.303366,48303.366,11.4784037073206,0,0,"",0,48.0713544296512,0.232011570348831,0.995196782552404,0,0,0,0,0,2451,0
2020-01-01,2020,1,2020Q1,Louisiana,93.273684,93273.684,12.1364404697605,0,0,"",0,92.9699991036478,0.303684896352222,0.996744152441194,0,0,0,0,0,2451,0
2020-01-01,2020,1,2020Q1,Maine,2.836155,2836.155,8.64335175224127,0,0,"",0,2.83615499994737,5.26298879122739e-11,0.999999999981443,0,0,0,0,0,2451,0
2020-01-01,2020,1,2020Q1,Maryland,36.896793,36896.793,11.2090270964262,0,0,"",0,36.6021407217233,0.294652278276728,0.99201414935231,0,0,0,0,0,2451,0
2020-01-01,2020,1,2020Q1,Massachusetts,21.616182,21616.182,10.6743446609486,0,0,"",0,21.2988903674067,0.317291632593294,0.985321569156232,0,0,0,0,0,2451,0
2020-01-01,2020,1,2020Q1,Michigan,89.255161,89255.161,12.0924017048919,0,0,"",0,89.0603594577166,0.194801542283388,0.997817475873654,0,0,0,0,0,2451,0
2020-01-01,2020,1,2020Q1,Minnesota,119.513774,119513.774,12.3843340878871,0,0,"",0,118.917835909276,0.595938090723695,0.99501364511572,0,0,0,0,0,2451,0
2020-01-01,2020,1,2020Q1,Mississippi,28.812948,28812.948,10.9617273292861,0,0,"",0,28.5608313803135,0.252116619686523,0.991249884611372,0,0,0,0,0,2451,0
2020-01-01,2020,1,2020Q1,Missouri,57.718953,57718.953,11.6564880540651,0,0,"",0,57.52987211274,0.189080887259972,0.996724110930079,0,0,0,0,0,2451,0
2020-01-01,2020,1,2020Q1,Montana,4.58683,4586.83,9.12409162509294,0,0,"",0,4.58682999995765,4.23513597700471e-11,0.999999999990767,0,0,0,0,0,2451,0
2020-01-01,2020,1,2020Q1,Nebraska,46.777595,46777.595,11.4463068086314,0,0,"",0,46.713299614537,0.0642953854629836,0.998625508954383,0,0,0,0,0,2451,0
2020-01-01,2020,1,2020Q1,Nevada,112.266499,112266.499,12.3217779597929,0,0,"",0,111.590404133622,0.676094866378237,0.993977768324474,0,0,0,0,0,2451,0
2020-01-01,2020,1,2020Q1,New Hampshire,6.163011,6163.011,9.41946792294758,0,0,"",0,6.13634116315958,0.0266698368404264,0.995672596261726,0,0,0,0,0,2451,0
2020-01-01,2020,1,2020Q1,New Jersey,129.512397,129512.397,12.4646790658445,0,0,"",0,129.112586832993,0.399810167006825,0.996912958324701,0,0,0,0,0,2451,0
2020-01-01,2020,1,2020Q1,New Mexico,70.775781,70775.781,11.860419325499,0,0,"",0,70.6986558789439,0.0771251210561229,0.998910289367826,0,0,0,0,0,2451,0
2020-01-01,2020,1,2020Q1,New York,273.975106,273975.106,13.2139397077914,0,0,"",0,273.24322652232,0.731879477680081,0.997328664314195,0,0,0,0,0,2451,0
2020-01-01,2020,1,2020Q1,North Carolina,191.512588,191512.588,12.8558559996907,0,0,"",0,190.516995302154,0.99559269784594,0.994801424239299,0,0,0,0,0,2451,0
2020-01-01,2020,1,2020Q1,North Dakota,20.591879,20591.879,10.6257992348998,0,0,"",0,20.481063615398,0.110815384601971,0.994618490881674,0,0,0,0,0,2451,0
2020-01-01,2020,1,2020Q1,Ohio,70.75998,70759.98,11.860196046238,0,0,"",0,70.7411113478639,0.0188686521360952,0.999733342884833,0,0,0,0,0,2451,0
2020-01-01,2020,1,2020Q1,Oklahoma,66.741757,66741.757,11.8017332586163,0,0,"",0,66.629304059546,0.112452940454011,0.998315103684579,0,0,0,0,0,2451,0
2020-01-01,2020,1,2020Q1,Oregon,96.308807,96308.807,12.1684622279817,0,0,"",0,95.9207285638899,0.388078436110148,0.995970478212754,0,0,0,0,0,2451,0
2020-01-01,2020,1,2020Q1,Pennsylvania,62.810092,62810.092,11.7410182208056,0,0,"",0,62.5537187820443,0.25637321795568,0.995918279852931,0,0,0,0,0,2451,0
2020-01-01,2020,1,2020Q1,Rhode Island,4.539759,4539.759,9.11377639861629,0,0,"",0,4.49805036588642,0.0417086341135785,0.990812588484636,0,0,0,0,0,2451,0
2020-01-01,2020,1,2020Q1,South Carolina,85.468599,85468.599,12.0490515049035,0,0,"",0,85.1440321615101,0.324566838489865,0.996202501944722,0,0,0,0,0,2451,0
2020-01-01,2020,1,2020Q1,South Dakota,8.112417,8112.417,9.69429831419388,0,0,"",0,8.06814495227823,0.0442720477217683,0.994542680964037,0,0,0,0,0,2451,0
2020-01-01,2020,1,2020Q1,Tennessee,145.627749,145627.749,12.5819561609489,0,0,"",0,144.969861424044,0.657887575955624,0.995482402354817,0,0,0,0,0,2451,0
2020-01-01,2020,1,2020Q1,Texas,1588.874858,1588874.858,14.9716838677856,0,0,"",0,1581.70141466282,7.17344333718434,0.995485205583645,0,0,0,0,0,2451,0
2020-01-01,2020,1,2020Q1,Utah,72.656315,72656.315,11.8866427694344,0,0,"",0,72.4200506764699,0.236264323530144,0.996748192864858,0,0,0,0,0,2451,0
2020-01-01,2020,1,2020Q1,Vermont,2.059559,2059.559,8.32339440069324,0,0,"",0,2.05955899996948,3.05226858230016e-11,0.99999999998518,0,0,0,0,0,2451,0
2020-01-01,2020,1,2020Q1,Virginia,83.670208,83670.208,12.0277854358389,0,0,"",0,83.1359332170401,0.534274782959926,0.99361451589842,0,0,0,0,0,2451,0
2020-01-01,2020,1,2020Q1,Washington,182.935501,182935.501,12.8100360967127,0,0,"",0,180.433904359289,2.50159664071133,0.986325253288527,0,0,0,0,0,2451,0
2020-01-01,2020,1,2020Q1,West Virginia,8.17404,8174.04,9.70186574197884,0,0,"",0,7.96443367116298,0.209606328837015,0.974357070819691,0,0,0,0,0,2451,0
2020-01-01,2020,1,2020Q1,Wisconsin,94.264343,94264.343,12.1470054546914,0,0,"",0,93.760532287178,0.50381071282205,0.99465534159802,0,0,0,0,0,2451,0
2020-01-01,2020,1,2020Q1,Wyoming,11.439748,11439.748,10.0379964191894,0,0,"",0,11.4208057020751,0.0189422979249376,0.998344168252226,0,0,0,0,0,2451,0
2020-04-01,2020,2,2020Q2,Alabama,68.708719,68708.719,11.8307785648898,0.352511509641951,39.6495593023584,2020_M7.4_Santa_Maria_Xadani,24.2206142602546,68.4968179428345,0.211901057165538,0.99691595098483,1.3775182865855,0.0200486678639067,0.0148493694008552,0.00265995018585789,0.00253934827719367,2451,282
2020-04-01,2020,2,2020Q2,Alaska,20.84523,20845.23,10.6380276052104,0.328044368841477,39.6495593023584,2020_M7.4_Santa_Maria_Xadani,6.83816031870542,20.8452299998033,1.96674502285864e-10,0.999999999990565,0.644084901224825,0.0308984310187426,0.026299492517166,0.00395101005550866,0.000647928446067989,2451,282
2020-04-01,2020,2,2020Q2,Arizona,435.138906,435138.906,13.6765677637969,0.123158497566313,39.6495593023584,2020_M7.4_Santa_Maria_Xadani,53.5910538956089,434.555119324862,0.583786675137836,0.998658390074783,3.36506710752701,0.00773331701929453,0.00680737190179416,0.000428097844185276,0.000497847273315102,2451,282
2020-04-01,2020,2,2020Q2,Arkansas,62.140364,62140.364,11.7302982212952,0.207815720535381,39.6495593023584,2020_M7.4_Santa_Maria_Xadani,12.9137445189908,61.9364251647176,0.203938835282362,0.996718093970573,1.12812350868246,0.0181544399817558,0.0167184344325058,0.00115971854149321,0.000276287007756825,2451,282
2020-04-01,2020,2,2020Q2,California,3252.491731,3252491.731,15.6880791275735,0.334478245256512,39.6495593023584,2020_M7.4_Santa_Maria_Xadani,1087.88772689619,3242.23623023639,10.2555007636066,0.996846878758873,96.1406840983427,0.0295590864019764,0.0242764185048257,0.00457903945698168,0.000703628440169028,2451,282
2020-04-01,2020,2,2020Q2,Colorado,282.787406,282787.406,13.245597859337,0.112131098060373,39.6495593023584,2020_M7.4_Santa_Maria_Xadani,31.7092623524244,281.941326814283,0.846079185716636,0.997008073316686,1.49535757060704,0.00528792138150256,0.00394110391316438,0.00112012204740843,0.000226695420929745,2451,282
2020-04-01,2020,2,2020Q2,Connecticut,18.770027,18770.027,10.5331637493147,0.479110759395689,39.6495593023584,2020_M7.4_Santa_Maria_Xadani,8.99292188984759,18.728629594194,0.0413974058059977,0.997794494072598,0.744830896168459,0.0396819299284151,0.0383724514738814,0.00126101815834372,4.84602961900097e-05,2451,282
2020-04-01,2020,2,2020Q2,Delaware,13.228277,13228.277,10.1832591963004,0.188265889273222,39.6495593023584,2020_M7.4_Santa_Maria_Xadani,2.49043333295751,13.1345338817884,0.0937431182116497,0.992913429450287,0.0843343893334324,0.00637531171545866,0.00428893836344125,0.000999721965923184,0.00108665138609423,2451,282
2020-04-01,2020,2,2020Q2,District Of Columbia,1.711592,1711.592,8.13832647643984,0.620603917079041,39.6495593023584,2020_M7.4_Santa_Maria_Xadani,1.06222069964115,1.71159199997236,2.76412300068263e-11,0.999999999983851,0.0758128396116521,0.0442937566964861,0.042659148105198,1.4301667586185e-08,0.00163459428962048,2451,282
2020-04-01,2020,2,2020Q2,Florida,327.758495,327758.495,13.393179500998,0.414954024698255,39.6495593023584,2020_M7.4_Santa_Maria_Xadani,136.004706629293,326.477031079338,1.28146392066172,0.996090219047834,6.64517761528885,0.0202746159646872,0.0130628312074976,0.00459492289951693,0.00261686185767262,2451,282
2020-04-01,2020,2,2020Q2,Georgia,288.903232,288903.232,13.2669942542167,0.307293898555513,39.6495593023584,2020_M7.4_Santa_Maria_Xadani,88.7782004665679,287.680685952179,1.22254604782083,0.995768319934127,5.94672383427756,0.0205837913030947,0.0160570846312026,0.00319975964494512,0.00132694702694701,2451,282
2020-04-01,2020,2,2020Q2,Hawaii,7.881426,7881.426,9.66541131553145,0.00605595023801841,39.6495593023584,2020_M7.4_Santa_Maria_Xadani,0.0477295236606245,7.88142599989991,1.00086548934624e-10,0.999999999987301,4.97040958323248e-07,6.3064851249412e-08,5.18154317083713e-08,1.12460620414922e-08,3.35749954841181e-12,2451,282
2020-04-01,2020,2,2020Q2,Idaho,45.86119,45861.19,11.4265216852931,0.107729617280043,39.6495593023584,2020_M7.4_Santa_Maria_Xadani,4.94060844670735,45.5488569447433,0.312333055256757,0.993189599849966,0.262539689080461,0.00572465932699218,0.00393817517226719,0.00178161260125305,4.87155347193511e-06,2451,282
2020-04-01,2020,2,2020Q2,Illinois,308.936114,308936.114,13.3340369642575,0.134990017001084,39.6495593023584,2020_M7.4_Santa_Maria_Xadani,41.703291281109,308.032654270092,0.903459729908494,0.997075577477133,2.25660236716694,0.00730443047900491,0.0060276746356515,0.00117835138450757,9.84044588458476e-05,2451,282
2020-04-01,2020,2,2020Q2,Indiana,93.42003,93420.03,12.138008235775,0.35401253190567,39.6495593023584,2020_M7.4_Santa_Maria_Xadani,33.0718613510036,93.2092240055153,0.210805994484667,0.997743460428297,2.28523239547561,0.0244619103149036,0.0205013826773397,0.00236032182051181,0.00160020581705216,2451,282
2020-04-01,2020,2,2020Q2,Iowa,44.031561,44031.561,11.3858091319104,0.153447885222548,39.6495593023584,2020_M7.4_Santa_Maria_Xadani,6.75654991849763,43.9835103599081,0.0480506400918904,0.998908722766111,0.348902133922168,0.00792391016803078,0.00717785769404537,0.000740556727453758,5.49574653164773e-06,2451,282
2020-04-01,2020,2,2020Q2,Kansas,70.59939,70599.39,11.8579239638275,0.211130809211837,39.6495593023584,2020_M7.4_Santa_Maria_Xadani,14.9057063405621,70.5472127761273,0.0521772238727463,0.999260939451846,0.620577164787669,0.0087901207756564,0.00667030269178841,0.000258696431693503,0.00186112165217449,2451,282
2020-04-01,2020,2,2020Q2,Kentucky,53.315676,53315.676,11.5771328563783,0.519742633857,39.6495593023584,2020_M7.4_Santa_Maria_Xadani,27.7104298701065,53.079485071298,0.236190928701981,0.995569953409163,2.02368891292935,0.0379567336430163,0.0315994225346435,0.00380009248503338,0.00255721862333938,2451,282
2020-04-01,2020,2,2020Q2,Louisiana,105.445847,105445.847,12.2590999821197,0.218202848834022,39.6495593023584,2020_M7.4_Santa_Maria_Xadani,23.0085842131164,105.130989136282,0.314857863718176,0.997014032579982,1.50637050302205,0.0142857262365397,0.0136661647444942,0.000619561489246015,2.79951748651851e-12,2451,282
2020-04-01,2020,2,2020Q2,Maine,4.020399,4020.399,8.99228362644587,0.287838110406812,39.6495593023584,2020_M7.4_Santa_Maria_Xadani,1.15722405124144,4.02039899993151,6.84920402902602e-11,0.999999999982964,0.1607855998488,0.0399924484730992,0.0371050601716265,0.00288738829696855,4.50418269479162e-12,2451,282
2020-04-01,2020,2,2020Q2,Maryland,35.619691,35619.691,11.1738010626613,0.58608929527944,39.6495593023584,2020_M7.4_Santa_Maria_Xadani,20.8763195962614,35.33319809172,0.286492908280014,0.991956895182499,0.368605875638506,0.010348373758731,0.00741804950348203,0.000905921852972757,0.0020244024022762,2451,282
2020-04-01,2020,2,2020Q2,Massachusetts,18.940078,18940.078,10.5421826662567,0.320452647665528,39.6495593023584,2020_M7.4_Santa_Maria_Xadani,6.06939814209162,18.6367901784509,0.303287821549138,0.983986981386817,0.370954289747666,0.0195856790952849,0.0173556452395308,0.00223003385266993,3.08424146967542e-12,2451,282
2020-04-01,2020,2,2020Q2,Michigan,97.788155,97788.155,12.1837059147546,0.257685154497047,39.6495593023584,2020_M7.4_Santa_Maria_Xadani,25.1985558291562,97.5679073375734,0.220247662426646,0.997747706126303,1.52890515260034,0.0156348706302961,0.00469094174195644,0.0104945900238787,0.00044933886446094,2451,282
2020-04-01,2020,2,2020Q2,Minnesota,123.651553,123651.553,12.4183700130911,0.318707093483127,39.6495593023584,2020_M7.4_Santa_Maria_Xadani,39.4086270613049,123.092293097422,0.559259902578428,0.995477129975242,1.89385517517534,0.0153160646124303,0.0129132406323771,0.00201942418160305,0.000383399798450137,2451,282
2020-04-01,2020,2,2020Q2,Mississippi,34.824735,34824.735,11.1512303699092,0.399730114327748,39.6495593023584,2020_M7.4_Santa_Maria_Xadani,13.9204953029835,34.5116411712832,0.313093828716782,0.991009441171145,0.433895211154229,0.012459397355191,0.0108600496370355,0.000278823419667826,0.00132052429848766,2451,282
2020-04-01,2020,2,2020Q2,Missouri,71.706644,71706.644,11.8734858667805,0.307064273492103,39.6495593023584,2020_M7.4_Santa_Maria_Xadani,22.0185485444169,71.4888926682352,0.217751331764772,0.996963303264273,1.48812018878205,0.0207528913050518,0.0141100169107674,0.00627319330701324,0.000369681087271148,2451,282
2020-04-01,2020,2,2020Q2,Montana,9.471631,9471.631,9.84920358278592,0.538697292903874,39.6495593023584,2020_M7.4_Santa_Maria_Xadani,5.10234197908442,9.47163099991224,8.77603733618097e-11,0.999999999990734,0.516567075531384,0.0545383446136557,0.0545383364057399,8.20546608082882e-09,2.4497329428956e-12,2451,282
2020-04-01,2020,2,2020Q2,Nebraska,51.642919,51642.919,11.5452555499656,0.0929471339645062,39.6495593023584,2020_M7.4_Santa_Maria_Xadani,4.80006131061114,51.5775247519176,0.0653942480823772,0.998733722854001,0.208224053315503,0.00403199620291609,0.00334459459896248,0.00065025917691816,3.71424270354524e-05,2451,282
2020-04-01,2020,2,2020Q2,Nevada,117.978938,117978.938,12.3714085765688,0.194977755345341,39.6495593023584,2020_M7.4_Santa_Maria_Xadani,23.0032685092672,117.27436215701,0.704575842989674,0.994027952319848,1.68370457561174,0.0142712301378042,0.0113171110643569,0.00271925228677255,0.000234866786674806,2451,282
2020-04-01,2020,2,2020Q2,New Hampshire,7.527518,7527.518,9.61946783655713,0.111743376890938,39.6495593023584,2020_M7.4_Santa_Maria_Xadani,0.841150280927321,7.49566993974497,0.0318480602550313,0.995769115363785,0.00122895498479641,0.0001632616467734,4.72317934083216e-08,0.000163214411919499,3.06049220880079e-12,2451,282
2020-04-01,2020,2,2020Q2,New Jersey,123.115162,123115.162,12.4140226533204,1.24981662757653,39.6495593023584,2020_M7.4_Santa_Maria_Xadani,153.871376574379,122.748556669752,0.366605330248297,0.997022256850474,9.89688909622544,0.0803872482921758,0.0567340111795276,0.0178520591970981,0.00580117791555012,2451,282
2020-04-01,2020,2,2020Q2,New Mexico,79.596005,79596.005,11.9778663627302,0.0819341830256331,39.6495593023584,2020_M7.4_Santa_Maria_Xadani,6.5216336417792,79.5126028713556,0.0834021286444255,0.998952181976414,0.275630991959775,0.00346287470030406,0.00173656195331279,3.09999958680352e-05,0.00169531275112323,2451,282
2020-04-01,2020,2,2020Q2,New York,220.964406,220964.406,12.9989040892701,0.528726339822382,39.6495593023584,2020_M7.4_Santa_Maria_Xadani,116.829701615407,220.375520345284,0.588885654715718,0.997334929795364,4.42120998790512,0.0200086976356958,0.0188793992111218,0.0010467701355489,8.25282890250291e-05,2451,282
2020-04-01,2020,2,2020Q2,North Carolina,218.969416,218969.416,12.9898345266434,0.487546543473082,39.6495593023584,2020_M7.4_Santa_Maria_Xadani,106.757781897119,217.845163419687,1.124252580313,0.994865709555014,5.34284200760021,0.0243999463724204,0.0157607197021804,0.00710843721889957,0.00153078945134039,2451,282
2020-04-01,2020,2,2020Q2,North Dakota,26.55708,26557.08,10.8801988387019,0.246595680401963,39.6495593023584,2020_M7.4_Santa_Maria_Xadani,6.54886121208936,26.3615052839006,0.195574716099443,0.99263568449169,0.359499172198762,0.013536848636927,0.0135368348837182,1.37491040886374e-08,4.10478001973941e-12,2451,282
2020-04-01,2020,2,2020Q2,Ohio,83.205123,83205.123,12.022211380029,0.542872643338502,39.6495593023584,2020_M7.4_Santa_Maria_Xadani,45.1697850623152,83.1894706422073,0.0156523577927099,0.999811882282865,4.21095068538393,0.0506092718039,0.0407699954743298,0.00727996142494577,0.0025593149046244,2451,282
2020-04-01,2020,2,2020Q2,Oklahoma,72.737426,72737.426,11.8877585122147,0.117868141128611,39.6495593023584,2020_M7.4_Santa_Maria_Xadani,8.57342519309988,72.6254321450333,0.11199385496673,0.998460299447952,0.612074458014657,0.00841484902166674,0.00804441923801595,0.000237569490788831,0.000132860292861957,2451,282
2020-04-01,2020,2,2020Q2,Oregon,101.720764,101720.764,12.223133910906,0.338825531393137,39.6495593023584,2020_M7.4_Santa_Maria_Xadani,34.4655919160159,101.301823383191,0.418940616809198,0.995881464114749,2.26610635886968,0.0222777166603829,0.0183280175888063,0.0036826906191341,0.000267008452442549,2451,282
2020-04-01,2020,2,2020Q2,Pennsylvania,67.260433,67260.433,11.8094746035932,0.340507612445303,39.6495593023584,2020_M7.4_Santa_Maria_Xadani,22.9026894528672,66.983466441571,0.276966558429025,0.995882176993582,1.02502113288716,0.015239585699473,0.0107874812219473,0.00417658573059258,0.000275518746933162,2451,282
2020-04-01,2020,2,2020Q2,Rhode Island,3.973565,3973.565,8.9805661520142,0.204325267971238,39.6495593023584,2020_M7.4_Santa_Maria_Xadani,0.811899733426133,3.93811355417543,0.0354514458245745,0.99107817644242,7.38250980639575e-05,1.85790588713051e-05,1.85667377912806e-05,1.23174026773491e-08,3.67734712597393e-12,2451,282
2020-04-01,2020,2,2020Q2,South Carolina,93.976883,93976.883,12.1439512860638,0.500540220151654,39.6495593023584,2020_M7.4_Santa_Maria_Xadani,47.0392097059863,93.6291855025596,0.34769749744037,0.996300180572701,1.75227231017574,0.0186457802625326,0.0119769720718934,0.00535345971010978,0.00131534848052938,2451,282
2020-04-01,2020,2,2020Q2,South Dakota,10.159849,10159.849,9.9193460417992,0.0882383586826948,39.6495593023584,2020_M7.4_Santa_Maria_Xadani,0.896488400224018,10.108405562652,0.0514434373480247,0.994936594298988,0.00195874468786818,0.000192792696807618,4.12156184793638e-08,0.000192751478518478,2.67066037798968e-12,2451,282
2020-04-01,2020,2,2020Q2,Tennessee,160.745939,160745.939,12.6807275595199,0.4976893157886,39.6495593023584,2020_M7.4_Santa_Maria_Xadani,80.0015363967061,160.023469693779,0.722469306221027,0.995505520632649,4.47160252435766,0.0278178257701282,0.0135683439282083,0.0128379106538698,0.00141157118805003,2451,282
2020-04-01,2020,2,2020Q2,Texas,1768.044188,1768044.188,15.0785316956401,0.0736845577248242,39.6495593023584,2020_M7.4_Santa_Maria_Xadani,130.277554030726,1760.39361687656,7.65057112343893,0.995672862038537,5.07854540673064,0.00287240864295109,0.00210805574162894,0.000584478479387289,0.000179874421934858,2451,282
2020-04-01,2020,2,2020Q2,Utah,81.602832,81602.832,12.0027664268298,0.206840269878751,39.6495593023584,2020_M7.4_Santa_Maria_Xadani,16.8787517937504,81.3361613325015,0.266670667498487,0.996732090529671,0.806705782288217,0.00988575717921428,0.00586814032537877,0.00110320580964635,0.00291441104418917,2451,282
2020-04-01,2020,2,2020Q2,Vermont,1.772271,1772.271,8.17316431416281,0.357857478720559,39.6495593023584,2020_M7.4_Santa_Maria_Xadani,0.634220431669564,1.77227099997145,2.85498980496612e-11,0.999999999983891,1.41781976076563e-07,8.0000167060547e-08,6.57298496842601e-08,1.42660582601635e-08,4.25911612343905e-12,2451,282
2020-04-01,2020,2,2020Q2,Virginia,89.256033,89256.033,12.0924114745873,0.500128584482294,39.6495593023584,2020_M7.4_Santa_Maria_Xadani,44.6394934407949,88.6688569042599,0.587176095740142,0.993421440814649,2.86838826967046,0.0321366318136777,0.0257280506781065,0.00446220472548983,0.00194637641008129,2451,282
2020-04-01,2020,2,2020Q2,Washington,212.514272,212514.272,12.9599116080097,0.534978591283623,39.6495593023584,2020_M7.4_Santa_Maria_Xadani,113.690585862225,209.58947791037,2.92479408962979,0.986237187450499,7.54233033334619,0.0354909355610064,0.0191807231977493,0.0162068281316299,0.000103384231627273,2451,282
2020-04-01,2020,2,2020Q2,West Virginia,7.522713,7522.713,9.61882930813576,0.183107308703866,39.6495593023584,2020_M7.4_Santa_Maria_Xadani,1.37746373158159,7.31486983574232,0.207843164257679,0.972371249008479,0.00138348356254751,0.000183907529444166,0.000183896851901758,1.06743555912449e-08,3.18681721165718e-12,2451,282
2020-04-01,2020,2,2020Q2,Wisconsin,97.316444,97316.444,12.1788704375643,0.445097339600796,39.6495593023584,2020_M7.4_Santa_Maria_Xadani,43.3152903238098,96.8327335537948,0.483710446205234,0.995029509645819,3.51554183114535,0.0361248488605415,0.0265513363333314,0.00952130009047384,5.22124367362528e-05,2451,282
2020-04-01,2020,2,2020Q2,Wyoming,12.64564,12645.64,10.1382149528371,0.0858379315637546,39.6495593023584,2020_M7.4_Santa_Maria_Xadani,1.08547558089988,12.6262542194592,0.0193857805407588,0.998466998859626,0.0450136054057512,0.00355961465024713,0.00355960609221336,8.55547954085942e-09,2.55422907937919e-12,2451,282
2020-07-01,2020,3,2020Q3,Alabama,73.838964,73838.964,11.9027890193482,0,0,"",0,73.5765286404356,0.26243535956445,0.996445841797503,0,0,0,0,0,2451,0
2020-07-01,2020,3,2020Q3,Alaska,23.395421,23395.421,10.7534427794532,0,0,"",0,23.3954209997218,2.78188896839976e-10,0.999999999988109,0,0,0,0,0,2451,0
2020-07-01,2020,3,2020Q3,Arizona,389.95361,389953.61,13.5669302428745,0,0,"",0,389.231769440952,0.72184055904774,0.998148906586484,0,0,0,0,0,2451,0
2020-07-01,2020,3,2020Q3,Arkansas,69.606803,69606.803,11.8437647664103,0,0,"",0,69.3267302460694,0.280072753930635,0.995976359466895,0,0,0,0,0,2451,0
2020-07-01,2020,3,2020Q3,California,3568.875245,3568875.245,15.7809082272518,0,0,"",0,3556.89333556108,11.9819094389209,0.996642665092957,0,0,0,0,0,2451,0
2020-07-01,2020,3,2020Q3,Colorado,279.991825,279991.825,13.2356628658597,0,0,"",0,279.013380318123,0.978444681877088,0.996505452679281,0,0,0,0,0,2451,0
2020-07-01,2020,3,2020Q3,Connecticut,20.642038,20642.038,10.6282321361777,0,0,"",0,20.5710726752771,0.0709653247228815,0.996562096982726,0,0,0,0,0,2451,0
2020-07-01,2020,3,2020Q3,Delaware,14.505098,14505.098,10.2754026345718,0,0,"",0,14.3940864492212,0.111011550778799,0.992346721767836,0,0,0,0,0,2451,0
2020-07-01,2020,3,2020Q3,District Of Columbia,2.572263,2572.263,8.54568855352831,0,0,"",0,2.57226299995401,4.5991658120258e-11,0.99999999998212,0,0,0,0,0,2451,0
2020-07-01,2020,3,2020Q3,Florida,327.498417,327498.417,13.3923856810203,0,0,"",0,326.079290647591,1.41912635240953,0.995666768818582,0,0,0,0,0,2451,0
2020-07-01,2020,3,2020Q3,Georgia,292.576988,292576.988,13.2796302984217,0,0,"",0,291.204923716721,1.3720642832792,0.995310416268011,0,0,0,0,0,2451,0
2020-07-01,2020,3,2020Q3,Hawaii,8.46023,8460.23,9.73627882304471,0,0,"",0,8.46022999986632,1.33681486133078e-10,0.999999999984199,0,0,0,0,0,2451,0
2020-07-01,2020,3,2020Q3,Idaho,49.271931,49271.931,11.4982570276392,0,0,"",0,48.8840005301705,0.387930469829491,0.992126745147669,0,0,0,0,0,2451,0
2020-07-01,2020,3,2020Q3,Illinois,342.201081,342201.081,13.4363009799687,0,0,"",0,341.19651302562,1.00456797437985,0.997064392749888,0,0,0,0,0,2451,0
2020-07-01,2020,3,2020Q3,Indiana,109.051282,109051.282,12.2927207082168,0,0,"",0,108.775101903219,0.276180096780637,0.997467429160708,0,0,0,0,0,2451,0
2020-07-01,2020,3,2020Q3,Iowa,52.385623,52385.623,11.5595346430848,0,0,"",0,52.3378455635334,0.0477774364666151,0.999087966626518,0,0,0,0,0,2451,0
2020-07-01,2020,3,2020Q3,Kansas,73.540233,73540.233,11.8987351038002,0,0,"",0,73.4593717056339,0.0808612943660823,0.998900448216338,0,0,0,0,0,2451,0
2020-07-01,2020,3,2020Q3,Kentucky,65.737062,65737.062,11.7865653356295,0,0,"",0,65.3046857946539,0.432376205346116,0.993422641776322,0,0,0,0,0,2451,0
2020-07-01,2020,3,2020Q3,Louisiana,88.402361,88402.361,12.0828011370058,0,0,"",0,87.9968156205974,0.40554537940257,0.995412505109422,0,0,0,0,0,2451,0
2020-07-01,2020,3,2020Q3,Maine,10.380149,10380.149,9.94079769402498,0,0,"",0,10.3801489997745,2.25493433514338e-10,0.999999999978276,0,0,0,0,0,2451,0
2020-07-01,2020,3,2020Q3,Maryland,43.001239,43001.239,11.3621313889092,0,0,"",0,42.6179397588459,0.383299241154065,0.99108632099754,0,0,0,0,0,2451,0
2020-07-01,2020,3,2020Q3,Massachusetts,23.482264,23482.264,10.7571478727942,0,0,"",0,23.11859595933,0.363668040669972,0.984513075882719,0,0,0,0,0,2451,0
2020-07-01,2020,3,2020Q3,Michigan,131.255435,131255.435,12.4780477696948,0,0,"",0,130.931140640656,0.324294359343978,0.997529288144571,0,0,0,0,0,2451,0
2020-07-01,2020,3,2020Q3,Minnesota,146.731451,146731.451,12.5895065116358,0,0,"",0,145.93692128157,0.79452971843044,0.994585143723342,0,0,0,0,0,2451,0
2020-07-01,2020,3,2020Q3,Mississippi,36.066883,36066.883,11.1862775356121,0,0,"",0,35.7522729725257,0.314610027474299,0.991277038620878,0,0,0,0,0,2451,0
2020-07-01,2020,3,2020Q3,Missouri,84.377447,84377.447,12.0362026098308,0,0,"",0,84.0001973476072,0.377249652392857,0.995529022673643,0,0,0,0,0,2451,0
2020-07-01,2020,3,2020Q3,Montana,12.69994,12699.94,10.142499730136,0,0,"",0,12.6999399998633,1.3669540363918e-10,0.999999999989237,0,0,0,0,0,2451,0
2020-07-01,2020,3,2020Q3,Nebraska,52.922569,52922.569,11.5697323426734,0,0,"",0,52.8348811842115,0.0876878157884898,0.998343092229924,0,0,0,0,0,2451,0
2020-07-01,2020,3,2020Q3,Nevada,125.421662,125421.662,12.4325838160601,0,0,"",0,124.599944544339,0.821717455661377,0.993448360972434,0,0,0,0,0,2451,0
2020-07-01,2020,3,2020Q3,New Hampshire,8.459839,8459.839,9.73623260573941,0,0,"",0,8.41845879739003,0.0413802026099738,0.995108630009392,0,0,0,0,0,2451,0
2020-07-01,2020,3,2020Q3,New Jersey,142.487951,142487.951,12.5601599013022,0,0,"",0,142.076718526799,0.411232473201375,0.997113914051572,0,0,0,0,0,2451,0
2020-07-01,2020,3,2020Q3,New Mexico,79.56282,79562.82,11.9774493578864,0,0,"",0,79.4301573368822,0.132662663117821,0.99833260481318,0,0,0,0,0,2451,0
2020-07-01,2020,3,2020Q3,New York,268.828439,268828.439,13.1949758624493,0,0,"",0,268.110598128726,0.717840871273686,0.997329743557103,0,0,0,0,0,2451,0
2020-07-01,2020,3,2020Q3,North Carolina,249.963334,249963.334,13.1222167026521,0,0,"",0,248.644383061002,1.31895093899779,0.994723422360026,0,0,0,0,0,2451,0
2020-07-01,2020,3,2020Q3,North Dakota,33.971692,33971.692,11.1264300493455,0,0,"",0,33.6811424189778,0.290549581022156,0.991447303212859,0,0,0,0,0,2451,0
2020-07-01,2020,3,2020Q3,Ohio,97.692611,97692.611,12.182728386279,0,0,"",0,97.6651989337543,0.0274120662456667,0.999719404917475,0,0,0,0,0,2451,0
2020-07-01,2020,3,2020Q3,Oklahoma,74.282101,74282.101,11.90877248054,0,0,"",0,74.1399351284379,0.142165871562121,0.998086135560946,0,0,0,0,0,2451,0
2020-07-01,2020,3,2020Q3,Oregon,117.523345,117523.345,12.367539454261,0,0,"",0,117.068108552336,0.455236447664229,0.996126416860716,0,0,0,0,0,2451,0
2020-07-01,2020,3,2020Q3,Pennsylvania,79.712797,79712.797,11.9793325971058,0,0,"",0,79.3430080650261,0.369788934973915,0.99536098407168,0,0,0,0,0,2451,0
2020-07-01,2020,3,2020Q3,Rhode Island,5.384434,5384.434,9.28441466647127,0,0,"",0,5.34583020747048,0.0386037925295254,0.992830482734206,0,0,0,0,0,2451,0
2020-07-01,2020,3,2020Q3,South Carolina,97.776602,97776.602,12.183587764632,0,0,"",0,97.4331439904541,0.343458009545885,0.996487319026019,0,0,0,0,0,2451,0
2020-07-01,2020,3,2020Q3,South Dakota,13.174774,13174.774,10.1792064015625,0,0,"",0,13.1101148296195,0.0646591703805008,0.995092198896125,0,0,0,0,0,2451,0
2020-07-01,2020,3,2020Q3,Tennessee,179.11194,179111.94,12.7889134330611,0,0,"",0,178.215834877816,0.89610512218408,0.994996954853015,0,0,0,0,0,2451,0
2020-07-01,2020,3,2020Q3,Texas,1750.007809,1750007.809,15.0682779887355,0,0,"",0,1740.72930758806,9.27850141193609,0.994698022852116,0,0,0,0,0,2451,0
2020-07-01,2020,3,2020Q3,Utah,84.560987,84560.987,12.0383754732563,0,0,"",0,84.2732579630942,0.287729036905864,0.996597378447039,0,0,0,0,0,2451,0
2020-07-01,2020,3,2020Q3,Vermont,2.264039,2264.039,8.41805289465524,0,0,"",0,2.26403899995916,4.08453134548874e-11,0.999999999981959,0,0,0,0,0,2451,0
2020-07-01,2020,3,2020Q3,Virginia,104.530655,104530.655,12.2503828372336,0,0,"",0,103.799157088128,0.731497911871871,0.993002072819003,0,0,0,0,0,2451,0
2020-07-01,2020,3,2020Q3,Washington,256.719803,256719.803,13.1488876889742,0,0,"",0,253.519040284108,3.20076271589219,0.987532077079803,0,0,0,0,0,2451,0
2020-07-01,2020,3,2020Q3,West Virginia,9.296517,9296.517,9.83054227631625,0,0,"",0,9.06729689888602,0.229220101113982,0.975343443021297,0,0,0,0,0,2451,0
2020-07-01,2020,3,2020Q3,Wisconsin,108.47105,108471.05,12.2873857766645,0,0,"",0,107.835946762523,0.635103237476964,0.994144951694697,0,0,0,0,0,2451,0
2020-07-01,2020,3,2020Q3,Wyoming,14.237052,14237.052,10.2567503228553,0,0,"",0,14.2164749066365,0.0205770933635027,0.99855468018495,0,0,0,0,0,2451,0
2020-10-01,2020,4,2020Q4,Alabama,76.364698,76364.698,11.9364229809083,0,0,"",0,76.1125959241264,0.252102075873592,0.996698709187934,0,0,0,0,0,2451,0
2020-10-01,2020,4,2020Q4,Alaska,19.668427,19668.427,10.5799171198949,0,0,"",0,19.6684269997915,2.08509566575712e-10,0.999999999989399,0,0,0,0,0,2451,0
2020-10-01,2020,4,2020Q4,Arizona,391.731351,391731.351,13.5714787353072,0,0,"",0,391.174310212772,0.557040787227601,0.998578003047738,0,0,0,0,0,2451,0
2020-10-01,2020,4,2020Q4,Arkansas,65.087207,65087.207,11.7766304764476,0,0,"",0,64.8562467761256,0.230960223874459,0.99645152658226,0,0,0,0,0,2451,0
2020-10-01,2020,4,2020Q4,California,3646.357987,3646357.987,15.8023865961922,0,0,"",0,3634.0668723087,12.2911146913014,0.996629207901385,0,0,0,0,0,2451,0
2020-10-01,2020,4,2020Q4,Colorado,282.385428,282385.428,13.2441753632664,0,0,"",0,281.489304103158,0.896123896841979,0.996826592989629,0,0,0,0,0,2451,0
2020-10-01,2020,4,2020Q4,Connecticut,20.623025,20623.025,10.6273106301898,0,0,"",0,20.5705857617748,0.0524392382251995,0.997457247992222,0,0,0,0,0,2451,0
2020-10-01,2020,4,2020Q4,Delaware,13.670749,13670.749,10.2161609016289,0,0,"",0,13.570973542105,0.0997754578949917,0.992701536843739,0,0,0,0,0,2451,0
2020-10-01,2020,4,2020Q4,District Of Columbia,2.613479,2613.479,8.56158478008056,0,0,"",0,2.6134789999569,4.31036530559198e-11,0.999999999983507,0,0,0,0,0,2451,0
2020-10-01,2020,4,2020Q4,Florida,343.837336,343837.336,13.4410711446187,0,0,"",0,342.440937648221,1.39639835177878,0.995938782076363,0,0,0,0,0,2451,0
2020-10-01,2020,4,2020Q4,Georgia,297.909216,297909.216,13.2976912553415,0,0,"",0,296.638390335421,1.27082566457919,0.995734184790782,0,0,0,0,0,2451,0
2020-10-01,2020,4,2020Q4,Hawaii,8.135764,8135.764,9.69717211476161,0,0,"",0,8.1357639998887,1.11304733489533e-10,0.999999999986319,0,0,0,0,0,2451,0
2020-10-01,2020,4,2020Q4,Idaho,47.234672,47234.672,11.4560306588477,0,0,"",0,46.9132945473842,0.32137745261579,0.993196153609031,0,0,0,0,0,2451,0
2020-10-01,2020,4,2020Q4,Illinois,348.47138,348471.38,13.4544585629865,0,0,"",0,347.433479807568,1.03790019243233,0.997021562595952,0,0,0,0,0,2451,0
2020-10-01,2020,4,2020Q4,Indiana,105.303161,105303.161,12.2577458972473,0,0,"",0,105.065051679392,0.238109320608357,0.997738820769033,0,0,0,0,0,2451,0
2020-10-01,2020,4,2020Q4,Iowa,48.2355,48235.5,11.4769977241352,0,0,"",0,48.1814953841925,0.0540046158075173,0.998880396890101,0,0,0,0,0,2451,0
2020-10-01,2020,4,2020Q4,Kansas,72.778543,72778.543,11.8883236323369,0,0,"",0,72.7196970902685,0.0588459097315004,0.999191438749584,0,0,0,0,0,2451,0
2020-10-01,2020,4,2020Q4,Kentucky,62.043494,62043.494,11.7287381148337,0,0,"",0,61.7566840739529,0.286809926047098,0.995377276366043,0,0,0,0,0,2451,0
2020-10-01,2020,4,2020Q4,Louisiana,103.059851,103059.851,12.2362123567049,0,0,"",0,102.738554442814,0.321296557185637,0.996882427501417,0,0,0,0,0,2451,0
2020-10-01,2020,4,2020Q4,Maine,5.233462,5233.462,9.25597547804098,0,0,"",0,5.2334619999072,9.27963526144627e-11,0.999999999982269,0,0,0,0,0,2451,0
2020-10-01,2020,4,2020Q4,Maryland,42.664595,42664.595,11.3542718790646,0,0,"",0,42.3164411743901,0.348153825609945,0.991839748493805,0,0,0,0,0,2451,0
2020-10-01,2020,4,2020Q4,Massachusetts,24.253498,24253.498,10.7894633143706,0,0,"",0,23.8630215656979,0.390476434302123,0.983900201352311,0,0,0,0,0,2451,0
2020-10-01,2020,4,2020Q4,Michigan,115.159805,115159.805,12.3472232320072,0,0,"",0,114.903118909358,0.256686090642418,0.997771044413957,0,0,0,0,0,2451,0
2020-10-01,2020,4,2020Q4,Minnesota,166.620209,166620.209,12.7166194844483,0,0,"",0,165.802157623091,0.818051376909367,0.995090323185771,0,0,0,0,0,2451,0
2020-10-01,2020,4,2020Q4,Mississippi,37.34568,37345.68,11.2211197019601,0,0,"",0,37.0279582209072,0.317721779092753,0.991492408784825,0,0,0,0,0,2451,0
2020-10-01,2020,4,2020Q4,Missouri,75.751904,75751.904,11.9283660389728,0,0,"",0,75.4825390974925,0.269364902507542,0.996444117067902,0,0,0,0,0,2451,0
2020-10-01,2020,4,2020Q4,Montana,6.974771,6974.771,9.54320196030834,0,0,"",0,6.97477099993133,6.8671512777345e-11,0.999999999990154,0,0,0,0,0,2451,0
2020-10-01,2020,4,2020Q4,Nebraska,48.661005,48661.005,11.4857804503039,0,0,"",0,48.5951967292621,0.0658082707379442,0.998647617928607,0,0,0,0,0,2451,0
2020-10-01,2020,4,2020Q4,Nevada,123.961576,123961.576,12.4208741061757,0,0,"",0,123.214702172318,0.746873827681703,0.993974956984399,0,0,0,0,0,2451,0
2020-10-01,2020,4,2020Q4,New Hampshire,7.744099,7744.099,9.64783359769423,0,0,"",0,7.71292151923475,0.0311774807652464,0.995974033807516,0,0,0,0,0,2451,0
2020-10-01,2020,4,2020Q4,New Jersey,137.280774,137280.774,12.522930733391,0,0,"",0,136.907623750132,0.373150249868382,0.997281846255701,0,0,0,0,0,2451,0
2020-10-01,2020,4,2020Q4,New Mexico,69.439993,69439.993,11.8413654291396,0,0,"",0,69.3576999697689,0.0822930302311617,0.998814904399095,0,0,0,0,0,2451,0
2020-10-01,2020,4,2020Q4,New York,265.933689,265933.689,13.1841494477758,0,0,"",0,265.221461259519,0.712227740480794,0.997321784452511,0,0,0,0,0,2451,0
2020-10-01,2020,4,2020Q4,North Carolina,234.5134,234513.4,13.0584151886575,0,0,"",0,233.304427242343,1.20897275765714,0.994844760437326,0,0,0,0,0,2451,0
2020-10-01,2020,4,2020Q4,North Dakota,24.513762,24513.762,10.8001371340921,0,0,"",0,24.3377946704002,0.175967329599773,0.992821692174389,0,0,0,0,0,2451,0
2020-10-01,2020,4,2020Q4,Ohio,85.353991,85353.991,12.047709668122,0,0,"",0,85.332480027406,0.0215109725940353,0.999747979299597,0,0,0,0,0,2451,0
2020-10-01,2020,4,2020Q4,Oklahoma,72.680578,72680.578,11.886976655755,0,0,"",0,72.560496495109,0.120081504891018,0.998347818520499,0,0,0,0,0,2451,0
2020-10-01,2020,4,2020Q4,Oregon,116.186634,116186.634,12.3561002715449,0,0,"",0,115.720912865028,0.465721134972417,0.995991611780642,0,0,0,0,0,2451,0
2020-10-01,2020,4,2020Q4,Pennsylvania,74.511046,74511.046,11.9118498424383,0,0,"",0,74.208390641994,0.302655358005991,0.995938114222608,0,0,0,0,0,2451,0
2020-10-01,2020,4,2020Q4,Rhode Island,5.088639,5088.639,9.22791287697148,0,0,"",0,5.04557180846367,0.0430671915363298,0.991536599169969,0,0,0,0,0,2451,0
2020-10-01,2020,4,2020Q4,South Carolina,95.206711,95206.711,12.1569528925799,0,0,"",0,94.8621273644712,0.344583635528766,0.996380679135857,0,0,0,0,0,2451,0
2020-10-01,2020,4,2020Q4,South Dakota,10.931391,10931.391,9.99254102013511,0,0,"",0,10.8721218433478,0.0592691566522317,0.994578077332315,0,0,0,0,0,2451,0
2020-10-01,2020,4,2020Q4,Tennessee,179.571492,179571.492,12.7914758723067,0,0,"",0,178.758201292456,0.813290707544428,0.99547093640262,0,0,0,0,0,2451,0
2020-10-01,2020,4,2020Q4,Texas,1733.995324,1733995.324,15.0590859202239,0,0,"",0,1726.18677091794,7.80855308206299,0.995496785386912,0,0,0,0,0,2451,0
2020-10-01,2020,4,2020Q4,Utah,85.209495,85209.495,12.0460153308644,0,0,"",0,84.9331670634219,0.276327936578117,0.996757075762764,0,0,0,0,0,2451,0
2020-10-01,2020,4,2020Q4,Vermont,2.285901,2285.901,8.42766276473405,0,0,"",0,2.28590099996279,3.72119680113951e-11,0.999999999983721,0,0,0,0,0,2451,0
2020-10-01,2020,4,2020Q4,Virginia,106.118482,106118.482,12.2654586841706,0,0,"",0,105.453894601634,0.66458739836591,0.993737307716427,0,0,0,0,0,2451,0
2020-10-01,2020,4,2020Q4,Washington,218.04364,218043.64,12.9855976857886,0,0,"",0,215.070665637334,2.97297436266601,0.986365232378867,0,0,0,0,0,2451,0
2020-10-01,2020,4,2020Q4,West Virginia,9.790319,9790.319,9.88229650243154,0,0,"",0,9.54038343861689,0.249935561383109,0.97447115243302,0,0,0,0,0,2451,0
2020-10-01,2020,4,2020Q4,Wisconsin,108.770096,108770.096,12.2901389032649,0,0,"",0,108.187842096251,0.58225390374911,0.994646930313005,0,0,0,0,0,2451,0
2020-10-01,2020,4,2020Q4,Wyoming,13.136722,13136.722,10.1763139756496,0,0,"",0,13.1154110160374,0.0213109839626217,0.998377754818697,0,0,0,0,0,2451,0
2021-01-01,2021,1,2021Q1,Alabama,76.072578,76072.578,11.9325903178586,0,0,"",0,75.8853671360697,0.187210863930336,0.997539049301966,0,0,0,0,0,2451,0
2021-01-01,2021,1,2021Q1,Alaska,12.350627,12350.627,10.1146092921971,0,0,"",0,12.3506269998699,1.30109265533829e-10,0.999999999989465,0,0,0,0,0,2451,0
2021-01-01,2021,1,2021Q1,Arizona,430.740971,430740.971,13.6664093736174,0,0,"",0,429.963568153002,0.7774028469978,0.998195196418876,0,0,0,0,0,2451,0
2021-01-01,2021,1,2021Q1,Arkansas,55.714565,55714.565,11.6211440624989,0,0,"",0,55.5850549466235,0.129510053376551,0.997675472232861,0,0,0,0,0,2451,0
2021-01-01,2021,1,2021Q1,California,3769.545474,3769545.474,15.83561216879,0,0,"",0,3754.48001735492,15.0654566450747,0.996003375805124,0,0,0,0,0,2451,0
2021-01-01,2021,1,2021Q1,Colorado,257.114459,257114.459,13.1504238110539,0,0,"",0,256.088610847996,1.02584815200374,0.996010149892023,0,0,0,0,0,2451,0
2021-01-01,2021,1,2021Q1,Connecticut,19.359744,19359.744,10.5640983188296,0,0,"",0,19.3163290132683,0.043414986731747,0.997757460701353,0,0,0,0,0,2451,0
2021-01-01,2021,1,2021Q1,Delaware,12.113188,12113.188,10.0951972376753,0,0,"",0,12.0889687105954,0.0242192894045644,0.998000585031409,0,0,0,0,0,2451,0
2021-01-01,2021,1,2021Q1,District Of Columbia,2.576229,2576.229,8.54722919901644,0,0,"",0,2.52995995814568,0.0462690418543213,0.982040012027533,0,0,0,0,0,2451,0
2021-01-01,2021,1,2021Q1,Florida,399.471022,399471.022,13.5910436864496,0,0,"",0,398.300501341963,1.17052065803727,0.997069823357457,0,0,0,0,0,2451,0
2021-01-01,2021,1,2021Q1,Georgia,288.743847,288743.847,13.2664424120631,0,0,"",0,287.315585888964,1.4282611110365,0.995053535769244,0,0,0,0,0,2451,0
2021-01-01,2021,1,2021Q1,Hawaii,8.541367,8541.367,9.74582352821707,0,0,"",0,8.54136699989489,1.05103531636678e-10,0.999999999987695,0,0,0,0,0,2451,0
2021-01-01,2021,1,2021Q1,Idaho,39.511363,39511.363,11.277490761126,0,0,"",0,39.238180720299,0.273182279700994,0.993085981880681,0,0,0,0,0,2451,0
2021-01-01,2021,1,2021Q1,Illinois,357.888382,357888.382,13.4811236152077,0,0,"",0,356.902484069614,0.985897930386426,0.997245236280438,0,0,0,0,0,2451,0
2021-01-01,2021,1,2021Q1,Indiana,111.432317,111432.317,12.3143198437282,0,0,"",0,111.049393896464,0.382923103535517,0.996563626119921,0,0,0,0,0,2451,0
2021-01-01,2021,1,2021Q1,Iowa,43.74594,43745.94,11.3793012681702,0,0,"",0,43.6791237170238,0.0668162829761763,0.998472628934795,0,0,0,0,0,2451,0
2021-01-01,2021,1,2021Q1,Kansas,68.667313,68667.313,11.8301757522936,0,0,"",0,68.5724837656746,0.0948292343253958,0.998619004731911,0,0,0,0,0,2451,0
2021-01-01,2021,1,2021Q1,Kentucky,50.264105,50264.105,11.5181936637097,0,0,"",0,50.0519129653679,0.212192034632135,0.995778457914805,0,0,0,0,0,2451,0
2021-01-01,2021,1,2021Q1,Louisiana,104.510219,104510.219,12.2501873156624,0,0,"",0,103.991442404941,0.518776595058606,0.995036116084891,0,0,0,0,0,2451,0
2021-01-01,2021,1,2021Q1,Maine,3.59409,3594.09,8.88019330867975,0,0,"",0,3.59408999995133,4.86695466328965e-11,0.999999999986458,0,0,0,0,0,2451,0
2021-01-01,2021,1,2021Q1,Maryland,49.060123,49060.123,11.4939490056073,0,0,"",0,48.5739001050755,0.486222894924524,0.990089244274326,0,0,0,0,0,2451,0
2021-01-01,2021,1,2021Q1,Massachusetts,26.95462,26954.62,10.8950571711204,0,0,"",0,26.8478389121119,0.1067810878881,0.996038486616094,0,0,0,0,0,2451,0
2021-01-01,2021,1,2021Q1,Michigan,104.063966,104063.966,12.2459082273284,0,0,"",0,103.799343076216,0.26462292378444,0.997457112832078,0,0,0,0,0,2451,0
2021-01-01,2021,1,2021Q1,Minnesota,173.179703,173179.703,12.75523226059,0,0,"",0,172.504628949854,0.675074050145562,0.996101887008401,0,0,0,0,0,2451,0
2021-01-01,2021,1,2021Q1,Mississippi,32.337943,32337.943,11.077143706465,0,0,"",0,32.0092983186225,0.328644681377487,0.989837180386598,0,0,0,0,0,2451,0
2021-01-01,2021,1,2021Q1,Missouri,66.541854,66541.854,11.7987335927403,0,0,"",0,66.4101816271592,0.131672372840783,0.998021209736044,0,0,0,0,0,2451,0
2021-01-01,2021,1,2021Q1,Montana,5.849539,5849.539,9.36726532156818,0,0,"",0,5.81713103080091,0.0324079691990914,0.994459739613824,0,0,0,0,0,2451,0
2021-01-01,2021,1,2021Q1,Nebraska,48.808721,48808.721,11.488811465556,0,0,"",0,48.6623142561208,0.146406743879165,0.997000397861703,0,0,0,0,0,2451,0
2021-01-01,2021,1,2021Q1,Nevada,128.548193,128548.193,12.4572063363831,0,0,"",0,128.175017207641,0.373175792358623,0.997096996981057,0,0,0,0,0,2451,0
2021-01-01,2021,1,2021Q1,New Hampshire,7.084833,7084.833,9.55885876646303,0,0,"",0,7.08483299991445,8.5552005083472e-11,0.999999999987925,0,0,0,0,0,2451,0
2021-01-01,2021,1,2021Q1,New Jersey,138.259444,138259.444,12.5300344086553,0,0,"",0,137.707169047898,0.552274952102198,0.996005517336652,0,0,0,0,0,2451,0
2021-01-01,2021,1,2021Q1,New Mexico,72.599238,72599.238,11.8858568854974,0,0,"",0,72.3818318874583,0.217406112541724,0.997005394016095,0,0,0,0,0,2451,0
2021-01-01,2021,1,2021Q1,New York,241.408536,241408.536,13.0873931279823,0,0,"",0,240.746537453774,0.661998546225651,0.997257766617558,0,0,0,0,0,2451,0
2021-01-01,2021,1,2021Q1,North Carolina,211.085919,211085.919,12.9531677091929,0,0,"",0,210.027779859369,1.05813914063069,0.99498716377841,0,0,0,0,0,2451,0
2021-01-01,2021,1,2021Q1,North Dakota,14.982137,14982.137,10.3077610854462,0,0,"",0,14.9821369998482,1.51827793274909e-10,0.999999999989866,0,0,0,0,0,2451,0
2021-01-01,2021,1,2021Q1,Ohio,76.743614,76743.614,11.9413726373784,0,0,"",0,76.4230602475202,0.320553752479843,0.995823056333002,0,0,0,0,0,2451,0
2021-01-01,2021,1,2021Q1,Oklahoma,69.81196,69811.96,11.8467078013884,0,0,"",0,69.6342220705658,0.177737929434221,0.997454047566717,0,0,0,0,0,2451,0
2021-01-01,2021,1,2021Q1,Oregon,107.132947,107132.947,12.2749730180943,0,0,"",0,106.575700276874,0.557246723125683,0.994798549477728,0,0,0,0,0,2451,0
2021-01-01,2021,1,2021Q1,Pennsylvania,65.21341,65213.41,11.7785675822319,0,0,"",0,65.010598295174,0.202811704826035,0.99689003067274,0,0,0,0,0,2451,0
2021-01-01,2021,1,2021Q1,Rhode Island,5.026413,5026.413,9.21560907788462,0,0,"",0,4.97441026771767,0.0520027322823333,0.989654106759167,0,0,0,0,0,2451,0
2021-01-01,2021,1,2021Q1,South Carolina,93.375864,93375.864,12.137535355993,0,0,"",0,92.8882609065532,0.487603093446808,0.994778060704779,0,0,0,0,0,2451,0
2021-01-01,2021,1,2021Q1,South Dakota,8.288664,8288.664,9.71579126131913,0,0,"",0,8.24899581830454,0.0396681816954646,0.995214164587265,0,0,0,0,0,2451,0
2021-01-01,2021,1,2021Q1,Tennessee,164.260987,164260.987,12.7023590066119,0,0,"",0,163.588467022953,0.672519977047161,0.995905783903227,0,0,0,0,0,2451,0
2021-01-01,2021,1,2021Q1,Texas,1742.697507,1742697.507,15.0640919426689,0,0,"",0,1736.24403799426,6.45346900573775,0.996296850727211,0,0,0,0,0,2451,0
2021-01-01,2021,1,2021Q1,Utah,85.496364,85496.364,12.0493763082989,0,0,"",0,85.1549369697234,0.341427030276592,0.996006531572774,0,0,0,0,0,2451,0
2021-01-01,2021,1,2021Q1,Vermont,2.008033,2008.033,8.29805815750041,0,0,"",0,2.00803299998106,1.89392378814204e-11,0.999999999990568,0,0,0,0,0,2451,0
2021-01-01,2021,1,2021Q1,Virginia,100.125434,100125.434,12.2073261995279,0,0,"",0,99.4038078419397,0.721626158060261,0.992792778725331,0,0,0,0,0,2451,0
2021-01-01,2021,1,2021Q1,Washington,190.377052,190377.052,12.8499090494324,0,0,"",0,188.439159744643,1.93789225535708,0.989820767603035,0,0,0,0,0,2451,0
2021-01-01,2021,1,2021Q1,West Virginia,8.330527,8330.527,9.72082918262822,0,0,"",0,8.33052699988213,1.1787158995314e-10,0.999999999985851,0,0,0,0,0,2451,0
2021-01-01,2021,1,2021Q1,Wisconsin,102.453488,102453.488,12.2303113795473,0,0,"",0,101.987318671597,0.466169328402941,0.995449941846753,0,0,0,0,0,2451,0
2021-01-01,2021,1,2021Q1,Wyoming,11.937046,11937.046,10.0805491349666,0,0,"",0,11.9096383986246,0.0274076013753543,0.997703987956874,0,0,0,0,0,2451,0
2021-04-01,2021,2,2021Q2,Alabama,89.08712,89087.12,12.0905172269231,0,0,"",0,88.8624595786843,0.224660421315712,0.997478194139448,0,0,0,0,0,2451,0
2021-04-01,2021,2,2021Q2,Alaska,9.847633,9847.633,9.88813358385774,0,0,"",0,9.84763299988786,1.12134873016712e-10,0.999999999988613,0,0,0,0,0,2451,0
2021-04-01,2021,2,2021Q2,Arizona,499.653231,499653.231,13.8148167793565,0,0,"",0,498.723149172253,0.930081827746688,0.998138545354975,0,0,0,0,0,2451,0
2021-04-01,2021,2,2021Q2,Arkansas,77.727563,77727.563,11.9541123902178,0,0,"",0,77.5458573240627,0.181705675937336,0.997662274887773,0,0,0,0,0,2451,0
2021-04-01,2021,2,2021Q2,California,4471.374114,4471374.114,16.0063535079632,0,0,"",0,4453.50863091336,17.8654830866447,0.996004475887914,0,0,0,0,0,2451,0
2021-04-01,2021,2,2021Q2,Colorado,317.559005,317559.005,13.3615661031304,0,0,"",0,316.237539946743,1.32146505325654,0.995838678694511,0,0,0,0,0,2451,0
2021-04-01,2021,2,2021Q2,Connecticut,25.610843,25610.843,10.8439182764223,0,0,"",0,25.5474982684067,0.0633447315933425,0.997526644023653,0,0,0,0,0,2451,0
2021-04-01,2021,2,2021Q2,Delaware,15.633648,15633.648,10.3503279750783,0,0,"",0,15.6027954133513,0.0308525866486822,0.998026526716689,0,0,0,0,0,2451,0
2021-04-01,2021,2,2021Q2,District Of Columbia,2.873892,2873.892,8.65656969847381,0,0,"",0,2.8190799470848,0.0548120529152001,0.980927587774628,0,0,0,0,0,2451,0
2021-04-01,2021,2,2021Q2,Florida,470.71534,470715.34,13.7551559971792,0,0,"",0,469.304950193259,1.41038980674058,0.997003730945457,0,0,0,0,0,2451,0
2021-04-01,2021,2,2021Q2,Georgia,407.684997,407684.997,13.6113972695747,0,0,"",0,405.659382262132,2.02561473786816,0.995031421924344,0,0,0,0,0,2451,0
2021-04-01,2021,2,2021Q2,Hawaii,11.067542,11067.542,10.004919142095,0,0,"",0,11.0675419998577,1.42288760799342e-10,0.999999999987144,0,0,0,0,0,2451,0
2021-04-01,2021,2,2021Q2,Idaho,59.441076,59441.076,11.6858879621465,0,0,"",0,59.0275069534177,0.413569046582311,0.993042369445292,0,0,0,0,0,2451,0
2021-04-01,2021,2,2021Q2,Illinois,412.726723,412726.723,13.6236881458414,0,0,"",0,411.583485870439,1.14323712956147,0.99723003850768,0,0,0,0,0,2451,0
2021-04-01,2021,2,2021Q2,Indiana,145.583625,145583.625,12.5816531233324,0,0,"",0,145.065783481445,0.517841518555413,0.996442996122981,0,0,0,0,0,2451,0
2021-04-01,2021,2,2021Q2,Iowa,56.535545,56535.545,11.635772015007,0,0,"",0,56.4482186812238,0.0873263187761708,0.998455373185557,0,0,0,0,0,2451,0
2021-04-01,2021,2,2021Q2,Kansas,86.681372,86681.372,12.0631414644524,0,0,"",0,86.569369337392,0.112002662607985,0.998707880828098,0,0,0,0,0,2451,0
2021-04-01,2021,2,2021Q2,Kentucky,67.456089,67456.089,11.8123793124536,0,0,"",0,67.1634075700309,0.292681429969138,0.995661156252786,0,0,0,0,0,2451,0
2021-04-01,2021,2,2021Q2,Louisiana,137.397377,137397.377,12.5237797489139,0,0,"",0,136.690283105336,0.70709389466351,0.994853657980214,0,0,0,0,0,2451,0
2021-04-01,2021,2,2021Q2,Maine,4.659532,4659.532,9.13981748496651,0,0,"",0,4.65953199993352,6.64799102798919e-11,0.999999999985733,0,0,0,0,0,2451,0
2021-04-01,2021,2,2021Q2,Maryland,69.318847,69318.847,11.8396192912968,0,0,"",0,68.6566718027931,0.662175197206909,0.990447400297831,0,0,0,0,0,2451,0
2021-04-01,2021,2,2021Q2,Massachusetts,37.504496,37504.496,11.2253632788429,0,0,"",0,37.3426836080889,0.161812391911161,0.995685520159739,0,0,0,0,0,2451,0
2021-04-01,2021,2,2021Q2,Michigan,139.369065,139369.065,12.538028017903,0,0,"",0,138.995168860092,0.373896139908184,0.997317222872176,0,0,0,0,0,2451,0
2021-04-01,2021,2,2021Q2,Minnesota,223.744792,223744.792,13.0114085404535,0,0,"",0,222.879575773397,0.865216226603076,0.996133021828713,0,0,0,0,0,2451,0
2021-04-01,2021,2,2021Q2,Mississippi,42.347364,42347.364,11.346808635631,0,0,"",0,41.8888937189186,0.458470281081404,0.989173581593381,0,0,0,0,0,2451,0
2021-04-01,2021,2,2021Q2,Missouri,90.809137,90809.137,12.1096623678703,0,0,"",0,90.6271882807623,0.181948719237689,0.997996361101442,0,0,0,0,0,2451,0
2021-04-01,2021,2,2021Q2,Montana,11.005978,11005.978,9.99934104133184,0,0,"",0,10.9507623147078,0.0552156852922191,0.994983118693112,0,0,0,0,0,2451,0
2021-04-01,2021,2,2021Q2,Nebraska,58.79251,58792.51,11.674916925453,0,0,"",0,58.6137659929352,0.178744007064848,0.996959748664161,0,0,0,0,0,2451,0
2021-04-01,2021,2,2021Q2,Nevada,153.634302,153634.302,12.6354775756465,0,0,"",0,153.174024333804,0.460277666195541,0.997004069662805,0,0,0,0,0,2451,0
2021-04-01,2021,2,2021Q2,New Hampshire,11.119329,11119.329,10.0095874068393,0,0,"",0,11.1193289998623,1.376673751111e-10,0.999999999987619,0,0,0,0,0,2451,0
2021-04-01,2021,2,2021Q2,New Jersey,169.833099,169833.099,12.7357186437604,0,0,"",0,169.125716939157,0.707382060843301,0.995834839822105,0,0,0,0,0,2451,0
2021-04-01,2021,2,2021Q2,New Mexico,89.985704,89985.704,12.1005532728417,0,0,"",0,89.6856488618254,0.300055138174619,0.996665524357351,0,0,0,0,0,2451,0
2021-04-01,2021,2,2021Q2,New York,304.881622,304881.622,13.3208260362222,0,0,"",0,304.03795788487,0.843664115130033,0.997232814134235,0,0,0,0,0,2451,0
2021-04-01,2021,2,2021Q2,North Carolina,268.921711,268921.711,13.1953227596131,0,0,"",0,267.598904899892,1.32280610010786,0.995081073613622,0,0,0,0,0,2451,0
2021-04-01,2021,2,2021Q2,North Dakota,34.651469,34651.469,11.1462425798699,0,0,"",0,34.6514689996239,3.76132624372095e-10,0.999999999989145,0,0,0,0,0,2451,0
2021-04-01,2021,2,2021Q2,Ohio,107.793335,107793.335,12.2811182886688,0,0,"",0,107.328437065364,0.464897934635856,0.995687136550364,0,0,0,0,0,2451,0
2021-04-01,2021,2,2021Q2,Oklahoma,85.947849,85947.849,12.0546431649136,0,0,"",0,85.7300177027287,0.217831297271257,0.997465541025102,0,0,0,0,0,2451,0
2021-04-01,2021,2,2021Q2,Oregon,123.778635,123778.635,12.4193972281791,0,0,"",0,123.150018678364,0.628616321636157,0.994921447294712,0,0,0,0,0,2451,0
2021-04-01,2021,2,2021Q2,Pennsylvania,93.25571,93255.71,12.136247749464,0,0,"",0,92.9463874544456,0.30932254555436,0.996683071250497,0,0,0,0,0,2451,0
2021-04-01,2021,2,2021Q2,Rhode Island,6.199181,6199.181,9.42531965259875,0,0,"",0,6.14037623029972,0.0588047697002855,0.990514106669851,0,0,0,0,0,2451,0
2021-04-01,2021,2,2021Q2,South Carolina,116.04134,116041.34,12.3548489664893,0,0,"",0,115.439766266627,0.601573733373432,0.994815867057607,0,0,0,0,0,2451,0
2021-04-01,2021,2,2021Q2,South Dakota,11.991591,11991.591,10.0851081154286,0,0,"",0,11.9393926175239,0.0521983824761142,0.995647084488112,0,0,0,0,0,2451,0
2021-04-01,2021,2,2021Q2,Tennessee,210.614252,210614.252,12.9509307302722,0,0,"",0,209.7550294536,0.85922254639991,0.995920396942559,0,0,0,0,0,2451,0
2021-04-01,2021,2,2021Q2,Texas,2163.976403,2163976.403,15.2806051951052,0,0,"",0,2155.92393748002,8.05246551997857,0.996278857057399,0,0,0,0,0,2451,0
2021-04-01,2021,2,2021Q2,Utah,104.882546,104882.546,12.2537435740879,0,0,"",0,104.457822270137,0.424723729862751,0.995950482267443,0,0,0,0,0,2451,0
2021-04-01,2021,2,2021Q2,Vermont,1.892098,1892.098,8.23858879570223,0,0,"",0,1.89209799998182,1.81779286334995e-11,0.999999999990393,0,0,0,0,0,2451,0
2021-04-01,2021,2,2021Q2,Virginia,127.75162,127751.62,12.4509903695784,0,0,"",0,126.809881737419,0.941738262580681,0.992628365397005,0,0,0,0,0,2451,0
2021-04-01,2021,2,2021Q2,Washington,250.909512,250909.512,13.1259948237183,0,0,"",0,248.466537552022,2.44297444797796,0.990263523975217,0,0,0,0,0,2451,0
2021-04-01,2021,2,2021Q2,West Virginia,11.418258,11418.258,10.0361161146476,0,0,"",0,11.4182579998315,1.68481830308134e-10,0.999999999985245,0,0,0,0,0,2451,0
2021-04-01,2021,2,2021Q2,Wisconsin,121.537924,121537.924,12.4011288053239,0,0,"",0,121.009043500703,0.528880499296586,0.995648432342019,0,0,0,0,0,2451,0
2021-04-01,2021,2,2021Q2,Wyoming,15.280766,15280.766,10.3274973739847,0,0,"",0,15.2454315275299,0.0353344724701417,0.997687650444347,0,0,0,0,0,2451,0
2021-07-01,2021,3,2021Q3,Alabama,86.664484,86664.484,12.0629466169903,1.28253080047343,46.1879140457475,2021_M7.0_acapulco,111.149870037137,86.4447295841505,0.219754415849511,0.997464308264392,3.28537537858953,0.0379091321721771,0.00579856400169835,0.00259984932057031,0.0295107188499084,2451,41
2021-07-01,2021,3,2021Q3,Alaska,13.665704,13665.704,10.2157917974116,0.281769687024349,46.1879140457475,2021_M7.0_acapulco,3.85058113904739,13.6657039998342,1.65802805001345e-10,0.999999999987867,0.00617266426263844,0.000451690177296277,0.000451690172110022,2.08811964568963e-12,3.09813516951539e-12,2451,41
2021-07-01,2021,3,2021Q3,Arizona,465.679483,465679.483,13.7444000523017,0.565066228717047,46.1879140457475,2021_M7.0_acapulco,263.139749249714,464.788655232037,0.890827767962798,0.998087036684065,7.51145397804464,0.0161300943079011,0.00530562299684114,0.00134695532733114,0.00947751598372884,2451,41
2021-07-01,2021,3,2021Q3,Arkansas,80.582591,80582.591,11.9901850932076,1.07309737664062,46.1879140457475,2021_M7.0_acapulco,86.4729670050043,80.3979171621194,0.184673837880619,0.997708266319203,2.68077071526896,0.0332673680754315,0.00556745087497697,0.00261746717285349,0.0250824500276011,2451,41
2021-07-01,2021,3,2021Q3,California,4456.135246,4456135.246,16.0029395921249,0.942466579860608,46.1879140457475,2021_M7.0_acapulco,4199.75854469393,4438.30336193928,17.8318840607218,0.995998352142312,111.09963860394,0.0249318372245698,0.00835478069200041,0.00353369338851529,0.0130433631440541,2451,41
2021-07-01,2021,3,2021Q3,Colorado,321.681897,321681.897,13.374465619281,0.786347535076513,46.1879140457475,2021_M7.0_acapulco,252.953766784687,320.327264554866,1.35463244513375,0.99578890681208,9.86223331246347,0.0306583410643822,0.00604814980058589,0.00563192763829636,0.0189782636255,2451,41
2021-07-01,2021,3,2021Q3,Connecticut,28.648898,28648.898,10.9560174380443,0.89404979477945,46.1879140457475,2021_M7.0_acapulco,25.6135413775574,28.5711476119579,0.0777503880421254,0.997286094982008,0.452022204844401,0.0157779962372166,0.0101831447092502,0.00087470170739689,0.00472014982056946,2451,41
2021-07-01,2021,3,2021Q3,Delaware,16.864751,16864.751,10.4261281645209,0.889860004644955,46.1879140457475,2021_M7.0_acapulco,15.007267403196,16.8320037294871,0.0327472705128923,0.998058241683326,0.151474743709139,0.0089817361495073,0.0027341424423805,0.00204979296343507,0.00419780074369174,2451,41
2021-07-01,2021,3,2021Q3,District Of Columbia,3.488925,3488.925,8.85049614592291,1.58947520089971,46.1879140457475,2021_M7.0_acapulco,5.54555976529904,3.42622559444048,0.0626994055595222,0.982029018806789,0.3765214461143,0.107919042717829,0.0967648181353489,0.00453219725129288,0.00662202733118685,2451,41
2021-07-01,2021,3,2021Q3,Florida,416.501911,416501.911,13.6327935093752,0.590846441930781,46.1879140457475,2021_M7.0_acapulco,246.088672171721,415.310502191378,1.19140880862213,0.99713948777387,8.57345241684735,0.0205844251620909,0.013388012069881,0.00160394444223635,0.00559246864997356,2451,41
2021-07-01,2021,3,2021Q3,Georgia,380.93907,380939.07,13.5435419006219,1.53406740313971,46.1879140457475,2021_M7.0_acapulco,584.386209869355,379.043374646011,1.89569535398912,0.995023625815044,17.3090386049665,0.0454378139920552,0.007859902115306,0.00534542007572509,0.0322324918010241,2451,41
2021-07-01,2021,3,2021Q3,Hawaii,12.351952,12351.952,10.1147165684452,0.555585693880116,46.1879140457475,2021_M7.0_acapulco,6.86256782269389,12.3519519998352,1.64787398892734e-10,0.999999999986659,0.0061348617598482,0.000496671437830086,0.000496671432127361,2.29606362705038e-12,3.40666086308503e-12,2451,41
2021-07-01,2021,3,2021Q3,Idaho,64.698054,64698.054,11.7706335833766,0.455362951472456,46.1879140457475,2021_M7.0_acapulco,29.4610968239643,64.1994317098015,0.498622290198458,0.992293086741087,0.542985398168173,0.00839260788536503,0.00273854387988942,0.00224144497256167,0.00341261903291395,2451,41
2021-07-01,2021,3,2021Q3,Illinois,426.260854,426260.854,13.6559539517466,1.11040442420673,46.1879140457475,2021_M7.0_acapulco,473.321938147738,425.077021305882,1.18383269411839,0.997222750616179,11.0745606459617,0.0259807123784389,0.0103911792158164,0.00248674533657109,0.0131027878260514,2451,41
2021-07-01,2021,3,2021Q3,Indiana,156.514327,156514.327,12.6540500116683,0.669599884709638,46.1879140457475,2021_M7.0_acapulco,104.801975314607,155.95997114084,0.55435585916031,0.996458114283938,2.14546384573004,0.0137077792611921,0.00419874682248234,0.00292393704687857,0.00658509539183117,2451,41
2021-07-01,2021,3,2021Q3,Iowa,64.680061,64680.061,11.7703554374148,0.592551137909036,46.1879140457475,2021_M7.0_acapulco,38.3262437455759,64.5808647638523,0.0991962361476719,0.998466355247444,1.06428801180623,0.0164546538044581,0.00606736186828488,0.00420985044800644,0.00617744148816677,2451,41
2021-07-01,2021,3,2021Q3,Kansas,87.964339,87964.339,12.0778339532849,0.488781246088352,46.1879140457475,2021_M7.0_acapulco,42.9953192277582,87.8598356307947,0.104503369205318,0.998811980282085,1.42456855032676,0.0161948417565755,0.00604332204775246,0.00324624805040361,0.00690527165841938,2451,41
2021-07-01,2021,3,2021Q3,Kentucky,77.050509,77050.509,11.9453636274284,0.840134131496382,46.1879140457475,2021_M7.0_acapulco,64.7327624600692,76.7198189692326,0.330690030767365,0.995708139568976,2.0240555422315,0.026269204039022,0.010942087456781,0.00322572081041311,0.012101395771828,2451,41
2021-07-01,2021,3,2021Q3,Louisiana,111.81575,111815.75,12.3177548869262,0.462427008544042,46.1879140457475,2021_M7.0_acapulco,51.7066227806085,111.252087726076,0.563662273924123,0.99495900824415,1.37033354649709,0.0122552819839521,0.00446826869646031,0.00109429134624349,0.00669272194124829,2451,41
2021-07-01,2021,3,2021Q3,Maine,14.706147,14706.147,10.2891680303421,1.16865172978954,46.1879140457475,2021_M7.0_acapulco,17.1863641300892,14.706146999774,2.2595946445649e-10,0.999999999984635,1.27474490564827,0.0866810936711209,0.07392218934029,2.6444000058104e-12,0.0127589043281865,2451,41
2021-07-01,2021,3,2021Q3,Maryland,60.749005,60749.005,11.7076531630955,1.24179673169,46.1879140457475,2021_M7.0_acapulco,75.4379158624195,60.1376685801544,0.611336419845558,0.989936684233008,1.22030175467098,0.02008760068862,0.00641293070050066,0.0018391517484285,0.0118355182396909,2451,41
2021-07-01,2021,3,2021Q3,Massachusetts,40.054385,40054.385,11.2911406153587,1.0011185714535,46.1879140457475,2021_M7.0_acapulco,40.0991886916487,39.8851599989027,0.169225001097317,0.995775119226089,2.7481370940717,0.0686101432857276,0.0615274340615792,0.00088122703968021,0.00620148218446823,2451,41
2021-07-01,2021,3,2021Q3,Michigan,156.122956,156122.956,12.6515463358387,0.604954039123923,46.1879140457475,2021_M7.0_acapulco,94.4472128321665,155.706330390964,0.416625609035781,0.997331426334025,2.90259822769936,0.0185917452632614,0.0117889139569931,0.000811652966313508,0.00599117833995472,2451,41
2021-07-01,2021,3,2021Q3,Minnesota,252.230648,252230.648,13.1312463982947,1.01285427967284,46.1879140457475,2021_M7.0_acapulco,255.472891291453,251.238035943792,0.992612056208043,0.996064665162308,6.15212232800347,0.024390859623068,0.0108356740542327,0.00472230029520695,0.00883288527362837,2451,41
2021-07-01,2021,3,2021Q3,Mississippi,42.091525,42091.525,11.3407488736934,0.418719019799685,46.1879140457475,2021_M7.0_acapulco,17.6245220898739,41.6503230310363,0.441201968963734,0.989518033167871,0.508642476525275,0.0120842016659001,0.00636235859464746,0.0016367048596941,0.00408513821155854,2451,41
2021-07-01,2021,3,2021Q3,Missouri,95.020854,95020.854,12.1549988428697,0.754157034830829,46.1879140457475,2021_M7.0_acapulco,71.6606454997331,94.8241845290025,0.196669470997539,0.997930249385071,1.83364881512286,0.0192973304062586,0.00353686610788695,0.000549176922666669,0.0152112873757049,2451,41
2021-07-01,2021,3,2021Q3,Montana,17.975581,17975.581,10.4899166860709,0.688489787412295,46.1879140457475,2021_M7.0_acapulco,12.3760039413025,17.8941130857048,0.0814679142951817,0.995467856405021,0.451346714672573,0.0251088804680401,0.00830269994237989,0.00329900502260079,0.0135071755030595,2451,41
2021-07-01,2021,3,2021Q3,Nebraska,65.236236,65236.236,11.7789175410234,1.30951479760867,46.1879140457475,2021_M7.0_acapulco,85.4278163822917,65.036572936969,0.199663063030972,0.996939384071286,3.6353676477825,0.0557262017352211,0.00599397009521662,0.0279054067086291,0.0218268249313754,2451,41
2021-07-01,2021,3,2021Q3,Nevada,152.899902,152899.902,12.6306859315458,0.709881555195746,46.1879140457475,2021_M7.0_acapulco,108.540820221037,152.425331713318,0.474570286682106,0.996896202806709,2.66586437904303,0.017435357015749,0.00383745082183862,0.00340433638914764,0.0101935698047627,2451,41
2021-07-01,2021,3,2021Q3,New Hampshire,12.175506,12175.506,10.1003286899085,0.623176275382829,46.1879140457475,2021_M7.0_acapulco,7.58748647998128,12.1755059998431,1.56861811767544e-10,0.999999999987117,0.561883145175172,0.0461486483744636,0.0404531874773296,2.21730646505013e-12,0.00569546089491674,2451,41
2021-07-01,2021,3,2021Q3,New Jersey,189.773865,189773.865,12.8467356386673,1.44376679052839,46.1879140457475,2021_M7.0_acapulco,273.989203997218,188.971138370001,0.802726629998568,0.995770088626278,3.518200567198,0.01853890980825,0.00724581561208665,0.00154995431204169,0.00974313988412162,2451,41
2021-07-01,2021,3,2021Q3,New Mexico,92.354448,92354.448,12.126536329648,0.156892002199705,46.1879140457475,2021_M7.0_acapulco,14.4896742587685,92.0511067423883,0.303341257611676,0.996715466724335,0.354982667720832,0.00384369865673208,0.00136407772883378,0.000398343728346514,0.00208127719955178,2451,41
2021-07-01,2021,3,2021Q3,New York,342.958202,342958.202,13.4385110392263,1.66656619168535,46.1879140457475,2021_M7.0_acapulco,571.562544614395,342.037856859335,0.92034514066542,0.997316450998115,8.77505857148378,0.025586379099001,0.0151328323921297,0.00184993575041202,0.00860361095645933,2451,41
2021-07-01,2021,3,2021Q3,North Carolina,270.221878,270221.878,13.2001458514458,1.19694155595387,46.1879140457475,2021_M7.0_acapulco,323.439795106096,268.929194983278,1.29268301672212,0.995216216294958,8.9103128670483,0.0329740616599826,0.0118297337657886,0.00441312581634459,0.0167312020778495,2451,41
2021-07-01,2021,3,2021Q3,North Dakota,57.162924,57162.924,11.6468079660255,0.345010353805438,46.1879140457475,2021_M7.0_acapulco,19.7218006337934,57.1629239993264,6.73644486221632e-10,0.999999999988215,0.723197666020699,0.0126515163223753,0.00977612203073135,0.00287539428863471,3.00923996960282e-12,2451,41
2021-07-01,2021,3,2021Q3,Ohio,120.057392,120057.392,12.3888723546751,0.565256644251152,46.1879140457475,2021_M7.0_acapulco,67.8632385194651,119.540717940098,0.516674059902338,0.995696441082925,1.64164803801257,0.0136738605650585,0.0089257678244711,0.001068776425977,0.00367931631461039,2451,41
2021-07-01,2021,3,2021Q3,Oklahoma,83.52438,83524.38,12.0260410248659,0.344798146019207,46.1879140457475,2021_M7.0_acapulco,28.7990513714037,83.3079802936621,0.21639970633787,0.997409143218568,0.731137369976284,0.00875358033159042,0.00385018491380041,0.000361440260841631,0.00454195515694838,2451,41
2021-07-01,2021,3,2021Q3,Oregon,135.943774,135943.774,12.5131438333368,0.791269246757406,46.1879140457475,2021_M7.0_acapulco,107.568127654339,135.253588137441,0.690185862558722,0.994923004987645,2.92890850136314,0.0215449991947637,0.0108275024499356,0.00243553937473545,0.00828195737009272,2451,41
2021-07-01,2021,3,2021Q3,Pennsylvania,106.730793,106730.793,12.2712121704258,1.56076093612594,46.1879140457475,2021_M7.0_acapulco,166.581252396143,106.389271508577,0.341521491422696,0.996800159711896,3.96846773006844,0.0371820317128951,0.00728505338106244,0.0116254543009282,0.0182715240309045,2451,41
2021-07-01,2021,3,2021Q3,Rhode Island,6.956373,6956.373,9.54056068253441,1.70643456818447,46.1879140457475,2021_M7.0_acapulco,11.8705953563851,6.89824372212988,0.058129277870124,0.991643737638835,0.536376098946892,0.0771057128401384,0.0227322650339718,0.0240288050090694,0.0303446427970972,2451,41
2021-07-01,2021,3,2021Q3,South Carolina,111.909618,111909.618,12.3185940229289,0.931601663216891,46.1879140457475,2021_M7.0_acapulco,104.255186258767,111.344774849912,0.564843150087738,0.99495268449502,3.62997049573261,0.032436626633223,0.011073102553562,0.00757406067168367,0.0137894634079773,2451,41
2021-07-01,2021,3,2021Q3,South Dakota,16.269134,16269.134,10.3901721535032,0.718306506779672,46.1879140457475,2021_M7.0_acapulco,11.6862248118704,16.2051452398409,0.0639887601591498,0.996066861324079,0.517793726362902,0.0318267540462143,0.0182373930907211,0.00628717877940977,0.00730218217608335,2451,41
2021-07-01,2021,3,2021Q3,Tennessee,217.227257,217227.257,12.9818465323671,0.652223087068338,46.1879140457475,2021_M7.0_acapulco,141.680632155927,216.333693958333,0.89356304166703,0.995886505892458,3.58630678825171,0.0165094695655606,0.00751030614599462,0.000739339562392518,0.00825982385717344,2451,41
2021-07-01,2021,3,2021Q3,Texas,2220.391307,2220391.307,15.3063411832901,0.419820806511928,46.1879140457475,2021_M7.0_acapulco,932.166469276813,2212.06218873135,8.32911826865038,0.996248806126023,20.3346303594725,0.00915812915289552,0.00279660590821461,0.000713682440543819,0.00564784080413709,2451,41
2021-07-01,2021,3,2021Q3,Utah,107.504393,107504.393,12.2784341714128,1.36333720244344,46.1879140457475,2021_M7.0_acapulco,146.564738403,107.067546787876,0.436846212123677,0.995936480362029,5.76072200182004,0.0535859218499102,0.0190482831030857,0.0150382131185891,0.0194994256282355,2451,41
2021-07-01,2021,3,2021Q3,Vermont,2.114702,2114.702,8.3498164196719,0.102540228726635,46.1879140457475,2021_M7.0_acapulco,0.216842026768673,2.11470199998146,1.85423467263682e-11,0.999999999991232,0.00604486697902036,0.00285849589162935,0.00285849588788126,1.50907573929965e-12,2.23900992983694e-12,2451,41
2021-07-01,2021,3,2021Q3,Virginia,134.277624,134277.624,12.5008119371413,0.609369073639029,46.1879140457475,2021_M7.0_acapulco,81.8246313473298,133.272384570531,1.00523942946904,0.99251372343713,1.24662845105542,0.00928396268804565,0.00438717361100816,0.000642598904093015,0.00425419017294448,2451,41
2021-07-01,2021,3,2021Q3,Washington,282.146489,282146.489,13.2433288601473,0.914289872828054,46.1879140457475,2021_M7.0_acapulco,257.963677546692,279.648469247735,2.49801975226526,0.991146373073367,6.97257756109782,0.024712615017151,0.0124755073714709,0.00166176896174461,0.0105753386839355,2451,41
2021-07-01,2021,3,2021Q3,West Virginia,12.260103,12260.103,10.1072527929831,0.432415894071701,46.1879140457475,2021_M7.0_acapulco,5.30146340015615,12.2601029998146,1.854068892357e-10,0.999999999984877,0.0540117940087251,0.00440549267887269,0.00189856780167246,2.60271888952781e-12,0.00250692487459751,2451,41
2021-07-01,2021,3,2021Q3,Wisconsin,130.698205,130698.205,12.4737933463512,0.577098106063029,46.1879140457475,2021_M7.0_acapulco,75.4256865713375,130.107313955508,0.59089104449215,0.995478965877977,1.33789145223808,0.0102364944663018,0.00410588562060601,0.00206726201770257,0.00406334682799326,2451,41
2021-07-01,2021,3,2021Q3,Wyoming,18.799555,18799.555,10.5347356595924,0.687336898429703,46.1879140457475,2021_M7.0_acapulco,12.9216278255586,18.7501490542839,0.0494059457161199,0.997371961957817,0.288326521452708,0.0153368801257641,0.00213412487097425,0.00185807671495121,0.0113446785398386,2451,41
2021-10-01,2021,4,2021Q4,Alabama,89.832254,89832.254,12.0988465463395,0,0,"",0,89.6239197792635,0.208334220736552,0.997680852795517,0,0,0,0,0,2451,0
2021-10-01,2021,4,2021Q4,Alaska,10.529392,10529.392,9.95507304648482,0,0,"",0,10.5293919998796,1.20366714685533e-10,0.999999999988569,0,0,0,0,0,2451,0
2021-10-01,2021,4,2021Q4,Arizona,527.906819,527906.819,13.8698222485083,0,0,"",0,526.9321196295,0.974699370499681,0.998153652623116,0,0,0,0,0,2451,0
2021-10-01,2021,4,2021Q4,Arkansas,78.56677,78566.77,11.9648512960869,0,0,"",0,78.3931527220213,0.173617277978723,0.997790194531623,0,0,0,0,0,2451,0
2021-10-01,2021,4,2021Q4,California,4850.478897,4850478.897,16.0877351802485,0,0,"",0,4831.57790623636,18.9009907636425,0.996103273271567,0,0,0,0,0,2451,0
2021-10-01,2021,4,2021Q4,Colorado,312.576051,312576.051,13.3457502623131,0,0,"",0,311.434918645486,1.14113235451428,0.996349264920126,0,0,0,0,0,2451,0
2021-10-01,2021,4,2021Q4,Connecticut,24.622348,24622.348,10.8045569457816,0,0,"",0,24.5557329021386,0.0666150978613933,0.997294526993876,0,0,0,0,0,2451,0
2021-10-01,2021,4,2021Q4,Delaware,15.876439,15876.439,10.3657386468739,0,0,"",0,15.8457377122523,0.0307012877477161,0.998066235901658,0,0,0,0,0,2451,0
2021-10-01,2021,4,2021Q4,District Of Columbia,3.608669,3608.669,8.88424148503764,0,0,"",0,3.5518619552171,0.0568070447829036,0.984258172533168,0,0,0,0,0,2451,0
2021-10-01,2021,4,2021Q4,Florida,447.13566,447135.66,13.703764498046,0,0,"",0,445.934907936707,1.20075206329305,0.997314568774736,0,0,0,0,0,2451,0
2021-10-01,2021,4,2021Q4,Georgia,355.068259,355068.259,13.4732125094095,0,0,"",0,353.410102635621,1.65815636437951,0.995330034937368,0,0,0,0,0,2451,0
2021-10-01,2021,4,2021Q4,Hawaii,12.928158,12928.158,10.1603101842766,0,0,"",0,12.9281579998184,1.81579786466424e-10,0.999999999985955,0,0,0,0,0,2451,0
2021-10-01,2021,4,2021Q4,Idaho,62.546985,62546.985,11.7368204939183,0,0,"",0,62.1407410205714,0.406243979428645,0.993504979026109,0,0,0,0,0,2451,0
2021-10-01,2021,4,2021Q4,Illinois,448.801994,448801.994,13.7074842567009,0,0,"",0,447.608253544146,1.1937404558545,0.997340162316983,0,0,0,0,0,2451,0
2021-10-01,2021,4,2021Q4,Indiana,157.779878,157779.878,12.6621033439902,0,0,"",0,157.256562261883,0.523315738117533,0.996683254260613,0,0,0,0,0,2451,0
2021-10-01,2021,4,2021Q4,Iowa,61.126936,61126.936,11.7138550797041,0,0,"",0,61.0338590416135,0.0930769583865037,0.998477316802097,0,0,0,0,0,2451,0
2021-10-01,2021,4,2021Q4,Kansas,91.11738,91117.38,12.1130510250054,0,0,"",0,91.0032879912141,0.114092008785936,0.998747856788837,0,0,0,0,0,2451,0
2021-10-01,2021,4,2021Q4,Kentucky,76.786191,76786.191,11.9419272788838,0,0,"",0,76.4814051583464,0.304785841653565,0.996030720658437,0,0,0,0,0,2451,0
2021-10-01,2021,4,2021Q4,Louisiana,148.334432,148334.432,12.6003718597657,0,0,"",0,147.651068575466,0.683363424534437,0.995393089687131,0,0,0,0,0,2451,0
2021-10-01,2021,4,2021Q4,Maine,7.44364,7443.64,9.60826244056847,0,0,"",0,7.44363999990224,9.77600021636061e-11,0.999999999986867,0,0,0,0,0,2451,0
2021-10-01,2021,4,2021Q4,Maryland,54.053125,54053.125,11.5908698188778,0,0,"",0,53.5483443628932,0.504780637106841,0.990661397706297,0,0,0,0,0,2451,0
2021-10-01,2021,4,2021Q4,Massachusetts,37.54606,37546.06,11.2264709056601,0,0,"",0,37.4036997417183,0.142360258281679,0.996208383561906,0,0,0,0,0,2451,0
2021-10-01,2021,4,2021Q4,Michigan,146.442547,146442.547,12.5875356404434,0,0,"",0,146.086184859208,0.356362140792362,0.997566539587758,0,0,0,0,0,2451,0
2021-10-01,2021,4,2021Q4,Minnesota,248.346642,248346.642,13.1157279797679,0,0,"",0,247.392564431577,0.954077568422626,0.996158282790783,0,0,0,0,0,2451,0
2021-10-01,2021,4,2021Q4,Mississippi,44.634719,44634.719,11.3994144687711,0,0,"",0,44.2184831890174,0.416235810982646,0.990674617869048,0,0,0,0,0,2451,0
2021-10-01,2021,4,2021Q4,Missouri,88.412476,88412.476,12.0829155504813,0,0,"",0,88.2443288344306,0.168147165569346,0.99809815115268,0,0,0,0,0,2451,0
2021-10-01,2021,4,2021Q4,Montana,12.450068,12450.068,10.1226285458981,0,0,"",0,12.3912906358669,0.0587773641331183,0.995278952361295,0,0,0,0,0,2451,0
2021-10-01,2021,4,2021Q4,Nebraska,64.261918,64261.918,11.7638696603395,0,0,"",0,64.0745078329432,0.187410167056853,0.99708365120604,0,0,0,0,0,2451,0
2021-10-01,2021,4,2021Q4,Nevada,158.820832,158820.832,12.6686791836403,0,0,"",0,158.363161542822,0.457670457177715,0.997118322253987,0,0,0,0,0,2451,0
2021-10-01,2021,4,2021Q4,New Hampshire,11.451653,11451.653,10.039036547841,0,0,"",0,11.4516529998569,1.43085593408284e-10,0.999999999987505,0,0,0,0,0,2451,0
2021-10-01,2021,4,2021Q4,New Jersey,183.41711,183417.11,12.8126653083682,0,0,"",0,182.70422371888,0.712886281119658,0.996113305453784,0,0,0,0,0,2451,0
2021-10-01,2021,4,2021Q4,New Mexico,90.539005,90539.005,12.1066832119022,0,0,"",0,90.3018601076615,0.237144892338485,0.99738074333445,0,0,0,0,0,2451,0
2021-10-01,2021,4,2021Q4,New York,327.061338,327061.338,13.3910501908328,0,0,"",0,326.217560617189,0.843777382810741,0.997420124958913,0,0,0,0,0,2451,0
2021-10-01,2021,4,2021Q4,North Carolina,266.887336,266887.336,13.1877290663478,0,0,"",0,265.682158373224,1.20517762677566,0.995484320669394,0,0,0,0,0,2451,0
2021-10-01,2021,4,2021Q4,North Dakota,39.008673,39008.673,11.2646864657276,0,0,"",0,39.0086729995686,4.31387406374971e-10,0.999999999988941,0,0,0,0,0,2451,0
2021-10-01,2021,4,2021Q4,Ohio,107.041523,107041.523,12.2741192841685,0,0,"",0,106.626611578581,0.414911421419232,0.996123827372867,0,0,0,0,0,2451,0
2021-10-01,2021,4,2021Q4,Oklahoma,88.210822,88210.822,12.0806321134728,0,0,"",0,87.9970627591266,0.213759240873418,0.997576723172658,0,0,0,0,0,2451,0
2021-10-01,2021,4,2021Q4,Oregon,137.741574,137741.574,12.5262817369334,0,0,"",0,137.077408299247,0.66416570075301,0.995178175466813,0,0,0,0,0,2451,0
2021-10-01,2021,4,2021Q4,Pennsylvania,103.331579,103331.579,12.2388454908131,0,0,"",0,103.038031637902,0.293547362098043,0.997159170846523,0,0,0,0,0,2451,0
2021-10-01,2021,4,2021Q4,Rhode Island,6.195666,6195.666,9.42475248141084,0,0,"",0,6.1430064102986,0.0526595897013992,0.991500576418839,0,0,0,0,0,2451,0
2021-10-01,2021,4,2021Q4,South Carolina,110.919382,110919.382,12.3097061087113,0,0,"",0,110.388845455765,0.530536544234746,0.995216917596649,0,0,0,0,0,2451,0
2021-10-01,2021,4,2021Q4,South Dakota,13.412106,13412.106,10.1970601928747,0,0,"",0,13.3575752395252,0.0545307604748188,0.995934213428166,0,0,0,0,0,2451,0
2021-10-01,2021,4,2021Q4,Tennessee,216.457261,216457.261,12.9782955787263,0,0,"",0,215.629755503595,0.827505496404558,0.996177049027685,0,0,0,0,0,2451,0
2021-10-01,2021,4,2021Q4,Texas,2352.920426,2352920.426,15.3643150295931,0,0,"",0,2344.60899985612,8.31142614388262,0.996467612736904,0,0,0,0,0,2451,0
2021-10-01,2021,4,2021Q4,Utah,110.410557,110410.557,12.3051082138338,0,0,"",0,109.987132210436,0.423424789563807,0.996164997251451,0,0,0,0,0,2451,0
2021-10-01,2021,4,2021Q4,Vermont,2.443996,2443.996,8.49453690604308,0,0,"",0,2.44399599998039,1.96065993954169e-11,0.999999999991978,0,0,0,0,0,2451,0
2021-10-01,2021,4,2021Q4,Virginia,130.857826,130857.826,12.4750138956859,0,0,"",0,129.961849337205,0.895976662794501,0.993153052513691,0,0,0,0,0,2451,0
2021-10-01,2021,4,2021Q4,Washington,266.544074,266544.074,13.1864420703406,0,0,"",0,264.129875437583,2.41419856241673,0.990942591496457,0,0,0,0,0,2451,0
2021-10-01,2021,4,2021Q4,West Virginia,11.598898,11598.898,10.0518125549999,0,0,"",0,11.5988979998337,1.66258956777977e-10,0.999999999985666,0,0,0,0,0,2451,0
2021-10-01,2021,4,2021Q4,Wisconsin,127.96364,127963.64,12.4526486206236,0,0,"",0,127.423070572509,0.540569427490831,0.995775601354488,0,0,0,0,0,2451,0
2021-10-01,2021,4,2021Q4,Wyoming,16.616982,16616.982,10.4113276449379,0,0,"",0,16.5777163066724,0.0392656933275697,0.99763701415049,0,0,0,0,0,2451,0
2022-01-01,2022,1,2022Q1,Alabama,81.051959,81051.959,11.995992877735,0,0,"",0,80.9411951371744,0.110763862825615,0.998633421521303,0,0,0,0,0,2451,0
2022-01-01,2022,1,2022Q1,Alaska,8.974723,8974.723,9.79531453303422,0,0,"",0,8.97337859486975,0.00134440513025286,0.999850200933193,0,0,0,0,0,2451,0
2022-01-01,2022,1,2022Q1,Arizona,507.16609,507166.09,13.8297410031755,0,0,"",0,506.031796850744,1.13429314925606,0.997763468079548,0,0,0,0,0,2451,0
2022-01-01,2022,1,2022Q1,Arkansas,61.404998,61404.998,11.7183936921001,0,0,"",0,61.2251805456437,0.179817454356313,0.9970716153373,0,0,0,0,0,2451,0
2022-01-01,2022,1,2022Q1,California,4405.881415,4405881.415,15.9915980721073,0,0,"",0,4390.08834204252,15.793072957484,0.996415456643087,0,0,0,0,0,2451,0
2022-01-01,2022,1,2022Q1,Colorado,256.184814,256184.814,13.1468015732471,0,0,"",0,255.511742920592,0.673071079407615,0.997372712812682,0,0,0,0,0,2451,0
2022-01-01,2022,1,2022Q1,Connecticut,19.633932,19633.932,10.5781617540751,0,0,"",0,19.6190878223417,0.0148441776583097,0.999243952884307,0,0,0,0,0,2451,0
2022-01-01,2022,1,2022Q1,Delaware,12.119845,12119.845,10.0957466530245,0,0,"",0,12.0937137642751,0.0261312357249136,0.997843929874935,0,0,0,0,0,2451,0
2022-01-01,2022,1,2022Q1,District Of Columbia,3.081748,3081.748,8.72639945433308,0,0,"",0,3.07719745732399,0.00455054267600585,0.998523389103844,0,0,0,0,0,2451,0
2022-01-01,2022,1,2022Q1,Florida,455.230578,455230.578,13.7217065149675,0,0,"",0,453.926533968512,1.30404403148765,0.997135420829557,0,0,0,0,0,2451,0
2022-01-01,2022,1,2022Q1,Georgia,326.231974,326231.974,13.3885111645476,0,0,"",0,325.156502038916,1.07547196108424,0.996703352072154,0,0,0,0,0,2451,0
2022-01-01,2022,1,2022Q1,Hawaii,11.644097,11644.097,10.0557018177053,0,0,"",0,11.63895881957,0.00513818042998665,0.99955873088055,0,0,0,0,0,2451,0
2022-01-01,2022,1,2022Q1,Idaho,42.596893,42596.893,11.3526837760231,0,0,"",0,42.3548323856575,0.242060614342554,0.994317411498943,0,0,0,0,0,2451,0
2022-01-01,2022,1,2022Q1,Illinois,402.645552,402645.552,13.5989591109093,0,0,"",0,401.578092762571,1.06745923742923,0.997348886055919,0,0,0,0,0,2451,0
2022-01-01,2022,1,2022Q1,Indiana,131.567078,131567.078,12.4804192799775,0,0,"",0,131.230679472186,0.33639852781371,0.997443140541483,0,0,0,0,0,2451,0
2022-01-01,2022,1,2022Q1,Iowa,46.738212,46738.212,11.4454645338635,0,0,"",0,46.5962999188219,0.141912081178082,0.996963681854623,0,0,0,0,0,2451,0
2022-01-01,2022,1,2022Q1,Kansas,77.105359,77105.359,11.9460752448715,0,0,"",0,76.8035340589422,0.301824941057798,0.996085551705196,0,0,0,0,0,2451,0
2022-01-01,2022,1,2022Q1,Kentucky,59.685948,59685.948,11.6899990754209,0,0,"",0,59.363941171198,0.322006828802024,0.994604980911051,0,0,0,0,0,2451,0
2022-01-01,2022,1,2022Q1,Louisiana,130.782613,130782.613,12.4744389616095,0,0,"",0,130.109136602443,0.673476397556648,0.994850413353061,0,0,0,0,0,2451,0
2022-01-01,2022,1,2022Q1,Maine,3.798158,3798.158,8.93541868923925,0,0,"",0,3.79744860869043,0.000709391309569244,0.999813227540937,0,0,0,0,0,2451,0
2022-01-01,2022,1,2022Q1,Maryland,44.958092,44958.092,11.4066332266283,0,0,"",0,44.7472412110508,0.210850788949241,0.995310059222503,0,0,0,0,0,2451,0
2022-01-01,2022,1,2022Q1,Massachusetts,30.267179,30267.179,11.0109663839236,0,0,"",0,30.2087623864908,0.0584166135091916,0.998069968347259,0,0,0,0,0,2451,0
2022-01-01,2022,1,2022Q1,Michigan,124.959786,124959.786,12.4288944331,0,0,"",0,124.562393627934,0.39739237206594,0.996819837927172,0,0,0,0,0,2451,0
2022-01-01,2022,1,2022Q1,Minnesota,202.028394,202028.394,12.9093107114276,0,0,"",0,201.089544065262,0.938849934737965,0.995352881265106,0,0,0,0,0,2451,0
2022-01-01,2022,1,2022Q1,Mississippi,36.345305,36345.305,11.1939674944335,0,0,"",0,36.1354682470518,0.209836752948169,0.994226578840151,0,0,0,0,0,2451,0
2022-01-01,2022,1,2022Q1,Missouri,73.708901,73708.901,11.9010260248966,0,0,"",0,73.5255706801211,0.183330319878907,0.997512779089205,0,0,0,0,0,2451,0
2022-01-01,2022,1,2022Q1,Montana,10.571526,10571.526,9.95906662210168,0,0,"",0,10.5239164015083,0.0476095984917416,0.995496430837729,0,0,0,0,0,2451,0
2022-01-01,2022,1,2022Q1,Nebraska,53.381575,53381.575,11.5783681086037,0,0,"",0,53.3197279087175,0.0618470912825051,0.998841415014778,0,0,0,0,0,2451,0
2022-01-01,2022,1,2022Q1,Nevada,141.745937,141745.937,12.5549387386123,0,0,"",0,140.907865199959,0.838071800040576,0.994087507425059,0,0,0,0,0,2451,0
2022-01-01,2022,1,2022Q1,New Hampshire,8.62791,8627.91,9.75590476021858,0,0,"",0,8.62649875108129,0.00141124891870632,0.999836432123341,0,0,0,0,0,2451,0
2022-01-01,2022,1,2022Q1,New Jersey,159.694008,159694.008,12.6741619937183,0,0,"",0,159.086882122829,0.607125877170831,0.996198192500931,0,0,0,0,0,2451,0
2022-01-01,2022,1,2022Q1,New Mexico,81.151621,81151.621,11.9972217286954,0,0,"",0,80.949711866041,0.201909133959059,0.997511951930584,0,0,0,0,0,2451,0
2022-01-01,2022,1,2022Q1,New York,267.150811,267150.811,13.1887157936925,0,0,"",0,266.535195450105,0.615615549894625,0.997695625375082,0,0,0,0,0,2451,0
2022-01-01,2022,1,2022Q1,North Carolina,220.319666,220319.666,12.9959819785497,0,0,"",0,219.321718495886,0.99794750411389,0.995470456531493,0,0,0,0,0,2451,0
2022-01-01,2022,1,2022Q1,North Dakota,22.610924,22610.924,10.719335612359,0,0,"",0,22.6071789684478,0.00374503155216586,0.999834370698333,0,0,0,0,0,2451,0
2022-01-01,2022,1,2022Q1,Ohio,83.064703,83064.703,12.0205223178972,0,0,"",0,82.9098091973839,0.154893802616129,0.998135263270416,0,0,0,0,0,2451,0
2022-01-01,2022,1,2022Q1,Oklahoma,72.396802,72396.802,11.8830645867352,0,0,"",0,72.2722422580801,0.124559741919885,0.998279485578384,0,0,0,0,0,2451,0
2022-01-01,2022,1,2022Q1,Oregon,109.444151,109444.151,12.296316842177,0,0,"",0,109.052229452937,0.391921547063097,0.996418981339047,0,0,0,0,0,2451,0
2022-01-01,2022,1,2022Q1,Pennsylvania,77.933278,77933.278,11.9567555099443,0,0,"",0,77.6925540284466,0.240723971553382,0.996911153005095,0,0,0,0,0,2451,0
2022-01-01,2022,1,2022Q1,Rhode Island,5.15218,5152.18,9.24032239504,0,0,"",0,5.10994599421859,0.0422340057814141,0.991802692106756,0,0,0,0,0,2451,0
2022-01-01,2022,1,2022Q1,South Carolina,97.798695,97798.695,12.1838136929617,0,0,"",0,97.535059564543,0.263635435456978,0.997304305180586,0,0,0,0,0,2451,0
2022-01-01,2022,1,2022Q1,South Dakota,7.947056,7947.056,9.67370400911805,0,0,"",0,7.80044404587299,0.146611954127014,0.98155141298526,0,0,0,0,0,2451,0
2022-01-01,2022,1,2022Q1,Tennessee,187.491963,187491.963,12.834638440041,0,0,"",0,186.736936210073,0.755026789927179,0.995973017841159,0,0,0,0,0,2451,0
2022-01-01,2022,1,2022Q1,Texas,2061.137954,2061137.954,15.2319159736607,0,0,"",0,2053.21116826341,7.92678573659433,0.996154170213978,0,0,0,0,0,2451,0
2022-01-01,2022,1,2022Q1,Utah,96.35163,96351.63,12.1689067717746,0,0,"",0,96.0243896955147,0.327240304485315,0.996603686886404,0,0,0,0,0,2451,0
2022-01-01,2022,1,2022Q1,Vermont,1.598392,1598.392,8.06990068128953,0,0,"",0,1.59821162031896,0.000180379681039144,0.999887149284381,0,0,0,0,0,2451,0
2022-01-01,2022,1,2022Q1,Virginia,104.062537,104062.537,12.2458944952954,0,0,"",0,103.293985653531,0.768551346469306,0.992614524221437,0,0,0,0,0,2451,0
2022-01-01,2022,1,2022Q1,Washington,220.008422,220008.422,12.9945682869851,0,0,"",0,217.497937895461,2.51048410453948,0.988589145443989,0,0,0,0,0,2451,0
2022-01-01,2022,1,2022Q1,West Virginia,9.91593,9915.93,9.89504501693458,0,0,"",0,9.76997566364512,0.145954336354883,0.985280822237059,0,0,0,0,0,2451,0
2022-01-01,2022,1,2022Q1,Wisconsin,110.497375,110497.375,12.3058942245821,0,0,"",0,110.063200798279,0.434174201720701,0.996070728361459,0,0,0,0,0,2451,0
2022-01-01,2022,1,2022Q1,Wyoming,13.901033,13901.033,10.2328656147579,0,0,"",0,13.8831651846961,0.0178678153038898,0.998714641185019,0,0,0,0,0,2451,0
2022-04-01,2022,2,2022Q2,Alabama,100.963696,100963.696,12.2156634662473,0,0,"",0,100.829347893772,0.1343481062282,0.99866934243148,0,0,0,0,0,2451,0
2022-04-01,2022,2,2022Q2,Alaska,10.186988,10186.988,9.92201368158646,0,0,"",0,10.1860448030679,0.000943196932054206,0.999907411598791,0,0,0,0,0,2451,0
2022-04-01,2022,2,2022Q2,Arizona,572.936972,572936.972,13.9516781736979,0,0,"",0,571.634516201749,1.30245579825138,0.997726703176957,0,0,0,0,0,2451,0
2022-04-01,2022,2,2022Q2,Arkansas,90.297947,90297.947,12.1040171844105,0,0,"",0,90.0352947442793,0.262652255720755,0.997091271015046,0,0,0,0,0,2451,0
2022-04-01,2022,2,2022Q2,California,5078.237806,5078237.806,16.1336220513522,0,0,"",0,5059.99114639027,18.2466596097262,0.996406891463774,0,0,0,0,0,2451,0
2022-04-01,2022,2,2022Q2,Colorado,325.608451,325608.451,13.3865980484957,0,0,"",0,324.730213681039,0.878237318960504,0.997302780943605,0,0,0,0,0,2451,0
2022-04-01,2022,2,2022Q2,Connecticut,27.242166,27242.166,10.9056684534176,0,0,"",0,27.2167157002144,0.0254502997856536,0.999065775467867,0,0,0,0,0,2451,0
2022-04-01,2022,2,2022Q2,Delaware,16.603668,16603.668,10.4105260952579,0,0,"",0,16.5688048957503,0.0348631042497256,0.997900276959903,0,0,0,0,0,2451,0
2022-04-01,2022,2,2022Q2,District Of Columbia,3.670932,3670.932,8.90134805887401,0,0,"",0,3.66579581493682,0.00513618506318249,0.998600849848708,0,0,0,0,0,2451,0
2022-04-01,2022,2,2022Q2,Florida,492.908779,492908.779,13.8012265840108,0,0,"",0,491.504862513153,1.40391648684715,0.99715177220074,0,0,0,0,0,2451,0
2022-04-01,2022,2,2022Q2,Georgia,396.842231,396842.231,13.5844412582227,0,0,"",0,395.536234208745,1.3059967912554,0.996709027696058,0,0,0,0,0,2451,0
2022-04-01,2022,2,2022Q2,Hawaii,14.096632,14096.632,10.2468383644032,0,0,"",0,14.0909769860774,0.00565501392263892,0.999598839359456,0,0,0,0,0,2451,0
2022-04-01,2022,2,2022Q2,Idaho,65.729885,65729.885,11.7864561522923,0,0,"",0,65.3392745696768,0.390610430323197,0.994057338905687,0,0,0,0,0,2451,0
2022-04-01,2022,2,2022Q2,Illinois,448.651066,448651.066,13.7071479093015,0,0,"",0,447.473822249712,1.17724375028832,0.997376037104327,0,0,0,0,0,2451,0
2022-04-01,2022,2,2022Q2,Indiana,165.222193,165222.193,12.708193651809,0,0,"",0,164.794442575078,0.427750424922005,0.997411059512314,0,0,0,0,0,2451,0
2022-04-01,2022,2,2022Q2,Iowa,63.177854,63177.854,11.7468562879567,0,0,"",0,62.9922938070589,0.185560192941111,0.997062891801594,0,0,0,0,0,2451,0
2022-04-01,2022,2,2022Q2,Kansas,97.838163,97838.163,12.1842171752189,0,0,"",0,97.4502858050376,0.387877194962364,0.996035522509122,0,0,0,0,0,2451,0
2022-04-01,2022,2,2022Q2,Kentucky,75.619417,75619.417,11.9266155484182,0,0,"",0,75.2065926410888,0.412824358911172,0.994540762474919,0,0,0,0,0,2451,0
2022-04-01,2022,2,2022Q2,Louisiana,158.53409,158534.09,12.6668721086076,0,0,"",0,157.685460953285,0.848629046715329,0.99464702483412,0,0,0,0,0,2451,0
2022-04-01,2022,2,2022Q2,Maine,6.633455,6633.455,9.49302824982622,0,0,"",0,6.63270301698099,0.00075198301901246,0.999886637805033,0,0,0,0,0,2451,0
2022-04-01,2022,2,2022Q2,Maryland,60.522718,60522.718,11.7039212582953,0,0,"",0,60.2231146266409,0.299603373359129,0.995049736970519,0,0,0,0,0,2451,0
2022-04-01,2022,2,2022Q2,Massachusetts,38.99192,38991.92,11.2642569048844,0,0,"",0,38.8991978202222,0.0927221797777597,0.997622015541226,0,0,0,0,0,2451,0
2022-04-01,2022,2,2022Q2,Michigan,174.441118,174441.118,12.7624897115848,0,0,"",0,173.877266755305,0.563851244695255,0.996767670081688,0,0,0,0,0,2451,0
2022-04-01,2022,2,2022Q2,Minnesota,250.140792,250140.792,13.1229263868887,0,0,"",0,248.963483349906,1.17730865009433,0.995293415997122,0,0,0,0,0,2451,0
2022-04-01,2022,2,2022Q2,Mississippi,46.931718,46931.718,11.4495961965055,0,0,"",0,46.6478493564838,0.283868643516184,0.993951454248571,0,0,0,0,0,2451,0
2022-04-01,2022,2,2022Q2,Missouri,99.507976,99507.976,12.2011402613232,0,0,"",0,99.1916083529746,0.316367647025446,0.996820680514842,0,0,0,0,0,2451,0
2022-04-01,2022,2,2022Q2,Montana,19.557026,19557.026,10.5742370682526,0,0,"",0,19.4584690333237,0.0985569666762534,0.994960534046626,0,0,0,0,0,2451,0
2022-04-01,2022,2,2022Q2,Nebraska,61.530582,61530.582,11.7204367791164,0,0,"",0,61.4640611939296,0.0665208060704079,0.998918898474414,0,0,0,0,0,2451,0
2022-04-01,2022,2,2022Q2,Nevada,165.35301,165353.01,12.7089851026234,0,0,"",0,164.321357492943,1.03165250705685,0.993760908815286,0,0,0,0,0,2451,0
2022-04-01,2022,2,2022Q2,New Hampshire,12.619424,12619.424,10.136139675345,0,0,"",0,12.6181940146781,0.0012299853218714,0.999902532372169,0,0,0,0,0,2451,0
2022-04-01,2022,2,2022Q2,New Jersey,200.776186,200776.186,12.9030932447153,0,0,"",0,199.99655611739,0.779629882609599,0.996116920546496,0,0,0,0,0,2451,0
2022-04-01,2022,2,2022Q2,New Mexico,97.801288,97801.288,12.1838402062564,0,0,"",0,97.544909981005,0.256378018995014,0.99737858238641,0,0,0,0,0,2451,0
2022-04-01,2022,2,2022Q2,New York,345.58499,345584.99,13.4461410638179,0,0,"",0,344.763583519051,0.821406480948626,0.997623141905126,0,0,0,0,0,2451,0
2022-04-01,2022,2,2022Q2,North Carolina,290.051477,290051.477,13.2709608736696,0,0,"",0,288.736891086426,1.31458591357417,0.995467749631304,0,0,0,0,0,2451,0
2022-04-01,2022,2,2022Q2,North Dakota,42.691568,42691.568,11.3549038896879,0,0,"",0,42.6873228880138,0.00424511198619106,0.999900563221613,0,0,0,0,0,2451,0
2022-04-01,2022,2,2022Q2,Ohio,119.842226,119842.226,12.3870785539222,0,0,"",0,119.628549392106,0.213676607893736,0.998217017365033,0,0,0,0,0,2451,0
2022-04-01,2022,2,2022Q2,Oklahoma,87.814353,87814.353,12.0761274206593,0,0,"",0,87.6640024202686,0.150350579731424,0.998287858708799,0,0,0,0,0,2451,0
2022-04-01,2022,2,2022Q2,Oregon,128.711756,128711.756,12.458477914199,0,0,"",0,128.250509175742,0.461246824258224,0.996416435929456,0,0,0,0,0,2451,0
2022-04-01,2022,2,2022Q2,Pennsylvania,111.25125,111251.25,12.3126936165006,0,0,"",0,110.899279326042,0.351970673958217,0.996836254208755,0,0,0,0,0,2451,0
2022-04-01,2022,2,2022Q2,Rhode Island,6.476897,6476.897,9.4691440031519,0,0,"",0,6.42520000221805,0.0516969977819468,0.992018246116629,0,0,0,0,0,2451,0
2022-04-01,2022,2,2022Q2,South Carolina,121.697529,121697.529,12.40244115532,0,0,"",0,121.37839042053,0.319138579470249,0.997377608386196,0,0,0,0,0,2451,0
2022-04-01,2022,2,2022Q2,South Dakota,14.466073,14466.073,10.2727085754666,0,0,"",0,14.2043447942322,0.261728205767755,0.981907446079682,0,0,0,0,0,2451,0
2022-04-01,2022,2,2022Q2,Tennessee,243.053072,243053.072,13.0941822823325,0,0,"",0,242.062923038595,0.990148961405281,0.995926202646781,0,0,0,0,0,2451,0
2022-04-01,2022,2,2022Q2,Texas,2398.985385,2398985.385,15.3837036302415,0,0,"",0,2389.70856580886,9.27681919114225,0.996133023882035,0,0,0,0,0,2451,0
2022-04-01,2022,2,2022Q2,Utah,123.992609,123992.609,12.4211244185482,0,0,"",0,123.569375363303,0.423233636697259,0.996586622056664,0,0,0,0,0,2451,0
2022-04-01,2022,2,2022Q2,Vermont,2.063445,2063.445,8.32527943436942,0,0,"",0,2.0633167136737,0.000128286326301474,0.999937829054663,0,0,0,0,0,2451,0
2022-04-01,2022,2,2022Q2,Virginia,133.519119,133519.119,12.4951471406255,0,0,"",0,132.514888151902,1.00423084809802,0.992478748694425,0,0,0,0,0,2451,0
2022-04-01,2022,2,2022Q2,Washington,257.077376,257077.376,13.1502795730574,0,0,"",0,254.143302248431,2.93407375156942,0.988586806831382,0,0,0,0,0,2451,0
2022-04-01,2022,2,2022Q2,West Virginia,15.541181,15541.181,10.344395800055,0,0,"",0,15.2809402427021,0.26024075729792,0.98325476311627,0,0,0,0,0,2451,0
2022-04-01,2022,2,2022Q2,Wisconsin,136.44318,136443.18,12.5168107237825,0,0,"",0,135.911736749123,0.531443250876671,0.996105021512422,0,0,0,0,0,2451,0
2022-04-01,2022,2,2022Q2,Wyoming,17.631324,17631.324,10.4705795531989,0,0,"",0,17.5989597698051,0.0323642301949053,0.998164390252547,0,0,0,0,0,2451,0
2022-07-01,2022,3,2022Q3,Alabama,104.303933,104303.933,12.2482115293939,0.606258052683499,34.2229842625495,2022_M7.6_aguililla,63.2350993078102,104.162716840454,0.141216159545597,0.998646108967477,2.62476165520984,0.0251645511316418,0.0188046871069308,0.00592317651738649,0.000436687507324495,2451,92
2022-07-01,2022,3,2022Q3,Alaska,15.059887,15059.887,10.3129371796679,1.16769665598752,34.2229842625495,2022_M7.6_aguililla,17.5853796894499,15.0582917357581,0.00159526424191081,0.999894071964689,9.47550701653765e-10,6.29188453840168e-11,5.39549174258056e-11,7.77810085916742e-12,1.18582709904379e-12,2451,92
2022-07-01,2022,3,2022Q3,Arizona,563.497228,563497.228,13.9350648737559,0.571914205370658,34.2229842625495,2022_M7.6_aguililla,322.272069380189,562.162717870161,1.3345101298395,0.99763173612304,17.1301369896115,0.0303996827995249,0.0208330546483726,0.00931711990105222,0.000249508250100088,2451,92
2022-07-01,2022,3,2022Q3,Arkansas,104.996554,104996.554,12.2548299901361,0.684364876699609,34.2229842625495,2022_M7.6_aguililla,71.8559537320938,104.672034202963,0.324519797036622,0.996909233830316,2.61559497161447,0.0249112458644545,0.0211814432997902,0.00344451947540391,0.00028528308926036,2451,92
2022-07-01,2022,3,2022Q3,California,5207.380593,5207380.593,16.1587347026016,1.5634348647692,34.2229842625495,2022_M7.6_aguililla,8141.40037321873,5188.93688262391,18.443710376089,0.996458159712604,540.156729732516,0.103729066866866,0.0761693920389023,0.0253871211002179,0.00217255372774562,2451,92
2022-07-01,2022,3,2022Q3,Colorado,366.915975,366915.975,13.5060353304316,0.501432306312978,34.2229842625495,2022_M7.6_aguililla,183.983523567325,365.996647830433,0.919327169567415,0.997494447687737,8.68293802758481,0.0236646497269158,0.017775267921826,0.00566613930879892,0.000223242496290874,2451,92
2022-07-01,2022,3,2022Q3,Connecticut,29.003575,29003.575,10.96832155809,0.372744641317421,34.2229842625495,2022_M7.6_aguililla,10.8109271602979,28.9841097353799,0.0194652646201209,0.999328866713151,1.17468101653563,0.040501249123104,0.0364352180707385,0.00406603105077615,1.58943687900371e-12,2451,92
2022-07-01,2022,3,2022Q3,Delaware,17.088344,17088.344,10.4392990540595,0.461779145893156,34.2229842625495,2022_M7.6_aguililla,7.89104089704843,17.0513729683007,0.0369710316993213,0.997836476624106,0.211572213824386,0.0123810834931919,0.00888629514797935,0.00349478834389316,1.31943277761883e-12,2451,92
2022-07-01,2022,3,2022Q3,District Of Columbia,3.682629,3682.629,8.90452937726726,0.304800011142886,34.2229842625495,2022_M7.6_aguililla,1.12246536023511,3.67918034463882,0.00344865536118193,0.999063534404041,0.024076526888257,0.00653786381638146,9.23947256705157e-11,0.00653786372195607,2.03066142505876e-12,2451,92
2022-07-01,2022,3,2022Q3,Florida,476.590617,476590.617,13.7675603366452,0.433190663406124,34.2229842625495,2022_M7.6_aguililla,206.454605551364,475.22232454197,1.36829245803001,0.997128998328496,7.85669596278381,0.0164852090715496,0.0134775879199919,0.00281134536739325,0.000196275784164443,2451,92
2022-07-01,2022,3,2022Q3,Georgia,507.039709,507039.709,13.8294917815663,0.687083744157758,34.2229842625495,2022_M7.6_aguililla,348.37874169638,505.329056709212,1.71065229078833,0.996626196606648,15.8290749421461,0.03121861002438,0.0255896971157746,0.00546875279391882,0.000160160114686538,2451,92
2022-07-01,2022,3,2022Q3,Hawaii,14.800673,14800.673,10.2955751133925,1.47686291089037,34.2229842625495,2022_M7.6_aguililla,21.8585650099165,14.7989921438159,0.00168085618413461,0.9998864338004,1.68846861527657,0.114080529667575,0.107530320748967,0.00655020891733605,1.27133366182337e-12,2451,92
2022-07-01,2022,3,2022Q3,Idaho,74.695538,74695.538,11.9143228176792,1.40196436667287,34.2229842625495,2022_M7.6_aguililla,104.72048262546,74.1840540842804,0.511483915719613,0.993152416738472,5.56575501296046,0.0745125500396082,0.0602158504814869,0.0128416309986941,0.00145506855942727,2451,92
2022-07-01,2022,3,2022Q3,Illinois,486.989967,486989.967,13.7891459807708,0.962756857693213,34.2229842625495,2022_M7.6_aguililla,468.852930357041,485.693242794139,1.29672420586116,0.997337267102546,16.5788069978282,0.0340434261920395,0.0296451182988639,0.00417688261481703,0.000221425278358522,2451,92
2022-07-01,2022,3,2022Q3,Indiana,172.006524,172006.524,12.7484348658772,0.597420410399524,34.2229842625495,2022_M7.6_aguililla,102.760208159476,171.551989842056,0.454534157944363,0.997357459779,3.82283008716033,0.0222249133245686,0.0185438599760684,0.00349772643842561,0.00018332691007464,2451,92
2022-07-01,2022,3,2022Q3,Iowa,73.087899,73087.899,11.8925652722856,0.970528324569698,34.2229842625495,2022_M7.6_aguililla,70.9338761627893,72.8803267623575,0.207572237642509,0.997159964365065,3.87717122487542,0.0530480596367317,0.0462768212971345,0.00608083004452093,0.000690408295076275,2451,92
2022-07-01,2022,3,2022Q3,Kansas,103.915425,103915.425,12.2444798067091,0.588413198001147,34.2229842625495,2022_M7.6_aguililla,61.1452075458983,103.469676168656,0.445748831344485,0.995710465204329,3.1547174683,0.0303585099931026,0.0221955558228588,0.00810081136270225,6.21428075415272e-05,2451,92
2022-07-01,2022,3,2022Q3,Kentucky,85.573447,85573.447,12.0502774960043,0.403812802211915,34.2229842625495,2022_M7.6_aguililla,34.5556534280028,85.0945428234299,0.478904176570078,0.994403589041235,2.66680976918463,0.03116398675847,0.0299191043457642,0.00117218360368025,7.26988090255008e-05,2451,92
2022-07-01,2022,3,2022Q3,Louisiana,129.499453,129499.453,12.4645791167494,0.494560429622435,34.2229842625495,2022_M7.6_aguililla,64.0453051115503,128.799129584765,0.700323415235505,0.994592074336905,1.74079479495706,0.0134424876293266,0.00916020311743429,0.00422176424892555,6.05202629667768e-05,2451,92
2022-07-01,2022,3,2022Q3,Maine,15.890814,15890.814,10.3666436669556,0.977617443088627,34.2229842625495,2022_M7.6_aguililla,15.535136951277,15.8886340971186,0.00217990288136592,0.999862819936011,1.29481276550223e-09,8.14818401060026e-11,6.98732776768161e-11,1.00728798608253e-11,1.53568256836124e-12,2451,92
2022-07-01,2022,3,2022Q3,Maryland,64.93293,64932.93,11.7742573506234,0.265705412548858,34.2229842625495,2022_M7.6_aguililla,17.2530309536561,64.6149990583872,0.317930941612798,0.995103702518695,0.644043148593099,0.00991859059175519,0.00815208276548757,0.00152766231152007,0.000238845514747555,2451,92
2022-07-01,2022,3,2022Q3,Massachusetts,41.287349,41287.349,11.3214585931177,0.66346547150442,34.2229842625495,2022_M7.6_aguililla,27.3927304714526,41.2076604711468,0.0796885288532258,0.99806990444329,2.53842046252748,0.0614817982749988,0.0569194345277979,0.00446688216431191,9.54815828890309e-05,2451,92
2022-07-01,2022,3,2022Q3,Michigan,191.50538,191505.38,12.8558183617697,0.894531791195856,34.2229842625495,2022_M7.6_aguililla,171.307650595043,190.858305795009,0.647074204991189,0.996621117354556,5.84420428183298,0.0305171806757229,0.025555480258419,0.00454892250714465,0.00041277791015926,2451,92
2022-07-01,2022,3,2022Q3,Minnesota,199.433368,199433.368,12.8963826451021,0.530292843654709,34.2229842625495,2022_M7.6_aguililla,105.758087836356,198.546915736158,0.886452263842135,0.995555145697373,4.82539661528014,0.02419553289237,0.0190722861453129,0.00511415612552779,9.09062152938516e-06,2451,92
2022-07-01,2022,3,2022Q3,Mississippi,48.128196,48128.196,11.4747706604425,0.483381873623706,34.2229842625495,2022_M7.6_aguililla,23.2642975566089,47.8268974172312,0.301298582768818,0.993739665979402,0.737851596818351,0.0153309630973567,0.0123060061009785,0.00302495699505455,1.32362966039439e-12,2451,92
2022-07-01,2022,3,2022Q3,Missouri,116.570404,116570.404,12.359397876215,0.726129691405946,34.2229842625495,2022_M7.6_aguililla,84.6452314835864,116.311498825739,0.258905174261383,0.997778980209579,3.52203710200171,0.0302138191268661,0.0222202030874732,0.007249442016644,0.000744174022748881,2451,92
2022-07-01,2022,3,2022Q3,Montana,22.678915,22678.915,10.7223380982372,0.653161476200992,34.2229842625495,2022_M7.6_aguililla,14.8129936000368,22.5778930712507,0.101021928749353,0.995545557238988,0.612323453318583,0.0269996802456636,0.0192843947784014,0.00771528546619698,1.06518660534705e-12,2451,92
2022-07-01,2022,3,2022Q3,Nebraska,71.393695,71393.695,11.8691120197154,0.926512459721015,34.2229842625495,2022_M7.6_aguililla,66.147147963022,71.3157811786848,0.0779138213152255,0.998908673639665,3.028968147252,0.0424262695361544,0.0371708694074899,0.00498764015203405,0.000267759976630459,2451,92
2022-07-01,2022,3,2022Q3,Nevada,173.984446,173984.446,12.7598683639647,1.21248851738536,34.2229842625495,2022_M7.6_aguililla,210.954142978652,172.78927236402,1.19517363598033,0.993130571936411,14.1886939368877,0.0815515079830048,0.0660003207537688,0.0144966010500516,0.00105458617918439,2451,92
2022-07-01,2022,3,2022Q3,New Hampshire,16.02827,16028.27,10.3752564986676,1.10023005972689,34.2229842625495,2022_M7.6_aguililla,17.6347844594188,16.0264403818209,0.00182961817909187,0.999885850551613,1.17658724955999,0.0734070021006627,0.0383588416278864,0.0350481604714985,1.27786292685176e-12,2451,92
2022-07-01,2022,3,2022Q3,New Jersey,214.68021,214680.21,12.9700519850558,0.204881455019431,34.2229842625495,2022_M7.6_aguililla,43.983993788677,213.895817459534,0.784392540465741,0.996346227999005,1.94118125251268,0.0090421993369239,0.0056477591652083,0.0017228321406208,0.0016716080310948,2451,92
2022-07-01,2022,3,2022Q3,New Mexico,109.618283,109618.283,12.297906635858,0.230816081821805,34.2229842625495,2022_M7.6_aguililla,25.3016625780937,109.342310848018,0.275972151981797,0.997482425883447,0.8921431671054,0.00813863474859755,0.00642059303363681,0.00170433355098029,1.3708163980453e-05,2451,92
2022-07-01,2022,3,2022Q3,New York,384.411721,384411.721,13.5526166278504,0.18489047702128,34.2229842625495,2022_M7.6_aguililla,71.0740664682614,383.609822783422,0.801898216577949,0.997913960025745,6.23626720988069,0.0162228851754515,0.0150833382681758,0.00105525221371214,8.4294693563542e-05,2451,92
2022-07-01,2022,3,2022Q3,North Carolina,316.408198,316408.198,13.3579356053426,0.634657120873929,34.2229842625495,2022_M7.6_aguililla,200.810715963588,314.900848014001,1.50734998599862,0.99523605900376,7.93476634751892,0.0250776256673315,0.0210844078168509,0.00391417090605478,7.90469444258648e-05,2451,92
2022-07-01,2022,3,2022Q3,North Dakota,71.960899,71960.899,11.8770253616464,0.781903309485168,34.2229842625495,2022_M7.6_aguililla,56.2664650816279,71.9526291142215,0.0082698857785071,0.999885078064707,2.68332653590791,0.0372886744495494,0.0277254795740107,0.00956319487425224,1.28651064607548e-12,2451,92
2022-07-01,2022,3,2022Q3,Ohio,139.871405,139871.405,12.5416259243374,0.717107798694416,34.2229842625495,2022_M7.6_aguililla,100.302875339845,139.607544280428,0.263860719571553,0.998113547800771,2.77795736043863,0.0198607954244731,0.0169930566258248,0.00249233914567318,0.00037539965297514,2451,92
2022-07-01,2022,3,2022Q3,Oklahoma,86.542452,86542.452,12.0615375276893,0.424725044335522,34.2229842625495,2022_M7.6_aguililla,36.7567467626048,86.3856188115792,0.156833188420852,0.998187788942924,0.960654168350879,0.0111003807512974,0.0078963644486869,0.00299692938158932,0.000207086921021174,2451,92
2022-07-01,2022,3,2022Q3,Oregon,142.927382,142927.382,12.5632391426491,1.41151955075296,34.2229842625495,2022_M7.6_aguililla,201.744794030937,142.407696453807,0.519685546192682,0.996363988908769,14.5638423755837,0.101896796623503,0.0787829687352883,0.0205034447871571,0.00261038310105746,2451,92
2022-07-01,2022,3,2022Q3,Pennsylvania,129.667581,129667.581,12.4658765658963,0.519520870661927,34.2229842625495,2022_M7.6_aguililla,67.3650145777459,129.275138487685,0.392442512315108,0.996973472403136,2.44949689818723,0.018890588374493,0.0172334609928924,0.00164679607938327,1.03313022172954e-05,2451,92
2022-07-01,2022,3,2022Q3,Rhode Island,6.751985,6751.985,9.51073900075303,0.468022062469604,34.2229842625495,2022_M7.6_aguililla,3.16007794546383,6.70157564735138,0.0504093526486224,0.992534143270665,0.0291756968357264,0.00432105474697091,7.38714771849183e-11,0.00432105467147587,1.62355543612368e-12,2451,92
2022-07-01,2022,3,2022Q3,South Carolina,126.049795,126049.795,12.4375794868517,0.398847983902186,34.2229842625495,2022_M7.6_aguililla,50.2747066070338,125.692973761362,0.356821238638306,0.997169204133666,1.96421108887961,0.0155828185906975,0.012701196976882,0.00286112900499,2.04926088255095e-05,2451,92
2022-07-01,2022,3,2022Q3,South Dakota,21.785849,21785.849,10.6821630906484,0.853582110000466,34.2229842625495,2022_M7.6_aguililla,18.5960109575716,21.377511605765,0.408337394234992,0.981256760099871,0.412199750319587,0.0189205272798681,0.0189205272699296,8.62370991925332e-12,1.31474624740697e-12,2451,92
2022-07-01,2022,3,2022Q3,Tennessee,255.797124,255797.124,13.1452871054687,0.642488718523042,34.2229842625495,2022_M7.6_aguililla,164.34676640064,254.712864957542,1.08425904245807,0.995761253975404,6.83936434161858,0.0267374559755355,0.023534873292697,0.00318286383517726,1.97188476612049e-05,2451,92
2022-07-01,2022,3,2022Q3,Texas,2441.397788,2441397.788,15.4012284777399,0.496374742011564,34.2229842625495,2022_M7.6_aguililla,1211.8481971661,2431.57817729729,9.81961070271247,0.995977873515337,38.2027083700817,0.0156478835845008,0.0117179697121697,0.00367223092081143,0.00025768295151964,2451,92
2022-07-01,2022,3,2022Q3,Utah,129.044744,129044.744,12.4610616564925,1.07783995712098,34.2229842625495,2022_M7.6_aguililla,139.089581339648,128.581109741693,0.463634258307117,0.996407182160731,8.12541225810831,0.0629658520467002,0.0513118115192925,0.0112517892175969,0.000402251309810911,2451,92
2022-07-01,2022,3,2022Q3,Vermont,2.723941,2723.941,8.60298222196364,0.214046736966553,34.2229842625495,2022_M7.6_aguililla,0.583050682739409,2.72377990359203,0.000161096407972455,0.999940859068543,0.0388576283054018,0.0142652239183601,3.0123697318279e-11,0.0142652238875744,6.62061927025078e-13,2451,92
2022-07-01,2022,3,2022Q3,Virginia,142.169936,142169.936,12.5579255340367,0.567734520392631,34.2229842625495,2022_M7.6_aguililla,80.714780429211,141.029041889672,1.14089411032781,0.991975138046571,3.77680481146148,0.0265654252771238,0.0238621735595308,0.00265759743961275,4.56542779802398e-05,2451,92
2022-07-01,2022,3,2022Q3,Washington,310.388463,310388.463,13.3387270789929,1.57689764097576,34.2229842625495,2022_M7.6_aguililla,489.450835090793,306.842346655096,3.54611634490427,0.988575231467594,32.6178537406135,0.105087197588957,0.0668384280147159,0.0318265158417747,0.0064222537324659,2451,92
2022-07-01,2022,3,2022Q3,West Virginia,15.723617,15723.617,10.3560663101464,0.609989071244001,34.2229842625495,2022_M7.6_aguililla,9.59123453042638,15.4350196506275,0.288597349372459,0.981645613132623,0.411542928801513,0.0261735533752516,0.0261735533616865,1.17705769023072e-11,1.79450862297366e-12,2451,92
2022-07-01,2022,3,2022Q3,Wisconsin,154.404698,154404.698,12.6404795241415,0.733928418794721,34.2229842625495,2022_M7.6_aguililla,113.321995857616,153.801312942769,0.603385057230572,0.996092184596413,3.3681700095672,0.0218139088589597,0.0172955588744132,0.00434127645659323,0.000177073527953255,2451,92
2022-07-01,2022,3,2022Q3,Wyoming,20.681998,20681.998,10.6301661201869,0.688552223993365,34.2229842625495,2022_M7.6_aguililla,14.2406357195263,20.6600763643349,0.0219216356650896,0.998940061996666,0.959618811521858,0.0463987479121629,0.0350084638877775,0.0103585179218365,0.00103176610254893,2451,92
2022-10-01,2022,4,2022Q4,Alabama,109.760533,109760.533,12.2992034795782,0,0,"",0,109.63380293339,0.126730066609943,0.998845394941641,0,0,0,0,0,2451,0
2022-10-01,2022,4,2022Q4,Alaska,10.705451,10705.451,9.97165551272353,0,0,"",0,10.7045882641238,0.000862735876178572,0.99991941153379,0,0,0,0,0,2451,0
2022-10-01,2022,4,2022Q4,Arizona,587.79704,587797.04,13.9772841777885,0,0,"",0,586.54899636263,1.24804363737049,0.997876743922749,0,0,0,0,0,2451,0
2022-10-01,2022,4,2022Q4,Arkansas,96.933913,96933.913,12.1749318965971,0,0,"",0,96.6711698688484,0.262743131151639,0.997289461211045,0,0,0,0,0,2451,0
2022-10-01,2022,4,2022Q4,California,5362.212255,5362212.255,16.1880343625974,0,0,"",0,5346.26110942586,15.9511455741434,0.997025267778374,0,0,0,0,0,2451,0
2022-10-01,2022,4,2022Q4,Colorado,374.271584,374271.584,13.5258841538593,0,0,"",0,373.384235631612,0.887348368388145,0.997629132409934,0,0,0,0,0,2451,0
2022-10-01,2022,4,2022Q4,Connecticut,32.335293,32335.293,11.0770617560273,0,0,"",0,32.3165087872726,0.0187842127274411,0.999419080175725,0,0,0,0,0,2451,0
2022-10-01,2022,4,2022Q4,Delaware,16.729525,16729.525,10.418077582921,0,0,"",0,16.6955542649132,0.0339707350867839,0.997969414248953,0,0,0,0,0,2451,0
2022-10-01,2022,4,2022Q4,District Of Columbia,5.59284,5592.84,9.32238967577715,0,0,"",0,5.58772494020978,0.00511505979022179,0.999085427119277,0,0,0,0,0,2451,0
2022-10-01,2022,4,2022Q4,Florida,523.594759,523594.759,13.8616204839794,0,0,"",0,522.366842879355,1.22791612064539,0.997654834966281,0,0,0,0,0,2451,0
2022-10-01,2022,4,2022Q4,Georgia,403.338615,403338.615,13.6006789044219,0,0,"",0,402.158329101163,1.18028589883739,0.99707370964509,0,0,0,0,0,2451,0
2022-10-01,2022,4,2022Q4,Hawaii,17.734581,17734.581,10.4764189226844,0,0,"",0,17.7331400817749,0.00144091822506228,0.999918750929325,0,0,0,0,0,2451,0
2022-10-01,2022,4,2022Q4,Idaho,71.090192,71090.192,11.8648518403311,0,0,"",0,70.6774714916052,0.412720508394803,0.994194409991257,0,0,0,0,0,2451,0
2022-10-01,2022,4,2022Q4,Illinois,492.390766,492390.766,13.8001751006313,0,0,"",0,491.21018848684,1.18057751316008,0.997602356512997,0,0,0,0,0,2451,0
2022-10-01,2022,4,2022Q4,Indiana,168.224917,168224.917,12.7262043352383,0,0,"",0,167.847717074234,0.377199925766469,0.997757764233187,0,0,0,0,0,2451,0
2022-10-01,2022,4,2022Q4,Iowa,69.189269,69189.269,11.8377482379387,0,0,"",0,69.0153454683386,0.173923531661447,0.997486264356089,0,0,0,0,0,2451,0
2022-10-01,2022,4,2022Q4,Kansas,101.900364,101900.364,12.224897971918,0,0,"",0,101.513528540561,0.386835459439385,0.996203787265771,0,0,0,0,0,2451,0
2022-10-01,2022,4,2022Q4,Kentucky,84.028351,84028.351,12.0320567133812,0,0,"",0,83.639717708091,0.388633291908989,0.995374974192829,0,0,0,0,0,2451,0
2022-10-01,2022,4,2022Q4,Louisiana,141.731221,141731.221,12.5548349136684,0,0,"",0,141.081413602455,0.649807397545537,0.995415213437373,0,0,0,0,0,2451,0
2022-10-01,2022,4,2022Q4,Maine,9.607399,9607.399,9.86343599303184,0,0,"",0,9.6064819721934,0.00091702780660296,0.999904549836371,0,0,0,0,0,2451,0
2022-10-01,2022,4,2022Q4,Maryland,63.566503,63566.503,11.7529891088142,0,0,"",0,63.3006874760245,0.265815523975467,0.995818308205888,0,0,0,0,0,2451,0
2022-10-01,2022,4,2022Q4,Massachusetts,39.244964,39244.964,11.2707255899685,0,0,"",0,39.1821004470309,0.0628635529690721,0.998398175292782,0,0,0,0,0,2451,0
2022-10-01,2022,4,2022Q4,Michigan,164.239753,164239.753,12.7022297283642,0,0,"",0,163.7647638354,0.474989164599951,0.997107952515004,0,0,0,0,0,2451,0
2022-10-01,2022,4,2022Q4,Minnesota,174.487041,174487.041,12.7627529348248,0,0,"",0,173.838769160971,0.648271839029158,0.996284699222854,0,0,0,0,0,2451,0
2022-10-01,2022,4,2022Q4,Mississippi,49.47676,49476.76,11.5024055240221,0,0,"",0,49.2139741904355,0.262785809564548,0.994688702138852,0,0,0,0,0,2451,0
2022-10-01,2022,4,2022Q4,Missouri,98.859319,98859.319,12.1946002788935,0,0,"",0,98.6515498873426,0.207769112657396,0.997898335586781,0,0,0,0,0,2451,0
2022-10-01,2022,4,2022Q4,Montana,14.18502,14185.02,10.2530889389844,0,0,"",0,14.1201054166078,0.0649145833922318,0.995423722815179,0,0,0,0,0,2451,0
2022-10-01,2022,4,2022Q4,Nebraska,67.503433,67503.433,11.8130809154414,0,0,"",0,67.4388790620668,0.0645539379332208,0.999043694000967,0,0,0,0,0,2451,0
2022-10-01,2022,4,2022Q4,Nevada,176.888756,176888.756,12.7764234973616,0,0,"",0,175.838916552264,1.04983944773564,0.994064973537743,0,0,0,0,0,2451,0
2022-10-01,2022,4,2022Q4,New Hampshire,18.001659,18001.659,10.4913663806293,0,0,"",0,18.0002402698807,0.00141873011933279,0.999921188923791,0,0,0,0,0,2451,0
2022-10-01,2022,4,2022Q4,New Jersey,213.865669,213865.669,12.9662505625206,0,0,"",0,213.222702710213,0.642966289787391,0.996993597463334,0,0,0,0,0,2451,0
2022-10-01,2022,4,2022Q4,New Mexico,101.628397,101628.397,12.2222254536899,0,0,"",0,101.393378914751,0.235018085249132,0.997687476215441,0,0,0,0,0,2451,0
2022-10-01,2022,4,2022Q4,New York,396.302251,396302.251,13.5830796397643,0,0,"",0,395.605866524218,0.696384475781587,0.998242794548796,0,0,0,0,0,2451,0
2022-10-01,2022,4,2022Q4,North Carolina,304.324002,304324.002,13.3189953894463,0,0,"",0,303.126662663297,1.197339336703,0.996065577053291,0,0,0,0,0,2451,0
2022-10-01,2022,4,2022Q4,North Dakota,63.617968,63617.968,11.7537984057731,0,0,"",0,63.6126505688959,0.00531743110409705,0.999916416206439,0,0,0,0,0,2451,0
2022-10-01,2022,4,2022Q4,Ohio,119.306851,119306.851,12.3826012136702,0,0,"",0,119.118368168985,0.188482831014575,0.998420184344531,0,0,0,0,0,2451,0
2022-10-01,2022,4,2022Q4,Oklahoma,89.44867,89448.67,12.0945674007758,0,0,"",0,89.3121392556907,0.136530744309281,0.998473641426873,0,0,0,0,0,2451,0
2022-10-01,2022,4,2022Q4,Oregon,132.528464,132528.464,12.487699904553,0,0,"",0,132.143035221254,0.385428778746272,0.997091728319237,0,0,0,0,0,2451,0
2022-10-01,2022,4,2022Q4,Pennsylvania,118.75226,118752.26,12.3779419338724,0,0,"",0,118.460188842035,0.29207115796458,0.997540500214778,0,0,0,0,0,2451,0
2022-10-01,2022,4,2022Q4,Rhode Island,6.914807,6914.807,9.534567519158,0,0,"",0,6.87590785531404,0.0388991446859564,0.994374514764337,0,0,0,0,0,2451,0
2022-10-01,2022,4,2022Q4,South Carolina,129.986717,129986.717,12.468334727869,0,0,"",0,129.686395603018,0.300321396982177,0.997689599338199,0,0,0,0,0,2451,0
2022-10-01,2022,4,2022Q4,South Dakota,16.980671,16980.671,10.4329781575904,0,0,"",0,16.7151754694177,0.265495530582317,0.984364838669666,0,0,0,0,0,2451,0
2022-10-01,2022,4,2022Q4,Tennessee,248.142578,248142.578,13.1149059518033,0,0,"",0,247.244535479775,0.898042520224829,0.99638094144317,0,0,0,0,0,2451,0
2022-10-01,2022,4,2022Q4,Texas,2444.061654,2444061.654,15.402319006193,0,0,"",0,2435.50554121301,8.55611278699068,0.996499223833823,0,0,0,0,0,2451,0
2022-10-01,2022,4,2022Q4,Utah,126.846061,126846.061,12.4438766926967,0,0,"",0,126.446802547112,0.399258452888009,0.996852417412567,0,0,0,0,0,2451,0
2022-10-01,2022,4,2022Q4,Vermont,3.676723,3676.723,8.90292434436497,0,0,"",0,3.67657084196714,0.000152158032859244,0.999958615856332,0,0,0,0,0,2451,0
2022-10-01,2022,4,2022Q4,Virginia,136.579758,136579.758,12.5178112112315,0,0,"",0,135.640547754701,0.939210245298802,0.993123356937718,0,0,0,0,0,2451,0
2022-10-01,2022,4,2022Q4,Washington,308.057898,308057.898,13.3311902053716,0,0,"",0,305.249626983388,2.80827101661164,0.990883950598755,0,0,0,0,0,2451,0
2022-10-01,2022,4,2022Q4,West Virginia,15.570354,15570.354,10.3462711821916,0,0,"",0,15.3287279841448,0.241626015855224,0.984481662019038,0,0,0,0,0,2451,0
2022-10-01,2022,4,2022Q4,Wisconsin,146.606132,146606.132,12.5886520762352,0,0,"",0,146.132252455216,0.47387954478437,0.996767669003201,0,0,0,0,0,2451,0
2022-10-01,2022,4,2022Q4,Wyoming,19.120677,19120.677,10.5516727751721,0,0,"",0,19.0994652133001,0.0212117866999229,0.998890636210218,0,0,0,0,0,2451,0
2023-01-01,2023,1,2023Q1,Alabama,84.876883,84876.883,12.0421042307766,0,0,"",0,84.6245578911482,0.25232510885181,0.997027163346092,0,0,0,0,0,2451,0
2023-01-01,2023,1,2023Q1,Alaska,22.535262,22535.262,10.7159837424684,0,0,"",0,22.5352619998118,1.88208779966877e-10,0.999999999991648,0,0,0,0,0,2451,0
2023-01-01,2023,1,2023Q1,Arizona,539.515689,539515.689,13.8915743244485,0,0,"",0,537.762599663455,1.75308933654518,0.996750623990575,0,0,0,0,0,2451,0
2023-01-01,2023,1,2023Q1,Arkansas,85.646229,85646.229,12.051127655356,0,0,"",0,85.3633155205663,0.282913479433679,0.996696719952099,0,0,0,0,0,2451,0
2023-01-01,2023,1,2023Q1,California,4932.040946,4932040.946,16.1044106259005,0,0,"",0,4914.94024163116,17.1007043688441,0.996532732684891,0,0,0,0,0,2451,0
2023-01-01,2023,1,2023Q1,Colorado,287.304528,287304.528,13.2614451859352,0,0,"",0,286.415083700373,0.889444299627242,0.996904175838025,0,0,0,0,0,2451,0
2023-01-01,2023,1,2023Q1,Connecticut,25.170124,25170.124,10.8265601955716,0,0,"",0,25.1005677355516,0.069556264448452,0.997236554557759,0,0,0,0,0,2451,0
2023-01-01,2023,1,2023Q1,Delaware,12.064321,12064.321,10.0911548802615,0,0,"",0,12.0267569108295,0.0375640891704863,0.996886348666412,0,0,0,0,0,2451,0
2023-01-01,2023,1,2023Q1,District Of Columbia,15.011203,15011.203,10.3096992496543,0,0,"",0,14.7395174836645,0.271685516335478,0.981901149672316,0,0,0,0,0,2451,0
2023-01-01,2023,1,2023Q1,Florida,354.484546,354484.546,13.4715672107719,0,0,"",0,353.581974429207,0.902571570792639,0.997453847901193,0,0,0,0,0,2451,0
2023-01-01,2023,1,2023Q1,Georgia,457.13817,457138.17,13.7258881460982,0,0,"",0,455.285130499234,1.85303950076646,0.99594643453036,0,0,0,0,0,2451,0
2023-01-01,2023,1,2023Q1,Hawaii,59.009815,59009.815,11.6786062456162,0,0,"",0,58.3554029562628,0.654412043737204,0.988910115313237,0,0,0,0,0,2451,0
2023-01-01,2023,1,2023Q1,Idaho,44.456278,44456.278,11.3954086490008,0,0,"",0,44.2764749038786,0.179803096121455,0.995955507203697,0,0,0,0,0,2451,0
2023-01-01,2023,1,2023Q1,Illinois,423.931968,423931.968,13.6504754490713,0,0,"",0,422.694179707165,1.23778829283467,0.997080219501553,0,0,0,0,0,2451,0
2023-01-01,2023,1,2023Q1,Indiana,130.193737,130193.737,12.4699260852557,0,0,"",0,129.908747737656,0.284989262343658,0.997811037082808,0,0,0,0,0,2451,0
2023-01-01,2023,1,2023Q1,Iowa,97.356784,97356.784,12.1792848756561,0,0,"",0,97.2801666694841,0.0766173305158761,0.999213025252397,0,0,0,0,0,2451,0
2023-01-01,2023,1,2023Q1,Kansas,102.926324,102926.324,12.2349158908746,0,0,"",0,102.752168505296,0.174155494703958,0.998307959636216,0,0,0,0,0,2451,0
2023-01-01,2023,1,2023Q1,Kentucky,59.884125,59884.125,11.6933139045661,0,0,"",0,59.7484906135489,0.135634386451063,0.997735052713034,0,0,0,0,0,2451,0
2023-01-01,2023,1,2023Q1,Louisiana,120.605173,120605.173,12.3934246367965,0,0,"",0,119.787799263313,0.817373736686791,0.993222730697573,0,0,0,0,0,2451,0
2023-01-01,2023,1,2023Q1,Maine,20.226625,20226.625,10.6079022659764,0,0,"",0,20.2266249998379,1.62099452057395e-10,0.999999999991986,0,0,0,0,0,2451,0
2023-01-01,2023,1,2023Q1,Maryland,47.493553,47493.553,11.4614964351661,0,0,"",0,47.1745093290959,0.319043670904078,0.993282379380964,0,0,0,0,0,2451,0
2023-01-01,2023,1,2023Q1,Massachusetts,42.78446,42784.46,11.3570774122233,0,0,"",0,42.5264170520582,0.258042947941825,0.9939687693162,0,0,0,0,0,2451,0
2023-01-01,2023,1,2023Q1,Michigan,134.106683,134106.683,12.4995380845452,0,0,"",0,133.587012635762,0.519670364237552,0.996124948044256,0,0,0,0,0,2451,0
2023-01-01,2023,1,2023Q1,Minnesota,148.385965,148385.965,12.6007192103425,0,0,"",0,147.638439688618,0.747525311382349,0.99496229099981,0,0,0,0,0,2451,0
2023-01-01,2023,1,2023Q1,Mississippi,44.471096,44471.096,11.395741909716,0,0,"",0,44.2201496430257,0.250946356974347,0.994357090795011,0,0,0,0,0,2451,0
2023-01-01,2023,1,2023Q1,Missouri,82.6811,82681.1,12.0158934986095,0,0,"",0,82.5193961206181,0.161703879381901,0.998044246153209,0,0,0,0,0,2451,0
2023-01-01,2023,1,2023Q1,Montana,15.827647,15827.647,10.3626606815653,0,0,"",0,15.8276469998965,1.03543575768908e-10,0.999999999993458,0,0,0,0,0,2451,0
2023-01-01,2023,1,2023Q1,Nebraska,52.094318,52094.318,11.5539583429451,0,0,"",0,51.9379244395341,0.156393560465951,0.996997876803648,0,0,0,0,0,2451,0
2023-01-01,2023,1,2023Q1,Nevada,192.666489,192666.489,12.8618631174073,0,0,"",0,191.85477030171,0.811718698290136,0.995786923286435,0,0,0,0,0,2451,0
2023-01-01,2023,1,2023Q1,New Hampshire,8.737441,8737.441,9.76851981785034,0,0,"",0,8.73744099991923,8.07661880520106e-11,0.999999999990756,0,0,0,0,0,2451,0
2023-01-01,2023,1,2023Q1,New Jersey,173.93345,173933.45,12.7595752143397,0,0,"",0,173.683888525035,0.249561474964628,0.998565189875986,0,0,0,0,0,2451,0
2023-01-01,2023,1,2023Q1,New Mexico,92.955113,92955.113,12.1330191802944,0,0,"",0,92.7959063526821,0.159206647317924,0.998287273909097,0,0,0,0,0,2451,0
2023-01-01,2023,1,2023Q1,New York,278.118564,278118.564,13.2289499715239,0,0,"",0,277.609488607586,0.50907539241379,0.998169574209315,0,0,0,0,0,2451,0
2023-01-01,2023,1,2023Q1,North Carolina,220.425931,220425.931,12.9964641841702,0,0,"",0,219.533986571762,0.891944428238224,0.995953541290756,0,0,0,0,0,2451,0
2023-01-01,2023,1,2023Q1,North Dakota,48.174906,48174.906,11.4757407227288,0,0,"",0,48.1749059996593,3.40753401067671e-10,0.999999999992927,0,0,0,0,0,2451,0
2023-01-01,2023,1,2023Q1,Ohio,219.821787,219821.787,12.9937196185336,0,0,"",0,219.437142104046,0.38464489595425,0.9982501966652,0,0,0,0,0,2451,0
2023-01-01,2023,1,2023Q1,Oklahoma,82.690787,82690.787,12.0160106527423,0,0,"",0,82.5191081863851,0.171678813614907,0.997923845934434,0,0,0,0,0,2451,0
2023-01-01,2023,1,2023Q1,Oregon,109.47672,109476.72,12.2966143834766,0,0,"",0,109.03503093521,0.441689064790419,0.995965452154664,0,0,0,0,0,2451,0
2023-01-01,2023,1,2023Q1,Pennsylvania,94.843835,94843.835,12.1531341564742,0,0,"",0,94.580521914248,0.263313085751971,0.99722371954116,0,0,0,0,0,2451,0
2023-01-01,2023,1,2023Q1,Rhode Island,6.63172,6631.72,9.49276666262663,0,0,"",0,6.5670345824259,0.0646854175740983,0.990246057195705,0,0,0,0,0,2451,0
2023-01-01,2023,1,2023Q1,South Carolina,117.70948,117709.48,12.3691220143382,0,0,"",0,117.13822757357,0.57125242642954,0.995146929317592,0,0,0,0,0,2451,0
2023-01-01,2023,1,2023Q1,South Dakota,11.128576,11128.576,10.0104186761651,0,0,"",0,11.0010324649982,0.127543535001813,0.988539096556306,0,0,0,0,0,2451,0
2023-01-01,2023,1,2023Q1,Tennessee,216.411239,216411.239,12.9780829414003,0,0,"",0,216.007265023025,0.403973976975452,0.998133304079575,0,0,0,0,0,2451,0
2023-01-01,2023,1,2023Q1,Texas,2199.579874,2199579.874,15.2969241142885,0,0,"",0,2190.86803685477,8.71183714523122,0.996039317667792,0,0,0,0,0,2451,0
2023-01-01,2023,1,2023Q1,Utah,103.92408,103924.08,12.2445630921269,0,0,"",0,103.48622661286,0.437853387139906,0.995786795638317,0,0,0,0,0,2451,0
2023-01-01,2023,1,2023Q1,Vermont,19.02669,19026.69,10.5467451905214,0,0,"",0,19.0266899998851,1.1492810007464e-10,0.99999999999396,0,0,0,0,0,2451,0
2023-01-01,2023,1,2023Q1,Virginia,98.752153,98752.153,12.1935156656429,0,0,"",0,98.3478657126254,0.40428728737462,0.995906040778932,0,0,0,0,0,2451,0
2023-01-01,2023,1,2023Q1,Washington,273.130882,273130.882,13.2108535610902,0,0,"",0,270.792363982364,2.33851801763643,0.99143810468991,0,0,0,0,0,2451,0
2023-01-01,2023,1,2023Q1,West Virginia,11.656512,11656.512,10.0567674551853,0,0,"",0,11.6054558321676,0.0510561678324412,0.995619944642751,0,0,0,0,0,2451,0
2023-01-01,2023,1,2023Q1,Wisconsin,126.590119,126590.119,12.4418569172486,0,0,"",0,126.131389225858,0.458729774142101,0.996376259239143,0,0,0,0,0,2451,0
2023-01-01,2023,1,2023Q1,Wyoming,30.636823,30636.823,11.0231051113153,0,0,"",0,30.5805154050104,0.056307594989576,0.998162094190067,0,0,0,0,0,2451,0
2023-04-01,2023,2,2023Q2,Alabama,96.696331,96696.331,12.1724779192193,0,0,"",0,96.4139935579409,0.282337442059109,0.997080163857933,0,0,0,0,0,2451,0
2023-04-01,2023,2,2023Q2,Alaska,26.010519,26010.519,10.859403493037,0,0,"",0,26.0105189997657,2.34267372491567e-10,0.999999999990993,0,0,0,0,0,2451,0
2023-04-01,2023,2,2023Q2,Arizona,621.699957,621699.957,14.0333600516528,0,0,"",0,619.669977268976,2.029979731024,0.996734791906984,0,0,0,0,0,2451,0
2023-04-01,2023,2,2023Q2,Arkansas,121.126821,121126.821,12.3977405637128,0,0,"",0,120.728895022176,0.397925977823634,0.996714798798991,0,0,0,0,0,2451,0
2023-04-01,2023,2,2023Q2,California,5546.597042,5546597.042,16.2218423326464,0,0,"",0,5527.40997421187,19.1870677881265,0.996540749644721,0,0,0,0,0,2451,0
2023-04-01,2023,2,2023Q2,Colorado,336.912807,336912.807,13.4207266234818,0,0,"",0,335.902965760541,1.00984123945857,0.997002662948759,0,0,0,0,0,2451,0
2023-04-01,2023,2,2023Q2,Connecticut,28.769177,28769.177,10.9602070308114,0,0,"",0,28.6881898733296,0.080987126670387,0.997184934185973,0,0,0,0,0,2451,0
2023-04-01,2023,2,2023Q2,Delaware,15.294376,15294.376,10.3283876397352,0,0,"",0,15.2526300949314,0.0417459050686465,0.997270506160654,0,0,0,0,0,2451,0
2023-04-01,2023,2,2023Q2,District Of Columbia,17.675637,17675.637,10.4730897110795,0,0,"",0,17.3567600863453,0.31887691365473,0.981959523515066,0,0,0,0,0,2451,0
2023-04-01,2023,2,2023Q2,Florida,366.308138,366308.138,13.5043773458441,0,0,"",0,365.356733199931,0.951404800068587,0.997402720001627,0,0,0,0,0,2451,0
2023-04-01,2023,2,2023Q2,Georgia,542.262562,542262.562,13.8966527754177,0,0,"",0,540.015457587353,2.24710441264721,0.995856058356012,0,0,0,0,0,2451,0
2023-04-01,2023,2,2023Q2,Hawaii,71.552036,71552.036,11.871327420814,0,0,"",0,70.7789766341394,0.773059365860628,0.989195843904978,0,0,0,0,0,2451,0
2023-04-01,2023,2,2023Q2,Idaho,63.375112,63375.112,11.7499736887725,0,0,"",0,63.125282282289,0.249829717711041,0.996057920691153,0,0,0,0,0,2451,0
2023-04-01,2023,2,2023Q2,Illinois,501.69298,501692.98,13.8188907985096,0,0,"",0,500.249786776837,1.44319322316259,0.997123353762768,0,0,0,0,0,2451,0
2023-04-01,2023,2,2023Q2,Indiana,158.711893,158711.893,12.6679930244151,0,0,"",0,158.36200886803,0.349884131970381,0.997795476285004,0,0,0,0,0,2451,0
2023-04-01,2023,2,2023Q2,Iowa,127.107981,127107.981,12.4459394288579,0,0,"",0,127.012476359938,0.0955046400624148,0.999248633804809,0,0,0,0,0,2451,0
2023-04-01,2023,2,2023Q2,Kansas,126.614646,126614.646,12.4420506497803,0,0,"",0,126.397506929935,0.217139070064558,0.998285039867627,0,0,0,0,0,2451,0
2023-04-01,2023,2,2023Q2,Kentucky,79.200597,79200.597,11.9728862962527,0,0,"",0,79.0344775751791,0.166119424820892,0.997902548325224,0,0,0,0,0,2451,0
2023-04-01,2023,2,2023Q2,Louisiana,145.353563,145353.563,12.5800715995023,0,0,"",0,144.320175284234,1.03338771576615,0.992890523669061,0,0,0,0,0,2451,0
2023-04-01,2023,2,2023Q2,Maine,25.164094,25164.094,10.8263205971328,0,0,"",0,25.1640939997944,2.05553631620494e-10,0.999999999991831,0,0,0,0,0,2451,0
2023-04-01,2023,2,2023Q2,Maryland,57.736657,57736.657,11.6567947347043,0,0,"",0,57.3730683888469,0.363588611153107,0.993702638322944,0,0,0,0,0,2451,0
2023-04-01,2023,2,2023Q2,Massachusetts,51.575914,51575.914,11.5439572402008,0,0,"",0,51.2545249708278,0.3213890291722,0.9937686217413,0,0,0,0,0,2451,0
2023-04-01,2023,2,2023Q2,Michigan,172.660445,172660.445,12.7522293796741,0,0,"",0,171.951272848758,0.709172151242066,0.995892677380496,0,0,0,0,0,2451,0
2023-04-01,2023,2,2023Q2,Minnesota,178.906184,178906.184,12.7877640162642,0,0,"",0,178.012062225736,0.894121774263829,0.995002286928976,0,0,0,0,0,2451,0
2023-04-01,2023,2,2023Q2,Mississippi,59.764201,59764.201,11.691309295824,0,0,"",0,59.3966175191062,0.367583480893788,0.993849437041854,0,0,0,0,0,2451,0
2023-04-01,2023,2,2023Q2,Missouri,111.621614,111621.614,12.3160171645921,0,0,"",0,111.401876747729,0.219737252271367,0.998031409469931,0,0,0,0,0,2451,0
2023-04-01,2023,2,2023Q2,Montana,26.801492,26801.492,10.8893600174991,0,0,"",0,26.801491999821,1.79050874547998e-10,0.999999999993319,0,0,0,0,0,2451,0
2023-04-01,2023,2,2023Q2,Nebraska,63.406813,63406.813,11.7504737758418,0,0,"",0,63.2289936539539,0.177819346046125,0.997195579818116,0,0,0,0,0,2451,0
2023-04-01,2023,2,2023Q2,Nevada,225.710871,225710.871,13.0201573079172,0,0,"",0,224.763608378925,0.947262621075261,0.995803203377496,0,0,0,0,0,2451,0
2023-04-01,2023,2,2023Q2,New Hampshire,13.870643,13870.643,10.230677053142,0,0,"",0,13.8706429998653,1.34698410317034e-10,0.999999999990289,0,0,0,0,0,2451,0
2023-04-01,2023,2,2023Q2,New Jersey,207.640041,207640.041,12.936708467964,0,0,"",0,207.341287579449,0.298753420551223,0.998561195523212,0,0,0,0,0,2451,0
2023-04-01,2023,2,2023Q2,New Mexico,110.921556,110921.556,12.30972570834,0,0,"",0,110.728657695058,0.192898304942145,0.998260948440516,0,0,0,0,0,2451,0
2023-04-01,2023,2,2023Q2,New York,351.752061,351752.061,13.4638290147965,0,0,"",0,351.095702323633,0.656358676366982,0.998134030332328,0,0,0,0,0,2451,0
2023-04-01,2023,2,2023Q2,North Carolina,270.578935,270578.935,13.2014663267236,0,0,"",0,269.485484791103,1.09345020889656,0.995958849461446,0,0,0,0,0,2451,0
2023-04-01,2023,2,2023Q2,North Dakota,74.745057,74745.057,11.9149855425808,0,0,"",0,74.7450569994322,5.67833076631058e-10,0.999999999992403,0,0,0,0,0,2451,0
2023-04-01,2023,2,2023Q2,Ohio,280.804058,280804.058,13.2385595831594,0,0,"",0,280.305672826696,0.498385173304475,0.998225149676062,0,0,0,0,0,2451,0
2023-04-01,2023,2,2023Q2,Oklahoma,101.990146,101990.146,12.2257786603404,0,0,"",0,101.770521728801,0.219624271199114,0.997846612836508,0,0,0,0,0,2451,0
2023-04-01,2023,2,2023Q2,Oregon,128.393678,128393.678,12.4560036128408,0,0,"",0,127.888987658912,0.504690341088266,0.996069196326876,0,0,0,0,0,2451,0
2023-04-01,2023,2,2023Q2,Pennsylvania,129.387606,129387.606,12.4637150565111,0,0,"",0,129.047154156902,0.340451843098389,0.997368744552717,0,0,0,0,0,2451,0
2023-04-01,2023,2,2023Q2,Rhode Island,6.889416,6889.416,9.53088878571992,0,0,"",0,6.8252737681533,0.0641422318467018,0.99068974324577,0,0,0,0,0,2451,0
2023-04-01,2023,2,2023Q2,South Carolina,139.650931,139650.931,12.5400484185905,0,0,"",0,138.976249800923,0.67468119907722,0.995168802712262,0,0,0,0,0,2451,0
2023-04-01,2023,2,2023Q2,South Dakota,18.172249,18172.249,10.5007981105017,0,0,"",0,17.9713197421405,0.200929257859513,0.988943071500973,0,0,0,0,0,2451,0
2023-04-01,2023,2,2023Q2,Tennessee,261.365392,261365.392,13.1668218571737,0,0,"",0,260.877395495053,0.487996504947196,0.99813289547934,0,0,0,0,0,2451,0
2023-04-01,2023,2,2023Q2,Texas,2557.444047,2557444.047,15.4476660791227,0,0,"",0,2546.82783294182,10.6162140581791,0.995848896842677,0,0,0,0,0,2451,0
2023-04-01,2023,2,2023Q2,Utah,125.511647,125511.647,12.4333010186046,0,0,"",0,124.999585343395,0.512061656604919,0.995920206061794,0,0,0,0,0,2451,0
2023-04-01,2023,2,2023Q2,Vermont,22.64948,22649.48,10.7210393536375,0,0,"",0,22.6494799998554,1.4464318799251e-10,0.999999999993614,0,0,0,0,0,2451,0
2023-04-01,2023,2,2023Q2,Virginia,123.323404,123323.404,12.4157126651796,0,0,"",0,122.817284463878,0.506119536121956,0.995895997680035,0,0,0,0,0,2451,0
2023-04-01,2023,2,2023Q2,Washington,325.198737,325198.737,13.3853389534467,0,0,"",0,322.446034403148,2.75270259685194,0.991535321993419,0,0,0,0,0,2451,0
2023-04-01,2023,2,2023Q2,West Virginia,14.357534,14357.534,10.2651772826087,0,0,"",0,14.2969612458934,0.0605727541065603,0.995781117139854,0,0,0,0,0,2451,0
2023-04-01,2023,2,2023Q2,Wisconsin,149.887086,149887.086,12.6107847101834,0,0,"",0,149.34039802815,0.546687971850545,0.996352667955327,0,0,0,0,0,2451,0
2023-04-01,2023,2,2023Q2,Wyoming,38.868802,38868.802,11.2610943834124,0,0,"",0,38.7975279311806,0.0712740688193576,0.998166291083029,0,0,0,0,0,2451,0
2023-07-01,2023,3,2023Q3,Alabama,175.310361,175310.361,12.7674603541233,0,0,"",0,174.71473576978,0.59562523022033,0.996602452776762,0,0,0,0,0,2451,0
2023-07-01,2023,3,2023Q3,Alaska,26.645327,26645.327,10.883516248039,0,0,"",0,26.6453269997381,2.61949530049069e-10,0.999999999990169,0,0,0,0,0,2451,0
2023-07-01,2023,3,2023Q3,Arizona,300.641733,300641.733,13.3068217595627,0,0,"",0,299.587551758615,1.05418124138488,0.996493563182777,0,0,0,0,0,2451,0
2023-07-01,2023,3,2023Q3,Arkansas,117.467704,117467.704,12.3670658957891,0,0,"",0,116.990784822906,0.476919177093619,0.995939997455866,0,0,0,0,0,2451,0
2023-07-01,2023,3,2023Q3,California,4870.734295,4870734.295,16.0919024435135,0,0,"",0,4852.04514332969,18.6891516703136,0.996162970398632,0,0,0,0,0,2451,0
2023-07-01,2023,3,2023Q3,Colorado,680.049962,680049.962,14.1230687285431,0,0,"",0,677.829851122604,2.22011087739633,0.996735370926473,0,0,0,0,0,2451,0
2023-07-01,2023,3,2023Q3,Connecticut,50.70403,50704.03,11.526907854257,0,0,"",0,50.5416680320976,0.162361967902363,0.996797848851416,0,0,0,0,0,2451,0
2023-07-01,2023,3,2023Q3,Delaware,39.254235,39254.235,11.2709617962013,0,0,"",0,39.1373916238984,0.116843376101582,0.997023419865357,0,0,0,0,0,2451,0
2023-07-01,2023,3,2023Q3,District Of Columbia,20.030939,20030.939,10.5981804884245,0,0,"",0,19.4692117422695,0.561727257730471,0.971957018204165,0,0,0,0,0,2451,0
2023-07-01,2023,3,2023Q3,Florida,568.498005,568498.005,13.9439002634925,0,0,"",0,566.423321651853,2.07468334814674,0.996350588164075,0,0,0,0,0,2451,0
2023-07-01,2023,3,2023Q3,Georgia,674.605964,674605.964,14.1150312229256,0,0,"",0,671.004377714222,3.60158628577772,0.994661200051624,0,0,0,0,0,2451,0
2023-07-01,2023,3,2023Q3,Hawaii,63.296369,63296.369,11.74873042534,0,0,"",0,62.2778437599203,1.01852524007972,0.983908630839792,0,0,0,0,0,2451,0
2023-07-01,2023,3,2023Q3,Idaho,96.049981,96049.981,12.1657711509701,0,0,"",0,95.6479520036607,0.402028996339311,0.995814377138301,0,0,0,0,0,2451,0
2023-07-01,2023,3,2023Q3,Illinois,603.100034,603100.034,14.0029855363751,0,0,"",0,601.176380615272,1.92365338472812,0.996810390853455,0,0,0,0,0,2451,0
2023-07-01,2023,3,2023Q3,Indiana,221.189081,221189.081,12.9999203654092,0,0,"",0,220.419421154961,0.76965984503888,0.99652035334855,0,0,0,0,0,2451,0
2023-07-01,2023,3,2023Q3,Iowa,142.505637,142505.637,12.5602840163754,0,0,"",0,142.395785759339,0.109851240661386,0.999229144594039,0,0,0,0,0,2451,0
2023-07-01,2023,3,2023Q3,Kansas,128.788927,128788.927,12.4590772990348,0,0,"",0,128.483730764729,0.305196235270748,0.997630260284172,0,0,0,0,0,2451,0
2023-07-01,2023,3,2023Q3,Kentucky,132.289707,132289.707,12.4858967271972,0,0,"",0,131.974605186448,0.315101813552199,0.997618092739806,0,0,0,0,0,2451,0
2023-07-01,2023,3,2023Q3,Louisiana,109.882541,109882.541,12.30031444575,0,0,"",0,109.066884945532,0.815656054468424,0.992577018632392,0,0,0,0,0,2451,0
2023-07-01,2023,3,2023Q3,Maine,22.653175,22653.175,10.7212024787349,0,0,"",0,22.6531749997807,2.19315326187926e-10,0.999999999990318,0,0,0,0,0,2451,0
2023-07-01,2023,3,2023Q3,Maryland,100.972036,100972.036,12.2157460667848,0,0,"",0,100.200437182857,0.771598817142986,0.992358291981525,0,0,0,0,0,2451,0
2023-07-01,2023,3,2023Q3,Massachusetts,54.01726,54017.26,11.590206084751,0,0,"",0,53.5816673767012,0.435592623298766,0.991936047417089,0,0,0,0,0,2451,0
2023-07-01,2023,3,2023Q3,Michigan,187.668072,187668.072,12.8355772874474,0,0,"",0,186.807425760267,0.860646239733302,0.995413997540651,0,0,0,0,0,2451,0
2023-07-01,2023,3,2023Q3,Minnesota,169.177222,169177.222,12.7318492759112,0,0,"",0,168.160437351,1.01678464899996,0.993989825361951,0,0,0,0,0,2451,0
2023-07-01,2023,3,2023Q3,Mississippi,85.833723,85833.723,12.0533144308072,0,0,"",0,85.279701316647,0.55402168335301,0.993545407748968,0,0,0,0,0,2451,0
2023-07-01,2023,3,2023Q3,Missouri,114.037906,114037.906,12.3374333614589,0,0,"",0,113.705992220121,0.331913779878574,0.997089443400701,0,0,0,0,0,2451,0
2023-07-01,2023,3,2023Q3,Montana,26.68421,26684.21,10.8849744645941,0,0,"",0,26.6842099997954,2.0465155723404e-10,0.999999999992331,0,0,0,0,0,2451,0
2023-07-01,2023,3,2023Q3,Nebraska,67.674759,67674.759,11.8156157339529,0,0,"",0,67.4909691648966,0.183789835103423,0.997284218845856,0,0,0,0,0,2451,0
2023-07-01,2023,3,2023Q3,Nevada,222.188911,222188.911,13.0044304300168,0,0,"",0,221.200948176652,0.987962823348179,0.995553500762474,0,0,0,0,0,2451,0
2023-07-01,2023,3,2023Q3,New Hampshire,9.739954,9739.954,9.87713885702804,0,0,"",0,9.73995399989566,1.04342172885132e-10,0.999999999989287,0,0,0,0,0,2451,0
2023-07-01,2023,3,2023Q3,New Jersey,381.867226,381867.226,13.5459754318156,0,0,"",0,380.978832008685,0.888393991314608,0.997673552662216,0,0,0,0,0,2451,0
2023-07-01,2023,3,2023Q3,New Mexico,99.084208,99084.208,12.1968725340176,0,0,"",0,98.9296042113596,0.15460378864041,0.998439672761572,0,0,0,0,0,2451,0
2023-07-01,2023,3,2023Q3,New York,521.824957,521824.957,13.8582346597719,0,0,"",0,520.465125824351,1.35983117564882,0.997394085588649,0,0,0,0,0,2451,0
2023-07-01,2023,3,2023Q3,North Carolina,474.717047,474717.047,13.7636213955574,0,0,"",0,472.515409608352,2.20163739164784,0.995362211225484,0,0,0,0,0,2451,0
2023-07-01,2023,3,2023Q3,North Dakota,27.992824,27992.824,10.9328506514752,0,0,"",0,27.9928239997738,2.2617685965629e-10,0.99999999999192,0,0,0,0,0,2451,0
2023-07-01,2023,3,2023Q3,Ohio,344.09167,344091.67,13.4418105639756,0,0,"",0,343.347008239269,0.74466176073068,0.997835862284226,0,0,0,0,0,2451,0
2023-07-01,2023,3,2023Q3,Oklahoma,135.085204,135085.204,12.5068081796494,0,0,"",0,134.670650737878,0.414553262122064,0.996931171957796,0,0,0,0,0,2451,0
2023-07-01,2023,3,2023Q3,Oregon,216.064652,216064.652,12.9764801372607,0,0,"",0,215.134698967612,0.929953032388552,0.995695950152973,0,0,0,0,0,2451,0
2023-07-01,2023,3,2023Q3,Pennsylvania,169.361696,169361.696,12.7329391004983,0,0,"",0,168.793009492441,0.568686507559355,0.996642177534881,0,0,0,0,0,2451,0
2023-07-01,2023,3,2023Q3,Rhode Island,8.545414,8545.414,9.74629722774513,0,0,"",0,8.45525712691278,0.0901568730872173,0.98944967755954,0,0,0,0,0,2451,0
2023-07-01,2023,3,2023Q3,South Carolina,243.177702,243177.702,13.0946949195797,0,0,"",0,241.575921074387,1.60178092561298,0.993413125823465,0,0,0,0,0,2451,0
2023-07-01,2023,3,2023Q3,South Dakota,19.647969,19647.969,10.5788764343844,0,0,"",0,19.4288428369236,0.219126163076378,0.988847388598976,0,0,0,0,0,2451,0
2023-07-01,2023,3,2023Q3,Tennessee,308.70496,308704.96,13.3332884583031,0,0,"",0,307.917274786058,0.787685213941648,0.997448420608656,0,0,0,0,0,2451,0
2023-07-01,2023,3,2023Q3,Texas,2248.376633,2248376.633,15.3188661978923,0,0,"",0,2238.00137743021,10.3752555697919,0.995385445917952,0,0,0,0,0,2451,0
2023-07-01,2023,3,2023Q3,Utah,159.636917,159636.917,12.6738044273435,0,0,"",0,158.899415572089,0.737501427910509,0.995380132354282,0,0,0,0,0,2451,0
2023-07-01,2023,3,2023Q3,Vermont,24.944669,24944.669,10.8175625919766,0,0,"",0,24.9446689998035,1.96506066688544e-10,0.999999999992122,0,0,0,0,0,2451,0
2023-07-01,2023,3,2023Q3,Virginia,179.380275,179380.275,12.7904104532968,0,0,"",0,178.287647230408,1.0926277695916,0.993908874486944,0,0,0,0,0,2451,0
2023-07-01,2023,3,2023Q3,Washington,247.069797,247069.797,13.1105733352036,0,0,"",0,244.553305173838,2.51649182616155,0.989814652148026,0,0,0,0,0,2451,0
2023-07-01,2023,3,2023Q3,West Virginia,16.484108,16484.108,10.403299225725,0,0,"",0,16.4041451228772,0.079962877122843,0.9951490928643,0,0,0,0,0,2451,0
2023-07-01,2023,3,2023Q3,Wisconsin,141.944148,141944.148,12.5563361158399,0,0,"",0,141.294293967328,0.649854032672311,0.995421762419735,0,0,0,0,0,2451,0
2023-07-01,2023,3,2023Q3,Wyoming,40.030553,40030.553,11.2905454472462,0,0,"",0,39.971981564256,0.0585714357440257,0.998536831710918,0,0,0,0,0,2451,0
2023-10-01,2023,4,2023Q4,Alabama,152.364136,152364.136,12.6271757470274,0,0,"",0,151.881992376883,0.482143623116683,0.996835583256176,0,0,0,0,0,2451,0
2023-10-01,2023,4,2023Q4,Alaska,22.620251,22620.251,10.719748027032,0,0,"",0,22.6202509997824,2.17589741010388e-10,0.999999999990381,0,0,0,0,0,2451,0
2023-10-01,2023,4,2023Q4,Arizona,286.063706,286063.706,13.257116993812,0,0,"",0,285.01326289907,1.05044310093051,0.996327939969671,0,0,0,0,0,2451,0
2023-10-01,2023,4,2023Q4,Arkansas,103.44271,103442.71,12.2399203924484,0,0,"",0,103.022778140206,0.419931859793806,0.995940440270815,0,0,0,0,0,2451,0
2023-10-01,2023,4,2023Q4,California,5345.553815,5345553.815,16.1849228912913,0,0,"",0,5324.53503502831,21.018779971687,0.996067988332153,0,0,0,0,0,2451,0
2023-10-01,2023,4,2023Q4,Colorado,587.066741,587066.741,13.9760409713745,0,0,"",0,585.130231282377,1.9365097176228,0.996701380639748,0,0,0,0,0,2451,0
2023-10-01,2023,4,2023Q4,Connecticut,43.587426,43587.426,11.3756711739396,0,0,"",0,43.4711989384062,0.116227061593764,0.997333472694768,0,0,0,0,0,2451,0
2023-10-01,2023,4,2023Q4,Delaware,32.209757,32209.757,11.0731718788568,0,0,"",0,32.1155758586288,0.0941811413712448,0.997076005839745,0,0,0,0,0,2451,0
2023-10-01,2023,4,2023Q4,District Of Columbia,25.221334,25221.334,10.8285926836012,0,0,"",0,24.4333356351188,0.787998364881219,0.968756673819029,0,0,0,0,0,2451,0
2023-10-01,2023,4,2023Q4,Florida,565.950769,565950.769,13.9394095533976,0,0,"",0,563.831652414561,2.11911658543909,0.996255652078743,0,0,0,0,0,2451,0
2023-10-01,2023,4,2023Q4,Georgia,601.745621,601745.621,14.000737259071,0,0,"",0,598.630192900223,3.11542809977656,0.994822682557126,0,0,0,0,0,2451,0
2023-10-01,2023,4,2023Q4,Hawaii,60.566179,60566.179,11.7046390945782,0,0,"",0,59.4950818700609,1.0710971299391,0.982315259974728,0,0,0,0,0,2451,0
2023-10-01,2023,4,2023Q4,Idaho,86.838137,86838.137,12.0649483511079,0,0,"",0,86.4902846278557,0.347852372144266,0.995994244186235,0,0,0,0,0,2451,0
2023-10-01,2023,4,2023Q4,Illinois,546.675488,546675.488,13.9047578281482,0,0,"",0,545.040773382302,1.63471461769848,0.997009716635222,0,0,0,0,0,2451,0
2023-10-01,2023,4,2023Q4,Indiana,183.916455,183916.455,12.815384065134,0,0,"",0,183.218885208244,0.697569791756307,0.996207137682399,0,0,0,0,0,2451,0
2023-10-01,2023,4,2023Q4,Iowa,127.230239,127230.239,12.4469008101982,0,0,"",0,127.131335281249,0.0989037187514508,0.999222639841528,0,0,0,0,0,2451,0
2023-10-01,2023,4,2023Q4,Kansas,117.496728,117496.728,12.3673129459482,0,0,"",0,117.188753751562,0.307974248438477,0.997378869576364,0,0,0,0,0,2451,0
2023-10-01,2023,4,2023Q4,Kentucky,111.823476,111823.476,12.3178239803508,0,0,"",0,111.564879583169,0.258596416830845,0.997687458608147,0,0,0,0,0,2451,0
2023-10-01,2023,4,2023Q4,Louisiana,106.495032,106495.032,12.2690007957382,0,0,"",0,105.833918751904,0.661113248095765,0.993792074281026,0,0,0,0,0,2451,0
2023-10-01,2023,4,2023Q4,Maine,19.004386,19004.386,10.545572254866,0,0,"",0,19.0043859998273,1.72719834717928e-10,0.999999999990911,0,0,0,0,0,2451,0
2023-10-01,2023,4,2023Q4,Maryland,84.422923,84422.923,12.0367414238287,0,0,"",0,83.8022015493023,0.620721450697675,0.992647477383629,0,0,0,0,0,2451,0
2023-10-01,2023,4,2023Q4,Massachusetts,50.633327,50633.327,11.5255124554909,0,0,"",0,50.2377894408797,0.395537559120327,0.992188197328603,0,0,0,0,0,2451,0
2023-10-01,2023,4,2023Q4,Michigan,146.862643,146862.643,12.5904002081468,0,0,"",0,146.269642805956,0.593000194043674,0.995962212160082,0,0,0,0,0,2451,0
2023-10-01,2023,4,2023Q4,Minnesota,149.994315,149994.315,12.6114998529312,0,0,"",0,149.074551472,0.919763528000465,0.993868010744271,0,0,0,0,0,2451,0
2023-10-01,2023,4,2023Q4,Mississippi,76.391995,76391.995,11.9367803727809,0,0,"",0,75.9899751153372,0.402019884662854,0.994737408223691,0,0,0,0,0,2451,0
2023-10-01,2023,4,2023Q4,Missouri,99.811702,99811.702,12.2041878905198,0,0,"",0,99.5088655703909,0.302836429609082,0.996965922596841,0,0,0,0,0,2451,0
2023-10-01,2023,4,2023Q4,Montana,19.919585,19919.585,10.5926058787782,0,0,"",0,19.9195849998566,1.43435474314025e-10,0.999999999992799,0,0,0,0,0,2451,0
2023-10-01,2023,4,2023Q4,Nebraska,59.79105,59791.05,11.6917584438158,0,0,"",0,59.6315093862599,0.15954061374014,0.997331697407218,0,0,0,0,0,2451,0
2023-10-01,2023,4,2023Q4,Nevada,204.525275,204525.275,12.9215940215258,0,0,"",0,203.68736266824,0.837912331759622,0.995903135532957,0,0,0,0,0,2451,0
2023-10-01,2023,4,2023Q4,New Hampshire,8.165663,8165.663,9.70084038666226,0,0,"",0,8.16566299991657,8.34287465061823e-11,0.999999999989783,0,0,0,0,0,2451,0
2023-10-01,2023,4,2023Q4,New Jersey,348.66459,348664.59,13.4550128594602,0,0,"",0,347.819075320922,0.845514679078075,0.997574991257133,0,0,0,0,0,2451,0
2023-10-01,2023,4,2023Q4,New Mexico,88.959409,88959.409,12.0890826466186,0,0,"",0,88.8164405309883,0.142968469011666,0.99839287973449,0,0,0,0,0,2451,0
2023-10-01,2023,4,2023Q4,New York,450.474165,450474.165,13.7112031875555,0,0,"",0,449.333841769042,1.14032323095821,0.99746861569529,0,0,0,0,0,2451,0
2023-10-01,2023,4,2023Q4,North Carolina,388.492577,388492.577,13.5631765223478,0,0,"",0,386.792844513766,1.69973248623389,0.995624800609166,0,0,0,0,0,2451,0
2023-10-01,2023,4,2023Q4,North Dakota,23.962015,23962.015,10.7773723281862,0,0,"",0,23.9620149998142,1.85845628624779e-10,0.999999999992244,0,0,0,0,0,2451,0
2023-10-01,2023,4,2023Q4,Ohio,301.200136,301200.136,13.3086774069977,0,0,"",0,300.585643991427,0.614492008572884,0.997959854810381,0,0,0,0,0,2451,0
2023-10-01,2023,4,2023Q4,Oklahoma,123.042916,123042.916,12.413435664645,0,0,"",0,122.646558954637,0.396357045363524,0.996778708939542,0,0,0,0,0,2451,0
2023-10-01,2023,4,2023Q4,Oregon,184.98007,184980.07,12.8211505490947,0,0,"",0,184.155744921618,0.82432507838215,0.995543708690444,0,0,0,0,0,2451,0
2023-10-01,2023,4,2023Q4,Pennsylvania,144.002085,144002.085,12.570730238192,0,0,"",0,143.5170008198,0.485084180200468,0.996631408634115,0,0,0,0,0,2451,0
2023-10-01,2023,4,2023Q4,Rhode Island,7.979983,7979.983,9.67783874460159,0,0,"",0,7.89641572481584,0.0835672751841626,0.989527888068914,0,0,0,0,0,2451,0
2023-10-01,2023,4,2023Q4,South Carolina,207.645297,207645.297,12.9367337806805,0,0,"",0,206.244411657206,1.40088534279446,0.993253469435455,0,0,0,0,0,2451,0
2023-10-01,2023,4,2023Q4,South Dakota,16.549576,16549.576,10.4072629426144,0,0,"",0,16.3648368946088,0.184739105391238,0.98883723030782,0,0,0,0,0,2451,0
2023-10-01,2023,4,2023Q4,Tennessee,273.13047,273130.47,13.2108520526547,0,0,"",0,272.410220894764,0.720249105235586,0.99736298515052,0,0,0,0,0,2451,0
2023-10-01,2023,4,2023Q4,Texas,2240.717868,2240717.868,15.3154540298352,0,0,"",0,2230.95878188011,9.75908611988589,0.995644660910123,0,0,0,0,0,2451,0
2023-10-01,2023,4,2023Q4,Utah,141.792411,141792.411,12.5552665531794,0,0,"",0,141.14634541983,0.646065580170035,0.995443581390473,0,0,0,0,0,2451,0
2023-10-01,2023,4,2023Q4,Vermont,23.593577,23593.577,10.7618769739633,0,0,"",0,23.5935769998297,1.7029451384552e-10,0.999999999992782,0,0,0,0,0,2451,0
2023-10-01,2023,4,2023Q4,Virginia,123.035083,123035.083,12.4133720019036,0,0,"",0,122.257640698979,0.777442301021382,0.993681133201484,0,0,0,0,0,2451,0
2023-10-01,2023,4,2023Q4,Washington,201.894628,201894.628,12.9086483772817,0,0,"",0,199.65773908854,2.23688891146028,0.98892051297442,0,0,0,0,0,2451,0
2023-10-01,2023,4,2023Q4,West Virginia,11.004329,11004.329,9.99919120244079,0,0,"",0,10.9494299756495,0.0548990243505164,0.995011142946515,0,0,0,0,0,2451,0
2023-10-01,2023,4,2023Q4,Wisconsin,125.050264,125050.264,12.429618228035,0,0,"",0,124.505660028134,0.544603971866358,0.995644919455217,0,0,0,0,0,2451,0
2023-10-01,2023,4,2023Q4,Wyoming,35.76996,35769.96,11.1780108947523,0,0,"",0,35.7085967165562,0.061363283443811,0.998284502318599,0,0,0,0,0,2451,0
2024-01-01,2024,1,2024Q1,Alabama,136.471239,136471.239,12.5170163486828,0,0,"",0,136.195908600234,0.275330399766192,0.997982502380841,0,0,0,0,0,2451,0
2024-01-01,2024,1,2024Q1,Alaska,19.95656,19956.56,10.5944603715107,0,0,"",0,19.956559999811,1.88967212123938e-10,0.999999999990531,0,0,0,0,0,2451,0
2024-01-01,2024,1,2024Q1,Arizona,282.839012,282839.012,13.2457803331341,0,0,"",0,281.777359661141,1.06165233885861,0.996246443051291,0,0,0,0,0,2451,0
2024-01-01,2024,1,2024Q1,Arkansas,87.139962,87139.962,12.0684180441843,0,0,"",0,86.9111928733753,0.228769126624641,0.997374693293708,0,0,0,0,0,2451,0
2024-01-01,2024,1,2024Q1,California,4581.879283,4581879.283,16.0307669762897,0,0,"",0,4564.81938732168,17.0598956783161,0.996276659723094,0,0,0,0,0,2451,0
2024-01-01,2024,1,2024Q1,Colorado,513.568306,513568.306,13.8422855005131,0,0,"",0,512.363153202938,1.20515279706188,0.997653373888182,0,0,0,0,0,2451,0
2024-01-01,2024,1,2024Q1,Connecticut,40.430565,40430.565,11.3004885180213,0,0,"",0,40.3442409675721,0.0863240324279232,0.997864881867767,0,0,0,0,0,2451,0
2024-01-01,2024,1,2024Q1,Delaware,27.933208,27933.208,10.9307186917988,0,0,"",0,27.8276988907262,0.105509109273771,0.996222807302556,0,0,0,0,0,2451,0
2024-01-01,2024,1,2024Q1,District Of Columbia,37.565727,37565.727,11.2269945784744,0,0,"",0,37.5657269995216,4.78395576027195e-10,0.999999999987265,0,0,0,0,0,2451,0
2024-01-01,2024,1,2024Q1,Florida,554.465248,554465.248,13.9189065916912,0,0,"",0,552.358712043223,2.10653595677698,0.996200779103153,0,0,0,0,0,2451,0
2024-01-01,2024,1,2024Q1,Georgia,525.518115,525518.115,13.8652871211973,0,0,"",0,523.159006144073,2.35910885592663,0.995510889561006,0,0,0,0,0,2451,0
2024-01-01,2024,1,2024Q1,Hawaii,55.727785,55727.785,11.6213813152141,0,0,"",0,55.7277849994007,5.99295955159585e-10,0.999999999989246,0,0,0,0,0,2451,0
2024-01-01,2024,1,2024Q1,Idaho,67.42031,67420.31,11.8118487674346,0,0,"",0,66.9416683532145,0.478641646785519,0.992900631177971,0,0,0,0,0,2451,0
2024-01-01,2024,1,2024Q1,Illinois,500.077455,500077.455,13.815665455968,0,0,"",0,498.849298598415,1.22815640158467,0.997544067645312,0,0,0,0,0,2451,0
2024-01-01,2024,1,2024Q1,Indiana,155.131832,155131.832,12.6451777440091,0,0,"",0,154.69588390232,0.43594809768045,0.997189821766042,0,0,0,0,0,2451,0
2024-01-01,2024,1,2024Q1,Iowa,107.968086,107968.086,12.282738143019,0,0,"",0,107.528557354829,0.439528645171135,0.995929087367807,0,0,0,0,0,2451,0
2024-01-01,2024,1,2024Q1,Kansas,101.589047,101589.047,12.2218381837812,0,0,"",0,101.320720331729,0.268326668271136,0.997358704740373,0,0,0,0,0,2451,0
2024-01-01,2024,1,2024Q1,Kentucky,90.432856,90432.856,12.1055101122658,0,0,"",0,90.2416358923775,0.191220107622486,0.997885501839923,0,0,0,0,0,2451,0
2024-01-01,2024,1,2024Q1,Louisiana,85.491439,85491.439,12.0493187018508,0,0,"",0,85.0723827226824,0.41905627731757,0.995098266186424,0,0,0,0,0,2451,0
2024-01-01,2024,1,2024Q1,Maine,16.815759,16815.759,10.4232189428691,0,0,"",0,16.4118274362573,0.403931563742742,0.975978987107109,0,0,0,0,0,2451,0
2024-01-01,2024,1,2024Q1,Maryland,70.471352,70471.352,11.8561087322163,0,0,"",0,70.1427671858131,0.328584814186922,0.995337327795458,0,0,0,0,0,2451,0
2024-01-01,2024,1,2024Q1,Massachusetts,46.734976,46734.976,11.4453952947572,0,0,"",0,46.4409768041588,0.293999195841217,0.993709225487968,0,0,0,0,0,2451,0
2024-01-01,2024,1,2024Q1,Michigan,120.361884,120361.884,12.3914053642396,0,0,"",0,119.984002517729,0.377881482270719,0.996860455571876,0,0,0,0,0,2451,0
2024-01-01,2024,1,2024Q1,Minnesota,123.332463,123332.463,12.415786119747,0,0,"",0,122.754201520826,0.578261479173868,0.995311360325514,0,0,0,0,0,2451,0
2024-01-01,2024,1,2024Q1,Mississippi,63.74272,63742.72,11.7557574410428,0,0,"",0,63.3668522129496,0.37586778705041,0.994103361339924,0,0,0,0,0,2451,0
2024-01-01,2024,1,2024Q1,Missouri,84.243285,84243.285,12.0346113223692,0,0,"",0,84.058496471659,0.184788528341047,0.99780648952209,0,0,0,0,0,2451,0
2024-01-01,2024,1,2024Q1,Montana,17.353625,17353.625,10.4547038786591,0,0,"",0,17.3183157412279,0.0353092587721101,0.997965309336112,0,0,0,0,0,2451,0
2024-01-01,2024,1,2024Q1,Nebraska,51.895803,51895.803,11.5501403794848,0,0,"",0,51.746335499833,0.149467500167035,0.997119853793051,0,0,0,0,0,2451,0
2024-01-01,2024,1,2024Q1,Nevada,187.012667,187012.667,12.8320788120776,0,0,"",0,186.302547032099,0.710119967901332,0.996202824229541,0,0,0,0,0,2451,0
2024-01-01,2024,1,2024Q1,New Hampshire,9.018502,9018.502,9.80018070751031,0,0,"",0,9.01850199994014,5.98563816175716e-11,0.999999999993363,0,0,0,0,0,2451,0
2024-01-01,2024,1,2024Q1,New Jersey,305.272677,305272.677,13.3221078597025,0,0,"",0,304.318969043892,0.953707956107943,0.996875881701958,0,0,0,0,0,2451,0
2024-01-01,2024,1,2024Q1,New Mexico,89.455716,89455.716,12.0946461691074,0,0,"",0,89.1557255457989,0.2999904542011,0.99664649205646,0,0,0,0,0,2451,0
2024-01-01,2024,1,2024Q1,New York,409.358852,409358.852,13.6154946196589,0,0,"",0,408.734617786803,0.624234213197254,0.998475092916282,0,0,0,0,0,2451,0
2024-01-01,2024,1,2024Q1,North Carolina,323.947476,323947.476,13.3814838510843,0,0,"",0,322.350331782911,1.59714421708912,0.995069743290455,0,0,0,0,0,2451,0
2024-01-01,2024,1,2024Q1,North Dakota,22.04529,22045.29,10.6940014336903,0,0,"",0,21.9707353697513,0.0745546302486746,0.996618115241456,0,0,0,0,0,2451,0
2024-01-01,2024,1,2024Q1,Ohio,260.25771,260257.71,13.1625747919623,0,0,"",0,259.841889085064,0.415820914936146,0.99840227244397,0,0,0,0,0,2451,0
2024-01-01,2024,1,2024Q1,Oklahoma,105.397282,105397.282,12.2586393078631,0,0,"",0,105.070459841715,0.326822158284767,0.996899140546293,0,0,0,0,0,2451,0
2024-01-01,2024,1,2024Q1,Oregon,155.048381,155048.381,12.6446396632515,0,0,"",0,154.056446833248,0.9919341667524,0.993602421641846,0,0,0,0,0,2451,0
2024-01-01,2024,1,2024Q1,Pennsylvania,123.527718,123527.718,12.4173680276912,0,0,"",0,123.179564706342,0.348153293658038,0.997181577549599,0,0,0,0,0,2451,0
2024-01-01,2024,1,2024Q1,Rhode Island,9.136713,9136.713,9.81320315531247,0,0,"",0,9.01892669767596,0.11778630232404,0.987108459866908,0,0,0,0,0,2451,0
2024-01-01,2024,1,2024Q1,South Carolina,187.379377,187379.377,12.8340377752722,0,0,"",0,184.321566932738,3.05781006726187,0.983681181375356,0,0,0,0,0,2451,0
2024-01-01,2024,1,2024Q1,South Dakota,16.494055,16494.055,10.4039024734125,0,0,"",0,16.2248915080701,0.26916349192991,0.983681181375356,0,0,0,0,0,2451,0
2024-01-01,2024,1,2024Q1,Tennessee,243.786798,243786.798,13.0971965241839,0,0,"",0,242.827843837815,0.958954162185279,0.996066422915218,0,0,0,0,0,2451,0
2024-01-01,2024,1,2024Q1,Texas,1913.821809,1913821.809,15.157759928475,0,0,"",0,1906.97205503627,6.84975396372782,0.996420902964155,0,0,0,0,0,2451,0
2024-01-01,2024,1,2024Q1,Utah,118.467417,118467.417,12.3755404203008,0,0,"",0,117.899809703698,0.567607296302377,0.995208747597642,0,0,0,0,0,2451,0
2024-01-01,2024,1,2024Q1,Vermont,23.957908,23957.908,10.777200917226,0,0,"",0,23.9579079998503,1.49738348651069e-10,0.99999999999375,0,0,0,0,0,2451,0
2024-01-01,2024,1,2024Q1,Virginia,110.596953,110596.953,12.3067949985425,0,0,"",0,109.990691044817,0.606261955183098,0.994518276148321,0,0,0,0,0,2451,0
2024-01-01,2024,1,2024Q1,Washington,160.253061,160253.061,12.6776566565742,0,0,"",0,159.069288700254,1.18377229974651,0.992613106468234,0,0,0,0,0,2451,0
2024-01-01,2024,1,2024Q1,West Virginia,8.800279,8800.279,9.77568588829722,0,0,"",0,8.78973613904316,0.010542860956842,0.998801985601043,0,0,0,0,0,2451,0
2024-01-01,2024,1,2024Q1,Wisconsin,114.535734,114535.734,12.3417893212026,0,0,"",0,113.834734171386,0.700999828614455,0.993879640841046,0,0,0,0,0,2451,0
2024-01-01,2024,1,2024Q1,Wyoming,31.395139,31395.139,11.0475555318086,0,0,"",0,31.3555378070945,0.0396011929055271,0.998738620239728,0,0,0,0,0,2451,0
2024-04-01,2024,2,2024Q2,Alabama,172.954735,172954.735,12.7539323724137,0,0,"",0,172.596634447459,0.35810055254145,0.997929512872016,0,0,0,0,0,2451,0
2024-04-01,2024,2,2024Q2,Alaska,22.214042,22214.042,10.7016270714914,0,0,"",0,22.2140419997863,2.13703841017406e-10,0.99999999999038,0,0,0,0,0,2451,0
2024-04-01,2024,2,2024Q2,Arizona,341.774129,341774.129,13.4350525368988,0,0,"",0,340.589171147742,1.18495785225813,0.996532921155486,0,0,0,0,0,2451,0
2024-04-01,2024,2,2024Q2,Arkansas,115.658326,115658.326,12.3515428387294,0,0,"",0,115.372665507301,0.285660492699104,0.997530134642455,0,0,0,0,0,2451,0
2024-04-01,2024,2,2024Q2,California,5502.688002,5502688.002,16.2138944390106,0,0,"",0,5483.20391446923,19.4840875307702,0.99645916913267,0,0,0,0,0,2451,0
2024-04-01,2024,2,2024Q2,Colorado,654.013517,654013.517,14.084030478982,0,0,"",0,652.569489002484,1.44402799751569,0.997792051754313,0,0,0,0,0,2451,0
2024-04-01,2024,2,2024Q2,Connecticut,49.970915,49970.915,11.5123435958173,0,0,"",0,49.8716552959053,0.0992597040947439,0.998013650458577,0,0,0,0,0,2451,0
2024-04-01,2024,2,2024Q2,Delaware,36.057746,36057.746,11.186024168623,0,0,"",0,35.9427849388353,0.114961061164751,0.996811751317879,0,0,0,0,0,2451,0
2024-04-01,2024,2,2024Q2,District Of Columbia,38.388334,38388.334,11.2486560710649,0,0,"",0,38.3883339995159,4.84132326670742e-10,0.999999999987388,0,0,0,0,0,2451,0
2024-04-01,2024,2,2024Q2,Florida,606.617734,606617.734,14.0088012894507,0,0,"",0,604.609219478237,2.00851452176367,0.996688994717448,0,0,0,0,0,2451,0
2024-04-01,2024,2,2024Q2,Georgia,674.9119,674911.9,14.1154846233784,0,0,"",0,672.07403276504,2.83786723496013,0.995795203440686,0,0,0,0,0,2451,0
2024-04-01,2024,2,2024Q2,Hawaii,63.279951,63279.951,11.7484710087273,0,0,"",0,63.2799509992987,7.01317333482088e-10,0.999999999988917,0,0,0,0,0,2451,0
2024-04-01,2024,2,2024Q2,Idaho,87.569186,87569.186,12.0733316376448,0,0,"",0,86.9529103081871,0.616275691812945,0.992962413835696,0,0,0,0,0,2451,0
2024-04-01,2024,2,2024Q2,Illinois,598.678978,598678.978,13.9956279841133,0,0,"",0,597.270066613858,1.40891138614248,0.997646632940329,0,0,0,0,0,2451,0
2024-04-01,2024,2,2024Q2,Indiana,194.052597,194052.597,12.8690317004228,0,0,"",0,193.550817329468,0.501779670531615,0.997414207909149,0,0,0,0,0,2451,0
2024-04-01,2024,2,2024Q2,Iowa,131.914234,131914.234,12.4830544285445,0,0,"",0,131.39496557268,0.519268427320066,0.996063590625709,0,0,0,0,0,2451,0
2024-04-01,2024,2,2024Q2,Kansas,128.848068,128848.068,12.4595364023638,0,0,"",0,128.554353783483,0.293714216517144,0.997720460841391,0,0,0,0,0,2451,0
2024-04-01,2024,2,2024Q2,Kentucky,118.735799,118735.799,12.377803307955,0,0,"",0,118.528158204745,0.207640795254665,0.998251236804709,0,0,0,0,0,2451,0
2024-04-01,2024,2,2024Q2,Louisiana,114.979098,114979.098,12.3456528148828,0,0,"",0,114.455624206806,0.523473793194118,0.995447226475945,0,0,0,0,0,2451,0
2024-04-01,2024,2,2024Q2,Maine,19.513132,19513.132,10.5719901350096,0,0,"",0,19.0285767090999,0.48455529090009,0.975167733662639,0,0,0,0,0,2451,0
2024-04-01,2024,2,2024Q2,Maryland,92.105538,92105.538,12.1238375313182,0,0,"",0,91.6701754475377,0.435362552462293,0.995273220677976,0,0,0,0,0,2451,0
2024-04-01,2024,2,2024Q2,Massachusetts,50.907897,50907.897,11.5309205185087,0,0,"",0,50.6749572205459,0.232939779454121,0.995424289880721,0,0,0,0,0,2451,0
2024-04-01,2024,2,2024Q2,Michigan,167.012899,167012.899,12.7189735085059,0,0,"",0,166.503136702739,0.509762297261481,0.996947766907145,0,0,0,0,0,2451,0
2024-04-01,2024,2,2024Q2,Minnesota,130.258561,130258.561,12.4704238654776,0,0,"",0,129.692725819589,0.565835180411182,0.995656061482122,0,0,0,0,0,2451,0
2024-04-01,2024,2,2024Q2,Mississippi,83.692564,83692.564,12.0280525920274,0,0,"",0,83.1723441904037,0.520219809596363,0.993784157340473,0,0,0,0,0,2451,0
2024-04-01,2024,2,2024Q2,Missouri,115.592575,115592.575,12.3509741836324,0,0,"",0,115.338968785168,0.253606214831874,0.997806033693497,0,0,0,0,0,2451,0
2024-04-01,2024,2,2024Q2,Montana,22.475338,22475.338,10.7133210792137,0,0,"",0,22.4324472078957,0.0428907921043439,0.998091650852844,0,0,0,0,0,2451,0
2024-04-01,2024,2,2024Q2,Nebraska,65.228059,65228.059,11.778792188719,0,0,"",0,65.0484347775383,0.179624222461698,0.99724621236297,0,0,0,0,0,2451,0
2024-04-01,2024,2,2024Q2,Nevada,228.063046,228063.046,13.0305245678213,0,0,"",0,227.225810864359,0.837235135641043,0.996328931186681,0,0,0,0,0,2451,0
2024-04-01,2024,2,2024Q2,New Hampshire,8.379395,8379.395,9.72667817928631,0,0,"",0,8.3793949999437,5.63042649147686e-11,0.99999999999328,0,0,0,0,0,2451,0
2024-04-01,2024,2,2024Q2,New Jersey,387.605711,387605.711,13.5608910737139,0,0,"",0,386.581181939948,1.0245290600521,0.997356775117144,0,0,0,0,0,2451,0
2024-04-01,2024,2,2024Q2,New Mexico,101.17256,101172.56,12.217730033408,0,0,"",0,100.889016036519,0.283543963480631,0.997197422270617,0,0,0,0,0,2451,0
2024-04-01,2024,2,2024Q2,New York,478.642288,478642.288,13.7718559888241,0,0,"",0,477.946059512172,0.696228487827738,0.99854540957771,0,0,0,0,0,2451,0
2024-04-01,2024,2,2024Q2,North Carolina,436.367532,436367.532,13.6793873111012,0,0,"",0,434.34858021967,2.01895178032967,0.995373276808482,0,0,0,0,0,2451,0
2024-04-01,2024,2,2024Q2,North Dakota,27.142515,27142.515,10.902003777644,0,0,"",0,27.0556622419455,0.0868527580545079,0.996800121210046,0,0,0,0,0,2451,0
2024-04-01,2024,2,2024Q2,Ohio,330.089531,330089.531,13.4002663832687,0,0,"",0,329.645328976981,0.44420202301923,0.998654298360589,0,0,0,0,0,2451,0
2024-04-01,2024,2,2024Q2,Oklahoma,130.512577,130512.577,12.4723720571546,0,0,"",0,130.168548791691,0.344028208309222,0.997364022562291,0,0,0,0,0,2451,0
2024-04-01,2024,2,2024Q2,Oregon,201.891579,201891.579,12.9086332752305,0,0,"",0,200.661672741989,1.229906258011,0.993908085398594,0,0,0,0,0,2451,0
2024-04-01,2024,2,2024Q2,Pennsylvania,165.695059,165695.059,12.7110515645892,0,0,"",0,165.275690461163,0.419368538836646,0.997469034131931,0,0,0,0,0,2451,0
2024-04-01,2024,2,2024Q2,Rhode Island,7.703777,7703.777,9.64261319182932,0,0,"",0,7.60998614820364,0.0937908517963605,0.987825341803591,0,0,0,0,0,2451,0
2024-04-01,2024,2,2024Q2,South Carolina,243.725327,243725.327,13.0969443417368,0,0,"",0,240.034961095663,3.69036590433743,0.984858504654556,0,0,0,0,0,2451,0
2024-04-01,2024,2,2024Q2,South Dakota,14.932596,14932.596,10.3044489351971,0,0,"",0,14.7064941671706,0.226101832829403,0.984858504654556,0,0,0,0,0,2451,0
2024-04-01,2024,2,2024Q2,Tennessee,287.43618,287436.18,13.261903312532,0,0,"",0,286.425048578305,1.01113142169455,0.996482240260448,0,0,0,0,0,2451,0
2024-04-01,2024,2,2024Q2,Texas,2394.5657,2394565.7,15.3818596168269,0,0,"",0,2386.4425383314,8.12316166859829,0.996607668075844,0,0,0,0,0,2451,0
2024-04-01,2024,2,2024Q2,Utah,148.083392,148083.392,12.5986780340934,0,0,"",0,147.419575242286,0.663816757713669,0.995517277469484,0,0,0,0,0,2451,0
2024-04-01,2024,2,2024Q2,Vermont,23.306927,23306.927,10.7496530725276,0,0,"",0,23.3069269998523,1.47700686775677e-10,0.999999999993663,0,0,0,0,0,2451,0
2024-04-01,2024,2,2024Q2,Virginia,137.121398,137121.398,12.5217691098021,0,0,"",0,136.451862370934,0.669535629065857,0.995117205346274,0,0,0,0,0,2451,0
2024-04-01,2024,2,2024Q2,Washington,222.281928,222281.928,13.0048489816661,0,0,"",0,220.728198659502,1.55372934049779,0.99301009598721,0,0,0,0,0,2451,0
2024-04-01,2024,2,2024Q2,West Virginia,11.834637,11834.637,10.0719330320862,0,0,"",0,11.8198524682703,0.0147845317297251,0.998750740582096,0,0,0,0,0,2451,0
2024-04-01,2024,2,2024Q2,Wisconsin,137.911134,137911.134,12.5275119807616,0,0,"",0,137.104702233275,0.806431766725187,0.994152526026469,0,0,0,0,0,2451,0
2024-04-01,2024,2,2024Q2,Wyoming,37.868042,37868.042,11.2350099970983,0,0,"",0,37.8102796270285,0.0577623729715367,0.998474640622519,0,0,0,0,0,2451,0
2024-07-01,2024,3,2024Q3,Alabama,169.047024,169047.024,12.7310793842907,0,0,"",0,168.662942741195,0.384081258804498,0.997727962020766,0,0,0,0,0,2451,0
2024-07-01,2024,3,2024Q3,Alaska,22.881488,22881.488,10.7312306593815,0,0,"",0,22.8814879997839,2.16130232628316e-10,0.999999999990554,0,0,0,0,0,2451,0
2024-07-01,2024,3,2024Q3,Arizona,325.557882,325557.882,13.3864427302689,0,0,"",0,324.506404745776,1.05147725422368,0.996770229466527,0,0,0,0,0,2451,0
2024-07-01,2024,3,2024Q3,Arkansas,117.629924,117629.924,12.3684459184386,0,0,"",0,117.343985938124,0.28593806187626,0.99756917243374,0,0,0,0,0,2451,0
2024-07-01,2024,3,2024Q3,California,5276.861649,5276861.649,16.1719892748667,0,0,"",0,5258.46949692345,18.392152076551,0.996514566175894,0,0,0,0,0,2451,0
2024-07-01,2024,3,2024Q3,Colorado,706.372072,706372.072,14.1610445723769,0,0,"",0,704.905788645628,1.46628335437169,0.997924205369247,0,0,0,0,0,2451,0
2024-07-01,2024,3,2024Q3,Connecticut,46.751126,46751.126,11.4457408006626,0,0,"",0,46.6669037141532,0.0842222858467619,0.998198497168886,0,0,0,0,0,2451,0
2024-07-01,2024,3,2024Q3,Delaware,36.135225,36135.225,11.1881706110992,0,0,"",0,36.0280965012099,0.107128498790115,0.997035344354709,0,0,0,0,0,2451,0
2024-07-01,2024,3,2024Q3,District Of Columbia,37.683197,37683.197,11.2301167518993,0,0,"",0,37.6831969994992,5.00822824899083e-10,0.99999999998671,0,0,0,0,0,2451,0
2024-07-01,2024,3,2024Q3,Florida,522.384393,522384.393,13.8593061614847,0,0,"",0,520.800472987599,1.58392001240088,0.996967903265056,0,0,0,0,0,2451,0
2024-07-01,2024,3,2024Q3,Georgia,631.742722,631742.722,14.0493846853648,0,0,"",0,629.106201670614,2.63652032938546,0.995826591684288,0,0,0,0,0,2451,0
2024-07-01,2024,3,2024Q3,Hawaii,61.593862,61593.862,11.7214646823256,0,0,"",0,61.5938619993152,6.84805927741789e-10,0.999999999988882,0,0,0,0,0,2451,0
2024-07-01,2024,3,2024Q3,Idaho,101.573025,101573.025,12.2216804574903,0,0,"",0,100.791381097001,0.781643902998913,0.992304611357209,0,0,0,0,0,2451,0
2024-07-01,2024,3,2024Q3,Illinois,600.952355,600952.355,13.9994181147291,0,0,"",0,599.540655387573,1.41169961242751,0.997650895947604,0,0,0,0,0,2451,0
2024-07-01,2024,3,2024Q3,Indiana,204.770748,204770.748,12.9227935104807,0,0,"",0,204.248246027655,0.522501972344583,0.99744835638172,0,0,0,0,0,2451,0
2024-07-01,2024,3,2024Q3,Iowa,138.171084,138171.084,12.5293951160008,0,0,"",0,137.607513570728,0.563570429271578,0.995921212941547,0,0,0,0,0,2451,0
2024-07-01,2024,3,2024Q3,Kansas,129.529366,129529.366,12.4648100794682,0,0,"",0,129.252471479263,0.276894520737289,0.997862303126402,0,0,0,0,0,2451,0
2024-07-01,2024,3,2024Q3,Kentucky,126.740463,126740.463,12.4430438565945,0,0,"",0,126.545338390289,0.195124609711091,0.998460439506907,0,0,0,0,0,2451,0
2024-07-01,2024,3,2024Q3,Louisiana,106.845898,106845.898,12.2722900503255,0,0,"",0,106.354926714295,0.490971285704637,0.995404865372514,0,0,0,0,0,2451,0
2024-07-01,2024,3,2024Q3,Maine,21.07341,21073.41,10.648914516307,0,0,"",0,20.5073346712305,0.566075328769484,0.97313793407097,0,0,0,0,0,2451,0
2024-07-01,2024,3,2024Q3,Maryland,88.38028,88380.28,12.0825513274093,0,0,"",0,87.9798035464895,0.400476453510535,0.995468712550916,0,0,0,0,0,2451,0
2024-07-01,2024,3,2024Q3,Massachusetts,47.784669,47784.669,11.4676073154858,0,0,"",0,47.6238005727362,0.160868427263823,0.996633471976884,0,0,0,0,0,2451,0
2024-07-01,2024,3,2024Q3,Michigan,188.221701,188221.701,12.8385229882357,0,0,"",0,187.639687392348,0.58201360765193,0.996907829413082,0,0,0,0,0,2451,0
2024-07-01,2024,3,2024Q3,Minnesota,129.238856,129238.856,12.4625647487255,0,0,"",0,128.684026559544,0.554829440455804,0.995706945591844,0,0,0,0,0,2451,0
2024-07-01,2024,3,2024Q3,Mississippi,82.104886,82104.886,12.008899987056,0,0,"",0,81.5644219217001,0.54046407829993,0.993417394449583,0,0,0,0,0,2451,0
2024-07-01,2024,3,2024Q3,Missouri,120.393069,120393.069,12.3916644243319,0,0,"",0,120.124705770186,0.268363229813659,0.997770941200829,0,0,0,0,0,2451,0
2024-07-01,2024,3,2024Q3,Montana,25.568947,25568.947,10.842281067308,0,0,"",0,25.5211113923395,0.0478356076605302,0.998129152222791,0,0,0,0,0,2451,0
2024-07-01,2024,3,2024Q3,Nebraska,70.852052,70852.052,11.8614963879062,0,0,"",0,70.6602952135817,0.191756786418278,0.997293560581445,0,0,0,0,0,2451,0
2024-07-01,2024,3,2024Q3,Nevada,229.224866,229224.866,13.0356059289042,0,0,"",0,228.368402455409,0.856463544591123,0.996263653417989,0,0,0,0,0,2451,0
2024-07-01,2024,3,2024Q3,New Hampshire,8.090188,8090.188,9.69155443272825,0,0,"",0,8.09018799994433,5.56719258057527e-11,0.999999999993119,0,0,0,0,0,2451,0
2024-07-01,2024,3,2024Q3,New Jersey,385.365856,385365.856,13.5550956179305,0,0,"",0,384.438314914851,0.927541085149524,0.997593089603793,0,0,0,0,0,2451,0
2024-07-01,2024,3,2024Q3,New Mexico,105.633601,105633.601,12.2608789715124,0,0,"",0,105.397834808695,0.235766191305208,0.997768075791478,0,0,0,0,0,2451,0
2024-07-01,2024,3,2024Q3,New York,463.366013,463366.013,13.7394197261673,0,0,"",0,462.689327063006,0.67668593699423,0.998539629757019,0,0,0,0,0,2451,0
2024-07-01,2024,3,2024Q3,North Carolina,443.075805,443075.805,13.6946433323311,0,0,"",0,441.011140592243,2.06466440775732,0.995340155376443,0,0,0,0,0,2451,0
2024-07-01,2024,3,2024Q3,North Dakota,28.34022,28340.22,10.9451844569651,0,0,"",0,28.2436025151305,0.0966174848695157,0.996590799758452,0,0,0,0,0,2451,0
2024-07-01,2024,3,2024Q3,Ohio,336.766153,336766.153,13.4202912410192,0,0,"",0,336.356808445492,0.409344554508179,0.99878448427533,0,0,0,0,0,2451,0
2024-07-01,2024,3,2024Q3,Oklahoma,131.051148,131051.148,12.4764901493029,0,0,"",0,130.737034240848,0.314113759152135,0.997603120888707,0,0,0,0,0,2451,0
2024-07-01,2024,3,2024Q3,Oregon,229.407712,229407.712,13.0364032818113,0,0,"",0,227.991295903816,1.41641609618377,0.993825769483357,0,0,0,0,0,2451,0
2024-07-01,2024,3,2024Q3,Pennsylvania,164.993564,164993.564,12.7068089266305,0,0,"",0,164.5930447924,0.400519207600492,0.997572516176446,0,0,0,0,0,2451,0
2024-07-01,2024,3,2024Q3,Rhode Island,7.020426,7020.426,9.5497263645717,0,0,"",0,6.9358639559924,0.0845620440075981,0.987954855729895,0,0,0,0,0,2451,0
2024-07-01,2024,3,2024Q3,South Carolina,234.136556,234136.556,13.0568069773416,0,0,"",0,230.736054085988,3.40050191401181,0.985476416104746,0,0,0,0,0,2451,0
2024-07-01,2024,3,2024Q3,South Dakota,16.512107,16512.107,10.4049963298728,0,0,"",0,16.2722920286981,0.239814971301909,0.985476416104746,0,0,0,0,0,2451,0
2024-07-01,2024,3,2024Q3,Tennessee,292.80757,292807.57,13.2804180951231,0,0,"",0,291.828434577787,0.979135422213391,0.996656044711503,0,0,0,0,0,2451,0
2024-07-01,2024,3,2024Q3,Texas,2370.998321,2370998.321,15.3719688374673,0,0,"",0,2362.7261696856,8.27215131440021,0.996511110429251,0,0,0,0,0,2451,0
2024-07-01,2024,3,2024Q3,Utah,155.284768,155284.768,12.6461631037635,0,0,"",0,154.595797082487,0.68897091751327,0.995563177725756,0,0,0,0,0,2451,0
2024-07-01,2024,3,2024Q3,Vermont,22.782636,22782.636,10.7269011268882,0,0,"",0,22.7826359998563,1.43674138439701e-10,0.999999999993694,0,0,0,0,0,2451,0
2024-07-01,2024,3,2024Q3,Virginia,173.527027,173527.027,12.7572358220217,0,0,"",0,172.698528345647,0.828498654352841,0.995225535360824,0,0,0,0,0,2451,0
2024-07-01,2024,3,2024Q3,Washington,254.867437,254867.437,13.141646014631,0,0,"",0,253.111625456513,1.75581154348663,0.993110883194205,0,0,0,0,0,2451,0
2024-07-01,2024,3,2024Q3,West Virginia,12.209125,12209.125,10.1030860842023,0,0,"",0,12.1921948061719,0.0169301938281388,0.998613316365576,0,0,0,0,0,2451,0
2024-07-01,2024,3,2024Q3,Wisconsin,146.950025,146950.025,12.5909950225445,0,0,"",0,146.07158444051,0.878440559489551,0.994022181626103,0,0,0,0,0,2451,0
2024-07-01,2024,3,2024Q3,Wyoming,40.486825,40486.825,11.3018790722408,0,0,"",0,40.4247857035075,0.0620392964924959,0.998467667037549,0,0,0,0,0,2451,0
2024-10-01,2024,4,2024Q4,Alabama,163.175874,163175.874,12.6957310602711,0,0,"",0,162.797688259417,0.378185740582795,0.997682342791786,0,0,0,0,0,2451,0
2024-10-01,2024,4,2024Q4,Alaska,20.84539,20845.39,10.6380352807978,0,0,"",0,20.8453899998102,1.89837847033048e-10,0.999999999990893,0,0,0,0,0,2451,0
2024-10-01,2024,4,2024Q4,Arizona,339.901108,339901.108,13.4295571760233,0,0,"",0,338.826618136337,1.07448986366353,0.996838816236917,0,0,0,0,0,2451,0
2024-10-01,2024,4,2024Q4,Arkansas,111.06022,111060.22,12.3109750362851,0,0,"",0,110.788426127257,0.27179387274267,0.997552734248656,0,0,0,0,0,2451,0
2024-10-01,2024,4,2024Q4,California,5051.0258,5051025.8,16.1282490898965,0,0,"",0,5032.96716432923,18.0586356707712,0.99642475877459,0,0,0,0,0,2451,0
2024-10-01,2024,4,2024Q4,Colorado,655.106082,655106.082,14.0856996393162,0,0,"",0,653.704566197726,1.40151580227362,0.997860627704761,0,0,0,0,0,2451,0
2024-10-01,2024,4,2024Q4,Connecticut,44.902763,44902.763,11.4054017892693,0,0,"",0,44.8275579840839,0.075205015916096,0.998325158389115,0,0,0,0,0,2451,0
2024-10-01,2024,4,2024Q4,Delaware,34.05759,34057.59,11.1289553750019,0,0,"",0,33.9606592057723,0.0969307942276622,0.997153915053072,0,0,0,0,0,2451,0
2024-10-01,2024,4,2024Q4,District Of Columbia,45.853285,45853.285,11.4263493024709,0,0,"",0,45.853284999421,5.78970098136893e-10,0.999999999987373,0,0,0,0,0,2451,0
2024-10-01,2024,4,2024Q4,Florida,544.087132,544087.132,13.9000118626908,0,0,"",0,542.543037237488,1.54409476251165,0.997162045062827,0,0,0,0,0,2451,0
2024-10-01,2024,4,2024Q4,Georgia,622.635091,622635.091,14.0348630779922,0,0,"",0,620.036108997521,2.59898200247857,0.995825834361015,0,0,0,0,0,2451,0
2024-10-01,2024,4,2024Q4,Hawaii,58.121322,58121.322,11.6634350441022,0,0,"",0,58.1213219993876,6.12423819305968e-10,0.999999999989463,0,0,0,0,0,2451,0
2024-10-01,2024,4,2024Q4,Idaho,89.380666,89380.666,12.0938068543823,0,0,"",0,88.7091700960556,0.6714959039444,0.99248723539446,0,0,0,0,0,2451,0
2024-10-01,2024,4,2024Q4,Illinois,604.83832,604838.32,14.0058636421893,0,0,"",0,603.419884674778,1.41843532522244,0.997654852084731,0,0,0,0,0,2451,0
2024-10-01,2024,4,2024Q4,Indiana,196.099125,196099.125,12.8795227307318,0,0,"",0,195.611970265148,0.487154734852155,0.997515773031358,0,0,0,0,0,2451,0
2024-10-01,2024,4,2024Q4,Iowa,129.034474,129034.474,12.4609820685265,0,0,"",0,128.504484200922,0.529989799078257,0.995892649594726,0,0,0,0,0,2451,0
2024-10-01,2024,4,2024Q4,Kansas,126.441011,126441.011,12.4406783427605,0,0,"",0,126.179829167727,0.261181832272983,0.997934358241781,0,0,0,0,0,2451,0
2024-10-01,2024,4,2024Q4,Kentucky,117.906158,117906.158,12.3707914964434,0,0,"",0,117.738452080877,0.167705919122813,0.99857763222916,0,0,0,0,0,2451,0
2024-10-01,2024,4,2024Q4,Louisiana,116.488035,116488.035,12.3586910234292,0,0,"",0,115.955595459721,0.532439540279502,0.995429234081599,0,0,0,0,0,2451,0
2024-10-01,2024,4,2024Q4,Maine,18.432747,18432.747,10.5150312713139,0,0,"",0,17.9349569881016,0.497790011898385,0.972994257887965,0,0,0,0,0,2451,0
2024-10-01,2024,4,2024Q4,Maryland,83.019079,83019.079,12.0199729084294,0,0,"",0,82.6573229500349,0.36175604996511,0.995642495022559,0,0,0,0,0,2451,0
2024-10-01,2024,4,2024Q4,Massachusetts,44.582242,44582.242,11.3982380779716,0,0,"",0,44.4650450194423,0.117196980557671,0.997371218330436,0,0,0,0,0,2451,0
2024-10-01,2024,4,2024Q4,Michigan,164.478302,164478.302,12.7036811183213,0,0,"",0,163.961412601097,0.516889398903093,0.99685740068679,0,0,0,0,0,2451,0
2024-10-01,2024,4,2024Q4,Minnesota,122.320815,122320.815,12.4075496840089,0,0,"",0,121.786069327301,0.534745672699185,0.995628334615828,0,0,0,0,0,2451,0
2024-10-01,2024,4,2024Q4,Mississippi,83.366615,83366.615,12.0241503890412,0,0,"",0,82.7995823906901,0.567032609309932,0.993198325141186,0,0,0,0,0,2451,0
2024-10-01,2024,4,2024Q4,Missouri,112.033499,112033.499,12.3197003843504,0,0,"",0,111.797009719334,0.236489280666072,0.997889119925942,0,0,0,0,0,2451,0
2024-10-01,2024,4,2024Q4,Montana,21.011682,21011.682,10.6459810288765,0,0,"",0,20.9676480569666,0.0440339430334253,0.997904311371482,0,0,0,0,0,2451,0
2024-10-01,2024,4,2024Q4,Nebraska,66.988288,66988.288,11.8054202577383,0,0,"",0,66.8018493307686,0.186438669231415,0.997216846783255,0,0,0,0,0,2451,0
2024-10-01,2024,4,2024Q4,Nevada,221.030867,221030.867,12.9992048209953,0,0,"",0,220.198286486029,0.83258051397067,0.996233193466274,0,0,0,0,0,2451,0
2024-10-01,2024,4,2024Q4,New Hampshire,7.134067,7134.067,9.5657839429924,0,0,"",0,7.13406699995234,4.76612122078816e-11,0.999999999993319,0,0,0,0,0,2451,0
2024-10-01,2024,4,2024Q4,New Jersey,366.651237,366651.237,13.5053135478678,0,0,"",0,365.807116882326,0.844120117673734,0.997697757344062,0,0,0,0,0,2451,0
2024-10-01,2024,4,2024Q4,New Mexico,99.230312,99230.312,12.1983459916991,0,0,"",0,99.0190767856569,0.211235214343097,0.997871263225061,0,0,0,0,0,2451,0
2024-10-01,2024,4,2024Q4,New York,450.32549,450325.49,13.7108730919554,0,0,"",0,449.676624718068,0.648865281932131,0.998559119356241,0,0,0,0,0,2451,0
2024-10-01,2024,4,2024Q4,North Carolina,422.150819,422150.819,13.6462651007258,0,0,"",0,420.182849803025,1.96796919697503,0.995338231957866,0,0,0,0,0,2451,0
2024-10-01,2024,4,2024Q4,North Dakota,26.406785,26406.785,10.8745234446078,0,0,"",0,26.3128171918555,0.0939678081445208,0.996441527882151,0,0,0,0,0,2451,0
2024-10-01,2024,4,2024Q4,Ohio,313.504162,313504.162,13.3487150954465,0,0,"",0,313.143406753803,0.360755246196782,0.998849280839223,0,0,0,0,0,2451,0
2024-10-01,2024,4,2024Q4,Oklahoma,128.174092,128174.092,12.4542918931372,0,0,"",0,127.882679701439,0.291412298560927,0.997726433680834,0,0,0,0,0,2451,0
2024-10-01,2024,4,2024Q4,Oregon,207.594798,207594.798,12.9364905527222,0,0,"",0,206.303674594418,1.29112340558188,0.99378055992722,0,0,0,0,0,2451,0
2024-10-01,2024,4,2024Q4,Pennsylvania,156.94242,156942.42,12.6567814460384,0,0,"",0,156.563620580495,0.378799419505185,0.997586379644807,0,0,0,0,0,2451,0
2024-10-01,2024,4,2024Q4,Rhode Island,6.685274,6685.274,9.50080966213473,0,0,"",0,6.59575333590003,0.0895206640999658,0.986609275236891,0,0,0,0,0,2451,0
2024-10-01,2024,4,2024Q4,South Carolina,228.572864,228572.864,13.0327574986997,0,0,"",0,225.079167404,3.49369659599994,0.984715173381211,0,0,0,0,0,2451,0
2024-10-01,2024,4,2024Q4,South Dakota,14.650492,14650.492,10.2853763792237,0,0,"",0,14.4265617699001,0.223930230099949,0.984715173381212,0,0,0,0,0,2451,0
2024-10-01,2024,4,2024Q4,Tennessee,269.624414,269624.414,13.1979323908635,0,0,"",0,268.758433562466,0.865980437534127,0.996788197238199,0,0,0,0,0,2451,0
2024-10-01,2024,4,2024Q4,Texas,2322.902145,2322902.145,15.3514750670172,0,0,"",0,2314.84935948661,8.05278551339013,0.996533308331251,0,0,0,0,0,2451,0
2024-10-01,2024,4,2024Q4,Utah,146.775635,146775.635,12.5898075878444,0,0,"",0,146.132271593255,0.643363406744878,0.995616687969056,0,0,0,0,0,2451,0
2024-10-01,2024,4,2024Q4,Vermont,20.924156,20924.156,10.6418067411471,0,0,"",0,20.9241559998715,1.28462321151043e-10,0.999999999993861,0,0,0,0,0,2451,0
2024-10-01,2024,4,2024Q4,Virginia,160.616422,160616.422,12.6799215098842,0,0,"",0,159.874995072217,0.74142692778327,0.995383865992338,0,0,0,0,0,2451,0
2024-10-01,2024,4,2024Q4,Washington,239.172549,239172.549,13.0780877133316,0,0,"",0,237.417973565222,1.75457543477815,0.992663976521912,0,0,0,0,0,2451,0
2024-10-01,2024,4,2024Q4,West Virginia,11.900407,11900.407,10.0774750625207,0,0,"",0,11.8796756028249,0.0207313971750553,0.998257925365489,0,0,0,0,0,2451,0
2024-10-01,2024,4,2024Q4,Wisconsin,145.278786,145278.786,12.5795570180945,0,0,"",0,144.361163883407,0.917622116592626,0.993683715689966,0,0,0,0,0,2451,0
2024-10-01,2024,4,2024Q4,Wyoming,36.211245,36211.245,11.1902721656864,0,0,"",0,36.1584375799296,0.0528074200704015,0.998541684494129,0,0,0,0,0,2451,0
