"adm2_name","adm2_name1","adm2_name2","adm2_name3","adm2_pcode","adm1_name","adm1_name1","adm1_name2","adm1_name3","adm1_pcode","adm0_name","adm0_name1","adm0_name2","adm0_name3","adm0_pcode","valid_on","valid_to","area_sqkm","version","lang","lang1","lang2","lang3","adm2_ref_n","center_lat","center_lon","mean_intensity","mean_pga"
"Abalá",,,,"MX31001","Yucatán",,,,"MX31","México",,,,"MX",2021-06-18,,292.68894584,"v02","es",,,,"Abala",20.6601993,-89.65532572,,
"Abasolo",,,,"MX05001","Coahuila de Zaragoza",,,,"MX05","México",,,,"MX",2021-06-18,,743.1523834,"v02","es",,,,"Abasolo",27.1430963,-101.32738176,,
"Abasolo",,,,"MX11001","Guanajuato",,,,"MX11","México",,,,"MX",2021-06-18,,615.30605129,"v02","es",,,,"Abasolo",20.53736436,-101.54576649,,
"Abasolo",,,,"MX19001","Nuevo León",,,,"MX19","México",,,,"MX",2021-06-18,,46.87784675,"v02","es",,,,"Abasolo",25.93952222,-100.4111072,,
"Abasolo",,,,"MX28001","Tamaulipas",,,,"MX28","México",,,,"MX",2021-06-18,,1858.87671134,"v02","es",,,,"Abasolo",24.12763889,-98.22702085,,
"Abejones",,,,"MX20001","Oaxaca",,,,"MX20","México",,,,"MX",2021-06-18,,126.3614075,"v02","es",,,,"Abejones",17.48930877,-96.61987822,3.34290223505016,0.566964328674232
"Acacoyagua",,,,"MX07001","Chiapas",,,,"MX07","México",,,,"MX",2021-06-18,,248.03960187,"v02","es",,,,"Acacoyagua",15.40605778,-92.69729399,,
"Acajete",,,,"MX21001","Puebla",,,,"MX21","México",,,,"MX",2021-06-18,,176.88036048,"v02","es",,,,"Acajete",19.10024239,-97.93349951,3.44052885420374,0.67894511335615
"Acajete",,,,"MX30001","Veracruz de Ignacio de la Llave",,,,"MX30","México",,,,"MX",2021-06-18,,97.49507433,"v02","es",,,,"Acajete",19.56609935,-97.04709036,2.97246862764945,0.323115394630204
"Acala",,,,"MX07002","Chiapas",,,,"MX07","México",,,,"MX",2021-06-18,,481.14293603,"v02","es",,,,"Acala",16.52800617,-92.84589141,,
"Acámbaro",,,,"MX11002","Guanajuato",,,,"MX11","México",,,,"MX",2021-06-18,,877.75499595,"v02","es",,,,"Acambaro",20.07084764,-100.74474453,3.17459044861631,0.436163925821631
"Acambay de Ruíz Castañeda",,,,"MX15001","México",,,,"MX15","México",,,,"MX",2021-06-18,,475.56591893,"v02","es",,,,"Acambay de Ruíz Castañeda",19.9590471,-99.84802159,3.30590539341061,0.530202700478402
"Acanceh",,,,"MX31002","Yucatán",,,,"MX31","México",,,,"MX",2021-06-18,,137.25157937,"v02","es",,,,"Acanceh",20.81787552,-89.46704342,,
"Acapetahua",,,,"MX07003","Chiapas",,,,"MX07","México",,,,"MX",2021-06-18,,540.17208209,"v02","es",,,,"Acapetahua",15.22240991,-92.76650706,,
"Acaponeta",,,,"MX18001","Nayarit",,,,"MX18","México",,,,"MX",2021-06-18,,1425.80352058,"v02","es",,,,"Acaponeta",22.46049484,-105.24857214,,
"Acapulco de Juárez",,,,"MX12001","Guerrero",,,,"MX12","México",,,,"MX",2021-06-18,,1721.74336,"v02","es",,,,"Acapulco de Juarez",16.95927319,-99.77056283,7.32190768468282,46.1879140457475
"Acateno",,,,"MX21002","Puebla",,,,"MX21","México",,,,"MX",2021-06-18,,180.82382443,"v02","es",,,,"Acateno",20.10036318,-97.21517265,2.82412849828052,0.259856050048034
"Acatepec",,,,"MX12076","Guerrero",,,,"MX12","México",,,,"MX",2021-06-18,,630.76079906,"v02","es",,,,"Acatepec",17.17742151,-99.05498304,5.25199568804884,8.63189450005934
"Acatic",,,,"MX14001","Jalisco",,,,"MX14","México",,,,"MX",2021-06-18,,339.19590275,"v02","es",,,,"Acatic",20.76878348,-102.92039705,,
"Acatlán",,,,"MX13001","Hidalgo",,,,"MX13","México",,,,"MX",2021-06-18,,241.60395773,"v02","es",,,,"Acatlan",20.20496035,-98.41879922,3.09880083757282,0.389353541293716
"Acatlán",,,,"MX21003","Puebla",,,,"MX21","México",,,,"MX",2021-06-18,,608.54818045,"v02","es",,,,"Acatlan",18.22313756,-98.07685289,3.88345257434148,1.69821169757554
"Acatlán",,,,"MX30002","Veracruz de Ignacio de la Llave",,,,"MX30","México",,,,"MX",2021-06-18,,18.26912757,"v02","es",,,,"Acatlan",19.68881726,-96.84354554,2.75158218827212,0.234559795089344
"Acatlán de Juárez",,,,"MX14002","Jalisco",,,,"MX14","México",,,,"MX",2021-06-18,,153.98439027,"v02","es",,,,"Acatlan de Juarez",20.42397053,-103.60130319,,
"Acatlán de Pérez Figueroa",,,,"MX20002","Oaxaca",,,,"MX20","México",,,,"MX",2021-06-18,,754.56880042,"v02","es",,,,"Acatlán de Perez Figueroa",18.45118779,-96.55313616,3.14248257477036,0.412210841740436
"Acatzingo",,,,"MX21004","Puebla",,,,"MX21","México",,,,"MX",2021-06-18,,140.57528631,"v02","es",,,,"Acatzingo",19.0300809,-97.76378161,3.43434002197091,0.661744157668689
"Acaxochitlán",,,,"MX13002","Hidalgo",,,,"MX13","México",,,,"MX",2021-06-18,,238.86809024,"v02","es",,,,"Acaxochitlan",20.16496759,-98.20180245,2.92746746284324,0.303546552933214
"Acayucan",,,,"MX30003","Veracruz de Ignacio de la Llave",,,,"MX30","México",,,,"MX",2021-06-18,,655.67549231,"v02","es",,,,"Acayucan",18.02810485,-95.03593824,,
"Acolman",,,,"MX15002","México",,,,"MX15","México",,,,"MX",2021-06-18,,86.90656666,"v02","es",,,,"Acolman",19.63671651,-98.90930241,3.43750740604493,0.655807168831242
"Aconchi",,,,"MX26001","Sonora",,,,"MX26","México",,,,"MX",2021-06-18,,368.16566408,"v02","es",,,,"Aconchi",29.78373153,-110.24663723,,
"Acteopan",,,,"MX21005","Puebla",,,,"MX21","México",,,,"MX",2021-06-18,,75.12858399,"v02","es",,,,"Acteopan",18.75144947,-98.67998244,3.67420751973066,1.16106467708197
"Actopan",,,,"MX13003","Hidalgo",,,,"MX13","México",,,,"MX",2021-06-18,,271.80286305,"v02","es",,,,"Actopan",20.3091163,-98.87524675,,
"Actopan",,,,"MX30004","Veracruz de Ignacio de la Llave",,,,"MX30","México",,,,"MX",2021-06-18,,857.64076216,"v02","es",,,,"Actopan",19.5609066,-96.5293971,2.77990554679404,0.244608510454358
"Acuamanala de Miguel Hidalgo",,,,"MX29022","Tlaxcala",,,,"MX29","México",,,,"MX",2021-06-18,,14.996124,"v02","es",,,,"Acuamanala de Miguel Hidalgo",19.21621492,-98.16121051,3.41507609162305,0.657446801601944
"Acuitzio",,,,"MX16001","Michoacán de Ocampo",,,,"MX16","México",,,,"MX",2021-06-18,,176.32059379,"v02","es",,,,"Acuitzio",19.47156572,-101.3259936,3.3378773397179,0.55551111868885
"Acula",,,,"MX30005","Veracruz de Ignacio de la Llave",,,,"MX30","México",,,,"MX",2021-06-18,,183.24840532,"v02","es",,,,"Acula",18.56236609,-95.8128599,,
"Aculco",,,,"MX15003","México",,,,"MX15","México",,,,"MX",2021-06-18,,453.30827886,"v02","es",,,,"Aculco",20.13580655,-99.82746736,3.24595647181126,0.484618405394085
"Acultzingo",,,,"MX30006","Veracruz de Ignacio de la Llave",,,,"MX30","México",,,,"MX",2021-06-18,,168.89972199,"v02","es",,,,"Acultzingo",18.70794879,-97.28636846,3.40718745914154,0.61546542969438
"Acuña",,,,"MX05002","Coahuila de Zaragoza",,,,"MX05","México",,,,"MX",2021-06-18,,11455.37724338,"v02","es",,,,"Acuna",29.42531559,-101.93525914,,
"Agua Blanca de Iturbide",,,,"MX13004","Hidalgo",,,,"MX13","México",,,,"MX",2021-06-18,,120.01906114,"v02","es",,,,"Agua Blanca de Iturbide",20.36481603,-98.37293671,,
"Agua Dulce",,,,"MX30204","Veracruz de Ignacio de la Llave",,,,"MX30","México",,,,"MX",2021-06-18,,365.90959445,"v02","es",,,,"Agua Dulce",18.08997619,-94.16347496,,
"Agua Prieta",,,,"MX26002","Sonora",,,,"MX26","México",,,,"MX",2021-06-18,,3946.53583692,"v02","es",,,,"Agua Prieta",31.02112622,-109.0419217,,
"Agualeguas",,,,"MX19002","Nuevo León",,,,"MX19","México",,,,"MX",2021-06-18,,980.87491183,"v02","es",,,,"Agualeguas",26.29534647,-99.70133156,,
"Aguascalientes",,,,"MX01001","Aguascalientes",,,,"MX01","México",,,,"MX",2021-06-18,,1178.10035549,"v02","es",,,,"Aguascalientes",21.84751863,-102.30548194,,
"Aguililla",,,,"MX16002","Michoacán de Ocampo",,,,"MX16","México",,,,"MX",2021-06-18,,1396.87403602,"v02","es",,,,"Aguililla",18.77850059,-102.75287281,3.03161246311593,0.353145268535037
"Ahome",,,,"MX25001","Sinaloa",,,,"MX25","México",,,,"MX",2021-06-18,,3447.59947764,"v02","es",,,,"Ahome",25.92745914,-109.19420544,,
"Ahuacatlán",,,,"MX18002","Nayarit",,,,"MX18","México",,,,"MX",2021-06-18,,504.80093614,"v02","es",,,,"Ahuacatlan",21.05124992,-104.56146853,,
"Ahuacatlán",,,,"MX21006","Puebla",,,,"MX21","México",,,,"MX",2021-06-18,,91.33924354,"v02","es",,,,"Ahuacatlan",20.0283447,-97.85463738,2.88684047240698,0.285812988413779
"Ahuacuotzingo",,,,"MX12002","Guerrero",,,,"MX12","México",,,,"MX",2021-06-18,,871.3163702,"v02","es",,,,"Ahuacuotzingo",17.77008239,-98.9659698,4.35206380100542,4.27038783428938
"Ahualulco",,,,"MX24001","San Luis Potosí",,,,"MX24","México",,,,"MX",2021-06-18,,775.43165641,"v02","es",,,,"Ahualulco",22.47253296,-101.19933222,,
"Ahualulco de Mercado",,,,"MX14003","Jalisco",,,,"MX14","México",,,,"MX",2021-06-18,,273.98926148,"v02","es",,,,"Ahualulco de Mercado",20.71035379,-103.97539443,,
"Ahuatlán",,,,"MX21007","Puebla",,,,"MX21","México",,,,"MX",2021-06-18,,185.03288586,"v02","es",,,,"Ahuatlan",18.57194059,-98.28741698,3.6419546649124,1.09282446560929
"Ahuazotepec",,,,"MX21008","Puebla",,,,"MX21","México",,,,"MX",2021-06-18,,60.73598238,"v02","es",,,,"Ahuazotepec",20.0565486,-98.13697826,2.89258204825078,0.286934361802542
"Ahuehuetitla",,,,"MX21009","Puebla",,,,"MX21","México",,,,"MX",2021-06-18,,72.25117405,"v02","es",,,,"Ahuehuetitla",18.2322076,-98.19328648,3.84695201014454,1.59313059653001
"Ahumada",,,,"MX08001","Chihuahua",,,,"MX08","México",,,,"MX",2021-06-18,,16910.04798755,"v02","es",,,,"Ahumada",30.4270359,-106.38903812,,
"Ajacuba",,,,"MX13005","Hidalgo",,,,"MX13","México",,,,"MX",2021-06-18,,238.99099667,"v02","es",,,,"Ajacuba",20.1067118,-99.07076101,3.20890581637636,0.45866570150709
"Ajalpan",,,,"MX21010","Puebla",,,,"MX21","México",,,,"MX",2021-06-18,,393.87833732,"v02","es",,,,"Ajalpan",18.43500866,-97.02474854,3.39507510224621,0.602619408229573
"Ajuchitlán del Progreso",,,,"MX12003","Guerrero",,,,"MX12","México",,,,"MX",2021-06-18,,1994.4703256,"v02","es",,,,"Ajuchitlan del Progreso",17.93149669,-100.61632524,4.22231345826763,3.47640816854938
"Akil",,,,"MX31003","Yucatán",,,,"MX31","México",,,,"MX",2021-06-18,,76.45646383,"v02","es",,,,"Akil",20.26005347,-89.3437289,,
"Álamo Temapache",,,,"MX30160","Veracruz de Ignacio de la Llave",,,,"MX30","México",,,,"MX",2021-06-18,,1272.22469689,"v02","es",,,,"Alamo Temapache",20.99125912,-97.74924249,,
"Alamos",,,,"MX26003","Sonora",,,,"MX26","México",,,,"MX",2021-06-18,,6422.80746383,"v02","es",,,,"Alamos",27.08284535,-108.92351831,,
"Alaquines",,,,"MX24002","San Luis Potosí",,,,"MX24","México",,,,"MX",2021-06-18,,586.23504138,"v02","es",,,,"Alaquines",22.08120586,-99.59982783,,
"Albino Zertuche",,,,"MX21011","Puebla",,,,"MX21","México",,,,"MX",2021-06-18,,79.37606687,"v02","es",,,,"Albino Zertuche",18.01267777,-98.53521474,3.94917394965335,2.1854492431044
"Alcozauca de Guerrero",,,,"MX12004","Guerrero",,,,"MX12","México",,,,"MX",2021-06-18,,469.9053485,"v02","es",,,,"Alcozauca de Guerrero",17.36791785,-98.38221703,4.12761168310631,3.1324516970606
"Aldama",,,,"MX07113","Chiapas",,,,"MX07","México",,,,"MX",2021-06-18,,26.80952942,"v02","es",,,,"Aldama",16.93231905,-92.70031432,,
"Aldama",,,,"MX08002","Chihuahua",,,,"MX08","México",,,,"MX",2021-06-18,,9216.32513396,"v02","es",,,,"Aldama",29.11405073,-105.65011301,,
"Aldama",,,,"MX28002","Tamaulipas",,,,"MX28","México",,,,"MX",2021-06-18,,3718.80716517,"v02","es",,,,"Aldama",22.96548163,-98.04895069,,
"Alfajayucan",,,,"MX13006","Hidalgo",,,,"MX13","México",,,,"MX",2021-06-18,,433.52335952,"v02","es",,,,"Alfajayucan",20.41027706,-99.40315349,,
"Aljojuca",,,,"MX21012","Puebla",,,,"MX21","México",,,,"MX",2021-06-18,,52.29556179,"v02","es",,,,"Aljojuca",19.10555025,-97.52035791,3.37359614507844,0.587030987025801
"Allende",,,,"MX05003","Coahuila de Zaragoza",,,,"MX05","México",,,,"MX",2021-06-18,,251.64271434,"v02","es",,,,"Allende",28.28568706,-100.93221635,,
"Allende",,,,"MX08003","Chihuahua",,,,"MX08","México",,,,"MX",2021-06-18,,2133.13725681,"v02","es",,,,"Allende",27.03471721,-105.38387035,,
"Allende",,,,"MX19004","Nuevo León",,,,"MX19","México",,,,"MX",2021-06-18,,190.45088132,"v02","es",,,,"Allende",25.2988343,-100.04520167,,
"Almoloya",,,,"MX13007","Hidalgo",,,,"MX13","México",,,,"MX",2021-06-18,,272.31966394,"v02","es",,,,"Almoloya",19.73819623,-98.31577845,3.21990051681122,0.469971482539964
"Almoloya de Alquisiras",,,,"MX15004","México",,,,"MX15","México",,,,"MX",2021-06-18,,170.95586472,"v02","es",,,,"Almoloya de Alquisiras",18.8506293,-99.86869476,3.88036699394239,1.67747380445398
"Almoloya de Juárez",,,,"MX15005","México",,,,"MX15","México",,,,"MX",2021-06-18,,480.2045043,"v02","es",,,,"Almoloya de Juarez",19.39712729,-99.82162594,3.59594817096368,0.910935308841948
"Almoloya del Río",,,,"MX15006","México",,,,"MX15","México",,,,"MX",2021-06-18,,9.15716486,"v02","es",,,,"Almoloya del Rio",19.16015764,-99.49748288,3.71147986249659,1.1591709915366
"Alpatláhuac",,,,"MX30008","Veracruz de Ignacio de la Llave",,,,"MX30","México",,,,"MX",2021-06-18,,70.87977652,"v02","es",,,,"Alpatlahuac",19.09939525,-97.13564735,3.1550836801114,0.425780166792009
"Alpoyeca",,,,"MX12005","Guerrero",,,,"MX12","México",,,,"MX",2021-06-18,,93.87490851,"v02","es",,,,"Alpoyeca",17.63390369,-98.50855201,4.16722352476679,3.3690884361151
"Altamira",,,,"MX28003","Tamaulipas",,,,"MX28","México",,,,"MX",2021-06-18,,1658.82604322,"v02","es",,,,"Altamira",22.56297922,-98.11651793,,
"Altamirano",,,,"MX07004","Chiapas",,,,"MX07","México",,,,"MX",2021-06-18,,955.10532494,"v02","es",,,,"Altamirano",16.66758889,-91.87675369,,
"Altar",,,,"MX26004","Sonora",,,,"MX26","México",,,,"MX",2021-06-18,,4454.79644728,"v02","es",,,,"Altar",31.09381307,-111.88979067,,
"Altepexi",,,,"MX21013","Puebla",,,,"MX21","México",,,,"MX",2021-06-18,,47.14962905,"v02","es",,,,"Altepexi",18.35793952,-97.29219492,3.4782514692188,0.713633125323901
"Alto Lucero de Gutiérrez Barrios",,,,"MX30009","Veracruz de Ignacio de la Llave",,,,"MX30","México",,,,"MX",2021-06-18,,645.63724169,"v02","es",,,,"Alto Lucero de Gutierrez Barrios",19.72834603,-96.53239081,2.75005415910207,0.234267376443558
"Altotonga",,,,"MX30010","Veracruz de Ignacio de la Llave",,,,"MX30","México",,,,"MX",2021-06-18,,328.47958854,"v02","es",,,,"Altotonga",19.76492206,-97.12807456,2.92723683675029,0.3058241468274
"Alvarado",,,,"MX30011","Veracruz de Ignacio de la Llave",,,,"MX30","México",,,,"MX",2021-06-18,,693.60705652,"v02","es",,,,"Alvarado",18.91738207,-95.98628133,,
"Álvaro Obregón",,,,"MX09010","Distrito Federal",,,,"MX09","México",,,,"MX",2021-06-18,,95.89470802,"v02","es",,,,"Alvaro Obregon",19.31815321,-99.27783663,3.60874320943577,0.933857702886776
"Álvaro Obregón",,,,"MX16003","Michoacán de Ocampo",,,,"MX16","México",,,,"MX",2021-06-18,,159.51686286,"v02","es",,,,"Alvaro Obregon",19.8776722,-101.02748284,3.20837205090257,0.458393923063933
"Amacueca",,,,"MX14004","Jalisco",,,,"MX14","México",,,,"MX",2021-06-18,,124.82004748,"v02","es",,,,"Amacueca",19.98836181,-103.63022292,,
"Amacuzac",,,,"MX17001","Morelos",,,,"MX17","México",,,,"MX",2021-06-18,,117.24026588,"v02","es",,,,"Amacuzac",18.58806854,-99.37677259,3.99383534249013,2.16319465127191
"Amanalco",,,,"MX15007","México",,,,"MX15","México",,,,"MX",2021-06-18,,222.2690497,"v02","es",,,,"Amanalco",19.25568952,-99.98714771,3.66458117135042,1.04996153463211
"Amatán",,,,"MX07005","Chiapas",,,,"MX07","México",,,,"MX",2021-06-18,,315.93105237,"v02","es",,,,"Amatan",17.38902852,-92.8503368,,
"Amatenango de la Frontera",,,,"MX07006","Chiapas",,,,"MX07","México",,,,"MX",2021-06-18,,251.49958174,"v02","es",,,,"Amatenango de la Frontera",15.52299114,-92.08560673,,
"Amatenango del Valle",,,,"MX07007","Chiapas",,,,"MX07","México",,,,"MX",2021-06-18,,152.09494675,"v02","es",,,,"Amatenango del Valle",16.51624766,-92.4006506,,
"Amatepec",,,,"MX15008","México",,,,"MX15","México",,,,"MX",2021-06-18,,636.2687863,"v02","es",,,,"Amatepec",18.69927766,-100.28052845,3.90721878568651,1.78165846771741
"Amatitán",,,,"MX14005","Jalisco",,,,"MX14","México",,,,"MX",2021-06-18,,172.573655,"v02","es",,,,"Amatitan",20.84434875,-103.71051998,,
"Amatitlán",,,,"MX30012","Veracruz de Ignacio de la Llave",,,,"MX30","México",,,,"MX",2021-06-18,,130.10814231,"v02","es",,,,"Amatitlan",18.4291563,-95.68376464,,
"Amatlán de Cañas",,,,"MX18003","Nayarit",,,,"MX18","México",,,,"MX",2021-06-18,,518.3390672,"v02","es",,,,"Amatlan de Canas",20.79925459,-104.39721153,,
"Amatlán de los Reyes",,,,"MX30014","Veracruz de Ignacio de la Llave",,,,"MX30","México",,,,"MX",2021-06-18,,151.43981468,"v02","es",,,,"Amatlan de los Reyes",18.8725117,-96.8685724,3.13688955499242,0.414622107317203
"Amaxac de Guerrero",,,,"MX29001","Tlaxcala",,,,"MX29","México",,,,"MX",2021-06-18,,11.39411466,"v02","es",,,,"Amaxac de Guerrero",19.37806195,-98.2189915,3.40746626564581,0.62693694996497
"Amealco de Bonfil",,,,"MX22001","Querétaro de Arteaga",,,,"MX22","México",,,,"MX",2021-06-18,,713.33379633,"v02","es",,,,"Amealco de Bonfil",20.18744461,-100.06915526,3.22848899466743,0.472156185005958
"Ameca",,,,"MX14006","Jalisco",,,,"MX14","México",,,,"MX",2021-06-18,,839.11683307,"v02","es",,,,"Ameca",20.53470047,-104.06466103,,
"Amecameca",,,,"MX15009","México",,,,"MX15","México",,,,"MX",2021-06-18,,176.24839757,"v02","es",,,,"Amecameca",19.12002546,-98.70653187,3.63049760104769,0.976943703350155
"Amixtlán",,,,"MX21014","Puebla",,,,"MX21","México",,,,"MX",2021-06-18,,44.51650018,"v02","es",,,,"Amixtlan",20.05604494,-97.80028594,2.830379937881,0.262579609144786
"Amozoc",,,,"MX21015","Puebla",,,,"MX21","México",,,,"MX",2021-06-18,,135.09158446,"v02","es",,,,"Amozoc",19.06376581,-98.04434937,3.49548511177402,0.754105956578283
"Anáhuac",,,,"MX19005","Nuevo León",,,,"MX19","México",,,,"MX",2021-06-18,,4539.06432654,"v02","es",,,,"Anahuac",27.32279871,-100.06631844,,
"Angamacutiro",,,,"MX16004","Michoacán de Ocampo",,,,"MX16","México",,,,"MX",2021-06-18,,240.28843293,"v02","es",,,,"Angamacutiro",20.14002884,-101.7316689,2.90907513948824,0.293762024859941
"Angangueo",,,,"MX16005","Michoacán de Ocampo",,,,"MX16","México",,,,"MX",2021-06-18,,76.83832854,"v02","es",,,,"Angangueo",19.62817361,-100.30081161,3.46348340690078,0.69136422485023
"Angel Albino Corzo",,,,"MX07008","Chiapas",,,,"MX07","México",,,,"MX",2021-06-18,,581.51146662,"v02","es",,,,"Angel Albino Corzo",15.75876354,-92.6895488,,
"Angel R. Cabada",,,,"MX30015","Veracruz de Ignacio de la Llave",,,,"MX30","México",,,,"MX",2021-06-18,,430.5483334,"v02","es",,,,"Angel R. Cabada",18.59272387,-95.38616828,,
"Angostura",,,,"MX25002","Sinaloa",,,,"MX25","México",,,,"MX",2021-06-18,,1410.30102462,"v02","es",,,,"Angostura",25.19957448,-108.11718955,,
"Ánimas Trujano",,,,"MX20174","Oaxaca",,,,"MX20","México",,,,"MX",2021-06-18,,3.02030089,"v02","es",,,,"Animas Trujano",16.98809078,-96.71524249,3.48702763618288,0.702891991201962
"Antiguo Morelos",,,,"MX28004","Tamaulipas",,,,"MX28","México",,,,"MX",2021-06-18,,582.23762949,"v02","es",,,,"Antiguo Morelos",22.56570128,-99.08713719,,
"Apan",,,,"MX13008","Hidalgo",,,,"MX13","México",,,,"MX",2021-06-18,,322.22397731,"v02","es",,,,"Apan",19.73175869,-98.48151059,3.28235537174458,0.515093648535602
"Apaseo el Alto",,,,"MX11004","Guanajuato",,,,"MX11","México",,,,"MX",2021-06-18,,373.8651215,"v02","es",,,,"Apaseo el Alto",20.43256312,-100.59215216,,
"Apaseo el Grande",,,,"MX11005","Guanajuato",,,,"MX11","México",,,,"MX",2021-06-18,,420.41027358,"v02","es",,,,"Apaseo el Grande",20.5919327,-100.59798683,,
"Apatzingán",,,,"MX16006","Michoacán de Ocampo",,,,"MX16","México",,,,"MX",2021-06-18,,1640.26679186,"v02","es",,,,"Apatzingan",18.96817116,-102.46939686,3.13658325401605,0.413231282997377
"Apaxco",,,,"MX15010","México",,,,"MX15","México",,,,"MX",2021-06-18,,75.66032885,"v02","es",,,,"Apaxco",19.98073991,-99.15181019,3.27192104164912,0.503642347904678
"Apaxtla",,,,"MX12006","Guerrero",,,,"MX12","México",,,,"MX",2021-06-18,,626.88415241,"v02","es",,,,"Apaxtla",18.09377221,-99.99358836,4.45032972713489,4.42749570440165
"Apazapan",,,,"MX30017","Veracruz de Ignacio de la Llave",,,,"MX30","México",,,,"MX",2021-06-18,,67.68724772,"v02","es",,,,"Apazapan",19.34335879,-96.69473393,2.90297719578526,0.291773342334859
"Apetatitlán de Antonio Carvajal",,,,"MX29002","Tlaxcala",,,,"MX29","México",,,,"MX",2021-06-18,,11.61919451,"v02","es",,,,"Apetatitlan de Antonio Carvajal",19.35051731,-98.19120209,3.40578849820774,0.629236644791902
"Apizaco",,,,"MX29005","Tlaxcala",,,,"MX29","México",,,,"MX",2021-06-18,,43.86663201,"v02","es",,,,"Apizaco",19.42533607,-98.07765596,3.29824479737539,0.528157615463101
"Apodaca",,,,"MX19006","Nuevo León",,,,"MX19","México",,,,"MX",2021-06-18,,224.71165956,"v02","es",,,,"Apodaca",25.78710066,-100.185077,,
"Aporo",,,,"MX16007","Michoacán de Ocampo",,,,"MX16","México",,,,"MX",2021-06-18,,58.41532148,"v02","es",,,,"Aporo",19.66466375,-100.38342154,3.43883975341808,0.657508702132324
"Apozol",,,,"MX32001","Zacatecas",,,,"MX32","México",,,,"MX",2021-06-18,,292.84411969,"v02","es",,,,"Apozol",21.46256448,-103.07734206,,
"Apulco",,,,"MX32002","Zacatecas",,,,"MX32","México",,,,"MX",2021-06-18,,202.48556279,"v02","es",,,,"Apulco",21.45636623,-102.67645663,,
"Aquila",,,,"MX16008","Michoacán de Ocampo",,,,"MX16","México",,,,"MX",2021-06-18,,2262.01198894,"v02","es",,,,"Aquila",18.38552699,-103.31762283,3.09501224939231,0.388039309760432
"Aquila",,,,"MX30018","Veracruz de Ignacio de la Llave",,,,"MX30","México",,,,"MX",2021-06-18,,20.68799946,"v02","es",,,,"Aquila",18.78830498,-97.32391697,3.33524492151427,0.555219617315736
"Aquiles Serdán",,,,"MX08004","Chihuahua",,,,"MX08","México",,,,"MX",2021-06-18,,495.09626963,"v02","es",,,,"Aquiles Serdan",28.57988663,-105.82109861,,
"Aquismón",,,,"MX24003","San Luis Potosí",,,,"MX24","México",,,,"MX",2021-06-18,,794.19005695,"v02","es",,,,"Aquismon",21.74811154,-99.06358046,,
"Aquixtla",,,,"MX21016","Puebla",,,,"MX21","México",,,,"MX",2021-06-18,,166.80697325,"v02","es",,,,"Aquixtla",19.77990481,-97.92379262,3.06154969232088,0.372329506910875
"Aramberri",,,,"MX19007","Nuevo León",,,,"MX19","México",,,,"MX",2021-06-18,,2688.63585259,"v02","es",,,,"Aramberri",24.22172558,-99.92413454,,
"Arandas",,,,"MX14008","Jalisco",,,,"MX14","México",,,,"MX",2021-06-18,,950.07970835,"v02","es",,,,"Arandas",20.7493121,-102.31428098,,
"Arcelia",,,,"MX12007","Guerrero",,,,"MX12","México",,,,"MX",2021-06-18,,754.07800652,"v02","es",,,,"Arcelia",18.25369936,-100.19390671,4.15779506219189,3.19449417903785
"Ario",,,,"MX16009","Michoacán de Ocampo",,,,"MX16","México",,,,"MX",2021-06-18,,695.17709223,"v02","es",,,,"Ario",19.12973998,-101.70500186,3.35606924231296,0.573086290267456
"Arivechi",,,,"MX26005","Sonora",,,,"MX26","México",,,,"MX",2021-06-18,,726.31151892,"v02","es",,,,"Arivechi",28.85502166,-109.05898038,,
"Arizpe",,,,"MX26006","Sonora",,,,"MX26","México",,,,"MX",2021-06-18,,3071.96093946,"v02","es",,,,"Arizpe",30.43823296,-110.07884263,,
"Armadillo de los Infante",,,,"MX24004","San Luis Potosí",,,,"MX24","México",,,,"MX",2021-06-18,,623.36763209,"v02","es",,,,"Armadillo de los Infante",22.26111502,-100.68697694,,
"Armería",,,,"MX06001","Colima",,,,"MX06","México",,,,"MX",2021-06-18,,408.18372015,"v02","es",,,,"Armeria",19.00924704,-103.9813532,,
"Arriaga",,,,"MX07009","Chiapas",,,,"MX07","México",,,,"MX",2021-06-18,,808.16550106,"v02","es",,,,"Arriaga",16.2549513,-93.89498823,,
"Arroyo Seco",,,,"MX22003","Querétaro de Arteaga",,,,"MX22","México",,,,"MX",2021-06-18,,732.12069516,"v02","es",,,,"Arroyo Seco",21.43205324,-99.66683549,,
"Arteaga",,,,"MX05004","Coahuila de Zaragoza",,,,"MX05","México",,,,"MX",2021-06-18,,1635.33688196,"v02","es",,,,"Arteaga",25.34536859,-100.68317227,,
"Arteaga",,,,"MX16010","Michoacán de Ocampo",,,,"MX16","México",,,,"MX",2021-06-18,,3434.55412509,"v02","es",,,,"Arteaga",18.38798632,-102.17857461,3.379732474756,0.610948823333069
"Ascensión",,,,"MX08005","Chihuahua",,,,"MX08","México",,,,"MX",2021-06-18,,12858.90306523,"v02","es",,,,"Ascension",31.26743211,-107.5700668,,
"Asientos",,,,"MX01002","Aguascalientes",,,,"MX01","México",,,,"MX",2021-06-18,,549.00954341,"v02","es",,,,"Asientos",22.13210722,-102.09525597,,
"Astacinga",,,,"MX30019","Veracruz de Ignacio de la Llave",,,,"MX30","México",,,,"MX",2021-06-18,,29.8369142,"v02","es",,,,"Astacinga",18.55482311,-97.10601002,3.32612158373024,0.540968732934482
"Asunción Cacalotepec",,,,"MX20003","Oaxaca",,,,"MX20","México",,,,"MX",2021-06-18,,76.31131302,"v02","es",,,,"Asuncion Cacalotepec",17.03831889,-95.92852788,,
"Asunción Cuyotepeji",,,,"MX20004","Oaxaca",,,,"MX20","México",,,,"MX",2021-06-18,,83.70415189,"v02","es",,,,"Asuncion Cuyotepeji",17.93099475,-97.65368655,3.76684906558373,1.28172148006276
"Asunción Ixtaltepec",,,,"MX20005","Oaxaca",,,,"MX20","México",,,,"MX",2021-06-18,,658.85084715,"v02","es",,,,"Asuncion Ixtaltepec",16.64421028,-94.92863504,,
"Asunción Nochixtlán",,,,"MX20006","Oaxaca",,,,"MX20","México",,,,"MX",2021-06-18,,343.41849194,"v02","es",,,,"Asuncion Nochixtlan",17.45175983,-97.18435442,3.56313435031204,0.860149247621423
"Asunción Ocotlán",,,,"MX20007","Oaxaca",,,,"MX20","México",,,,"MX",2021-06-18,,4.51852164,"v02","es",,,,"Asuncion Ocotlan",16.76202636,-96.72577092,3.44588616624748,0.695692578982682
"Asunción Tlacolulita",,,,"MX20008","Oaxaca",,,,"MX20","México",,,,"MX",2021-06-18,,189.93848184,"v02","es",,,,"Asuncion Tlacolulita",16.21041703,-95.76466805,,
"Atarjea",,,,"MX11006","Guanajuato",,,,"MX11","México",,,,"MX",2021-06-18,,314.07344343,"v02","es",,,,"Atarjea",21.27704253,-99.78149641,,
"Atemajac de Brizuela",,,,"MX14010","Jalisco",,,,"MX14","México",,,,"MX",2021-06-18,,355.81371143,"v02","es",,,,"Atemajac de Brizuela",20.17952274,-103.74060005,,
"Atempan",,,,"MX21017","Puebla",,,,"MX21","México",,,,"MX",2021-06-18,,48.09334063,"v02","es",,,,"Atempan",19.80181342,-97.44192007,3.06735338865553,0.371772063825845
"Atenango del Río",,,,"MX12008","Guerrero",,,,"MX12","México",,,,"MX",2021-06-18,,557.9913643,"v02","es",,,,"Atenango del Rio",18.13528133,-99.03374058,4.0989977515027,2.97329780995409
"Atenco",,,,"MX15011","México",,,,"MX15","México",,,,"MX",2021-06-18,,87.65288254,"v02","es",,,,"Atenco",19.5433961,-98.95685811,3.48181496847395,0.717811955243063
"Atengo",,,,"MX14011","Jalisco",,,,"MX14","México",,,,"MX",2021-06-18,,440.56359235,"v02","es",,,,"Atengo",20.32034316,-104.28102621,,
"Atenguillo",,,,"MX14012","Jalisco",,,,"MX14","México",,,,"MX",2021-06-18,,610.19787948,"v02","es",,,,"Atenguillo",20.33939022,-104.53021587,,
"Atexcal",,,,"MX21018","Puebla",,,,"MX21","México",,,,"MX",2021-06-18,,331.62038116,"v02","es",,,,"Atexcal",18.3755923,-97.68911839,3.62198857195405,0.97602432639479
"Atil",,,,"MX26007","Sonora",,,,"MX26","México",,,,"MX",2021-06-18,,300.43465255,"v02","es",,,,"Atil",30.8335595,-111.54704359,,
"Atitalaquia",,,,"MX13010","Hidalgo",,,,"MX13","México",,,,"MX",2021-06-18,,62.45009156,"v02","es",,,,"Atitalaquia",20.05973955,-99.21328825,3.23767533156617,0.478589775482573
"Atizapán",,,,"MX15012","México",,,,"MX15","México",,,,"MX",2021-06-18,,8.53595221,"v02","es",,,,"Atizapan",19.17490337,-99.49785053,3.70381642679388,1.140378748628
"Atizapán de Zaragoza",,,,"MX15013","México",,,,"MX15","México",,,,"MX",2021-06-18,,92.85433986,"v02","es",,,,"Atizapan de Zaragoza",19.56401712,-99.27953082,3.50458883431913,0.752039588492128
"Atlacomulco",,,,"MX15014","México",,,,"MX15","México",,,,"MX",2021-06-18,,257.75961033,"v02","es",,,,"Atlacomulco",19.8159192,-99.86811936,3.40373572189609,0.615904716472188
"Atlahuilco",,,,"MX30020","Veracruz de Ignacio de la Llave",,,,"MX30","México",,,,"MX",2021-06-18,,62.18712381,"v02","es",,,,"Atlahuilco",18.68565328,-97.09495936,3.29750214697802,0.5230252818304
"Atlamajalcingo del Monte",,,,"MX12009","Guerrero",,,,"MX12","México",,,,"MX",2021-06-18,,146.51732273,"v02","es",,,,"Atlamajalcingo del Monte",17.2607466,-98.58235298,4.42616507184071,4.42952189153968
"Atlangatepec",,,,"MX29003","Tlaxcala",,,,"MX29","México",,,,"MX",2021-06-18,,108.15889083,"v02","es",,,,"Atlangatepec",19.54680012,-98.18654457,3.23485481032306,0.479579664503646
"Atlapexco",,,,"MX13011","Hidalgo",,,,"MX13","México",,,,"MX",2021-06-18,,142.64968612,"v02","es",,,,"Atlapexco",21.02074688,-98.37752837,,
"Atlatlahucan",,,,"MX17002","Morelos",,,,"MX17","México",,,,"MX",2021-06-18,,79.38003295,"v02","es",,,,"Atlatlahucan",18.94094723,-98.88710458,3.74758765683859,1.25298392580745
"Atlautla",,,,"MX15015","México",,,,"MX15","México",,,,"MX",2021-06-18,,167.70471751,"v02","es",,,,"Atlautla",19.01618338,-98.70553619,3.67763997868211,1.07639829684037
"Atlequizayan",,,,"MX21080","Puebla",,,,"MX21","México",,,,"MX",2021-06-18,,12.43406348,"v02","es",,,,"Atlequizayan",20.01595235,-97.62563492,2.8081170074117,0.25479075393616
"Atlixco",,,,"MX21019","Puebla",,,,"MX21","México",,,,"MX",2021-06-18,,293.20972982,"v02","es",,,,"Atlixco",18.90137086,-98.45315162,3.64829500279406,1.04020844168057
"Atlixtac",,,,"MX12010","Guerrero",,,,"MX12","México",,,,"MX",2021-06-18,,573.46664937,"v02","es",,,,"Atlixtac",17.47483515,-98.84110812,4.65516322654531,5.42504164317958
"Atltzayanca",,,,"MX29004","Tlaxcala",,,,"MX29","México",,,,"MX",2021-06-18,,188.18343471,"v02","es",,,,"Atltzayanca",19.41228217,-97.7954958,3.2816436013863,0.514600612259368
"Atolinga",,,,"MX32003","Zacatecas",,,,"MX32","México",,,,"MX",2021-06-18,,281.22681226,"v02","es",,,,"Atolinga",21.76576094,-103.46554572,,
"Atotonilco de Tula",,,,"MX13013","Hidalgo",,,,"MX13","México",,,,"MX",2021-06-18,,122.32059939,"v02","es",,,,"Atotonilco de Tula",19.96030483,-99.23686126,3.28664040462395,0.515031590961565
"Atotonilco el Alto",,,,"MX14013","Jalisco",,,,"MX14","México",,,,"MX",2021-06-18,,510.89107103,"v02","es",,,,"Atotonilco el Alto",20.54136924,-102.5175664,,
"Atotonilco el Grande",,,,"MX13012","Hidalgo",,,,"MX13","México",,,,"MX",2021-06-18,,458.51091568,"v02","es",,,,"Atotonilco el Grande",20.34092028,-98.67144384,,
"Atoyac",,,,"MX14014","Jalisco",,,,"MX14","México",,,,"MX",2021-06-18,,451.53152697,"v02","es",,,,"Atoyac",20.00695777,-103.44728176,,
"Atoyac",,,,"MX30021","Veracruz de Ignacio de la Llave",,,,"MX30","México",,,,"MX",2021-06-18,,122.84267353,"v02","es",,,,"Atoyac",18.92433092,-96.79947951,3.03858895335463,0.358402630251563
"Atoyac de Álvarez",,,,"MX12011","Guerrero",,,,"MX12","México",,,,"MX",2021-06-18,,1449.39136482,"v02","es",,,,"Atoyac de Alvarez",17.31055889,-100.34256988,5.37766306724972,9.03962935225285
"Atoyatempan",,,,"MX21020","Puebla",,,,"MX21","México",,,,"MX",2021-06-18,,26.9374711,"v02","es",,,,"Atoyatempan",18.80427965,-97.90792146,3.57777980170121,0.873439665437306
"Atzacan",,,,"MX30022","Veracruz de Ignacio de la Llave",,,,"MX30","México",,,,"MX",2021-06-18,,65.36789012,"v02","es",,,,"Atzacan",18.93400924,-97.07773555,3.15004313069495,0.422593142998059
"Atzala",,,,"MX21021","Puebla",,,,"MX21","México",,,,"MX",2021-06-18,,11.34271882,"v02","es",,,,"Atzala",18.54719243,-98.53974598,3.78122458779824,1.42530030005225
"Atzalan",,,,"MX30023","Veracruz de Ignacio de la Llave",,,,"MX30","México",,,,"MX",2021-06-18,,521.92086056,"v02","es",,,,"Atzalan",19.90527858,-97.09776015,2.85649255239255,0.274572980632517
"Atzitzihuacán",,,,"MX21022","Puebla",,,,"MX21","México",,,,"MX",2021-06-18,,129.8023934,"v02","es",,,,"Atzitzihuacan",18.81326693,-98.61274874,3.69724307005353,1.17165299013817
"Atzitzintla",,,,"MX21023","Puebla",,,,"MX21","México",,,,"MX",2021-06-18,,133.1403568,"v02","es",,,,"Atzitzintla",18.94437711,-97.30767284,3.26941937039369,0.504431945244451
"Autlán de Navarro",,,,"MX14015","Jalisco",,,,"MX14","México",,,,"MX",2021-06-18,,705.14063596,"v02","es",,,,"Autlan de Navarro",19.75703005,-104.3183402,,
"Axapusco",,,,"MX15016","México",,,,"MX15","México",,,,"MX",2021-06-18,,286.51283313,"v02","es",,,,"Axapusco",19.76622359,-98.79815768,3.33689861710437,0.554907628388402
"Axochiapan",,,,"MX17003","Morelos",,,,"MX17","México",,,,"MX",2021-06-18,,141.51180509,"v02","es",,,,"Axochiapan",18.52454865,-98.76026146,3.83061496033189,1.60498686618198
"Axtla de Terrazas",,,,"MX24053","San Luis Potosí",,,,"MX24","México",,,,"MX",2021-06-18,,191.18972864,"v02","es",,,,"Axtla de Terrazas",21.42417502,-98.8780799,,
"Axutla",,,,"MX21024","Puebla",,,,"MX21","México",,,,"MX",2021-06-18,,188.16818652,"v02","es",,,,"Axutla",18.18474526,-98.39504984,3.88359884439408,1.80115139056066
"Ayahualulco",,,,"MX30025","Veracruz de Ignacio de la Llave",,,,"MX30","México",,,,"MX",2021-06-18,,173.02070425,"v02","es",,,,"Ayahualulco",19.3985564,-97.18834691,3.05100396611269,0.365390900922738
"Ayala",,,,"MX17004","Morelos",,,,"MX17","México",,,,"MX",2021-06-18,,377.06940721,"v02","es",,,,"Ayala",18.69686145,-98.97998881,3.88228778244592,1.66656910053958
"Ayapango",,,,"MX15017","México",,,,"MX15","México",,,,"MX",2021-06-18,,50.67265961,"v02","es",,,,"Ayapango",19.12054337,-98.81761082,3.64782768334844,1.01293995651442
"Ayoquezco de Aldama",,,,"MX20398","Oaxaca",,,,"MX20","México",,,,"MX",2021-06-18,,104.41612538,"v02","es",,,,"Ayoquezco de Aldama",16.6684533,-96.88959499,3.60602153945645,1.03572808433694
"Ayotlán",,,,"MX14016","Jalisco",,,,"MX14","México",,,,"MX",2021-06-18,,430.86568249,"v02","es",,,,"Ayotlan",20.47223861,-102.36412931,,
"Ayotoxco de Guerrero",,,,"MX21025","Puebla",,,,"MX21","México",,,,"MX",2021-06-18,,106.72994467,"v02","es",,,,"Ayotoxco de Guerrero",20.0720304,-97.40905738,2.80965500458435,0.255083545855811
"Ayotzintepec",,,,"MX20009","Oaxaca",,,,"MX20","México",,,,"MX",2021-06-18,,157.52975489,"v02","es",,,,"Ayotzintepec",17.7257412,-96.14281425,,
"Ayutla",,,,"MX14017","Jalisco",,,,"MX14","México",,,,"MX",2021-06-18,,883.37139674,"v02","es",,,,"Ayutla",20.04062437,-104.47395786,,
"Ayutla de los Libres",,,,"MX12012","Guerrero",,,,"MX12","México",,,,"MX",2021-06-18,,1051.75377799,"v02","es",,,,"Ayutla de los Libres",16.97208144,-99.03541145,5.54203241568346,10.9579252434197
"Azcapotzalco",,,,"MX09002","Distrito Federal",,,,"MX09","México",,,,"MX",2021-06-18,,33.52289737,"v02","es",,,,"Azcapotzalco",19.48581487,-99.18420575,3.5333916478528,0.797808012837404
"Azoyú",,,,"MX12013","Guerrero",,,,"MX12","México",,,,"MX",2021-06-18,,393.4667562,"v02","es",,,,"Azoyu",16.67741738,-98.58983719,4.42808814387757,4.35517535837375
"Baca",,,,"MX31004","Yucatán",,,,"MX31","México",,,,"MX",2021-06-18,,108.46902844,"v02","es",,,,"Baca",21.1342187,-89.40182826,,
"Bacadéhuachi",,,,"MX26008","Sonora",,,,"MX26","México",,,,"MX",2021-06-18,,1065.99234332,"v02","es",,,,"Bacadehuachi",29.78279191,-109.12604638,,
"Bacalar",,,,"MX23010","Quintana Roo",,,,"MX23","México",,,,"MX",2021-06-18,,6059.58495533,"v02","es",,,,"Bacalar",18.94079165,-88.61642826,,
"Bacanora",,,,"MX26009","Sonora",,,,"MX26","México",,,,"MX",2021-06-18,,1128.93858938,"v02","es",,,,"Bacanora",28.86183286,-109.39875414,,
"Bacerac",,,,"MX26010","Sonora",,,,"MX26","México",,,,"MX",2021-06-18,,1344.5984591,"v02","es",,,,"Bacerac",30.25306643,-108.73109392,,
"Bachíniva",,,,"MX08006","Chihuahua",,,,"MX08","México",,,,"MX",2021-06-18,,952.16661301,"v02","es",,,,"Bachiniva",28.85285913,-107.27257054,,
"Bacoachi",,,,"MX26011","Sonora",,,,"MX26","México",,,,"MX",2021-06-18,,1230.95092353,"v02","es",,,,"Bacoachi",30.6784981,-110.01242595,,
"Bácum",,,,"MX26012","Sonora",,,,"MX26","México",,,,"MX",2021-06-18,,1581.8935072,"v02","es",,,,"Bacum",27.66376493,-110.10530532,,
"Badiraguato",,,,"MX25003","Sinaloa",,,,"MX25","México",,,,"MX",2021-06-18,,4836.32465907,"v02","es",,,,"Badiraguato",25.60507437,-107.29993006,,
"Bahía de Banderas",,,,"MX18020","Nayarit",,,,"MX18","México",,,,"MX",2021-06-18,,770.59638457,"v02","es",,,,"Bahia de Banderas",20.8292679,-105.31749473,,
"Balancán",,,,"MX27001","Tabasco",,,,"MX27","México",,,,"MX",2021-06-18,,3577.36427985,"v02","es",,,,"Balancan",17.79751671,-91.34590685,,
"Balleza",,,,"MX08007","Chihuahua",,,,"MX08","México",,,,"MX",2021-06-18,,5370.56067305,"v02","es",,,,"Balleza",26.71200874,-106.47870558,,
"Banámichi",,,,"MX26013","Sonora",,,,"MX26","México",,,,"MX",2021-06-18,,808.07687922,"v02","es",,,,"Banamichi",30.06349424,-110.29845164,,
"Banderilla",,,,"MX30026","Veracruz de Ignacio de la Llave",,,,"MX30","México",,,,"MX",2021-06-18,,19.79785807,"v02","es",,,,"Banderilla",19.5896644,-96.93604893,2.98104684774978,0.327808946192348
"Batopilas",,,,"MX08008","Chihuahua",,,,"MX08","México",,,,"MX",2021-06-18,,2137.11721886,"v02","es",,,,"Batopilas",26.92450572,-107.66733156,,
"Baviácora",,,,"MX26014","Sonora",,,,"MX26","México",,,,"MX",2021-06-18,,842.52410653,"v02","es",,,,"Baviacora",29.61453524,-110.12899018,,
"Bavispe",,,,"MX26015","Sonora",,,,"MX26","México",,,,"MX",2021-06-18,,1721.66877943,"v02","es",,,,"Bavispe",30.64958639,-109.07009287,,
"Bejucal de Ocampo",,,,"MX07010","Chiapas",,,,"MX07","México",,,,"MX",2021-06-18,,78.72109297,"v02","es",,,,"Bejucal de Ocampo",15.48564157,-92.16099006,,
"Bella Vista",,,,"MX07011","Chiapas",,,,"MX07","México",,,,"MX",2021-06-18,,213.72284601,"v02","es",,,,"Bella Vista",15.62304964,-92.23229565,,
"Benemérito de las Américas",,,,"MX07114","Chiapas",,,,"MX07","México",,,,"MX",2021-06-18,,1083.28350564,"v02","es",,,,"Benemerito de las Americas",16.33938026,-90.50294887,,
"Benito Juárez",,,,"MX09014","Distrito Federal",,,,"MX09","México",,,,"MX",2021-06-18,,26.70131713,"v02","es",,,,"Benito Juarez",19.38046956,-99.16324299,3.57961328444455,0.877993370812539
"Benito Juárez",,,,"MX12014","Guerrero",,,,"MX12","México",,,,"MX",2021-06-18,,229.93914795,"v02","es",,,,"Benito Juarez",17.08561816,-100.42700346,5.41024040566202,9.25004721618297
"Benito Juárez",,,,"MX23005","Quintana Roo",,,,"MX23","México",,,,"MX",2021-06-18,,2108.52170181,"v02","es",,,,"Benito Juarez",20.98025924,-87.07523606,,
"Benito Juárez",,,,"MX26071","Sonora",,,,"MX26","México",,,,"MX",2021-06-18,,328.47549897,"v02","es",,,,"Benito Juarez",27.09919621,-109.85166531,,
"Benito Juárez",,,,"MX29045","Tlaxcala",,,,"MX29","México",,,,"MX",2021-06-18,,25.60985009,"v02","es",,,,"Benito Juarez",19.59631806,-98.41812538,3.27483302746514,0.509628682949827
"Benito Juárez",,,,"MX30027","Veracruz de Ignacio de la Llave",,,,"MX30","México",,,,"MX",2021-06-18,,232.6158184,"v02","es",,,,"Benito Juarez",20.81696659,-98.17826805,,
"Benito Juárez",,,,"MX32004","Zacatecas",,,,"MX32","México",,,,"MX",2021-06-18,,328.8163748,"v02","es",,,,"Benito Juarez",21.49071724,-103.59036362,,
"Benjamín Hill",,,,"MX26016","Sonora",,,,"MX26","México",,,,"MX",2021-06-18,,1412.20223266,"v02","es",,,,"Benjamin Hill",30.15230378,-111.19166836,,
"Berriozábal",,,,"MX07012","Chiapas",,,,"MX07","México",,,,"MX",2021-06-18,,352.27228432,"v02","es",,,,"Berriozabal",16.87283342,-93.33728473,,
"Boca del Río",,,,"MX30028","Veracruz de Ignacio de la Llave",,,,"MX30","México",,,,"MX",2021-06-18,,37.14488496,"v02","es",,,,"Boca del Rio",19.13527255,-96.12224238,,
"Bochil",,,,"MX07013","Chiapas",,,,"MX07","México",,,,"MX",2021-06-18,,365.20508901,"v02","es",,,,"Bochil",17.02265128,-92.96104888,,
"Bocoyna",,,,"MX08009","Chihuahua",,,,"MX08","México",,,,"MX",2021-06-18,,2705.99346331,"v02","es",,,,"Bocoyna",27.81479245,-107.55224038,,
"Bokobá",,,,"MX31005","Yucatán",,,,"MX31","México",,,,"MX",2021-06-18,,71.70568943,"v02","es",,,,"Bokoba",20.99549771,-89.17330337,,
"Bolaños",,,,"MX14019","Jalisco",,,,"MX14","México",,,,"MX",2021-06-18,,866.48072439,"v02","es",,,,"Bolanos",21.89888261,-103.89349716,,
"Briseñas",,,,"MX16011","Michoacán de Ocampo",,,,"MX16","México",,,,"MX",2021-06-18,,67.69622002,"v02","es",,,,"Brisenas",20.24314884,-102.57683872,,
"Buctzotz",,,,"MX31006","Yucatán",,,,"MX31","México",,,,"MX",2021-06-18,,654.34250647,"v02","es",,,,"Buctzotz",21.21277446,-88.64618597,,
"Buenaventura",,,,"MX08010","Chihuahua",,,,"MX08","México",,,,"MX",2021-06-18,,7911.94846219,"v02","es",,,,"Buenaventura",30.18890307,-107.09557413,,
"Buenavista",,,,"MX16012","Michoacán de Ocampo",,,,"MX16","México",,,,"MX",2021-06-18,,922.3637349,"v02","es",,,,"Buenavista",19.21451249,-102.55515803,2.97573439197944,0.324941200343297
"Buenavista de Cuéllar",,,,"MX12015","Guerrero",,,,"MX12","México",,,,"MX",2021-06-18,,303.97940924,"v02","es",,,,"Buenavista de Cuellar",18.46899821,-99.4253771,4.06698144574839,2.56487714677724
"Burgos",,,,"MX28005","Tamaulipas",,,,"MX28","México",,,,"MX",2021-06-18,,1905.03681453,"v02","es",,,,"Burgos",24.92582111,-98.85814253,,
"Bustamante",,,,"MX19008","Nuevo León",,,,"MX19","México",,,,"MX",2021-06-18,,466.70849185,"v02","es",,,,"Bustamante",26.5713326,-100.57005096,,
"Bustamante",,,,"MX28006","Tamaulipas",,,,"MX28","México",,,,"MX",2021-06-18,,1450.14150412,"v02","es",,,,"Bustamante",23.32496371,-99.88476873,,
"Cabo Corrientes",,,,"MX14020","Jalisco",,,,"MX14","México",,,,"MX",2021-06-18,,1542.20014404,"v02","es",,,,"Cabo Corrientes",20.33328558,-105.42424155,,
"Caborca",,,,"MX26017","Sonora",,,,"MX26","México",,,,"MX",2021-06-18,,10668.87526469,"v02","es",,,,"Caborca",30.89662196,-112.60770557,,
"Cacahoatán",,,,"MX07015","Chiapas",,,,"MX07","México",,,,"MX",2021-06-18,,173.41151396,"v02","es",,,,"Cacahoatan",15.08751088,-92.16463533,,
"Cacalchén",,,,"MX31007","Yucatán",,,,"MX31","México",,,,"MX",2021-06-18,,101.4740071,"v02","es",,,,"Cacalchen",20.98359719,-89.24315542,,
"Cadereyta de Montes",,,,"MX22004","Querétaro de Arteaga",,,,"MX22","México",,,,"MX",2021-06-18,,1347.38552016,"v02","es",,,,"Cadereyta de Montes",20.79121617,-99.66604445,,
"Cadereyta Jiménez",,,,"MX19009","Nuevo León",,,,"MX19","México",,,,"MX",2021-06-18,,1140.86030143,"v02","es",,,,"Cadereyta Jimenez",25.51733706,-99.87117356,,
"Cajeme",,,,"MX26018","Sonora",,,,"MX26","México",,,,"MX",2021-06-18,,4853.01124438,"v02","es",,,,"Cajeme",27.74445981,-109.93806403,,
"Calakmul",,,,"MX04010","Campeche",,,,"MX04","México",,,,"MX",2021-06-18,,13985.90117921,"v02","es",,,,"Calakmul",18.48620303,-89.6575713,,
"Calcahualco",,,,"MX30029","Veracruz de Ignacio de la Llave",,,,"MX30","México",,,,"MX",2021-06-18,,134.0767018,"v02","es",,,,"Calcahualco",19.10073119,-97.22798306,3.19765224257957,0.453927495608784
"Calera",,,,"MX32005","Zacatecas",,,,"MX32","México",,,,"MX",2021-06-18,,387.44127383,"v02","es",,,,"Calera",22.97848002,-102.85622294,,
"Calihualá",,,,"MX20011","Oaxaca",,,,"MX20","México",,,,"MX",2021-06-18,,67.68269957,"v02","es",,,,"Calihuala",17.55657947,-98.25325812,4.14887776988036,2.97339213687937
"Calimaya",,,,"MX15018","México",,,,"MX15","México",,,,"MX",2021-06-18,,102.9589457,"v02","es",,,,"Calimaya",19.16859365,-99.64426318,3.71321956468581,1.1639478667911
"Calkiní",,,,"MX04001","Campeche",,,,"MX04","México",,,,"MX",2021-06-18,,2090.02509769,"v02","es",,,,"Calkini",20.48089436,-90.36707415,,
"Calnali",,,,"MX13014","Hidalgo",,,,"MX13","México",,,,"MX",2021-06-18,,211.01014416,"v02","es",,,,"Calnali",20.90433876,-98.53353941,,
"Calotmul",,,,"MX31008","Yucatán",,,,"MX31","México",,,,"MX",2021-06-18,,290.74936813,"v02","es",,,,"Calotmul",20.99820421,-88.14487823,,
"Calpan",,,,"MX21026","Puebla",,,,"MX21","México",,,,"MX",2021-06-18,,66.90516252,"v02","es",,,,"Calpan",19.10349003,-98.46632874,3.62335311846079,0.949349834431373
"Calpulalpan",,,,"MX29006","Tlaxcala",,,,"MX29","México",,,,"MX",2021-06-18,,253.94852866,"v02","es",,,,"Calpulalpan",19.5520174,-98.61129269,3.42608792203154,0.641466760857073
"Caltepec",,,,"MX21027","Puebla",,,,"MX21","México",,,,"MX",2021-06-18,,392.79402449,"v02","es",,,,"Caltepec",18.14527046,-97.446054,3.6182917964467,0.954428364312421
"Calvillo",,,,"MX01003","Aguascalientes",,,,"MX01","México",,,,"MX",2021-06-18,,932.73721027,"v02","es",,,,"Calvillo",21.91083221,-102.71360206,,
"Camargo",,,,"MX08011","Chihuahua",,,,"MX08","México",,,,"MX",2021-06-18,,13747.00900043,"v02","es",,,,"Camargo",28.05820281,-104.38010655,,
"Camargo",,,,"MX28007","Tamaulipas",,,,"MX28","México",,,,"MX",2021-06-18,,929.93491738,"v02","es",,,,"Camargo",26.18126785,-98.86285251,,
"Camarón de Tejeda",,,,"MX30007","Veracruz de Ignacio de la Llave",,,,"MX30","México",,,,"MX",2021-06-18,,124.06797833,"v02","es",,,,"Camaron de Tejeda",19.00299487,-96.55122276,2.94785020120526,0.312888298354675
"Camerino Z. Mendoza",,,,"MX30030","Veracruz de Ignacio de la Llave",,,,"MX30","México",,,,"MX",2021-06-18,,20.90291543,"v02","es",,,,"Camerino Z. Mendoza",18.78963084,-97.1599322,3.35555353659473,0.569494845923487
"Camocuautla",,,,"MX21028","Puebla",,,,"MX21","México",,,,"MX",2021-06-18,,16.16958458,"v02","es",,,,"Camocuautla",20.03466295,-97.75279521,2.86163422086358,0.27497875151144
"Campeche",,,,"MX04002","Campeche",,,,"MX04","México",,,,"MX",2021-06-18,,3242.42118668,"v02","es",,,,"Campeche",19.59188245,-90.25414932,,
"Cañada Morelos",,,,"MX21099","Puebla",,,,"MX21","México",,,,"MX",2021-06-18,,244.61045653,"v02","es",,,,"Canada Morelos",18.72528431,-97.42851985,3.40743046073744,0.631179564126089
"Cañadas de Obregón",,,,"MX14117","Jalisco",,,,"MX14","México",,,,"MX",2021-06-18,,271.83428366,"v02","es",,,,"Canadas de Obregon",21.16757685,-102.70743188,,
"Cananea",,,,"MX26019","Sonora",,,,"MX26","México",,,,"MX",2021-06-18,,2316.19393424,"v02","es",,,,"Cananea",30.98269943,-110.21011857,,
"Canatlán",,,,"MX10001","Durango",,,,"MX10","México",,,,"MX",2021-06-18,,3491.96299039,"v02","es",,,,"Canatlan",24.52973128,-104.97966265,,
"Candela",,,,"MX05005","Coahuila de Zaragoza",,,,"MX05","México",,,,"MX",2021-06-18,,2118.82118855,"v02","es",,,,"Candela",26.82847722,-100.74983706,,
"Candelaria",,,,"MX04011","Campeche",,,,"MX04","México",,,,"MX",2021-06-18,,5666.9911109,"v02","es",,,,"Candelaria",18.1614524,-90.74521946,,
"Candelaria Loxicha",,,,"MX20012","Oaxaca",,,,"MX20","México",,,,"MX",2021-06-18,,180.99701731,"v02","es",,,,"Candelaria Loxicha",15.90003311,-96.5373261,3.30163338531811,0.513101729554617
"Canelas",,,,"MX10002","Durango",,,,"MX10","México",,,,"MX",2021-06-18,,892.55896853,"v02","es",,,,"Canelas",25.0722605,-106.54299973,,
"Cañitas de Felipe Pescador",,,,"MX32006","Zacatecas",,,,"MX32","México",,,,"MX",2021-06-18,,449.47010925,"v02","es",,,,"Canitas de Felipe Pescador",23.57638354,-102.71748361,,
"Cansahcab",,,,"MX31009","Yucatán",,,,"MX31","México",,,,"MX",2021-06-18,,128.80883452,"v02","es",,,,"Cansahcab",21.16760087,-89.06596095,,
"Cantamayec",,,,"MX31010","Yucatán",,,,"MX31","México",,,,"MX",2021-06-18,,356.25966769,"v02","es",,,,"Cantamayec",20.41310141,-89.05712234,,
"Capulálpam de Méndez",,,,"MX20247","Oaxaca",,,,"MX20","México",,,,"MX",2021-06-18,,37.15397706,"v02","es",,,,"Capulálpam de Mendez",17.31458584,-96.41698687,3.29317582269552,0.530059191153824
"Capulhuac",,,,"MX15019","México",,,,"MX15","México",,,,"MX",2021-06-18,,20.96067834,"v02","es",,,,"Capulhuac",19.2106168,-99.45535434,3.68535231545598,1.09651536300346
"Carácuaro",,,,"MX16013","Michoacán de Ocampo",,,,"MX16","México",,,,"MX",2021-06-18,,918.0402358,"v02","es",,,,"Caracuaro",18.99991008,-101.02816279,3.62382039375723,0.966153966548812
"Carbó",,,,"MX26020","Sonora",,,,"MX26","México",,,,"MX",2021-06-18,,2581.81386346,"v02","es",,,,"Carbo",29.73887565,-111.0432473,,
"Cárdenas",,,,"MX24005","San Luis Potosí",,,,"MX24","México",,,,"MX",2021-06-18,,390.4994862,"v02","es",,,,"Cardenas",22.00554899,-99.64940971,,
"Cárdenas",,,,"MX27002","Tabasco",,,,"MX27","México",,,,"MX",2021-06-18,,1866.52762943,"v02","es",,,,"Cardenas",18.16363285,-93.70038651,,
"Cardonal",,,,"MX13015","Hidalgo",,,,"MX13","México",,,,"MX",2021-06-18,,593.62837425,"v02","es",,,,"Cardonal",20.59635753,-99.04993748,,
"Carichí",,,,"MX08012","Chihuahua",,,,"MX08","México",,,,"MX",2021-06-18,,2590.67900424,"v02","es",,,,"Carichi",27.79967063,-107.08184987,,
"Carlos A. Carrillo",,,,"MX30208","Veracruz de Ignacio de la Llave",,,,"MX30","México",,,,"MX",2021-06-18,,241.99144145,"v02","es",,,,"Carlos A. Carrillo",18.30873218,-95.7149874,,
"Carmen",,,,"MX04003","Campeche",,,,"MX04","México",,,,"MX",2021-06-18,,6591.7125566,"v02","es",,,,"Carmen",18.45264418,-91.24103037,,
"Carrillo Puerto",,,,"MX30031","Veracruz de Ignacio de la Llave",,,,"MX30","México",,,,"MX",2021-06-18,,249.66059018,"v02","es",,,,"Carrillo Puerto",18.82158935,-96.58428396,3.09291983757525,0.389525601228558
"Casas",,,,"MX28008","Tamaulipas",,,,"MX28","México",,,,"MX",2021-06-18,,3013.99835934,"v02","es",,,,"Casas",23.54317622,-98.66785185,,
"Casas Grandes",,,,"MX08013","Chihuahua",,,,"MX08","México",,,,"MX",2021-06-18,,3755.08756834,"v02","es",,,,"Casas Grandes",30.20776178,-108.22775357,,
"Casimiro Castillo",,,,"MX14021","Jalisco",,,,"MX14","México",,,,"MX",2021-06-18,,522.7114639,"v02","es",,,,"Casimiro Castillo",19.61351671,-104.47487117,,
"Castaños",,,,"MX05006","Coahuila de Zaragoza",,,,"MX05","México",,,,"MX",2021-06-18,,3343.063335,"v02","es",,,,"Castanos",26.54191422,-101.30463963,,
"Castillo de Teayo",,,,"MX30157","Veracruz de Ignacio de la Llave",,,,"MX30","México",,,,"MX",2021-06-18,,272.64271716,"v02","es",,,,"Castillo de Teayo",20.73093549,-97.67694019,,
"Catazajá",,,,"MX07016","Chiapas",,,,"MX07","México",,,,"MX",2021-06-18,,629.72822095,"v02","es",,,,"Catazaja",17.7682638,-92.03793129,,
"Catemaco",,,,"MX30032","Veracruz de Ignacio de la Llave",,,,"MX30","México",,,,"MX",2021-06-18,,647.58399502,"v02","es",,,,"Catemaco",18.43518906,-95.00936405,,
"Catorce",,,,"MX24006","San Luis Potosí",,,,"MX24","México",,,,"MX",2021-06-18,,1944.94205948,"v02","es",,,,"Catorce",23.64394725,-101.05506219,,
"Caxhuacan",,,,"MX21029","Puebla",,,,"MX21","México",,,,"MX",2021-06-18,,13.99037829,"v02","es",,,,"Caxhuacan",20.07508639,-97.60986061,2.84873769750562,0.27164033542846
"Cazones de Herrera",,,,"MX30033","Veracruz de Ignacio de la Llave",,,,"MX30","México",,,,"MX",2021-06-18,,268.33565656,"v02","es",,,,"Cazones de Herrera",20.7094087,-97.33372611,,
"Cedral",,,,"MX24007","San Luis Potosí",,,,"MX24","México",,,,"MX",2021-06-18,,1169.35279381,"v02","es",,,,"Cedral",23.94331714,-100.68529504,,
"Celaya",,,,"MX11007","Guanajuato",,,,"MX11","México",,,,"MX",2021-06-18,,553.0579775,"v02","es",,,,"Celaya",20.5225393,-100.8307304,,
"Celestún",,,,"MX31011","Yucatán",,,,"MX31","México",,,,"MX",2021-06-18,,581.09003094,"v02","es",,,,"Celestun",20.92168673,-90.28005993,,
"Cenotillo",,,,"MX31012","Yucatán",,,,"MX31","México",,,,"MX",2021-06-18,,542.53942762,"v02","es",,,,"Cenotillo",21.03071485,-88.59522945,,
"Centla",,,,"MX27003","Tabasco",,,,"MX27","México",,,,"MX",2021-06-18,,2559.01444549,"v02","es",,,,"Centla",18.45253862,-92.50660452,,
"Centro",,,,"MX27004","Tabasco",,,,"MX27","México",,,,"MX",2021-06-18,,1696.86766154,"v02","es",,,,"Centro",18.00929148,-92.72238863,,
"Cerralvo",,,,"MX19011","Nuevo León",,,,"MX19","México",,,,"MX",2021-06-18,,1007.48747717,"v02","es",,,,"Cerralvo",26.06049243,-99.75715747,,
"Cerritos",,,,"MX24008","San Luis Potosí",,,,"MX24","México",,,,"MX",2021-06-18,,962.44282354,"v02","es",,,,"Cerritos",22.41906205,-100.29805413,,
"Cerro Azul",,,,"MX30034","Veracruz de Ignacio de la Llave",,,,"MX30","México",,,,"MX",2021-06-18,,91.01401374,"v02","es",,,,"Cerro Azul",21.18518458,-97.75733674,,
"Cerro de San Pedro",,,,"MX24009","San Luis Potosí",,,,"MX24","México",,,,"MX",2021-06-18,,122.61760091,"v02","es",,,,"Cerro de San Pedro",22.20004581,-100.76179173,,
"Chacaltianguis",,,,"MX30054","Veracruz de Ignacio de la Llave",,,,"MX30","México",,,,"MX",2021-06-18,,287.10975617,"v02","es",,,,"Chacaltianguis",18.21005709,-95.78578138,,
"Chacsinkín",,,,"MX31016","Yucatán",,,,"MX31","México",,,,"MX",2021-06-18,,114.65416887,"v02","es",,,,"Chacsinkin",20.21014211,-89.01522382,,
"Chahuites",,,,"MX20025","Oaxaca",,,,"MX20","México",,,,"MX",2021-06-18,,22.67141004,"v02","es",,,,"Chahuites",16.27605923,-94.20462063,,
"Chalcatongo de Hidalgo",,,,"MX20026","Oaxaca",,,,"MX20","México",,,,"MX",2021-06-18,,133.34383397,"v02","es",,,,"Chalcatongo de Hidalgo",16.99845611,-97.56963895,3.88146735199171,1.52291126089512
"Chalchicomula de Sesma",,,,"MX21045","Puebla",,,,"MX21","México",,,,"MX",2021-06-18,,389.65817197,"v02","es",,,,"Chalchicomula de Sesma",18.97692731,-97.45148059,3.32627841976438,0.549521611254424
"Chalchihuitán",,,,"MX07022","Chiapas",,,,"MX07","México",,,,"MX",2021-06-18,,185.29075306,"v02","es",,,,"Chalchihuitan",17.03262975,-92.61402718,,
"Chalchihuites",,,,"MX32009","Zacatecas",,,,"MX32","México",,,,"MX",2021-06-18,,900.89511377,"v02","es",,,,"Chalchihuites",23.44235603,-103.94306323,,
"Chalco",,,,"MX15025","México",,,,"MX15","México",,,,"MX",2021-06-18,,225.22974222,"v02","es",,,,"Chalco",19.23825858,-98.81888381,3.59269915124057,0.903568426849099
"Chalma",,,,"MX30055","Veracruz de Ignacio de la Llave",,,,"MX30","México",,,,"MX",2021-06-18,,151.99771759,"v02","es",,,,"Chalma",21.21032356,-98.38356987,,
"Champotón",,,,"MX04004","Campeche",,,,"MX04","México",,,,"MX",2021-06-18,,6854.0116565,"v02","es",,,,"Champoton",19.13072343,-90.45152677,,
"Chamula",,,,"MX07023","Chiapas",,,,"MX07","México",,,,"MX",2021-06-18,,344.60591758,"v02","es",,,,"Chamula",16.81708549,-92.67804759,,
"Chanal",,,,"MX07024","Chiapas",,,,"MX07","México",,,,"MX",2021-06-18,,406.68970377,"v02","es",,,,"Chanal",16.60262655,-92.2572643,,
"Chankom",,,,"MX31017","Yucatán",,,,"MX31","México",,,,"MX",2021-06-18,,443.4889534,"v02","es",,,,"Chankom",20.46526874,-88.57593172,,
"Chapa de Mota",,,,"MX15026","México",,,,"MX15","México",,,,"MX",2021-06-18,,292.22478652,"v02","es",,,,"Chapa de Mota",19.81858022,-99.53461811,3.39431651556643,0.606153563091292
"Chapab",,,,"MX31018","Yucatán",,,,"MX31","México",,,,"MX",2021-06-18,,169.40660648,"v02","es",,,,"Chapab",20.50018575,-89.50761406,,
"Chapala",,,,"MX14030","Jalisco",,,,"MX14","México",,,,"MX",2021-06-18,,630.02443689,"v02","es",,,,"Chapala",20.27976452,-103.22035858,,
"Chapantongo",,,,"MX13017","Hidalgo",,,,"MX13","México",,,,"MX",2021-06-18,,278.33057627,"v02","es",,,,"Chapantongo",20.24480207,-99.51959593,,
"Chapulco",,,,"MX21046","Puebla",,,,"MX21","México",,,,"MX",2021-06-18,,87.14956808,"v02","es",,,,"Chapulco",18.64659159,-97.41046312,3.42458076309549,0.654447490686386
"Chapulhuacán",,,,"MX13018","Hidalgo",,,,"MX13","México",,,,"MX",2021-06-18,,231.63244261,"v02","es",,,,"Chapulhuacan",21.12631925,-98.95211923,,
"Chapultenango",,,,"MX07025","Chiapas",,,,"MX07","México",,,,"MX",2021-06-18,,181.42441016,"v02","es",,,,"Chapultenango",17.335818,-93.13150215,,
"Chapultepec",,,,"MX15027","México",,,,"MX15","México",,,,"MX",2021-06-18,,11.99577139,"v02","es",,,,"Chapultepec",19.20413964,-99.55754494,3.69057958556179,1.10875582608874
"Charapan",,,,"MX16021","Michoacán de Ocampo",,,,"MX16","México",,,,"MX",2021-06-18,,233.75991862,"v02","es",,,,"Charapan",19.69746508,-102.22675978,2.92923322500553,0.302884598536313
"Charcas",,,,"MX24015","San Luis Potosí",,,,"MX24","México",,,,"MX",2021-06-18,,2156.69973551,"v02","es",,,,"Charcas",23.27305163,-101.10875743,,
"Charo",,,,"MX16022","Michoacán de Ocampo",,,,"MX16","México",,,,"MX",2021-06-18,,323.04348657,"v02","es",,,,"Charo",19.66917894,-101.00321742,3.32262968204109,0.54368118489888
"Chavinda",,,,"MX16023","Michoacán de Ocampo",,,,"MX16","México",,,,"MX",2021-06-18,,152.06708535,"v02","es",,,,"Chavinda",20.04732563,-102.43515936,2.71002672649883,0.218610293300048
"Chemax",,,,"MX31019","Yucatán",,,,"MX31","México",,,,"MX",2021-06-18,,1398.49199615,"v02","es",,,,"Chemax",20.73205468,-87.84051236,,
"Chenalhó",,,,"MX07026","Chiapas",,,,"MX07","México",,,,"MX",2021-06-18,,251.32613284,"v02","es",,,,"Chenalho",16.97156276,-92.51918182,,
"Cherán",,,,"MX16024","Michoacán de Ocampo",,,,"MX16","México",,,,"MX",2021-06-18,,222.36267069,"v02","es",,,,"Cheran",19.73929568,-101.9758515,2.99465177393657,0.333762704672507
"Chiapa de Corzo",,,,"MX07027","Chiapas",,,,"MX07","México",,,,"MX",2021-06-18,,830.63919746,"v02","es",,,,"Chiapa de Corzo",16.60132252,-92.99681563,,
"Chiapilla",,,,"MX07028","Chiapas",,,,"MX07","México",,,,"MX",2021-06-18,,51.40296805,"v02","es",,,,"Chiapilla",16.5581301,-92.7230387,,
"Chiautempan",,,,"MX29010","Tlaxcala",,,,"MX29","México",,,,"MX",2021-06-18,,77.22216213,"v02","es",,,,"Chiautempan",19.28941397,-98.11725113,3.37977646667111,0.608426381673867
"Chiautla",,,,"MX15028","México",,,,"MX15","México",,,,"MX",2021-06-18,,20.25702248,"v02","es",,,,"Chiautla",19.5716658,-98.88637585,3.45955527427197,0.685763917926197
"Chiautla",,,,"MX21047","Puebla",,,,"MX21","México",,,,"MX",2021-06-18,,804.17779202,"v02","es",,,,"Chiautla",18.28438267,-98.57887921,3.8565105053815,1.76624392291832
"Chiautzingo",,,,"MX21048","Puebla",,,,"MX21","México",,,,"MX",2021-06-18,,81.07599377,"v02","es",,,,"Chiautzingo",19.19912173,-98.51642272,3.6124808105165,0.917516893999636
"Chichimilá",,,,"MX31021","Yucatán",,,,"MX31","México",,,,"MX",2021-06-18,,469.96305492,"v02","es",,,,"Chichimila",20.46649422,-88.17998643,,
"Chichiquila",,,,"MX21050","Puebla",,,,"MX21","México",,,,"MX",2021-06-18,,109.3448246,"v02","es",,,,"Chichiquila",19.20689008,-97.09067622,3.12491367978907,0.406340873377644
"Chicoasén",,,,"MX07029","Chiapas",,,,"MX07","México",,,,"MX",2021-06-18,,115.33570504,"v02","es",,,,"Chicoasen",16.99490874,-93.11987952,,
"Chicoloapan",,,,"MX15029","México",,,,"MX15","México",,,,"MX",2021-06-18,,42.12634618,"v02","es",,,,"Chicoloapan",19.39543019,-98.87150875,3.53281777229577,0.796917240169823
"Chicomuselo",,,,"MX07030","Chiapas",,,,"MX07","México",,,,"MX",2021-06-18,,996.43487785,"v02","es",,,,"Chicomuselo",15.79355246,-92.41926628,,
"Chiconamel",,,,"MX30056","Veracruz de Ignacio de la Llave",,,,"MX30","México",,,,"MX",2021-06-18,,92.63863299,"v02","es",,,,"Chiconamel",21.17012677,-98.3576647,,
"Chiconcuac",,,,"MX15030","México",,,,"MX15","México",,,,"MX",2021-06-18,,6.83726111,"v02","es",,,,"Chiconcuac",19.55336552,-98.90154857,3.46885161519849,0.698827474136115
"Chiconcuautla",,,,"MX21049","Puebla",,,,"MX21","México",,,,"MX",2021-06-18,,89.60534159,"v02","es",,,,"Chiconcuautla",20.08635748,-97.95227109,2.91099340925538,0.296756649061159
"Chiconquiaco",,,,"MX30057","Veracruz de Ignacio de la Llave",,,,"MX30","México",,,,"MX",2021-06-18,,133.72859424,"v02","es",,,,"Chiconquiaco",19.75843841,-96.77343296,2.71568561395901,0.222201221386879
"Chicontepec",,,,"MX30058","Veracruz de Ignacio de la Llave",,,,"MX30","México",,,,"MX",2021-06-18,,936.45864926,"v02","es",,,,"Chicontepec",21.00700131,-98.06372308,,
"Chicxulub Pueblo",,,,"MX31020","Yucatán",,,,"MX31","México",,,,"MX",2021-06-18,,44.27378434,"v02","es",,,,"Chicxulub Pueblo",21.15292959,-89.52555856,,
"Chietla",,,,"MX21051","Puebla",,,,"MX21","México",,,,"MX",2021-06-18,,325.51074653,"v02","es",,,,"Chietla",18.50967374,-98.62205673,3.79239572917355,1.48979119741351
"Chigmecatitlán",,,,"MX21052","Puebla",,,,"MX21","México",,,,"MX",2021-06-18,,25.94312696,"v02","es",,,,"Chigmecatitlan",18.64775783,-98.06838603,3.61507547914805,0.986252824774811
"Chignahuapan",,,,"MX21053","Puebla",,,,"MX21","México",,,,"MX",2021-06-18,,759.68120493,"v02","es",,,,"Chignahuapan",19.82139149,-98.11775718,3.06984464242197,0.376170897940664
"Chignautla",,,,"MX21054","Puebla",,,,"MX21","México",,,,"MX",2021-06-18,,148.32738066,"v02","es",,,,"Chignautla",19.75708592,-97.41893234,3.09383861280524,0.38719390427496
"Chihuahua",,,,"MX08019","Chihuahua",,,,"MX08","México",,,,"MX",2021-06-18,,8382.25869623,"v02","es",,,,"Chihuahua",28.93876403,-106.38445123,,
"Chikindzonot",,,,"MX31022","Yucatán",,,,"MX31","México",,,,"MX",2021-06-18,,473.80445806,"v02","es",,,,"Chikindzonot",20.2529307,-88.49562742,,
"Chila",,,,"MX21055","Puebla",,,,"MX21","México",,,,"MX",2021-06-18,,128.78796286,"v02","es",,,,"Chila",17.96725023,-97.87910111,3.85149610421913,1.54983831979931
"Chila de la Sal",,,,"MX21056","Puebla",,,,"MX21","México",,,,"MX",2021-06-18,,141.12912777,"v02","es",,,,"Chila de la Sal",18.14925098,-98.49888094,3.89969855551424,1.91134686825327
"Chilapa de Álvarez",,,,"MX12028","Guerrero",,,,"MX12","México",,,,"MX",2021-06-18,,749.72207903,"v02","es",,,,"Chilapa de Alvarez",17.49055309,-99.13221169,5.00878303771868,7.10444614425097
"Chilchota",,,,"MX16025","Michoacán de Ocampo",,,,"MX16","México",,,,"MX",2021-06-18,,304.6269569,"v02","es",,,,"Chilchota",19.80558378,-102.11074642,2.92236789826858,0.29974930358738
"Chilchotla",,,,"MX21058","Puebla",,,,"MX21","México",,,,"MX",2021-06-18,,145.90636657,"v02","es",,,,"Chilchotla",19.25586521,-97.21049003,3.12343442435889,0.406020524179686
"Chilcuautla",,,,"MX13019","Hidalgo",,,,"MX13","México",,,,"MX",2021-06-18,,222.82416015,"v02","es",,,,"Chilcuautla",20.32782691,-99.26152981,,
"Chilón",,,,"MX07031","Chiapas",,,,"MX07","México",,,,"MX",2021-06-18,,1679.58507475,"v02","es",,,,"Chilon",17.10678834,-92.06393615,,
"Chilpancingo de los Bravo",,,,"MX12029","Guerrero",,,,"MX12","México",,,,"MX",2021-06-18,,2180.63948898,"v02","es",,,,"Chilpancingo de los Bravo",17.39197483,-99.74286296,6.36444220208634,21.4212305838251
"Chimalhuacán",,,,"MX15031","México",,,,"MX15","México",,,,"MX",2021-06-18,,54.45147533,"v02","es",,,,"Chimalhuacan",19.41832989,-98.95610563,3.53768668836789,0.805013490825172
"Chimaltitán",,,,"MX14031","Jalisco",,,,"MX14","México",,,,"MX",2021-06-18,,655.07905325,"v02","es",,,,"Chimaltitan",21.74115374,-103.67909825,,
"China",,,,"MX19013","Nuevo León",,,,"MX19","México",,,,"MX",2021-06-18,,4265.7083947,"v02","es",,,,"China",25.49157997,-98.98111154,,
"Chinameca",,,,"MX30059","Veracruz de Ignacio de la Llave",,,,"MX30","México",,,,"MX",2021-06-18,,174.47541432,"v02","es",,,,"Chinameca",18.06029565,-94.70453112,,
"Chinampa de Gorostiza",,,,"MX30060","Veracruz de Ignacio de la Llave",,,,"MX30","México",,,,"MX",2021-06-18,,140.20952679,"v02","es",,,,"Chinampa de Gorostiza",21.37567726,-97.66098437,,
"Chinantla",,,,"MX21059","Puebla",,,,"MX21","México",,,,"MX",2021-06-18,,88.4962933,"v02","es",,,,"Chinantla",18.22843439,-98.29000969,3.88663634173399,1.72549353427774
"Chinicuila",,,,"MX16026","Michoacán de Ocampo",,,,"MX16","México",,,,"MX",2021-06-18,,1022.06641892,"v02","es",,,,"Chinicuila",18.74665589,-103.38959397,,
"Chínipas",,,,"MX08020","Chihuahua",,,,"MX08","México",,,,"MX",2021-06-18,,1989.90338848,"v02","es",,,,"Chinipas",27.3950997,-108.49550644,,
"Chiquihuitlán de Benito Juárez",,,,"MX20027","Oaxaca",,,,"MX20","México",,,,"MX",2021-06-18,,35.98554132,"v02","es",,,,"Chiquihuitlan de Benito Juarez",17.99007753,-96.74907767,3.29956081523037,0.509863733562842
"Chiquilistlán",,,,"MX14032","Jalisco",,,,"MX14","México",,,,"MX",2021-06-18,,297.38433683,"v02","es",,,,"Chiquilistlan",20.08010761,-103.88157857,,
"Chocamán",,,,"MX30062","Veracruz de Ignacio de la Llave",,,,"MX30","México",,,,"MX",2021-06-18,,44.31763832,"v02","es",,,,"Chocaman",19.00035075,-97.03726989,3.17694284941187,0.438599627028179
"Chocholá",,,,"MX31023","Yucatán",,,,"MX31","México",,,,"MX",2021-06-18,,292.85791714,"v02","es",,,,"Chochola",20.72674902,-89.85634941,,
"Choix",,,,"MX25007","Sinaloa",,,,"MX25","México",,,,"MX",2021-06-18,,3214.65258099,"v02","es",,,,"Choix",26.66301393,-108.35267976,,
"Chontla",,,,"MX30063","Veracruz de Ignacio de la Llave",,,,"MX30","México",,,,"MX",2021-06-18,,390.48673569,"v02","es",,,,"Chontla",21.42691707,-98.00925111,,
"Chucándiro",,,,"MX16027","Michoacán de Ocampo",,,,"MX16","México",,,,"MX",2021-06-18,,192.3008155,"v02","es",,,,"Chucandiro",19.89475774,-101.34408079,3.11054060253045,0.396345704400046
"Chumatlán",,,,"MX30064","Veracruz de Ignacio de la Llave",,,,"MX30","México",,,,"MX",2021-06-18,,22.9920274,"v02","es",,,,"Chumatlan",20.22199897,-97.58717074,,
"Chumayel",,,,"MX31024","Yucatán",,,,"MX31","México",,,,"MX",2021-06-18,,83.83768843,"v02","es",,,,"Chumayel",20.46952741,-89.27800778,,
"Churintzio",,,,"MX16028","Michoacán de Ocampo",,,,"MX16","México",,,,"MX",2021-06-18,,229.41950155,"v02","es",,,,"Churintzio",20.14016056,-102.09389736,2.81657397140527,0.256078354738118
"Churumuco",,,,"MX16029","Michoacán de Ocampo",,,,"MX16","México",,,,"MX",2021-06-18,,1109.04932414,"v02","es",,,,"Churumuco",18.72075249,-101.61292044,3.55031564881971,0.830410469801179
"Ciénega de Flores",,,,"MX19012","Nuevo León",,,,"MX19","México",,,,"MX",2021-06-18,,138.73523227,"v02","es",,,,"Cienega de Flores",25.97062613,-100.17864984,,
"Ciénega de Zimatlán",,,,"MX20013","Oaxaca",,,,"MX20","México",,,,"MX",2021-06-18,,10.26735082,"v02","es",,,,"Cienega de Zimatlán",16.8931116,-96.76640923,3.57097396038623,0.814981197998672
"Cihuatlán",,,,"MX14022","Jalisco",,,,"MX14","México",,,,"MX",2021-06-18,,497.62992616,"v02","es",,,,"Cihuatlan",19.26328484,-104.60497369,,
"Cintalapa",,,,"MX07017","Chiapas",,,,"MX07","México",,,,"MX",2021-06-18,,2439.45948746,"v02","es",,,,"Cintalapa",16.75224517,-93.83280205,,
"Citlaltépetl",,,,"MX30035","Veracruz de Ignacio de la Llave",,,,"MX30","México",,,,"MX",2021-06-18,,81.25134793,"v02","es",,,,"Citlaltepetl",21.33687287,-97.88350458,,
"Ciudad del Maíz",,,,"MX24010","San Luis Potosí",,,,"MX24","México",,,,"MX",2021-06-18,,3150.3814281,"v02","es",,,,"Ciudad del Maiz",22.43093062,-99.70473316,,
"Ciudad Fernández",,,,"MX24011","San Luis Potosí",,,,"MX24","México",,,,"MX",2021-06-18,,518.46920242,"v02","es",,,,"Ciudad Fernandez",21.99096227,-100.0485285,,
"Ciudad Ixtepec",,,,"MX20014","Oaxaca",,,,"MX20","México",,,,"MX",2021-06-18,,294.05402664,"v02","es",,,,"Ciudad Ixtepec",16.61671609,-95.07843056,,
"Ciudad Madero",,,,"MX28009","Tamaulipas",,,,"MX28","México",,,,"MX",2021-06-18,,46.13996776,"v02","es",,,,"Ciudad Madero",22.27856403,-97.82516861,,
"Ciudad Valles",,,,"MX24013","San Luis Potosí",,,,"MX24","México",,,,"MX",2021-06-18,,2423.5658801,"v02","es",,,,"Ciudad Valles",22.07579244,-99.07337584,,
"Coacalco de Berriozábal",,,,"MX15020","México",,,,"MX15","México",,,,"MX",2021-06-18,,35.0305474,"v02","es",,,,"Coacalco de Berriozabal",19.62624216,-99.10300703,3.4616892570333,0.68882091896741
"Coacoatzintla",,,,"MX30036","Veracruz de Ignacio de la Llave",,,,"MX30","México",,,,"MX",2021-06-18,,43.94361161,"v02","es",,,,"Coacoatzintla",19.68076816,-96.95290153,2.82531132189599,0.262073607926802
"Coahuayana",,,,"MX16014","Michoacán de Ocampo",,,,"MX16","México",,,,"MX",2021-06-18,,365.7345039,"v02","es",,,,"Coahuayana",18.75863652,-103.5969147,,
"Coahuayutla de José María Izazaga",,,,"MX12016","Guerrero",,,,"MX12","México",,,,"MX",2021-06-18,,2645.12754194,"v02","es",,,,"Coahuayutla de Jose Maria Izazaga",18.29425522,-101.66342716,3.65611583346227,1.0465842104899
"Coahuitlán",,,,"MX30037","Veracruz de Ignacio de la Llave",,,,"MX30","México",,,,"MX",2021-06-18,,41.76283754,"v02","es",,,,"Coahuitlan",20.26726971,-97.71072837,,
"Coalcomán de Vázquez Pallares",,,,"MX16015","Michoacán de Ocampo",,,,"MX16","México",,,,"MX",2021-06-18,,2826.33666949,"v02","es",,,,"Coalcoman de Vazquez Pallares",18.67328559,-103.0798315,2.96921509755186,0.322451019956444
"Coapilla",,,,"MX07018","Chiapas",,,,"MX07","México",,,,"MX",2021-06-18,,155.0102967,"v02","es",,,,"Coapilla",17.11828789,-93.109607,,
"Coatecas Altas",,,,"MX20015","Oaxaca",,,,"MX20","México",,,,"MX",2021-06-18,,119.36077817,"v02","es",,,,"Coatecas Altas",16.52241984,-96.62813283,3.51061429638932,0.758220298624732
"Coatepec",,,,"MX21030","Puebla",,,,"MX21","México",,,,"MX",2021-06-18,,12.25805401,"v02","es",,,,"Coatepec",20.0545692,-97.73004077,2.92372670852738,0.30179614487781
"Coatepec",,,,"MX30038","Veracruz de Ignacio de la Llave",,,,"MX30","México",,,,"MX",2021-06-18,,202.31754748,"v02","es",,,,"Coatepec",19.44485725,-96.93362849,2.96238020574323,0.319059184788935
"Coatepec Harinas",,,,"MX15021","México",,,,"MX15","México",,,,"MX",2021-06-18,,286.59448797,"v02","es",,,,"Coatepec Harinas",18.93968622,-99.8042878,3.82375246069522,1.4816529839494
"Coatlán del Río",,,,"MX17005","Morelos",,,,"MX17","México",,,,"MX",2021-06-18,,83.39834111,"v02","es",,,,"Coatlan del Rio",18.73427325,-99.45219242,3.92482995690766,1.85115369414259
"Coatzacoalcos",,,,"MX30039","Veracruz de Ignacio de la Llave",,,,"MX30","México",,,,"MX",2021-06-18,,293.61902035,"v02","es",,,,"Coatzacoalcos",18.1245717,-94.31518017,,
"Coatzingo",,,,"MX21031","Puebla",,,,"MX21","México",,,,"MX",2021-06-18,,115.13022423,"v02","es",,,,"Coatzingo",18.57381296,-98.14936722,3.65895831243405,1.09885268451537
"Coatzintla",,,,"MX30040","Veracruz de Ignacio de la Llave",,,,"MX30","México",,,,"MX",2021-06-18,,277.66461694,"v02","es",,,,"Coatzintla",20.42778285,-97.53974476,,
"Cochoapa el Grande",,,,"MX12078","Guerrero",,,,"MX12","México",,,,"MX",2021-06-18,,620.58149242,"v02","es",,,,"Cochoapa el Grande",17.12293862,-98.42017617,4.2461982423563,3.73214154607295
"Cocotitlán",,,,"MX15022","México",,,,"MX15","México",,,,"MX",2021-06-18,,14.77872441,"v02","es",,,,"Cocotitlan",19.2276569,-98.85986666,3.60973646143709,0.93486114527
"Cocula",,,,"MX12017","Guerrero",,,,"MX12","México",,,,"MX",2021-06-18,,445.66840472,"v02","es",,,,"Cocula",18.13982353,-99.72263129,4.44019778891521,4.38225025311792
"Cocula",,,,"MX14024","Jalisco",,,,"MX14","México",,,,"MX",2021-06-18,,331.24739078,"v02","es",,,,"Cocula",20.40358115,-103.81742106,,
"Coeneo",,,,"MX16016","Michoacán de Ocampo",,,,"MX16","México",,,,"MX",2021-06-18,,393.67736159,"v02","es",,,,"Coeneo",19.78728259,-101.61326942,3.08420748704182,0.381258385317384
"Coetzala",,,,"MX30041","Veracruz de Ignacio de la Llave",,,,"MX30","México",,,,"MX",2021-06-18,,9.44048155,"v02","es",,,,"Coetzala",18.77502205,-96.91706678,3.29472205158772,0.51968571344438
"Cohetzala",,,,"MX21032","Puebla",,,,"MX21","México",,,,"MX",2021-06-18,,240.65369576,"v02","es",,,,"Cohetzala",18.20917924,-98.80299539,3.96306952641003,2.23624788495736
"Cohuecan",,,,"MX21033","Puebla",,,,"MX21","México",,,,"MX",2021-06-18,,47.45913715,"v02","es",,,,"Cohuecan",18.75809017,-98.73962825,3.71015676031667,1.23759540616099
"Coicoyán de las Flores",,,,"MX20016","Oaxaca",,,,"MX20","México",,,,"MX",2021-06-18,,126.09068941,"v02","es",,,,"Coicoyan de las Flores",17.21593696,-98.18370709,4.06857865454206,2.72105330412058
"Cojumatlán de Régules",,,,"MX16074","Michoacán de Ocampo",,,,"MX16","México",,,,"MX",2021-06-18,,131.09976196,"v02","es",,,,"Cojumatlán de Regules",20.10936968,-102.88591312,2.54336602341196,0.170645998220786
"Colima",,,,"MX06002","Colima",,,,"MX06","México",,,,"MX",2021-06-18,,746.00879634,"v02","es",,,,"Colima",19.09860133,-103.65424034,,
"Colipa",,,,"MX30042","Veracruz de Ignacio de la Llave",,,,"MX30","México",,,,"MX",2021-06-18,,130.41257368,"v02","es",,,,"Colipa",19.93494293,-96.71921547,2.63724799407377,0.197892772645046
"Colón",,,,"MX22005","Querétaro de Arteaga",,,,"MX22","México",,,,"MX",2021-06-18,,810.26215701,"v02","es",,,,"Colon",20.74967276,-100.079663,,
"Colotlán",,,,"MX14025","Jalisco",,,,"MX14","México",,,,"MX",2021-06-18,,648.10403436,"v02","es",,,,"Colotlan",22.09842432,-103.27431708,,
"Comala",,,,"MX06003","Colima",,,,"MX06","México",,,,"MX",2021-06-18,,314.34352684,"v02","es",,,,"Comala",19.39542239,-103.78396322,,
"Comalcalco",,,,"MX27005","Tabasco",,,,"MX27","México",,,,"MX",2021-06-18,,768.19290859,"v02","es",,,,"Comalcalco",18.28988893,-93.32075962,,
"Comapa",,,,"MX30043","Veracruz de Ignacio de la Llave",,,,"MX30","México",,,,"MX",2021-06-18,,310.91499971,"v02","es",,,,"Comapa",19.14157622,-96.66424696,2.97330764619397,0.325952108509862
"Comitán de Domínguez",,,,"MX07019","Chiapas",,,,"MX07","México",,,,"MX",2021-06-18,,977.8433125,"v02","es",,,,"Comitan de Dominguez",16.29116986,-92.17532125,,
"Comondú",,,,"MX03001","Baja California Sur",,,,"MX03","México",,,,"MX",2021-06-18,,17316.81718091,"v02","es",,,,"Comondu",25.5487025,-111.76046749,,
"Comonfort",,,,"MX11009","Guanajuato",,,,"MX11","México",,,,"MX",2021-06-18,,488.65703971,"v02","es",,,,"Comonfort",20.737089,-100.79732014,,
"Compostela",,,,"MX18004","Nayarit",,,,"MX18","México",,,,"MX",2021-06-18,,1879.97245747,"v02","es",,,,"Compostela",21.11373235,-105.03889323,,
"Concepción Buenavista",,,,"MX20018","Oaxaca",,,,"MX20","México",,,,"MX",2021-06-18,,224.59607371,"v02","es",,,,"Concepcion Buenavista",17.98642139,-97.438154,3.61242615609808,0.955789551084986
"Concepción de Buenos Aires",,,,"MX14026","Jalisco",,,,"MX14","México",,,,"MX",2021-06-18,,265.63702587,"v02","es",,,,"Concepcion de Buenos Aires",19.97864331,-103.23207434,,
"Concepción del Oro",,,,"MX32007","Zacatecas",,,,"MX32","México",,,,"MX",2021-06-18,,2418.23919521,"v02","es",,,,"Concepcion del Oro",24.44908074,-101.18733877,,
"Concepción Pápalo",,,,"MX20019","Oaxaca",,,,"MX20","México",,,,"MX",2021-06-18,,173.62439807,"v02","es",,,,"Concepcion Papalo",17.87406263,-96.86509227,3.43244390538562,0.635972219576867
"Concordia",,,,"MX25004","Sinaloa",,,,"MX25","México",,,,"MX",2021-06-18,,2167.2791063,"v02","es",,,,"Concordia",23.42109824,-105.95614964,,
"Coneto de Comonfort",,,,"MX10003","Durango",,,,"MX10","México",,,,"MX",2021-06-18,,1074.46914775,"v02","es",,,,"Coneto de Comonfort",25.00806121,-104.74250447,,
"Conkal",,,,"MX31013","Yucatán",,,,"MX31","México",,,,"MX",2021-06-18,,63.33981511,"v02","es",,,,"Conkal",21.07506113,-89.52912143,,
"Constancia del Rosario",,,,"MX20020","Oaxaca",,,,"MX20","México",,,,"MX",2021-06-18,,57.15259458,"v02","es",,,,"Constancia del Rosario",17.04649062,-97.95995589,4.01104604338717,2.28958567119779
"Contepec",,,,"MX16017","Michoacán de Ocampo",,,,"MX16","México",,,,"MX",2021-06-18,,378.86521673,"v02","es",,,,"Contepec",19.96087424,-100.2049345,3.29361885624142,0.520793416572501
"Contla de Juan Cuamatzi",,,,"MX29018","Tlaxcala",,,,"MX29","México",,,,"MX",2021-06-18,,26.15216401,"v02","es",,,,"Contla de Juan Cuamatzi",19.31982707,-98.14427823,3.3707359777848,0.597718772419513
"Copainalá",,,,"MX07021","Chiapas",,,,"MX07","México",,,,"MX",2021-06-18,,343.27798567,"v02","es",,,,"Copainala",17.11613927,-93.24212364,,
"Copala",,,,"MX12018","Guerrero",,,,"MX12","México",,,,"MX",2021-06-18,,297.03940209,"v02","es",,,,"Copala",16.62439306,-98.94110739,4.99093754831924,6.86343301163433
"Copalillo",,,,"MX12019","Guerrero",,,,"MX12","México",,,,"MX",2021-06-18,,732.4876359,"v02","es",,,,"Copalillo",17.98118281,-99.04752394,4.2120533712648,3.59647988909171
"Copanatoyac",,,,"MX12020","Guerrero",,,,"MX12","México",,,,"MX",2021-06-18,,306.62474853,"v02","es",,,,"Copanatoyac",17.43807768,-98.7028467,4.4528367198861,4.58553518482771
"Copándaro",,,,"MX16018","Michoacán de Ocampo",,,,"MX16","México",,,,"MX",2021-06-18,,173.27703368,"v02","es",,,,"Copandaro",19.91671613,-101.21816719,3.13732638468599,0.412404381866722
"Coquimatlán",,,,"MX06004","Colima",,,,"MX06","México",,,,"MX",2021-06-18,,526.98816141,"v02","es",,,,"Coquimatlan",19.17597799,-103.92391346,,
"Córdoba",,,,"MX30044","Veracruz de Ignacio de la Llave",,,,"MX30","México",,,,"MX",2021-06-18,,159.85357307,"v02","es",,,,"Cordoba",18.92393323,-96.92779526,3.12733984706177,0.40868423330198
"Coronado",,,,"MX08014","Chihuahua",,,,"MX08","México",,,,"MX",2021-06-18,,1890.07651198,"v02","es",,,,"Coronado",26.67182634,-104.87139802,,
"Coronango",,,,"MX21034","Puebla",,,,"MX21","México",,,,"MX",2021-06-18,,36.73972609,"v02","es",,,,"Coronango",19.13670477,-98.29187744,3.51714702950037,0.790609241165215
"Coroneo",,,,"MX11010","Guanajuato",,,,"MX11","México",,,,"MX",2021-06-18,,123.80386392,"v02","es",,,,"Coroneo",20.21677759,-100.39489994,,
"Corregidora",,,,"MX22006","Querétaro de Arteaga",,,,"MX22","México",,,,"MX",2021-06-18,,234.88709615,"v02","es",,,,"Corregidora",20.47781289,-100.44123835,,
"Cortazar",,,,"MX11011","Guanajuato",,,,"MX11","México",,,,"MX",2021-06-18,,335.21177184,"v02","es",,,,"Cortazar",20.4220211,-100.9305673,,
"Cosalá",,,,"MX25005","Sinaloa",,,,"MX25","México",,,,"MX",2021-06-18,,2172.04554388,"v02","es",,,,"Cosala",24.5161646,-106.79663338,,
"Cosamaloapan de Carpio",,,,"MX30045","Veracruz de Ignacio de la Llave",,,,"MX30","México",,,,"MX",2021-06-18,,510.68684257,"v02","es",,,,"Cosamaloapan de Carpio",18.28246225,-95.96545784,,
"Cosautlán de Carvajal",,,,"MX30046","Veracruz de Ignacio de la Llave",,,,"MX30","México",,,,"MX",2021-06-18,,76.59617792,"v02","es",,,,"Cosautlan de Carvajal",19.329361,-96.96861961,3.02227760328246,0.350162413211589
"Coscomatepec",,,,"MX30047","Veracruz de Ignacio de la Llave",,,,"MX30","México",,,,"MX",2021-06-18,,158.10525049,"v02","es",,,,"Coscomatepec",19.0591501,-97.09953397,3.17156586287648,0.436172758892489
"Cosío",,,,"MX01004","Aguascalientes",,,,"MX01","México",,,,"MX",2021-06-18,,129.73899019,"v02","es",,,,"Cosio",22.37051557,-102.31200853,,
"Cosolapa",,,,"MX20021","Oaxaca",,,,"MX20","México",,,,"MX",2021-06-18,,112.14902513,"v02","es",,,,"Cosolapa",18.58050634,-96.65279611,3.16789615985906,0.428781973737066
"Cosoleacaque",,,,"MX30048","Veracruz de Ignacio de la Llave",,,,"MX30","México",,,,"MX",2021-06-18,,269.52077151,"v02","es",,,,"Cosoleacaque",18.00646136,-94.61748872,,
"Cosoltepec",,,,"MX20022","Oaxaca",,,,"MX20","México",,,,"MX",2021-06-18,,111.67106882,"v02","es",,,,"Cosoltepec",18.14292227,-97.81308828,3.75806713567903,1.27933183544383
"Cotaxtla",,,,"MX30049","Veracruz de Ignacio de la Llave",,,,"MX30","México",,,,"MX",2021-06-18,,537.32554491,"v02","es",,,,"Cotaxtla",18.85765727,-96.35099911,2.98708764231988,0.330617244210238
"Cotija",,,,"MX16019","Michoacán de Ocampo",,,,"MX16","México",,,,"MX",2021-06-18,,505.01885044,"v02","es",,,,"Cotija",19.75128894,-102.69290439,2.73055748961282,0.225477388202493
"Coxcatlán",,,,"MX21035","Puebla",,,,"MX21","México",,,,"MX",2021-06-18,,249.28829739,"v02","es",,,,"Coxcatlan",18.24972411,-97.13984781,3.43540485905573,0.635944774714974
"Coxcatlán",,,,"MX24014","San Luis Potosí",,,,"MX24","México",,,,"MX",2021-06-18,,90.93733371,"v02","es",,,,"Coxcatlan",21.51476301,-98.89810128,,
"Coxquihui",,,,"MX30050","Veracruz de Ignacio de la Llave",,,,"MX30","México",,,,"MX",2021-06-18,,80.26389743,"v02","es",,,,"Coxquihui",20.214487,-97.55582717,,
"Coyame del Sotol",,,,"MX08015","Chihuahua",,,,"MX08","México",,,,"MX",2021-06-18,,11650.8740689,"v02","es",,,,"Coyame del Sotol",29.7353781,-105.34475074,,
"Coyoacán",,,,"MX09003","Distrito Federal",,,,"MX09","México",,,,"MX",2021-06-18,,53.9225764,"v02","es",,,,"Coyoacan",19.32801618,-99.15105667,3.60359664628388,0.923069492736845
"Coyomeapan",,,,"MX21036","Puebla",,,,"MX21","México",,,,"MX",2021-06-18,,228.70384829,"v02","es",,,,"Coyomeapan",18.28572504,-96.95689785,3.43264159422268,0.575715238950243
"Coyotepec",,,,"MX15023","México",,,,"MX15","México",,,,"MX",2021-06-18,,39.91841906,"v02","es",,,,"Coyotepec",19.78646534,-99.20169669,3.39591210337588,0.60566015338777
"Coyotepec",,,,"MX21037","Puebla",,,,"MX21","México",,,,"MX",2021-06-18,,133.74241867,"v02","es",,,,"Coyotepec",18.39581977,-97.83310991,3.61458197991314,0.990609938213532
"Coyuca de Benítez",,,,"MX12021","Guerrero",,,,"MX12","México",,,,"MX",2021-06-18,,1810.7221714,"v02","es",,,,"Coyuca de Benitez",17.17822269,-100.02586116,6.4607822190668,22.6785797664195
"Coyuca de Catalán",,,,"MX12022","Guerrero",,,,"MX12","México",,,,"MX",2021-06-18,,3357.49025827,"v02","es",,,,"Coyuca de Catalan",18.09056538,-101.03376105,3.99629641369433,2.20757296940475
"Coyutla",,,,"MX30051","Veracruz de Ignacio de la Llave",,,,"MX30","México",,,,"MX",2021-06-18,,234.03963005,"v02","es",,,,"Coyutla",20.33358603,-97.62753948,,
"Cozumel",,,,"MX23001","Quintana Roo",,,,"MX23","México",,,,"MX",2021-06-18,,484.7659726,"v02","es",,,,"Cozumel",20.43219875,-86.92019715,,
"Cruillas",,,,"MX28010","Tamaulipas",,,,"MX28","México",,,,"MX",2021-06-18,,1889.44557101,"v02","es",,,,"Cruillas",24.65282424,-98.49386375,,
"Cuajimalpa de Morelos",,,,"MX09004","Distrito Federal",,,,"MX09","México",,,,"MX",2021-06-18,,71.46844097,"v02","es",,,,"Cuajimalpa de Morelos",19.31867073,-99.3232414,3.61972595700898,0.95556457872035
"Cuajinicuilapa",,,,"MX12023","Guerrero",,,,"MX12","México",,,,"MX",2021-06-18,,630.01108843,"v02","es",,,,"Cuajinicuilapa",16.45462321,-98.52130253,4.22635314393601,3.5987130677397
"Cualác",,,,"MX12024","Guerrero",,,,"MX12","México",,,,"MX",2021-06-18,,239.2124226,"v02","es",,,,"Cualac",17.7350478,-98.66154019,4.14206401970702,3.33401890475904
"Cuapiaxtla",,,,"MX29008","Tlaxcala",,,,"MX29","México",,,,"MX",2021-06-18,,84.26266526,"v02","es",,,,"Cuapiaxtla",19.33905561,-97.77884374,3.27759988168594,0.515410094329882
"Cuapiaxtla de Madero",,,,"MX21038","Puebla",,,,"MX21","México",,,,"MX",2021-06-18,,23.30058943,"v02","es",,,,"Cuapiaxtla de Madero",18.92799809,-97.83267269,3.45542120213037,0.706274832940586
"Cuatro Ciénegas",,,,"MX05007","Coahuila de Zaragoza",,,,"MX05","México",,,,"MX",2021-06-18,,10672.26056589,"v02","es",,,,"Cuatro Cienegas",26.66650179,-102.3791855,,
"Cuauhtémoc",,,,"MX06005","Colima",,,,"MX06","México",,,,"MX",2021-06-18,,412.25624488,"v02","es",,,,"Cuauhtemoc",19.33854289,-103.58184873,,
"Cuauhtémoc",,,,"MX08017","Chihuahua",,,,"MX08","México",,,,"MX",2021-06-18,,3608.21479966,"v02","es",,,,"Cuauhtemoc",28.76582572,-107.02720145,,
"Cuauhtémoc",,,,"MX09015","Distrito Federal",,,,"MX09","México",,,,"MX",2021-06-18,,32.5248346,"v02","es",,,,"Cuauhtemoc",19.43297622,-99.1481717,3.55502960027596,0.834387080017635
"Cuauhtémoc",,,,"MX32008","Zacatecas",,,,"MX32","México",,,,"MX",2021-06-18,,324.3844941,"v02","es",,,,"Cuauhtemoc",22.46051406,-102.35347654,,
"Cuautempan",,,,"MX21039","Puebla",,,,"MX21","México",,,,"MX",2021-06-18,,61.34143739,"v02","es",,,,"Cuautempan",19.91857691,-97.79365109,2.93913938071649,0.310124053532784
"Cuautepec",,,,"MX12025","Guerrero",,,,"MX12","México",,,,"MX",2021-06-18,,313.96856766,"v02","es",,,,"Cuautepec",16.72006994,-98.97330473,5.208811765717,8.02499978174153
"Cuautepec de Hinojosa",,,,"MX13016","Hidalgo",,,,"MX13","México",,,,"MX",2021-06-18,,391.3936371,"v02","es",,,,"Cuautepec de Hinojosa",19.97015708,-98.26754862,3.03441630446321,0.357688878951821
"Cuautinchán",,,,"MX21040","Puebla",,,,"MX21","México",,,,"MX",2021-06-18,,160.2784029,"v02","es",,,,"Cuautinchan",18.96315442,-98.04467356,3.51367242640272,0.789320014174626
"Cuautitlán",,,,"MX15024","México",,,,"MX15","México",,,,"MX",2021-06-18,,40.81760679,"v02","es",,,,"Cuautitlan",19.70551825,-99.16662573,3.4299563693968,0.646021596515845
"Cuautitlán de García Barragán",,,,"MX14027","Jalisco",,,,"MX14","México",,,,"MX",2021-06-18,,1391.13369855,"v02","es",,,,"Cuautitlan de Garcia Barragan",19.46064347,-104.264449,,
"Cuautitlán Izcalli",,,,"MX15121","México",,,,"MX15","México",,,,"MX",2021-06-18,,110.07493123,"v02","es",,,,"Cuautitlan Izcalli",19.65777432,-99.23231051,3.45982775487036,0.686421176756385
"Cuautla",,,,"MX14028","Jalisco",,,,"MX14","México",,,,"MX",2021-06-18,,417.11931182,"v02","es",,,,"Cuautla",20.20360938,-104.4858267,,
"Cuautla",,,,"MX17006","Morelos",,,,"MX17","México",,,,"MX",2021-06-18,,97.17753176,"v02","es",,,,"Cuautla",18.82278322,-98.97232279,3.8114050882104,1.43544828497802
"Cuautlancingo",,,,"MX21041","Puebla",,,,"MX21","México",,,,"MX",2021-06-18,,38.17358688,"v02","es",,,,"Cuautlancingo",19.11936598,-98.24916238,3.44100231011819,0.703169446623552
"Cuaxomulco",,,,"MX29009","Tlaxcala",,,,"MX29","México",,,,"MX",2021-06-18,,16.67261292,"v02","es",,,,"Cuaxomulco",19.3451397,-98.09514424,3.40171087935606,0.617510574138254
"Cuayuca de Andrade",,,,"MX21042","Puebla",,,,"MX21","México",,,,"MX",2021-06-18,,198.8514031,"v02","es",,,,"Cuayuca de Andrade",18.43317518,-98.19319553,3.76739185546139,1.33489499421543
"Cucurpe",,,,"MX26022","Sonora",,,,"MX26","México",,,,"MX",2021-06-18,,1577.88516313,"v02","es",,,,"Cucurpe",30.43043418,-110.63177576,,
"Cuencamé",,,,"MX10004","Durango",,,,"MX10","México",,,,"MX",2021-06-18,,5349.36295183,"v02","es",,,,"Cuencame",24.65302504,-103.67548952,,
"Cuerámaro",,,,"MX11012","Guanajuato",,,,"MX11","México",,,,"MX",2021-06-18,,260.31809826,"v02","es",,,,"Cueramaro",20.61528306,-101.67125343,,
"Cuernavaca",,,,"MX17007","Morelos",,,,"MX17","México",,,,"MX",2021-06-18,,199.67694507,"v02","es",,,,"Cuernavaca",18.93316957,-99.25995593,3.80141409407209,1.40901726430692
"Cuetzala del Progreso",,,,"MX12026","Guerrero",,,,"MX12","México",,,,"MX",2021-06-18,,373.01853826,"v02","es",,,,"Cuetzala del Progreso",18.10716896,-99.83211296,4.44658248177688,4.4294772909781
"Cuetzalan del Progreso",,,,"MX21043","Puebla",,,,"MX21","México",,,,"MX",2021-06-18,,181.69168697,"v02","es",,,,"Cuetzalan del Progreso",20.02721918,-97.49385355,2.82004859190259,0.260257017281837
"Cuichapa",,,,"MX30052","Veracruz de Ignacio de la Llave",,,,"MX30","México",,,,"MX",2021-06-18,,34.7129614,"v02","es",,,,"Cuichapa",18.77009295,-96.83326643,3.1840017221514,0.442676758947547
"Cuilápam de Guerrero",,,,"MX20023","Oaxaca",,,,"MX20","México",,,,"MX",2021-06-18,,49.79873162,"v02","es",,,,"Cuilapam de Guerrero",17.00253701,-96.78706101,3.51106996503584,0.747743873264907
"Cuitláhuac",,,,"MX30053","Veracruz de Ignacio de la Llave",,,,"MX30","México",,,,"MX",2021-06-18,,150.32099063,"v02","es",,,,"Cuitlahuac",18.78975871,-96.73101092,3.13403197820314,0.410987346045744
"Cuitzeo",,,,"MX16020","Michoacán de Ocampo",,,,"MX16","México",,,,"MX",2021-06-18,,254.40352801,"v02","es",,,,"Cuitzeo",19.98790555,-101.11363619,3.13004175105526,0.408222013981444
"Culiacán",,,,"MX25006","Sinaloa",,,,"MX25","México",,,,"MX",2021-06-18,,6086.94381226,"v02","es",,,,"Culiacan",24.66169981,-107.26457896,,
"Cumpas",,,,"MX26023","Sonora",,,,"MX26","México",,,,"MX",2021-06-18,,2010.04906663,"v02","es",,,,"Cumpas",30.06855422,-109.84544298,,
"Cuncunul",,,,"MX31014","Yucatán",,,,"MX31","México",,,,"MX",2021-06-18,,135.89813651,"v02","es",,,,"Cuncunul",20.62180704,-88.32620287,,
"Cunduacán",,,,"MX27006","Tabasco",,,,"MX27","México",,,,"MX",2021-06-18,,590.03727646,"v02","es",,,,"Cunduacan",18.10398252,-93.25028223,,
"Cuquío",,,,"MX14029","Jalisco",,,,"MX14","México",,,,"MX",2021-06-18,,642.99716429,"v02","es",,,,"Cuquio",20.94929765,-103.03228095,,
"Cusihuiriachi",,,,"MX08018","Chihuahua",,,,"MX08","México",,,,"MX",2021-06-18,,1608.1787852,"v02","es",,,,"Cusihuiriachi",28.20764237,-106.93227106,,
"Cutzamala de Pinzón",,,,"MX12027","Guerrero",,,,"MX12","México",,,,"MX",2021-06-18,,1335.62911607,"v02","es",,,,"Cutzamala de Pinzon",18.64199308,-100.62345017,3.85994655330702,1.61502188905683
"Cuyamecalco Villa de Zaragoza",,,,"MX20024","Oaxaca",,,,"MX20","México",,,,"MX",2021-06-18,,79.11697418,"v02","es",,,,"Cuyamecalco Villa de Zaragoza",17.97102808,-96.86629722,3.29634832467818,0.505656293503201
"Cuyoaco",,,,"MX21044","Puebla",,,,"MX21","México",,,,"MX",2021-06-18,,301.32527364,"v02","es",,,,"Cuyoaco",19.58466253,-97.57490118,3.13529283769623,0.414250371468421
"Cuzamá",,,,"MX31015","Yucatán",,,,"MX31","México",,,,"MX",2021-06-18,,93.48404977,"v02","es",,,,"Cuzama",20.71307842,-89.35735661,,
"Degollado",,,,"MX14033","Jalisco",,,,"MX14","México",,,,"MX",2021-06-18,,426.7270071,"v02","es",,,,"Degollado",20.45629677,-102.17482352,,
"Del Nayar",,,,"MX18009","Nayarit",,,,"MX18","México",,,,"MX",2021-06-18,,5142.44388303,"v02","es",,,,"Del Nayar",22.05612904,-104.59319341,,
"Delicias",,,,"MX08021","Chihuahua",,,,"MX08","México",,,,"MX",2021-06-18,,533.12251136,"v02","es",,,,"Delicias",28.12270781,-105.46848957,,
"Divisaderos",,,,"MX26024","Sonora",,,,"MX26","México",,,,"MX",2021-06-18,,385.69805504,"v02","es",,,,"Divisaderos",29.62466554,-109.36970985,,
"Doctor Arroyo",,,,"MX19014","Nuevo León",,,,"MX19","México",,,,"MX",2021-06-18,,5053.65516187,"v02","es",,,,"Doctor Arroyo",23.80420614,-100.22566011,,
"Doctor Coss",,,,"MX19015","Nuevo León",,,,"MX19","México",,,,"MX",2021-06-18,,720.74352594,"v02","es",,,,"Doctor Coss",25.97124456,-99.04202631,,
"Doctor González",,,,"MX19016","Nuevo León",,,,"MX19","México",,,,"MX",2021-06-18,,614.69692455,"v02","es",,,,"Doctor Gonzalez",25.84477983,-99.81878042,,
"Doctor Mora",,,,"MX11013","Guanajuato",,,,"MX11","México",,,,"MX",2021-06-18,,230.80733314,"v02","es",,,,"Doctor Mora",21.14740587,-100.36827189,,
"Dolores Hidalgo Cuna de la Independencia Nacional",,,,"MX11014","Guanajuato",,,,"MX11","México",,,,"MX",2021-06-18,,1655.7252458,"v02","es",,,,"Dolores Hidalgo Cuna de la Independencia Nacional",21.10494235,-100.91316144,,
"Domingo Arenas",,,,"MX21060","Puebla",,,,"MX21","México",,,,"MX",2021-06-18,,16.10747582,"v02","es",,,,"Domingo Arenas",19.13052145,-98.44000076,3.56964771341658,0.866036211862477
"Donato Guerra",,,,"MX15032","México",,,,"MX15","México",,,,"MX",2021-06-18,,191.61306565,"v02","es",,,,"Donato Guerra",19.31883026,-100.12260462,3.61863585981249,0.953514252568154
"Dr. Belisario Domínguez",,,,"MX08022","Chihuahua",,,,"MX08","México",,,,"MX",2021-06-18,,1033.07617157,"v02","es",,,,"Dr. Belisario Dominguez",27.99331189,-106.53662305,,
"Durango",,,,"MX10005","Durango",,,,"MX10","México",,,,"MX",2021-06-18,,9285.38748776,"v02","es",,,,"Durango",23.91127214,-104.91981062,,
"Dzán",,,,"MX31025","Yucatán",,,,"MX31","México",,,,"MX",2021-06-18,,79.9130446,"v02","es",,,,"Dzan",20.39708453,-89.47052579,,
"Dzemul",,,,"MX31026","Yucatán",,,,"MX31","México",,,,"MX",2021-06-18,,174.09669417,"v02","es",,,,"Dzemul",21.25172192,-89.32694884,,
"Dzidzantún",,,,"MX31027","Yucatán",,,,"MX31","México",,,,"MX",2021-06-18,,207.53277162,"v02","es",,,,"Dzidzantun",21.28919325,-89.03628553,,
"Dzilam de Bravo",,,,"MX31028","Yucatán",,,,"MX31","México",,,,"MX",2021-06-18,,420.84714409,"v02","es",,,,"Dzilam de Bravo",21.44055869,-88.61780011,,
"Dzilam González",,,,"MX31029","Yucatán",,,,"MX31","México",,,,"MX",2021-06-18,,506.47276601,"v02","es",,,,"Dzilam Gonzalez",21.32416789,-88.79940705,,
"Dzitás",,,,"MX31030","Yucatán",,,,"MX31","México",,,,"MX",2021-06-18,,309.55542933,"v02","es",,,,"Dzitas",20.83280981,-88.52785593,,
"Dzoncauich",,,,"MX31031","Yucatán",,,,"MX31","México",,,,"MX",2021-06-18,,133.40907532,"v02","es",,,,"Dzoncauich",21.09529771,-88.82654411,,
"Ebano",,,,"MX24016","San Luis Potosí",,,,"MX24","México",,,,"MX",2021-06-18,,698.54654126,"v02","es",,,,"Ebano",22.168368,-98.44427527,,
"Ecatepec de Morelos",,,,"MX15033","México",,,,"MX15","México",,,,"MX",2021-06-18,,156.19470597,"v02","es",,,,"Ecatepec de Morelos",19.57179688,-99.04453538,3.47939459340592,0.714645082586765
"Ecatzingo",,,,"MX15034","México",,,,"MX15","México",,,,"MX",2021-06-18,,53.16964769,"v02","es",,,,"Ecatzingo",18.96841305,-98.73963583,3.70546297484846,1.14383359668966
"Ecuandureo",,,,"MX16030","Michoacán de Ocampo",,,,"MX16","México",,,,"MX",2021-06-18,,304.1617866,"v02","es",,,,"Ecuandureo",20.16047476,-102.26515841,2.75289178357245,0.233017420354835
"Eduardo Neri",,,,"MX12075","Guerrero",,,,"MX12","México",,,,"MX",2021-06-18,,1249.27580656,"v02","es",,,,"Eduardo Neri",17.81411794,-99.60904904,5.19512489746682,7.84898517164499
"Ejutla",,,,"MX14034","Jalisco",,,,"MX14","México",,,,"MX",2021-06-18,,297.64295968,"v02","es",,,,"Ejutla",19.90093041,-104.13980923,,
"El Arenal",,,,"MX13009","Hidalgo",,,,"MX13","México",,,,"MX",2021-06-18,,137.5972951,"v02","es",,,,"El Arenal",20.22528065,-98.88036533,,
"El Arenal",,,,"MX14009","Jalisco",,,,"MX14","México",,,,"MX",2021-06-18,,111.75909817,"v02","es",,,,"El Arenal",20.75850081,-103.70489854,,
"El Barrio de la Soledad",,,,"MX20010","Oaxaca",,,,"MX20","México",,,,"MX",2021-06-18,,252.07024509,"v02","es",,,,"El Barrio de la Soledad",16.80173263,-95.05366852,,
"El Bosque",,,,"MX07014","Chiapas",,,,"MX07","México",,,,"MX",2021-06-18,,159.1550117,"v02","es",,,,"El Bosque",17.02472645,-92.74723016,,
"El Carmen",,,,"MX19010","Nuevo León",,,,"MX19","México",,,,"MX",2021-06-18,,104.383474,"v02","es",,,,"El Carmen",25.91611492,-100.35842312,,
"El Carmen Tequexquitla",,,,"MX29007","Tlaxcala",,,,"MX29","México",,,,"MX",2021-06-18,,58.43324156,"v02","es",,,,"El Carmen Tequexquitla",19.34074543,-97.66088813,3.25469842975622,0.497852854026238
"El Espinal",,,,"MX20030","Oaxaca",,,,"MX20","México",,,,"MX",2021-06-18,,56.0623005,"v02","es",,,,"El Espinal",16.46091355,-95.05818336,,
"El Fuerte",,,,"MX25010","Sinaloa",,,,"MX25","México",,,,"MX",2021-06-18,,4169.82577193,"v02","es",,,,"El Fuerte",26.23696504,-108.66122679,,
"El Grullo",,,,"MX14037","Jalisco",,,,"MX14","México",,,,"MX",2021-06-18,,177.31260633,"v02","es",,,,"El Grullo",19.79554812,-104.17781657,,
"El Higo",,,,"MX30205","Veracruz de Ignacio de la Llave",,,,"MX30","México",,,,"MX",2021-06-18,,391.14818272,"v02","es",,,,"El Higo",21.76727976,-98.38439731,,
"El Limón",,,,"MX14054","Jalisco",,,,"MX14","México",,,,"MX",2021-06-18,,114.23219759,"v02","es",,,,"El Limon",19.85113354,-104.11873545,,
"El Llano",,,,"MX01010","Aguascalientes",,,,"MX01","México",,,,"MX",2021-06-18,,509.18230819,"v02","es",,,,"El Llano",21.92866961,-102.00072772,,
"El Mante",,,,"MX28021","Tamaulipas",,,,"MX28","México",,,,"MX",2021-06-18,,1637.22110482,"v02","es",,,,"El Mante",22.6078737,-98.93534145,,
"El Marqués",,,,"MX22011","Querétaro de Arteaga",,,,"MX22","México",,,,"MX",2021-06-18,,747.63494951,"v02","es",,,,"El Marques",20.73507791,-100.28357657,,
"El Naranjo",,,,"MX24058","San Luis Potosí",,,,"MX24","México",,,,"MX",2021-06-18,,821.26485065,"v02","es",,,,"El Naranjo",22.45091278,-99.34014078,,
"El Oro",,,,"MX10018","Durango",,,,"MX10","México",,,,"MX",2021-06-18,,3530.04775864,"v02","es",,,,"El Oro",25.64243933,-105.32430806,,
"El Oro",,,,"MX15064","México",,,,"MX15","México",,,,"MX",2021-06-18,,137.4906051,"v02","es",,,,"El Oro",19.79597113,-100.06630205,3.40068739880557,0.611370368712334
"El Plateado de Joaquín Amaro",,,,"MX32015","Zacatecas",,,,"MX32","México",,,,"MX",2021-06-18,,353.58182919,"v02","es",,,,"El Plateado de Joaquin Amaro",22.00372421,-103.06537946,,
"El Porvenir",,,,"MX07070","Chiapas",,,,"MX07","México",,,,"MX",2021-06-18,,82.66092252,"v02","es",,,,"El Porvenir",15.42877592,-92.27403923,,
"El Salto",,,,"MX14070","Jalisco",,,,"MX14","México",,,,"MX",2021-06-18,,81.78108334,"v02","es",,,,"El Salto",20.53819148,-103.2448028,,
"El Salvador",,,,"MX32041","Zacatecas",,,,"MX32","México",,,,"MX",2021-06-18,,623.8623131,"v02","es",,,,"El Salvador",24.44129229,-100.87608655,,
"El Tule",,,,"MX08064","Chihuahua",,,,"MX08","México",,,,"MX",2021-06-18,,469.70274888,"v02","es",,,,"El Tule",27.0164441,-106.28762232,,
"Elota",,,,"MX25008","Sinaloa",,,,"MX25","México",,,,"MX",2021-06-18,,1633.32159282,"v02","es",,,,"Elota",24.03081203,-106.8845318,,
"Eloxochitlán",,,,"MX13020","Hidalgo",,,,"MX13","México",,,,"MX",2021-06-18,,239.53867822,"v02","es",,,,"Eloxochitlan",20.7425499,-98.8665959,,
"Eloxochitlán",,,,"MX21061","Puebla",,,,"MX21","México",,,,"MX",2021-06-18,,99.57340923,"v02","es",,,,"Eloxochitlan",18.50266409,-96.91769297,3.2648005101156,0.500326073463154
"Eloxochitlán de Flores Magón",,,,"MX20029","Oaxaca",,,,"MX20","México",,,,"MX",2021-06-18,,35.81655751,"v02","es",,,,"Eloxochitlan de Flores Magon",18.19741653,-96.8723017,3.36311312712958,0.499275562271926
"Emiliano Zapata",,,,"MX13021","Hidalgo",,,,"MX13","México",,,,"MX",2021-06-18,,123.01188901,"v02","es",,,,"Emiliano Zapata",19.66361803,-98.57760393,3.37858022512518,0.590693655789026
"Emiliano Zapata",,,,"MX17008","Morelos",,,,"MX17","México",,,,"MX",2021-06-18,,68.28157158,"v02","es",,,,"Emiliano Zapata",18.80947973,-99.18598266,3.8527390683384,1.57580195989287
"Emiliano Zapata",,,,"MX27007","Tabasco",,,,"MX27","México",,,,"MX",2021-06-18,,592.31311037,"v02","es",,,,"Emiliano Zapata",17.69401493,-91.63935622,,
"Emiliano Zapata",,,,"MX29046","Tlaxcala",,,,"MX29","México",,,,"MX",2021-06-18,,49.89696437,"v02","es",,,,"Emiliano Zapata",19.56556734,-97.92526343,3.14429851521259,0.419102576403555
"Emiliano Zapata",,,,"MX30065","Veracruz de Ignacio de la Llave",,,,"MX30","México",,,,"MX",2021-06-18,,415.83386637,"v02","es",,,,"Emiliano Zapata",19.45696958,-96.7912766,2.84153395805968,0.267694814486792
"Empalme",,,,"MX26025","Sonora",,,,"MX26","México",,,,"MX",2021-06-18,,593.01930257,"v02","es",,,,"Empalme",28.00309081,-110.66158814,,
"Encarnación de Díaz",,,,"MX14035","Jalisco",,,,"MX14","México",,,,"MX",2021-06-18,,1253.3987461,"v02","es",,,,"Encarnacion de Diaz",21.56799929,-102.18302778,,
"Ensenada",,,,"MX02001","Baja California",,,,"MX02","México",,,,"MX",2021-06-18,,52849.19501321,"v02","es",,,,"Ensenada",30.1932263,-115.23143743,,
"Epatlán",,,,"MX21062","Puebla",,,,"MX21","México",,,,"MX",2021-06-18,,52.14849593,"v02","es",,,,"Epatlan",18.61524482,-98.37940137,3.69400721440435,1.19148492828207
"Epazoyucan",,,,"MX13022","Hidalgo",,,,"MX13","México",,,,"MX",2021-06-18,,140.80406168,"v02","es",,,,"Epazoyucan",20.03764408,-98.64442195,3.17164000166761,0.434080419998968
"Epitacio Huerta",,,,"MX16031","Michoacán de Ocampo",,,,"MX16","México",,,,"MX",2021-06-18,,423.61413368,"v02","es",,,,"Epitacio Huerta",20.14292301,-100.30217256,3.2124449299316,0.461074781321777
"Erongarícuaro",,,,"MX16032","Michoacán de Ocampo",,,,"MX16","México",,,,"MX",2021-06-18,,243.9780908,"v02","es",,,,"Erongaricuaro",19.61494459,-101.72751367,3.13635095776423,0.411978442804647
"Escárcega",,,,"MX04009","Campeche",,,,"MX04","México",,,,"MX",2021-06-18,,4783.28686458,"v02","es",,,,"Escarcega",18.57969189,-90.76087208,,
"Escobedo",,,,"MX05008","Coahuila de Zaragoza",,,,"MX05","México",,,,"MX",2021-06-18,,1024.90563407,"v02","es",,,,"Escobedo",27.30549484,-101.30062069,,
"Escuinapa",,,,"MX25009","Sinaloa",,,,"MX25","México",,,,"MX",2021-06-18,,1498.7457848,"v02","es",,,,"Escuinapa",22.71763462,-105.60134198,,
"Escuintla",,,,"MX07032","Chiapas",,,,"MX07","México",,,,"MX",2021-06-18,,416.88749375,"v02","es",,,,"Escuintla",15.35100259,-92.55576543,,
"Españita",,,,"MX29012","Tlaxcala",,,,"MX29","México",,,,"MX",2021-06-18,,139.69440793,"v02","es",,,,"Espanita",19.44076371,-98.42401057,3.4540852872517,0.678132621004299
"Esperanza",,,,"MX21063","Puebla",,,,"MX21","México",,,,"MX",2021-06-18,,79.2698335,"v02","es",,,,"Esperanza",18.85723709,-97.34992933,3.37553874377463,0.588521262996907
"Espinal",,,,"MX30066","Veracruz de Ignacio de la Llave",,,,"MX30","México",,,,"MX",2021-06-18,,240.9003737,"v02","es",,,,"Espinal",20.25547962,-97.43148853,,
"Espita",,,,"MX31032","Yucatán",,,,"MX31","México",,,,"MX",2021-06-18,,735.27907711,"v02","es",,,,"Espita",21.00981864,-88.36190346,,
"Etchojoa",,,,"MX26026","Sonora",,,,"MX26","México",,,,"MX",2021-06-18,,932.19356946,"v02","es",,,,"Etchojoa",27.04593784,-109.67799963,,
"Etzatlán",,,,"MX14036","Jalisco",,,,"MX14","México",,,,"MX",2021-06-18,,337.76444828,"v02","es",,,,"Etzatlan",20.76122097,-104.13063113,,
"Ezequiel Montes",,,,"MX22007","Querétaro de Arteaga",,,,"MX22","México",,,,"MX",2021-06-18,,300.23323463,"v02","es",,,,"Ezequiel Montes",20.6529044,-99.90839036,,
"Felipe Carrillo Puerto",,,,"MX23002","Quintana Roo",,,,"MX23","México",,,,"MX",2021-06-18,,12951.48624476,"v02","es",,,,"Felipe Carrillo Puerto",19.73797435,-88.08002786,,
"Filomeno Mata",,,,"MX30067","Veracruz de Ignacio de la Llave",,,,"MX30","México",,,,"MX",2021-06-18,,43.29257778,"v02","es",,,,"Filomeno Mata",20.21307122,-97.71551037,,
"Florencio Villarreal",,,,"MX12030","Guerrero",,,,"MX12","México",,,,"MX",2021-06-18,,250.23444816,"v02","es",,,,"Florencio Villarreal",16.69906299,-99.14106049,5.52133666646621,10.4438731604052
"Fortín",,,,"MX30068","Veracruz de Ignacio de la Llave",,,,"MX30","México",,,,"MX",2021-06-18,,61.18595706,"v02","es",,,,"Fortin",18.89469799,-96.9972098,3.21858402390807,0.466628443018193
"Francisco I. Madero",,,,"MX05009","Coahuila de Zaragoza",,,,"MX05","México",,,,"MX",2021-06-18,,2810.06127632,"v02","es",,,,"Francisco I. Madero",26.23755267,-103.09965556,,
"Francisco I. Madero",,,,"MX13023","Hidalgo",,,,"MX13","México",,,,"MX",2021-06-18,,98.03503177,"v02","es",,,,"Francisco I. Madero",20.24129626,-99.06835922,,
"Francisco León",,,,"MX07033","Chiapas",,,,"MX07","México",,,,"MX",2021-06-18,,210.09402318,"v02","es",,,,"Francisco Leon",17.29128283,-93.29046738,,
"Francisco Z. Mena",,,,"MX21064","Puebla",,,,"MX21","México",,,,"MX",2021-06-18,,428.65726039,"v02","es",,,,"Francisco Z. Mena",20.70628263,-97.82705494,,
"Fresnillo",,,,"MX32010","Zacatecas",,,,"MX32","México",,,,"MX",2021-06-18,,5092.46609993,"v02","es",,,,"Fresnillo",23.22492376,-103.01628911,,
"Fresnillo de Trujano",,,,"MX20032","Oaxaca",,,,"MX20","México",,,,"MX",2021-06-18,,61.27291767,"v02","es",,,,"Fresnillo de Trujano",17.92928738,-98.13446724,3.91325597502732,1.85176122636241
"Frontera",,,,"MX05010","Coahuila de Zaragoza",,,,"MX05","México",,,,"MX",2021-06-18,,457.45816618,"v02","es",,,,"Frontera",26.95420859,-101.55367296,,
"Frontera Comalapa",,,,"MX07034","Chiapas",,,,"MX07","México",,,,"MX",2021-06-18,,763.04482444,"v02","es",,,,"Frontera Comalapa",15.78219352,-92.07910442,,
"Frontera Hidalgo",,,,"MX07035","Chiapas",,,,"MX07","México",,,,"MX",2021-06-18,,93.85044022,"v02","es",,,,"Frontera Hidalgo",14.7530799,-92.21707441,,
"Fronteras",,,,"MX26027","Sonora",,,,"MX26","México",,,,"MX",2021-06-18,,2616.35470686,"v02","es",,,,"Fronteras",30.83021848,-109.61778016,,
"Gabriel Zamora",,,,"MX16033","Michoacán de Ocampo",,,,"MX16","México",,,,"MX",2021-06-18,,367.31168036,"v02","es",,,,"Gabriel Zamora",19.1545509,-102.01053801,3.23478196630961,0.477005679312398
"Galeana",,,,"MX08023","Chihuahua",,,,"MX08","México",,,,"MX",2021-06-18,,1729.62818711,"v02","es",,,,"Galeana",30.20906937,-107.58718311,,
"Galeana",,,,"MX19017","Nuevo León",,,,"MX19","México",,,,"MX",2021-06-18,,7068.28509266,"v02","es",,,,"Galeana",24.75744872,-100.38159298,,
"García",,,,"MX19018","Nuevo León",,,,"MX19","México",,,,"MX",2021-06-18,,1032.078132,"v02","es",,,,"Garcia",25.80608196,-100.63995403,,
"Genaro Codina",,,,"MX32012","Zacatecas",,,,"MX32","México",,,,"MX",2021-06-18,,794.78249003,"v02","es",,,,"Genaro Codina",22.45742534,-102.58429486,,
"General Bravo",,,,"MX19020","Nuevo León",,,,"MX19","México",,,,"MX",2021-06-18,,1888.58520717,"v02","es",,,,"General Bravo",25.82439659,-98.88351756,,
"General Canuto A. Neri",,,,"MX12031","Guerrero",,,,"MX12","México",,,,"MX",2021-06-18,,260.05642472,"v02","es",,,,"General Canuto A. Neri",18.4437705,-100.11971491,4.06993197107729,2.58134583981651
"General Cepeda",,,,"MX05011","Coahuila de Zaragoza",,,,"MX05","México",,,,"MX",2021-06-18,,2640.85714984,"v02","es",,,,"General Cepeda",25.54386095,-101.52429351,,
"General Enrique Estrada",,,,"MX32013","Zacatecas",,,,"MX32","México",,,,"MX",2021-06-18,,197.70655034,"v02","es",,,,"General Enrique Estrada",23.01529572,-102.79323895,,
"General Escobedo",,,,"MX19021","Nuevo León",,,,"MX19","México",,,,"MX",2021-06-18,,148.92552277,"v02","es",,,,"General Escobedo",25.83034861,-100.35179502,,
"General Felipe Ángeles",,,,"MX21065","Puebla",,,,"MX21","México",,,,"MX",2021-06-18,,91.52116184,"v02","es",,,,"General Felipe Angeles",19.02831179,-97.66241506,3.37058126223496,0.595297768979777
"General Francisco R. Murguía",,,,"MX32014","Zacatecas",,,,"MX32","México",,,,"MX",2021-06-18,,4835.83117401,"v02","es",,,,"General Francisco R. Murguia",24.12841051,-102.76111477,,
"General Heliodoro Castillo",,,,"MX12032","Guerrero",,,,"MX12","México",,,,"MX",2021-06-18,,1726.73623682,"v02","es",,,,"General Heliodoro Castillo",17.72010128,-100.02321418,5.21531662390484,8.17067814902583
"General Pánfilo Natera",,,,"MX32016","Zacatecas",,,,"MX32","México",,,,"MX",2021-06-18,,442.06565638,"v02","es",,,,"General Panfilo Natera",22.70276955,-102.09697641,,
"General Plutarco Elías Calles",,,,"MX26070","Sonora",,,,"MX26","México",,,,"MX",2021-06-18,,3645.91133438,"v02","es",,,,"General Plutarco Elias Calles",31.69498373,-112.71174898,,
"General Simón Bolívar",,,,"MX10006","Durango",,,,"MX10","México",,,,"MX",2021-06-18,,2189.31624639,"v02","es",,,,"General Simon Bolivar",24.83613652,-103.24704278,,
"General Terán",,,,"MX19022","Nuevo León",,,,"MX19","México",,,,"MX",2021-06-18,,2478.84283758,"v02","es",,,,"General Teran",25.27065819,-99.40892927,,
"General Treviño",,,,"MX19023","Nuevo León",,,,"MX19","México",,,,"MX",2021-06-18,,387.92820127,"v02","es",,,,"Gral. Trevino",26.21401193,-99.47228194,,
"General Zaragoza",,,,"MX19024","Nuevo León",,,,"MX19","México",,,,"MX",2021-06-18,,1306.67583595,"v02","es",,,,"General Zaragoza",23.88026927,-99.74025442,,
"General Zuazua",,,,"MX19025","Nuevo León",,,,"MX19","México",,,,"MX",2021-06-18,,184.49397445,"v02","es",,,,"General Zuazua",25.92526064,-100.11456834,,
"Gómez Farías",,,,"MX08025","Chihuahua",,,,"MX08","México",,,,"MX",2021-06-18,,853.34068088,"v02","es",,,,"Gomez Farias",29.3467284,-107.73571245,,
"Gómez Farías",,,,"MX14079","Jalisco",,,,"MX14","México",,,,"MX",2021-06-18,,353.44863663,"v02","es",,,,"Gomez Farias",19.85975092,-103.41018996,,
"Gómez Farías",,,,"MX28011","Tamaulipas",,,,"MX28","México",,,,"MX",2021-06-18,,730.30934397,"v02","es",,,,"Gomez Farias",22.99232804,-99.17284928,,
"Gómez Palacio",,,,"MX10007","Durango",,,,"MX10","México",,,,"MX",2021-06-18,,842.40970017,"v02","es",,,,"Gomez Palacio",25.71163012,-103.50708004,,
"González",,,,"MX28012","Tamaulipas",,,,"MX28","México",,,,"MX",2021-06-18,,3242.56152225,"v02","es",,,,"Gonzalez",22.79044886,-98.57633446,,
"Gran Morelos",,,,"MX08026","Chihuahua",,,,"MX08","México",,,,"MX",2021-06-18,,485.42865147,"v02","es",,,,"Gran Morelos",28.30409827,-106.60776485,,
"Granados",,,,"MX26028","Sonora",,,,"MX26","México",,,,"MX",2021-06-18,,363.89147111,"v02","es",,,,"Granados",29.75150761,-109.34232216,,
"Guachinango",,,,"MX14038","Jalisco",,,,"MX14","México",,,,"MX",2021-06-18,,837.72857183,"v02","es",,,,"Guachinango",20.69670929,-104.4154127,,
"Guachochi",,,,"MX08027","Chihuahua",,,,"MX08","México",,,,"MX",2021-06-18,,6972.32068507,"v02","es",,,,"Guachochi",27.14466877,-107.20530075,,
"Guadalajara",,,,"MX14039","Jalisco",,,,"MX14","México",,,,"MX",2021-06-18,,151.18256867,"v02","es",,,,"Guadalajara",20.6782614,-103.33576486,,
"Guadalcázar",,,,"MX24017","San Luis Potosí",,,,"MX24","México",,,,"MX",2021-06-18,,3745.86215323,"v02","es",,,,"Guadalcazar",22.90099993,-100.29571412,,
"Guadalupe",,,,"MX08028","Chihuahua",,,,"MX08","México",,,,"MX",2021-06-18,,5993.28719687,"v02","es",,,,"Guadalupe",30.8754979,-105.72354308,,
"Guadalupe",,,,"MX19026","Nuevo León",,,,"MX19","México",,,,"MX",2021-06-18,,117.69524493,"v02","es",,,,"Guadalupe",25.67663987,-100.20007212,,
"Guadalupe",,,,"MX21066","Puebla",,,,"MX21","México",,,,"MX",2021-06-18,,155.00490795,"v02","es",,,,"Guadalupe",18.04975631,-98.15494028,3.92658558997842,1.84840290047441
"Guadalupe",,,,"MX32017","Zacatecas",,,,"MX32","México",,,,"MX",2021-06-18,,817.06889494,"v02","es",,,,"Guadalupe",22.78238429,-102.45050586,,
"Guadalupe de Ramírez",,,,"MX20034","Oaxaca",,,,"MX20","México",,,,"MX",2021-06-18,,30.82600236,"v02","es",,,,"Guadalupe de Ramirez",17.75532664,-98.1467978,4.07041108399346,2.44850162980527
"Guadalupe Etla",,,,"MX20033","Oaxaca",,,,"MX20","México",,,,"MX",2021-06-18,,4.28316757,"v02","es",,,,"Guadalupe Etla",17.1757825,-96.80885677,3.50677077632344,0.72822232379545
"Guadalupe Victoria",,,,"MX10008","Durango",,,,"MX10","México",,,,"MX",2021-06-18,,1317.1056526,"v02","es",,,,"Guadalupe Victoria",24.4006673,-104.1045578,,
"Guadalupe Victoria",,,,"MX21067","Puebla",,,,"MX21","México",,,,"MX",2021-06-18,,228.08594839,"v02","es",,,,"Guadalupe Victoria",19.3073518,-97.40305505,3.19543514883005,0.454194247955551
"Guadalupe y Calvo",,,,"MX08029","Chihuahua",,,,"MX08","México",,,,"MX",2021-06-18,,9619.04100096,"v02","es",,,,"Guadalupe y Calvo",26.12387035,-106.90908673,,
"Guanaceví",,,,"MX10009","Durango",,,,"MX10","México",,,,"MX",2021-06-18,,5485.57338308,"v02","es",,,,"Guanacevi",26.04331996,-106.11436734,,
"Guanajuato",,,,"MX11015","Guanajuato",,,,"MX11","México",,,,"MX",2021-06-18,,1014.128744,"v02","es",,,,"Guanajuato",21.02405748,-101.24278285,,
"Guasave",,,,"MX25011","Sinaloa",,,,"MX25","México",,,,"MX",2021-06-18,,2700.69984849,"v02","es",,,,"Guasave",25.50809932,-108.48249878,,
"Guaymas",,,,"MX26029","Sonora",,,,"MX26","México",,,,"MX",2021-06-18,,7909.66624065,"v02","es",,,,"Guaymas",28.07388474,-111.01852481,,
"Guazapares",,,,"MX08030","Chihuahua",,,,"MX08","México",,,,"MX",2021-06-18,,1822.8700907,"v02","es",,,,"Guazapares",27.37168441,-108.21305582,,
"Guelatao de Juárez",,,,"MX20035","Oaxaca",,,,"MX20","México",,,,"MX",2021-06-18,,4.50744133,"v02","es",,,,"Guelatao de Juarez",17.31406409,-96.49917278,3.11048630297239,0.401238910644489
"Güémez",,,,"MX28013","Tamaulipas",,,,"MX28","México",,,,"MX",2021-06-18,,1209.34698307,"v02","es",,,,"Guemez",23.8856359,-99.00114031,,
"Guerrero",,,,"MX05012","Coahuila de Zaragoza",,,,"MX05","México",,,,"MX",2021-06-18,,2926.1727774,"v02","es",,,,"Guerrero",28.15171676,-100.37496809,,
"Guerrero",,,,"MX08031","Chihuahua",,,,"MX08","México",,,,"MX",2021-06-18,,5729.67679753,"v02","es",,,,"Guerrero",28.45463864,-107.52307904,,
"Guerrero",,,,"MX28014","Tamaulipas",,,,"MX28","México",,,,"MX",2021-06-18,,2437.26383828,"v02","es",,,,"Guerrero",26.92132675,-99.53413306,,
"Guevea de Humboldt",,,,"MX20036","Oaxaca",,,,"MX20","México",,,,"MX",2021-06-18,,280.90430372,"v02","es",,,,"Guevea de Humboldt",16.85226352,-95.37203987,,
"Gustavo A. Madero",,,,"MX09005","Distrito Federal",,,,"MX09","México",,,,"MX",2021-06-18,,87.90616123,"v02","es",,,,"Gustavo A. Madero",19.51847678,-99.14354109,3.51830523009827,0.773736981372216
"Gustavo Díaz Ordaz",,,,"MX28015","Tamaulipas",,,,"MX28","México",,,,"MX",2021-06-18,,432.20250529,"v02","es",,,,"Gustavo Diaz Ordaz",26.13813164,-98.64192377,,
"Gutiérrez Zamora",,,,"MX30069","Veracruz de Ignacio de la Llave",,,,"MX30","México",,,,"MX",2021-06-18,,173.43019716,"v02","es",,,,"Gutierrez Zamora",20.4722378,-97.11931695,,
"Halachó",,,,"MX31033","Yucatán",,,,"MX31","México",,,,"MX",2021-06-18,,586.30957188,"v02","es",,,,"Halacho",20.58627539,-90.28328363,,
"Hecelchakán",,,,"MX04005","Campeche",,,,"MX04","México",,,,"MX",2021-06-18,,1274.85967261,"v02","es",,,,"Hecelchakan",20.09066868,-90.07274799,,
"Hermenegildo Galeana",,,,"MX21068","Puebla",,,,"MX21","México",,,,"MX",2021-06-18,,50.50204476,"v02","es",,,,"Hermenegildo Galeana",20.11908077,-97.72870991,2.89892086840841,0.291574617323674
"Hermosillo",,,,"MX26030","Sonora",,,,"MX26","México",,,,"MX",2021-06-18,,16921.29272119,"v02","es",,,,"Hermosillo",28.96906055,-111.4468757,,
"Heroica Ciudad de Ejutla de Crespo",,,,"MX20028","Oaxaca",,,,"MX20","México",,,,"MX",2021-06-18,,317.50233373,"v02","es",,,,"Heroica Ciudad de Ejutla de Crespo",16.59766793,-96.66083377,3.57221604445796,0.877089728593429
"Heroica Ciudad de Huajuapan de León",,,,"MX20039","Oaxaca",,,,"MX20","México",,,,"MX",2021-06-18,,325.81564299,"v02","es",,,,"Heroica Ciudad de Huajuapan de Leon",17.84729798,-97.87753944,3.79149793023041,1.41766840987424
"Heroica Ciudad de Juchitán de Zaragoza",,,,"MX20043","Oaxaca",,,,"MX20","México",,,,"MX",2021-06-18,,477.50337509,"v02","es",,,,"Heroica Ciudad de Juchitan de Zaragoza",16.22186721,-94.85104865,,
"Heroica Ciudad de Tlaxiaco",,,,"MX20397","Oaxaca",,,,"MX20","México",,,,"MX",2021-06-18,,346.50446056,"v02","es",,,,"Heroica Ciudad de Tlaxiaco",17.23642666,-97.69895234,3.82065487264737,1.49804488300021
"Heroica Villa Tezoatlán de Segura y Luna",,,,"MX20549","Oaxaca",,,,"MX20","México",,,,"MX",2021-06-18,,486.63389532,"v02","es",,,,"Heroica Villa Tezoatlan de Segura y Luna",17.57297656,-97.8596277,3.87745300794407,1.7047167856999
"Hidalgo",,,,"MX05013","Coahuila de Zaragoza",,,,"MX05","México",,,,"MX",2021-06-18,,1129.15677677,"v02","es",,,,"Hidalgo",27.85301674,-100.03761899,,
"Hidalgo",,,,"MX10010","Durango",,,,"MX10","México",,,,"MX",2021-06-18,,4689.6007839,"v02","es",,,,"Hidalgo",26.04507392,-104.82185664,,
"Hidalgo",,,,"MX16034","Michoacán de Ocampo",,,,"MX16","México",,,,"MX",2021-06-18,,1143.4037266,"v02","es",,,,"Hidalgo",19.6261268,-100.63674876,3.42025428773155,0.640226114730837
"Hidalgo",,,,"MX19047","Nuevo León",,,,"MX19","México",,,,"MX",2021-06-18,,170.58655054,"v02","es",,,,"Hidalgo",26.00447829,-100.42672378,,
"Hidalgo",,,,"MX28016","Tamaulipas",,,,"MX28","México",,,,"MX",2021-06-18,,2136.08896478,"v02","es",,,,"Hidalgo",24.16437101,-99.38788368,,
"Hidalgo del Parral",,,,"MX08032","Chihuahua",,,,"MX08","México",,,,"MX",2021-06-18,,1923.59566273,"v02","es",,,,"Hidalgo del Parral",27.11538481,-105.76428804,,
"Hidalgotitlán",,,,"MX30070","Veracruz de Ignacio de la Llave",,,,"MX30","México",,,,"MX",2021-06-18,,1054.95343394,"v02","es",,,,"Hidalgotitlan",17.58229128,-94.60305384,,
"Higueras",,,,"MX19028","Nuevo León",,,,"MX19","México",,,,"MX",2021-06-18,,443.18038565,"v02","es",,,,"Higueras",26.03551732,-100.0073883,,
"Hocabá",,,,"MX31034","Yucatán",,,,"MX31","México",,,,"MX",2021-06-18,,94.91031883,"v02","es",,,,"Hocaba",20.80945638,-89.254988,,
"Hoctún",,,,"MX31035","Yucatán",,,,"MX31","México",,,,"MX",2021-06-18,,120.65488534,"v02","es",,,,"Hoctun",20.88614587,-89.18322658,,
"Homún",,,,"MX31036","Yucatán",,,,"MX31","México",,,,"MX",2021-06-18,,199.81446511,"v02","es",,,,"Homun",20.6645739,-89.23745495,,
"Honey",,,,"MX21057","Puebla",,,,"MX21","México",,,,"MX",2021-06-18,,63.74645471,"v02","es",,,,"Honey",20.25997321,-98.23846284,,
"Hopelchén",,,,"MX04006","Campeche",,,,"MX04","México",,,,"MX",2021-06-18,,7779.86503963,"v02","es",,,,"Hopelchen",19.53926638,-89.62071756,,
"Hostotipaquillo",,,,"MX14040","Jalisco",,,,"MX14","México",,,,"MX",2021-06-18,,756.37286237,"v02","es",,,,"Hostotipaquillo",21.07104066,-104.03921469,,
"Huachinera",,,,"MX26031","Sonora",,,,"MX26","México",,,,"MX",2021-06-18,,1197.56154441,"v02","es",,,,"Huachinera",30.1473563,-108.92071357,,
"Huajicori",,,,"MX18005","Nayarit",,,,"MX18","México",,,,"MX",2021-06-18,,2237.40081535,"v02","es",,,,"Huajicori",22.81069748,-105.20329242,,
"Hualahuises",,,,"MX19029","Nuevo León",,,,"MX19","México",,,,"MX",2021-06-18,,127.79208448,"v02","es",,,,"Hualahuises",24.88164836,-99.67942421,,
"Huamantla",,,,"MX29013","Tlaxcala",,,,"MX29","México",,,,"MX",2021-06-18,,348.79968218,"v02","es",,,,"Huamantla",19.32333192,-97.91456654,3.3223267149329,0.550076731115198
"Huamuxtitlán",,,,"MX12033","Guerrero",,,,"MX12","México",,,,"MX",2021-06-18,,274.92128725,"v02","es",,,,"Huamuxtitlan",17.82980664,-98.56469946,4.09120971625429,2.90516494952325
"Huandacareo",,,,"MX16036","Michoacán de Ocampo",,,,"MX16","México",,,,"MX",2021-06-18,,96.21394956,"v02","es",,,,"Huandacareo",19.99423041,-101.26915282,3.08175500630581,0.379670510457302
"Huanímaro",,,,"MX11016","Guanajuato",,,,"MX11","México",,,,"MX",2021-06-18,,127.52071941,"v02","es",,,,"Huanimaro",20.36483931,-101.50368961,,
"Huaniqueo",,,,"MX16037","Michoacán de Ocampo",,,,"MX16","México",,,,"MX",2021-06-18,,200.54163221,"v02","es",,,,"Huaniqueo",19.87800301,-101.51132853,3.07585095473714,0.376513094729766
"Huanusco",,,,"MX32018","Zacatecas",,,,"MX32","México",,,,"MX",2021-06-18,,372.30175415,"v02","es",,,,"Huanusco",21.76756314,-102.93069109,,
"Huaquechula",,,,"MX21069","Puebla",,,,"MX21","México",,,,"MX",2021-06-18,,231.36084898,"v02","es",,,,"Huaquechula",18.75687793,-98.52520496,3.67930558626033,1.14453005069039
"Huásabas",,,,"MX26032","Sonora",,,,"MX26","México",,,,"MX",2021-06-18,,821.74013632,"v02","es",,,,"Huasabas",29.97228996,-109.35497644,,
"Huasca de Ocampo",,,,"MX13024","Hidalgo",,,,"MX13","México",,,,"MX",2021-06-18,,302.84595582,"v02","es",,,,"Huasca de Ocampo",20.22315493,-98.55524679,3.10617400331706,0.393621303019661
"Huatabampo",,,,"MX26033","Sonora",,,,"MX26","México",,,,"MX",2021-06-18,,1767.62133263,"v02","es",,,,"Huatabampo",26.60879436,-109.23282028,,
"Huatlatlauca",,,,"MX21070","Puebla",,,,"MX21","México",,,,"MX",2021-06-18,,168.41043734,"v02","es",,,,"Huatlatlauca",18.67919377,-98.07255649,3.56882167476057,0.914700573983772
"Huatusco",,,,"MX30071","Veracruz de Ignacio de la Llave",,,,"MX30","México",,,,"MX",2021-06-18,,202.90912061,"v02","es",,,,"Huatusco",19.14562685,-96.96550413,3.05420399060095,0.367455049025087
"Huauchinango",,,,"MX21071","Puebla",,,,"MX21","México",,,,"MX",2021-06-18,,250.95158249,"v02","es",,,,"Huauchinango",20.17824947,-98.04907288,2.92865593158147,0.304387116934959
"Huautepec",,,,"MX20040","Oaxaca",,,,"MX20","México",,,,"MX",2021-06-18,,47.01333585,"v02","es",,,,"Huautepec",18.07024266,-96.77505735,3.30109213904067,0.498132790906028
"Huautla",,,,"MX13025","Hidalgo",,,,"MX13","México",,,,"MX",2021-06-18,,292.31124118,"v02","es",,,,"Huautla",21.03908896,-98.23661827,,
"Huautla de Jiménez",,,,"MX20041","Oaxaca",,,,"MX20","México",,,,"MX",2021-06-18,,148.09127485,"v02","es",,,,"Huautla de Jimenez",18.14815704,-96.80072071,3.37508797246222,0.53360957522423
"Huayacocotla",,,,"MX30072","Veracruz de Ignacio de la Llave",,,,"MX30","México",,,,"MX",2021-06-18,,522.26777018,"v02","es",,,,"Huayacocotla",20.52386538,-98.4861656,,
"Huazalingo",,,,"MX13026","Hidalgo",,,,"MX13","México",,,,"MX",2021-06-18,,107.4559608,"v02","es",,,,"Huazalingo",20.99415954,-98.48689116,,
"Huehuetán",,,,"MX07037","Chiapas",,,,"MX07","México",,,,"MX",2021-06-18,,303.17222208,"v02","es",,,,"Huehuetan",15.02171649,-92.42866982,,
"Huehuetla",,,,"MX13027","Hidalgo",,,,"MX13","México",,,,"MX",2021-06-18,,214.8383451,"v02","es",,,,"Huehuetla",20.5318547,-98.03336205,,
"Huehuetla",,,,"MX21072","Puebla",,,,"MX21","México",,,,"MX",2021-06-18,,47.60730618,"v02","es",,,,"Huehuetla",20.12196291,-97.61896283,2.81299401925183,0.257020561652371
"Huehuetlán",,,,"MX24018","San Luis Potosí",,,,"MX24","México",,,,"MX",2021-06-18,,71.45128961,"v02","es",,,,"Huehuetlan",21.51685211,-98.99195216,,
"Huehuetlán el Chico",,,,"MX21073","Puebla",,,,"MX21","México",,,,"MX",2021-06-18,,138.09172842,"v02","es",,,,"Huehuetlan el Chico",18.38517453,-98.72613087,3.85862242812388,1.755917242445
"Huehuetlán el Grande",,,,"MX21150","Puebla",,,,"MX21","México",,,,"MX",2021-06-18,,180.35545112,"v02","es",,,,"Huehuetlan el Grande",18.75773267,-98.17242395,3.57784943309572,0.928022581708399
"Huehuetoca",,,,"MX15035","México",,,,"MX15","México",,,,"MX",2021-06-18,,119.75758107,"v02","es",,,,"Huehuetoca",19.82220756,-99.27091647,3.37887814891515,0.591173883791186
"Huejotitán",,,,"MX08033","Chihuahua",,,,"MX08","México",,,,"MX",2021-06-18,,852.88838453,"v02","es",,,,"Huejotitan",27.07475318,-106.08903341,,
"Huejotzingo",,,,"MX21074","Puebla",,,,"MX21","México",,,,"MX",2021-06-18,,172.95009617,"v02","es",,,,"Huejotzingo",19.16427707,-98.4392755,3.54593320680104,0.839691992649951
"Huejúcar",,,,"MX14041","Jalisco",,,,"MX14","México",,,,"MX",2021-06-18,,309.24144373,"v02","es",,,,"Huejucar",22.30972943,-103.28255042,,
"Huejuquilla el Alto",,,,"MX14042","Jalisco",,,,"MX14","México",,,,"MX",2021-06-18,,769.54517232,"v02","es",,,,"Huejuquilla el Alto",22.52811217,-103.92991084,,
"Huejutla de Reyes",,,,"MX13028","Hidalgo",,,,"MX13","México",,,,"MX",2021-06-18,,394.04542237,"v02","es",,,,"Huejutla de Reyes",21.14338029,-98.38837871,,
"Huépac",,,,"MX26034","Sonora",,,,"MX26","México",,,,"MX",2021-06-18,,420.82329113,"v02","es",,,,"Huepac",29.93145382,-110.25485144,,
"Huetamo",,,,"MX16038","Michoacán de Ocampo",,,,"MX16","México",,,,"MX",2021-06-18,,2057.28699931,"v02","es",,,,"Huetamo",18.65971883,-101.14026348,3.72683260110383,1.20893432837993
"Hueyapan",,,,"MX21075","Puebla",,,,"MX21","México",,,,"MX",2021-06-18,,74.80540392,"v02","es",,,,"Hueyapan",19.9292413,-97.39348062,2.99850894374037,0.33579954948629
"Hueyapan de Ocampo",,,,"MX30073","Veracruz de Ignacio de la Llave",,,,"MX30","México",,,,"MX",2021-06-18,,709.94662445,"v02","es",,,,"Hueyapan de Ocampo",18.19505814,-95.18080986,,
"Hueyotlipan",,,,"MX29014","Tlaxcala",,,,"MX29","México",,,,"MX",2021-06-18,,175.98777902,"v02","es",,,,"Hueyotlipan",19.47959179,-98.33013638,3.38853315982503,0.604988462327522
"Hueypoxtla",,,,"MX15036","México",,,,"MX15","México",,,,"MX",2021-06-18,,234.52139548,"v02","es",,,,"Hueypoxtla",19.95095976,-99.06538221,3.27687587426485,0.507782965323736
"Hueytamalco",,,,"MX21076","Puebla",,,,"MX21","México",,,,"MX",2021-06-18,,319.11445816,"v02","es",,,,"Hueytamalco",20.03426246,-97.24362428,2.86595663474784,0.277997025125743
"Hueytlalpan",,,,"MX21077","Puebla",,,,"MX21","México",,,,"MX",2021-06-18,,42.13012033,"v02","es",,,,"Hueytlalpan",20.0509602,-97.67240948,2.92453825821051,0.303798189120832
"Huhí",,,,"MX31037","Yucatán",,,,"MX31","México",,,,"MX",2021-06-18,,197.57154942,"v02","es",,,,"Huhi",20.68883594,-89.13692637,,
"Huichapan",,,,"MX13029","Hidalgo",,,,"MX13","México",,,,"MX",2021-06-18,,660.74466221,"v02","es",,,,"Huichapan",20.39056298,-99.68216407,,
"Huiloapan de Cuauhtémoc",,,,"MX30074","Veracruz de Ignacio de la Llave",,,,"MX30","México",,,,"MX",2021-06-18,,18.72156589,"v02","es",,,,"Huiloapan de Cuauhtemoc",18.81641883,-97.13396873,3.33881191925361,0.554715008045485
"Huimanguillo",,,,"MX27008","Tabasco",,,,"MX27","México",,,,"MX",2021-06-18,,3674.53521658,"v02","es",,,,"Huimanguillo",17.76154076,-93.67633801,,
"Huimilpan",,,,"MX22008","Querétaro de Arteaga",,,,"MX22","México",,,,"MX",2021-06-18,,388.12900667,"v02","es",,,,"Huimilpan",20.41881788,-100.33277897,,
"Huiramba",,,,"MX16039","Michoacán de Ocampo",,,,"MX16","México",,,,"MX",2021-06-18,,79.10511804,"v02","es",,,,"Huiramba",19.52550868,-101.44923625,3.27225557627676,0.503913002327645
"Huitiupán",,,,"MX07039","Chiapas",,,,"MX07","México",,,,"MX",2021-06-18,,339.10418995,"v02","es",,,,"Huitiupan",17.2407537,-92.70285757,,
"Huitzilac",,,,"MX17009","Morelos",,,,"MX17","México",,,,"MX",2021-06-18,,189.10703726,"v02","es",,,,"Huitzilac",19.05701512,-99.2322371,3.74039505975149,1.23392442068069
"Huitzilan de Serdán",,,,"MX21078","Puebla",,,,"MX21","México",,,,"MX",2021-06-18,,69.57621938,"v02","es",,,,"Huitzilan de Serdan",19.94414181,-97.71162154,2.86674437981692,0.277190147021673
"Huitziltepec",,,,"MX21079","Puebla",,,,"MX21","México",,,,"MX",2021-06-18,,50.56924613,"v02","es",,,,"Huitziltepec",18.78436712,-97.8757485,3.57702423006593,0.87529738768977
"Huitzuco de los Figueroa",,,,"MX12034","Guerrero",,,,"MX12","México",,,,"MX",2021-06-18,,1327.59925016,"v02","es",,,,"Huitzuco de los Figueroa",18.19149054,-99.282032,4.19472842317698,3.28130926918365
"Huixquilucan",,,,"MX15037","México",,,,"MX15","México",,,,"MX",2021-06-18,,140.88270589,"v02","es",,,,"Huixquilucan",19.37093276,-99.35680746,3.59413592331506,0.90550583333953
"Huixtán",,,,"MX07038","Chiapas",,,,"MX07","México",,,,"MX",2021-06-18,,310.77529699,"v02","es",,,,"Huixtan",16.68309015,-92.39419413,,
"Huixtla",,,,"MX07040","Chiapas",,,,"MX07","México",,,,"MX",2021-06-18,,395.99999208,"v02","es",,,,"Huixtla",15.12212507,-92.50399711,,
"Hunucmá",,,,"MX31038","Yucatán",,,,"MX31","México",,,,"MX",2021-06-18,,826.30374904,"v02","es",,,,"Hunucma",21.0756341,-89.98939488,,
"Ignacio de la Llave",,,,"MX30075","Veracruz de Ignacio de la Llave",,,,"MX30","México",,,,"MX",2021-06-18,,377.0853617,"v02","es",,,,"Ignacio de la Llave",18.65781107,-95.97501882,,
"Ignacio Zaragoza",,,,"MX08034","Chihuahua",,,,"MX08","México",,,,"MX",2021-06-18,,2860.80645257,"v02","es",,,,"Ignacio Zaragoza",29.73283282,-107.73068353,,
"Iguala de la Independencia",,,,"MX12035","Guerrero",,,,"MX12","México",,,,"MX",2021-06-18,,570.42959479,"v02","es",,,,"Iguala de la Independencia",18.1923169,-99.602367,4.28979458465611,3.7532928398708
"Igualapa",,,,"MX12036","Guerrero",,,,"MX12","México",,,,"MX",2021-06-18,,195.16332541,"v02","es",,,,"Igualapa",16.78083591,-98.46468068,4.43535833594867,4.33543219510589
"Ilamatlán",,,,"MX30076","Veracruz de Ignacio de la Llave",,,,"MX30","México",,,,"MX",2021-06-18,,155.33398563,"v02","es",,,,"Ilamatlan",20.76435041,-98.42692659,,
"Iliatenco",,,,"MX12081","Guerrero",,,,"MX12","México",,,,"MX",2021-06-18,,240.25970281,"v02","es",,,,"Iliatenco",17.05153638,-98.64077748,4.55504828951449,4.90454536611048
"Imuris",,,,"MX26035","Sonora",,,,"MX26","México",,,,"MX",2021-06-18,,2170.00787103,"v02","es",,,,"Imuris",30.83801106,-110.78729874,,
"Indaparapeo",,,,"MX16040","Michoacán de Ocampo",,,,"MX16","México",,,,"MX",2021-06-18,,176.46468759,"v02","es",,,,"Indaparapeo",19.76041603,-100.94292508,3.2860494248152,0.514764226791142
"Indé",,,,"MX10011","Durango",,,,"MX10","México",,,,"MX",2021-06-18,,2505.11892252,"v02","es",,,,"Inde",25.73470733,-104.99286419,,
"Irapuato",,,,"MX11017","Guanajuato",,,,"MX11","México",,,,"MX",2021-06-18,,851.05371883,"v02","es",,,,"Irapuato",20.67489365,-101.3885423,,
"Irimbo",,,,"MX16041","Michoacán de Ocampo",,,,"MX16","México",,,,"MX",2021-06-18,,126.65221131,"v02","es",,,,"Irimbo",19.71082327,-100.4529925,3.40393426730942,0.615999080013947
"Isidro Fabela",,,,"MX15038","México",,,,"MX15","México",,,,"MX",2021-06-18,,79.7258763,"v02","es",,,,"Isidro Fabela",19.55174798,-99.46111861,3.51970055831069,0.775707815801965
"Isla",,,,"MX30077","Veracruz de Ignacio de la Llave",,,,"MX30","México",,,,"MX",2021-06-18,,926.86882139,"v02","es",,,,"Isla",18.1228904,-95.58427544,,
"Isla Mujeres",,,,"MX23003","Quintana Roo",,,,"MX23","México",,,,"MX",2021-06-18,,925.22040898,"v02","es",,,,"Isla Mujeres",21.39990712,-87.00684243,,
"Iturbide",,,,"MX19030","Nuevo León",,,,"MX19","México",,,,"MX",2021-06-18,,560.50183715,"v02","es",,,,"Iturbide",24.64172994,-99.84796074,,
"Ixcamilpa de Guerrero",,,,"MX21081","Puebla",,,,"MX21","México",,,,"MX",2021-06-18,,308.30099518,"v02","es",,,,"Ixcamilpa de Guerrero",18.02821815,-98.68470246,4.01081914831094,2.50481326234298
"Ixcaquixtla",,,,"MX21082","Puebla",,,,"MX21","México",,,,"MX",2021-06-18,,106.74801552,"v02","es",,,,"Ixcaquixtla",18.47772802,-97.82723507,3.58500345729344,0.934178543866818
"Ixcateopan de Cuauhtémoc",,,,"MX12037","Guerrero",,,,"MX12","México",,,,"MX",2021-06-18,,212.10081499,"v02","es",,,,"Ixcateopan de Cuauhtemoc",18.46336511,-99.76598315,4.08393371211028,2.6681257464715
"Ixcatepec",,,,"MX30078","Veracruz de Ignacio de la Llave",,,,"MX30","México",,,,"MX",2021-06-18,,176.85234915,"v02","es",,,,"Ixcatepec",21.24934349,-98.05197755,,
"Ixhuacán de los Reyes",,,,"MX30079","Veracruz de Ignacio de la Llave",,,,"MX30","México",,,,"MX",2021-06-18,,149.82825619,"v02","es",,,,"Ixhuacan de los Reyes",19.37267165,-97.08595086,2.97748716584195,0.327117175634125
"Ixhuatán",,,,"MX07042","Chiapas",,,,"MX07","México",,,,"MX",2021-06-18,,94.36461048,"v02","es",,,,"Ixhuatan",17.30476709,-93.01963024,,
"Ixhuatlán de Madero",,,,"MX30083","Veracruz de Ignacio de la Llave",,,,"MX30","México",,,,"MX",2021-06-18,,669.15678385,"v02","es",,,,"Ixhuatlan de Madero",20.70510759,-98.02323828,,
"Ixhuatlán del Café",,,,"MX30080","Veracruz de Ignacio de la Llave",,,,"MX30","México",,,,"MX",2021-06-18,,129.39027784,"v02","es",,,,"Ixhuatlán del Cafe",19.02662375,-96.92731248,3.07344221196771,0.377331189902146
"Ixhuatlán del Sureste",,,,"MX30082","Veracruz de Ignacio de la Llave",,,,"MX30","México",,,,"MX",2021-06-18,,154.78266651,"v02","es",,,,"Ixhuatlan del Sureste",17.98134662,-94.39848845,,
"Ixhuatlancillo",,,,"MX30081","Veracruz de Ignacio de la Llave",,,,"MX30","México",,,,"MX",2021-06-18,,52.3760252,"v02","es",,,,"Ixhuatlancillo",18.89303944,-97.16725002,3.27677153179465,0.507790596769148
"Ixil",,,,"MX31039","Yucatán",,,,"MX31","México",,,,"MX",2021-06-18,,136.74188831,"v02","es",,,,"Ixil",21.22940349,-89.4766585,,
"Ixmatlahuacan",,,,"MX30084","Veracruz de Ignacio de la Llave",,,,"MX30","México",,,,"MX",2021-06-18,,331.59595103,"v02","es",,,,"Ixmatlahuacan",18.49664591,-95.91783995,,
"Ixmiquilpan",,,,"MX13030","Hidalgo",,,,"MX13","México",,,,"MX",2021-06-18,,486.59532012,"v02","es",,,,"Ixmiquilpan",20.53856897,-99.20111598,,
"Ixpantepec Nieves",,,,"MX20065","Oaxaca",,,,"MX20","México",,,,"MX",2021-06-18,,72.5278152,"v02","es",,,,"Ixpantepec Nieves",17.5037738,-98.01827608,3.97409201710123,2.09372919358953
"Ixtacamaxtitlán",,,,"MX21083","Puebla",,,,"MX21","México",,,,"MX",2021-06-18,,561.12979372,"v02","es",,,,"Ixtacamaxtitlan",19.5981278,-97.82581255,3.10680246050732,0.397105268875889
"Ixtacomitán",,,,"MX07043","Chiapas",,,,"MX07","México",,,,"MX",2021-06-18,,125.25086128,"v02","es",,,,"Ixtacomitan",17.42671991,-93.09991668,,
"Ixtacuixtla de Mariano Matamoros",,,,"MX29015","Tlaxcala",,,,"MX29","México",,,,"MX",2021-06-18,,161.49151451,"v02","es",,,,"Ixtacuixtla de Mariano Matamoros",19.34670369,-98.37815819,3.46385850400479,0.698965513793616
"Ixtaczoquitlán",,,,"MX30085","Veracruz de Ignacio de la Llave",,,,"MX30","México",,,,"MX",2021-06-18,,137.3651381,"v02","es",,,,"Ixtaczoquitlan",18.85134018,-97.02711088,3.21547862243214,0.465140568212938
"Ixtapa",,,,"MX07044","Chiapas",,,,"MX07","México",,,,"MX",2021-06-18,,279.07936254,"v02","es",,,,"Ixtapa",16.80762277,-92.89865054,,
"Ixtapaluca",,,,"MX15039","México",,,,"MX15","México",,,,"MX",2021-06-18,,324.00912625,"v02","es",,,,"Ixtapaluca",19.32929006,-98.80827451,3.54777844688961,0.821325050877268
"Ixtapan de la Sal",,,,"MX15040","México",,,,"MX15","México",,,,"MX",2021-06-18,,115.12252701,"v02","es",,,,"Ixtapan de la Sal",18.84097733,-99.69292431,3.87353799447269,1.64993645609038
"Ixtapan del Oro",,,,"MX15041","México",,,,"MX15","México",,,,"MX",2021-06-18,,99.33278535,"v02","es",,,,"Ixtapan del Oro",19.26160828,-100.27065397,3.6376685814701,0.991871378373062
"Ixtapangajoya",,,,"MX07045","Chiapas",,,,"MX07","México",,,,"MX",2021-06-18,,107.24377013,"v02","es",,,,"Ixtapangajoya",17.46108799,-92.97928579,,
"Ixtenco",,,,"MX29016","Tlaxcala",,,,"MX29","México",,,,"MX",2021-06-18,,44.40053059,"v02","es",,,,"Ixtenco",19.25962678,-97.90384768,3.3389788636425,0.562872738718966
"Ixtepec",,,,"MX21084","Puebla",,,,"MX21","México",,,,"MX",2021-06-18,,19.64870333,"v02","es",,,,"Ixtepec",20.04011976,-97.64853955,2.82298051777585,0.259343646463039
"Ixtlahuaca",,,,"MX15042","México",,,,"MX15","México",,,,"MX",2021-06-18,,335.57788251,"v02","es",,,,"Ixtlahuaca",19.60141881,-99.81329176,3.50901864347031,0.760103856787856
"Ixtlahuacán",,,,"MX06006","Colima",,,,"MX06","México",,,,"MX",2021-06-18,,376.75906043,"v02","es",,,,"Ixtlahuacan",18.9581286,-103.68582046,,
"Ixtlahuacán de los Membrillos",,,,"MX14044","Jalisco",,,,"MX14","México",,,,"MX",2021-06-18,,201.81332278,"v02","es",,,,"Ixtlahuacan de los Membrillos",20.40302751,-103.20504882,,
"Ixtlahuacán del Río",,,,"MX14045","Jalisco",,,,"MX14","México",,,,"MX",2021-06-18,,831.82458814,"v02","es",,,,"Ixtlahuacan del Rio",20.9042243,-103.25002035,,
"Ixtlán",,,,"MX16042","Michoacán de Ocampo",,,,"MX16","México",,,,"MX",2021-06-18,,123.90780966,"v02","es",,,,"Ixtlan",20.14794074,-102.41750361,2.701491036972,0.215787381606111
"Ixtlán de Juárez",,,,"MX20042","Oaxaca",,,,"MX20","México",,,,"MX",2021-06-18,,562.27266209,"v02","es",,,,"Ixtlan de Juarez",17.47684399,-96.3460036,3.22817501064181,0.487853292484531
"Ixtlán del Río",,,,"MX18006","Nayarit",,,,"MX18","México",,,,"MX",2021-06-18,,493.01446491,"v02","es",,,,"Ixtlan del Rio",21.02905655,-104.32773694,,
"Izamal",,,,"MX31040","Yucatán",,,,"MX31","México",,,,"MX",2021-06-18,,458.74742878,"v02","es",,,,"Izamal",20.88366838,-88.87182813,,
"Iztacalco",,,,"MX09006","Distrito Federal",,,,"MX09","México",,,,"MX",2021-06-18,,23.09545716,"v02","es",,,,"Iztacalco",19.39897538,-99.09531201,3.56498322203079,0.851699173472186
"Iztapalapa",,,,"MX09007","Distrito Federal",,,,"MX09","México",,,,"MX",2021-06-18,,113.17384862,"v02","es",,,,"Iztapalapa",19.34282935,-99.04689196,3.58228752611733,0.883073008305311
"Izúcar de Matamoros",,,,"MX21085","Puebla",,,,"MX21","México",,,,"MX",2021-06-18,,537.04521961,"v02","es",,,,"Izucar de Matamoros",18.50658169,-98.42307786,3.7252080933201,1.30667683842169
"Jacala de Ledezma",,,,"MX13031","Hidalgo",,,,"MX13","México",,,,"MX",2021-06-18,,440.9858706,"v02","es",,,,"Jacala de Ledezma",20.96503498,-99.15222241,,
"Jacona",,,,"MX16043","Michoacán de Ocampo",,,,"MX16","México",,,,"MX",2021-06-18,,118.70164854,"v02","es",,,,"Jacona",19.94084906,-102.31748781,2.79850733279231,0.249304423255926
"Jala",,,,"MX18007","Nayarit",,,,"MX18","México",,,,"MX",2021-06-18,,503.61724769,"v02","es",,,,"Jala",21.20256456,-104.44503182,,
"Jalacingo",,,,"MX30086","Veracruz de Ignacio de la Llave",,,,"MX30","México",,,,"MX",2021-06-18,,208.08947367,"v02","es",,,,"Jalacingo",19.77368116,-97.29042066,3.02410363926324,0.350052153525448
"Jalapa",,,,"MX27009","Tabasco",,,,"MX27","México",,,,"MX",2021-06-18,,592.2670666,"v02","es",,,,"Jalapa",17.7708078,-92.80215156,,
"Jalcomulco",,,,"MX30088","Veracruz de Ignacio de la Llave",,,,"MX30","México",,,,"MX",2021-06-18,,72.71867147,"v02","es",,,,"Jalcomulco",19.33507156,-96.7527204,2.94321710677322,0.31082950359926
"Jalostotitlán",,,,"MX14046","Jalisco",,,,"MX14","México",,,,"MX",2021-06-18,,520.8978032,"v02","es",,,,"Jalostotitlan",21.20113183,-102.5106961,,
"Jalpa",,,,"MX32019","Zacatecas",,,,"MX32","México",,,,"MX",2021-06-18,,717.87207837,"v02","es",,,,"Jalpa",21.63055147,-103.00769857,,
"Jalpa de Méndez",,,,"MX27010","Tabasco",,,,"MX27","México",,,,"MX",2021-06-18,,369.53826306,"v02","es",,,,"Jalpa de Mendez",18.23790198,-93.07873442,,
"Jalpan",,,,"MX21086","Puebla",,,,"MX21","México",,,,"MX",2021-06-18,,205.91704498,"v02","es",,,,"Jalpan",20.45168082,-97.86543739,,
"Jalpan de Serra",,,,"MX22009","Querétaro de Arteaga",,,,"MX22","México",,,,"MX",2021-06-18,,1186.21646171,"v02","es",,,,"Jalpan de Serra",21.38414087,-99.32646048,,
"Jaltenco",,,,"MX15044","México",,,,"MX15","México",,,,"MX",2021-06-18,,4.68970809,"v02","es",,,,"Jaltenco",19.75412682,-99.09292549,3.40984241200447,0.620564868732804
"Jáltipan",,,,"MX30089","Veracruz de Ignacio de la Llave",,,,"MX30","México",,,,"MX",2021-06-18,,310.56763608,"v02","es",,,,"Jaltipan",17.78977345,-94.71430016,,
"Jaltocán",,,,"MX13032","Hidalgo",,,,"MX13","México",,,,"MX",2021-06-18,,38.3851727,"v02","es",,,,"Jaltocan",21.15379985,-98.52631791,,
"Jamapa",,,,"MX30090","Veracruz de Ignacio de la Llave",,,,"MX30","México",,,,"MX",2021-06-18,,132.12727284,"v02","es",,,,"Jamapa",18.99063188,-96.25887407,,
"Jamay",,,,"MX14047","Jalisco",,,,"MX14","México",,,,"MX",2021-06-18,,162.76281163,"v02","es",,,,"Jamay",20.29335267,-102.68652382,,
"Janos",,,,"MX08035","Chihuahua",,,,"MX08","México",,,,"MX",2021-06-18,,7413.38494134,"v02","es",,,,"Janos",30.75862847,-108.45634322,,
"Jantetelco",,,,"MX17010","Morelos",,,,"MX17","México",,,,"MX",2021-06-18,,102.26034229,"v02","es",,,,"Jantetelco",18.67010947,-98.75668915,3.77719291663609,1.40489413190455
"Jaral del Progreso",,,,"MX11018","Guanajuato",,,,"MX11","México",,,,"MX",2021-06-18,,175.38601586,"v02","es",,,,"Jaral del Progreso",20.36447962,-101.06187533,,
"Jaumave",,,,"MX28017","Tamaulipas",,,,"MX28","México",,,,"MX",2021-06-18,,2663.37009413,"v02","es",,,,"Jaumave",23.47198136,-99.42635838,,
"Jerécuaro",,,,"MX11019","Guanajuato",,,,"MX11","México",,,,"MX",2021-06-18,,883.06722402,"v02","es",,,,"Jerecuaro",20.18477054,-100.54340152,3.20327101576038,0.455062919031702
"Jerez",,,,"MX32020","Zacatecas",,,,"MX32","México",,,,"MX",2021-06-18,,1543.36413382,"v02","es",,,,"Jerez",22.71059335,-103.0014727,,
"Jesús Carranza",,,,"MX30091","Veracruz de Ignacio de la Llave",,,,"MX30","México",,,,"MX",2021-06-18,,1405.52035903,"v02","es",,,,"Jesus Carranza",17.38793118,-94.90949736,,
"Jesús María",,,,"MX01005","Aguascalientes",,,,"MX01","México",,,,"MX",2021-06-18,,504.98945597,"v02","es",,,,"Jesus Maria",21.93455555,-102.46845177,,
"Jesús María",,,,"MX14048","Jalisco",,,,"MX14","México",,,,"MX",2021-06-18,,665.17172366,"v02","es",,,,"Jesus Maria",20.64794709,-102.10757378,,
"Jilotepec",,,,"MX15045","México",,,,"MX15","México",,,,"MX",2021-06-18,,568.37901729,"v02","es",,,,"Jilotepec",20.01695689,-99.6281797,3.29497697501941,0.522022251214918
"Jilotepec",,,,"MX30093","Veracruz de Ignacio de la Llave",,,,"MX30","México",,,,"MX",2021-06-18,,56.2809205,"v02","es",,,,"Jilotepec",19.61114992,-96.90525602,2.89920542629141,0.292039515476992
"Jilotlán de los Dolores",,,,"MX14049","Jalisco",,,,"MX14","México",,,,"MX",2021-06-18,,1476.24532112,"v02","es",,,,"Jilotlan de los Dolores",19.31687256,-102.88969442,2.8209844205269,0.258597662363539
"Jilotzingo",,,,"MX15046","México",,,,"MX15","México",,,,"MX",2021-06-18,,116.45421732,"v02","es",,,,"Jilotzingo",19.49776861,-99.39557852,3.53970803899303,0.808541232216575
"Jiménez",,,,"MX05014","Coahuila de Zaragoza",,,,"MX05","México",,,,"MX",2021-06-18,,2200.59646995,"v02","es",,,,"Jimenez",29.00672525,-100.88303572,,
"Jiménez",,,,"MX08036","Chihuahua",,,,"MX08","México",,,,"MX",2021-06-18,,10771.26291491,"v02","es",,,,"Jimenez",26.96566234,-104.36731072,,
"Jiménez",,,,"MX16044","Michoacán de Ocampo",,,,"MX16","México",,,,"MX",2021-06-18,,194.48846914,"v02","es",,,,"Jimenez",19.93430825,-101.68574768,2.99801413398807,0.335401584931333
"Jiménez",,,,"MX28018","Tamaulipas",,,,"MX28","México",,,,"MX",2021-06-18,,1669.61792572,"v02","es",,,,"Jimenez",24.21155171,-98.51390201,,
"Jiménez del Teul",,,,"MX32021","Zacatecas",,,,"MX32","México",,,,"MX",2021-06-18,,1171.08997709,"v02","es",,,,"Jimenez del Teul",23.14784869,-103.96481588,,
"Jiquilpan",,,,"MX16045","Michoacán de Ocampo",,,,"MX16","México",,,,"MX",2021-06-18,,243.23166981,"v02","es",,,,"Jiquilpan",19.96742599,-102.75185565,2.63010995990537,0.194246455383951
"Jiquipilas",,,,"MX07046","Chiapas",,,,"MX07","México",,,,"MX",2021-06-18,,1301.32623293,"v02","es",,,,"Jiquipilas",16.57497569,-93.60565433,,
"Jiquipilco",,,,"MX15047","México",,,,"MX15","México",,,,"MX",2021-06-18,,275.21044293,"v02","es",,,,"Jiquipilco",19.59163254,-99.63117435,3.51100626000037,0.762586074512369
"Jitotol",,,,"MX07047","Chiapas",,,,"MX07","México",,,,"MX",2021-06-18,,235.59004404,"v02","es",,,,"Jitotol",17.08942951,-92.84588457,,
"Jiutepec",,,,"MX17011","Morelos",,,,"MX17","México",,,,"MX",2021-06-18,,55.96040172,"v02","es",,,,"Jiutepec",18.88642167,-99.17013183,3.81559421753956,1.45177933443406
"Jocotepec",,,,"MX14050","Jalisco",,,,"MX14","México",,,,"MX",2021-06-18,,324.33034287,"v02","es",,,,"Jocotepec",20.28934702,-103.43686462,,
"Jocotitlán",,,,"MX15048","México",,,,"MX15","México",,,,"MX",2021-06-18,,277.40545827,"v02","es",,,,"Jocotitlan",19.71617558,-99.76243135,3.44894385250022,0.671764128623432
"Jojutla",,,,"MX17012","Morelos",,,,"MX17","México",,,,"MX",2021-06-18,,153.46345257,"v02","es",,,,"Jojutla",18.60002515,-99.22997159,3.97284925392609,2.0621216576031
"Jolalpan",,,,"MX21087","Puebla",,,,"MX21","México",,,,"MX",2021-06-18,,601.40780357,"v02","es",,,,"Jolalpan",18.29932565,-98.91517833,3.96119912400532,2.18815090464963
"Jonacatepec",,,,"MX17013","Morelos",,,,"MX17","México",,,,"MX",2021-06-18,,90.33182018,"v02","es",,,,"Jonacatepec",18.65650468,-98.78860683,3.81303910305554,1.49803420405901
"Jonotla",,,,"MX21088","Puebla",,,,"MX21","México",,,,"MX",2021-06-18,,29.99118134,"v02","es",,,,"Jonotla",20.04560095,-97.56461283,2.78675379372548,0.246174836907019
"Jonuta",,,,"MX27011","Tabasco",,,,"MX27","México",,,,"MX",2021-06-18,,1611.87723715,"v02","es",,,,"Jonuta",18.02806994,-92.06395153,,
"Jopala",,,,"MX21089","Puebla",,,,"MX21","México",,,,"MX",2021-06-18,,170.34258334,"v02","es",,,,"Jopala",20.20253018,-97.79954168,,
"Joquicingo",,,,"MX15049","México",,,,"MX15","México",,,,"MX",2021-06-18,,46.05798821,"v02","es",,,,"Joquicingo",19.06886481,-99.5117504,3.75780892633021,1.28093608389497
"José Azueta",,,,"MX30169","Veracruz de Ignacio de la Llave",,,,"MX30","México",,,,"MX",2021-06-18,,535.48606003,"v02","es",,,,"Jose Azueta",18.13759754,-95.71060723,,
"José Joaquín de Herrera",,,,"MX12079","Guerrero",,,,"MX12","México",,,,"MX",2021-06-18,,131.97706735,"v02","es",,,,"Jose Joaquin de Herrera",17.44053984,-98.99316928,4.95190820777914,6.74947542191238
"José María Morelos",,,,"MX23006","Quintana Roo",,,,"MX23","México",,,,"MX",2021-06-18,,4787.45719475,"v02","es",,,,"Jose Maria Morelos",19.70717864,-88.77813442,,
"José Sixto Verduzco",,,,"MX16113","Michoacán de Ocampo",,,,"MX16","México",,,,"MX",2021-06-18,,219.68050343,"v02","es",,,,"Jose Sixto Verduzco",20.24190277,-101.5899002,,
"Juan Aldama",,,,"MX32022","Zacatecas",,,,"MX32","México",,,,"MX",2021-06-18,,623.5923841,"v02","es",,,,"Juan Aldama",24.25565712,-103.3069237,,
"Juan C. Bonilla",,,,"MX21090","Puebla",,,,"MX21","México",,,,"MX",2021-06-18,,22.29592806,"v02","es",,,,"Juan C. Bonilla",19.12150472,-98.34742748,3.54536610971446,0.829202821055781
"Juan Galindo",,,,"MX21091","Puebla",,,,"MX21","México",,,,"MX",2021-06-18,,22.98013636,"v02","es",,,,"Juan Galindo",20.22314533,-97.99102362,,
"Juan N. Méndez",,,,"MX21092","Puebla",,,,"MX21","México",,,,"MX",2021-06-18,,225.08683181,"v02","es",,,,"Juan N. Mendez",18.54062661,-97.74875919,3.57846675899496,0.897826179051723
"Juan R. Escudero",,,,"MX12039","Guerrero",,,,"MX12","México",,,,"MX",2021-06-18,,408.80551574,"v02","es",,,,"Juan R. Escudero",17.13684392,-99.382934,6.78645584982519,30.4416965960652
"Juan Rodríguez Clara",,,,"MX30094","Veracruz de Ignacio de la Llave",,,,"MX30","México",,,,"MX",2021-06-18,,992.11377899,"v02","es",,,,"Juan Rodriguez Clara",17.97320896,-95.34412803,,
"Juanacatlán",,,,"MX14051","Jalisco",,,,"MX14","México",,,,"MX",2021-06-18,,138.08243306,"v02","es",,,,"Juanacatlan",20.48574902,-103.15072548,,
"Juárez",,,,"MX05015","Coahuila de Zaragoza",,,,"MX05","México",,,,"MX",2021-06-18,,2458.14616177,"v02","es",,,,"Juarez",27.65778957,-100.68806886,,
"Juárez",,,,"MX07048","Chiapas",,,,"MX07","México",,,,"MX",2021-06-18,,742.79815785,"v02","es",,,,"Juarez",17.70066761,-93.19779856,,
"Juárez",,,,"MX08037","Chihuahua",,,,"MX08","México",,,,"MX",2021-06-18,,3546.34253252,"v02","es",,,,"Juarez",31.45222752,-106.44972566,,
"Juárez",,,,"MX16046","Michoacán de Ocampo",,,,"MX16","México",,,,"MX",2021-06-18,,140.99453969,"v02","es",,,,"Juarez",19.29348286,-100.46459251,3.59821248575646,0.912856101221877
"Juárez",,,,"MX19031","Nuevo León",,,,"MX19","México",,,,"MX",2021-06-18,,247.29622748,"v02","es",,,,"Juarez",25.60760757,-100.15679416,,
"Juárez Hidalgo",,,,"MX13033","Hidalgo",,,,"MX13","México",,,,"MX",2021-06-18,,110.79029999,"v02","es",,,,"Juarez Hidalgo",20.83589729,-98.8351248,,
"Juchipila",,,,"MX32023","Zacatecas",,,,"MX32","México",,,,"MX",2021-06-18,,338.57516053,"v02","es",,,,"Juchipila",21.37809945,-103.12609296,,
"Juchique de Ferrer",,,,"MX30095","Veracruz de Ignacio de la Llave",,,,"MX30","México",,,,"MX",2021-06-18,,187.81461415,"v02","es",,,,"Juchique de Ferrer",19.82377526,-96.65268724,2.71557252514483,0.221612027024444
"Juchitán",,,,"MX12080","Guerrero",,,,"MX12","México",,,,"MX",2021-06-18,,250.8522592,"v02","es",,,,"Juchitan",16.59351159,-98.6838718,4.49017282612074,4.62665324176189
"Juchitepec",,,,"MX15050","México",,,,"MX15","México",,,,"MX",2021-06-18,,132.49386293,"v02","es",,,,"Juchitepec",19.09908259,-98.90256765,3.67662760117574,1.07668939916008
"Juchitlán",,,,"MX14052","Jalisco",,,,"MX14","México",,,,"MX",2021-06-18,,245.8845498,"v02","es",,,,"Juchitlan",20.0629544,-104.04781543,,
"Julimes",,,,"MX08038","Chihuahua",,,,"MX08","México",,,,"MX",2021-06-18,,4119.67480927,"v02","es",,,,"Julimes",28.52847605,-105.09017653,,
"Jungapeo",,,,"MX16047","Michoacán de Ocampo",,,,"MX16","México",,,,"MX",2021-06-18,,265.48594128,"v02","es",,,,"Jungapeo",19.41150694,-100.52855707,3.52641610019728,0.787443278885267
"Kanasín",,,,"MX31041","Yucatán",,,,"MX31","México",,,,"MX",2021-06-18,,102.28390019,"v02","es",,,,"Kanasin",20.91527665,-89.54100564,,
"Kantunil",,,,"MX31042","Yucatán",,,,"MX31","México",,,,"MX",2021-06-18,,199.68231352,"v02","es",,,,"Kantunil",20.75149297,-88.96813343,,
"Kaua",,,,"MX31043","Yucatán",,,,"MX31","México",,,,"MX",2021-06-18,,137.35008639,"v02","es",,,,"Kaua",20.59881132,-88.40328675,,
"Kinchil",,,,"MX31044","Yucatán",,,,"MX31","México",,,,"MX",2021-06-18,,355.84346857,"v02","es",,,,"Kinchil",20.84303084,-90.10551988,,
"Kopomá",,,,"MX31045","Yucatán",,,,"MX31","México",,,,"MX",2021-06-18,,157.73697292,"v02","es",,,,"Kopoma",20.64308855,-89.90032813,,
"La Antigua",,,,"MX30016","Veracruz de Ignacio de la Llave",,,,"MX30","México",,,,"MX",2021-06-18,,129.43872085,"v02","es",,,,"La Antigua",19.31783534,-96.30655308,2.7741098666249,0.242095648998293
"La Barca",,,,"MX14018","Jalisco",,,,"MX14","México",,,,"MX",2021-06-18,,418.19595969,"v02","es",,,,"La Barca",20.35720796,-102.5032701,,
"La Colorada",,,,"MX26021","Sonora",,,,"MX26","México",,,,"MX",2021-06-18,,4122.09157766,"v02","es",,,,"La Colorada",28.72625042,-110.34397026,,
"La Compañía",,,,"MX20017","Oaxaca",,,,"MX20","México",,,,"MX",2021-06-18,,104.17465842,"v02","es",,,,"La Compania",16.58024152,-96.85817626,3.63993252075323,1.17360174118628
"La Concordia",,,,"MX07020","Chiapas",,,,"MX07","México",,,,"MX",2021-06-18,,2571.8204278,"v02","es",,,,"La Concordia",15.9601535,-92.67000422,,
"La Cruz",,,,"MX08016","Chihuahua",,,,"MX08","México",,,,"MX",2021-06-18,,1053.02137844,"v02","es",,,,"La Cruz",27.90100435,-105.05248513,,
"La Grandeza",,,,"MX07036","Chiapas",,,,"MX07","México",,,,"MX",2021-06-18,,48.69081175,"v02","es",,,,"La Grandeza",15.5102239,-92.21527749,,
"La Huacana",,,,"MX16035","Michoacán de Ocampo",,,,"MX16","México",,,,"MX",2021-06-18,,1952.02165563,"v02","es",,,,"La Huacana",18.8495716,-101.85370081,3.39271585923519,0.611554661328235
"La Huerta",,,,"MX14043","Jalisco",,,,"MX14","México",,,,"MX",2021-06-18,,2010.35416751,"v02","es",,,,"La Huerta",19.49696388,-104.80722212,,
"La Independencia",,,,"MX07041","Chiapas",,,,"MX07","México",,,,"MX",2021-06-18,,514.23149608,"v02","es",,,,"La Independencia",16.21357178,-91.9054476,,
"La Libertad",,,,"MX07050","Chiapas",,,,"MX07","México",,,,"MX",2021-06-18,,456.60884799,"v02","es",,,,"La Libertad",17.60056047,-91.75620425,,
"La Magdalena Contreras",,,,"MX09008","Distrito Federal",,,,"MX09","México",,,,"MX",2021-06-18,,63.41880915,"v02","es",,,,"La Magdalena Contreras",19.27547009,-99.26333865,3.64246795516206,1.00205681487872
"La Magdalena Tlaltelulco",,,,"MX29048","Tlaxcala",,,,"MX29","México",,,,"MX",2021-06-18,,11.81475188,"v02","es",,,,"La Magdalena Tlaltelulco",19.28025354,-98.19267759,3.4758652295056,0.706964632130868
"La Magdalena Tlatlauquitepec",,,,"MX21095","Puebla",,,,"MX21","México",,,,"MX",2021-06-18,,11.24565279,"v02","es",,,,"La Magdalena Tlatlauquitepec",18.74255767,-98.0938697,3.51198718552218,0.8320657715754
"La Manzanilla de la Paz",,,,"MX14057","Jalisco",,,,"MX14","México",,,,"MX",2021-06-18,,133.99194634,"v02","es",,,,"La Manzanilla de la Paz",20.02585546,-103.09703354,2.50463159315869,0.161062962635983
"La Misión",,,,"MX13040","Hidalgo",,,,"MX13","México",,,,"MX",2021-06-18,,232.78663492,"v02","es",,,,"La Mision",21.06583669,-99.06866801,,
"La Paz",,,,"MX03003","Baja California Sur",,,,"MX03","México",,,,"MX",2021-06-18,,15403.29690959,"v02","es",,,,"La Paz",24.10846261,-110.7292896,,
"La Paz",,,,"MX15070","México",,,,"MX15","México",,,,"MX",2021-06-18,,36.63493734,"v02","es",,,,"La Paz",19.36377651,-98.94892671,3.56261422603673,0.847552776364437
"La Pe",,,,"MX20069","Oaxaca",,,,"MX20","México",,,,"MX",2021-06-18,,26.88919145,"v02","es",,,,"La Pe",16.6228997,-96.79376794,3.62655901838082,1.00523679034373
"La Perla",,,,"MX30127","Veracruz de Ignacio de la Llave",,,,"MX30","México",,,,"MX",2021-06-18,,137.87618377,"v02","es",,,,"La Perla",18.98238208,-97.18585635,3.24796074759024,0.487346642352294
"La Piedad",,,,"MX16069","Michoacán de Ocampo",,,,"MX16","México",,,,"MX",2021-06-18,,284.74104588,"v02","es",,,,"La Piedad",20.29868993,-102.0478188,,
"La Reforma",,,,"MX20076","Oaxaca",,,,"MX20","México",,,,"MX",2021-06-18,,186.59280382,"v02","es",,,,"La Reforma",16.6591865,-97.86449876,3.9881524485614,2.07369952304905
"La Trinidad Vista Hermosa",,,,"MX20556","Oaxaca",,,,"MX20","México",,,,"MX",2021-06-18,,10.81331983,"v02","es",,,,"La Trinidad Vista Hermosa",17.77447204,-97.49614437,3.75783534565266,1.23005458954351
"La Trinitaria",,,,"MX07099","Chiapas",,,,"MX07","México",,,,"MX",2021-06-18,,1602.31184203,"v02","es",,,,"La Trinitaria",15.979795,-91.99180865,,
"La Unión de Isidoro Montes de Oca",,,,"MX12068","Guerrero",,,,"MX12","México",,,,"MX",2021-06-18,,1757.0901271,"v02","es",,,,"La Union de Isidoro Montes de Oca",18.00911455,-101.91002442,3.63568776817386,1.00675470722724
"La Yesca",,,,"MX18019","Nayarit",,,,"MX18","México",,,,"MX",2021-06-18,,4316.74763107,"v02","es",,,,"La Yesca",21.58933625,-104.19520899,,
"Lafragua",,,,"MX21093","Puebla",,,,"MX21","México",,,,"MX",2021-06-18,,180.34182275,"v02","es",,,,"Lafragua",19.28439539,-97.28128188,3.1764331656672,0.440663663710122
"Lagos de Moreno",,,,"MX14053","Jalisco",,,,"MX14","México",,,,"MX",2021-06-18,,2514.43701719,"v02","es",,,,"Lagos de Moreno",21.53303011,-101.81995713,,
"Lagunillas",,,,"MX16048","Michoacán de Ocampo",,,,"MX16","México",,,,"MX",2021-06-18,,72.66892806,"v02","es",,,,"Lagunillas",19.57338599,-101.42131766,3.25839313875331,0.493616985656291
"Lagunillas",,,,"MX24019","San Luis Potosí",,,,"MX24","México",,,,"MX",2021-06-18,,535.49578754,"v02","es",,,,"Lagunillas",21.59798155,-99.61932651,,
"Lamadrid",,,,"MX05016","Coahuila de Zaragoza",,,,"MX05","México",,,,"MX",2021-06-18,,673.3564514,"v02","es",,,,"Lamadrid",27.16452979,-101.92799782,,
"Lampazos de Naranjo",,,,"MX19032","Nuevo León",,,,"MX19","México",,,,"MX",2021-06-18,,3428.0363297,"v02","es",,,,"Lampazos de Naranjo",27.0124244,-100.31590676,,
"Landa de Matamoros",,,,"MX22010","Querétaro de Arteaga",,,,"MX22","México",,,,"MX",2021-06-18,,719.42298292,"v02","es",,,,"Landa de Matamoros",21.28209367,-99.16910297,,
"Landero y Coss",,,,"MX30096","Veracruz de Ignacio de la Llave",,,,"MX30","México",,,,"MX",2021-06-18,,17.60871753,"v02","es",,,,"Landero y Coss",19.74271513,-96.85697475,2.68012066126625,0.209376684271336
"Larráinzar",,,,"MX07049","Chiapas",,,,"MX07","México",,,,"MX",2021-06-18,,148.79425344,"v02","es",,,,"Larrainzar",16.92814817,-92.78708089,,
"Las Choapas",,,,"MX30061","Veracruz de Ignacio de la Llave",,,,"MX30","México",,,,"MX",2021-06-18,,3501.17476031,"v02","es",,,,"Las Choapas",17.56348587,-93.93951356,,
"Las Margaritas",,,,"MX07052","Chiapas",,,,"MX07","México",,,,"MX",2021-06-18,,3015.39640241,"v02","es",,,,"Las Margaritas",16.37401242,-91.70938993,,
"Las Minas",,,,"MX30107","Veracruz de Ignacio de la Llave",,,,"MX30","México",,,,"MX",2021-06-18,,50.76850178,"v02","es",,,,"Las Minas",19.70390648,-97.15597383,2.95409790764556,0.315262932852644
"Las Rosas",,,,"MX07075","Chiapas",,,,"MX07","México",,,,"MX",2021-06-18,,234.80845991,"v02","es",,,,"Las Rosas",16.36878859,-92.37814952,,
"Las Vigas de Ramírez",,,,"MX30132","Veracruz de Ignacio de la Llave",,,,"MX30","México",,,,"MX",2021-06-18,,99.75620839,"v02","es",,,,"Las Vigas de Ramirez",19.61761831,-97.09986661,2.95012133642911,0.313486478469679
"Lázaro Cárdenas",,,,"MX16052","Michoacán de Ocampo",,,,"MX16","México",,,,"MX",2021-06-18,,1140.50464879,"v02","es",,,,"Lazaro Cardenas",18.08261886,-102.47956584,3.3971884808193,0.62260222653026
"Lázaro Cárdenas",,,,"MX23007","Quintana Roo",,,,"MX23","México",,,,"MX",2021-06-18,,3327.9603716,"v02","es",,,,"Lazaro Cardenas",21.03652324,-87.42725096,,
"Lázaro Cárdenas",,,,"MX29047","Tlaxcala",,,,"MX29","México",,,,"MX",2021-06-18,,25.44264724,"v02","es",,,,"Lazaro Cardenas",19.53630145,-97.99020118,3.25115039886021,0.49034811754987
"León",,,,"MX11020","Guanajuato",,,,"MX11","México",,,,"MX",2021-06-18,,1221.56706258,"v02","es",,,,"Leon",21.09733527,-101.64764235,,
"Leonardo Bravo",,,,"MX12040","Guerrero",,,,"MX12","México",,,,"MX",2021-06-18,,720.70092982,"v02","es",,,,"Leonardo Bravo",17.63028541,-99.78129679,5.65670087244383,11.2716973939724
"Lerdo",,,,"MX10012","Durango",,,,"MX10","México",,,,"MX",2021-06-18,,2147.70768462,"v02","es",,,,"Lerdo",25.470965,-103.66388223,,
"Lerdo de Tejada",,,,"MX30097","Veracruz de Ignacio de la Llave",,,,"MX30","México",,,,"MX",2021-06-18,,83.98222531,"v02","es",,,,"Lerdo de Tejada",18.65928067,-95.49004399,,
"Lerma",,,,"MX15051","México",,,,"MX15","México",,,,"MX",2021-06-18,,230.81167159,"v02","es",,,,"Lerma",19.32636327,-99.46005207,3.62032758154756,0.957046418308883
"Libres",,,,"MX21094","Puebla",,,,"MX21","México",,,,"MX",2021-06-18,,274.14120351,"v02","es",,,,"Libres",19.45368254,-97.64843025,3.19882717179412,0.455971084206553
"Linares",,,,"MX19033","Nuevo León",,,,"MX19","México",,,,"MX",2021-06-18,,2509.21199944,"v02","es",,,,"Linares",24.85300569,-99.41034186,,
"Llera",,,,"MX28019","Tamaulipas",,,,"MX28","México",,,,"MX",2021-06-18,,2568.58063181,"v02","es",,,,"Llera",23.29762398,-98.95042233,,
"Lolotla",,,,"MX13034","Hidalgo",,,,"MX13","México",,,,"MX",2021-06-18,,177.20878797,"v02","es",,,,"Lolotla",21.00850789,-98.73130124,,
"Loma Bonita",,,,"MX20044","Oaxaca",,,,"MX20","México",,,,"MX",2021-06-18,,485.84621096,"v02","es",,,,"Loma Bonita",18.00138956,-95.88826285,,
"López",,,,"MX08039","Chihuahua",,,,"MX08","México",,,,"MX",2021-06-18,,1347.92327703,"v02","es",,,,"Lopez",26.93490824,-105.05402748,,
"Loreto",,,,"MX03009","Baja California Sur",,,,"MX03","México",,,,"MX",2021-06-18,,4622.76127106,"v02","es",,,,"Loreto",25.88442741,-111.50204971,,
"Loreto",,,,"MX32024","Zacatecas",,,,"MX32","México",,,,"MX",2021-06-18,,429.11726109,"v02","es",,,,"Loreto",22.27393004,-101.91255544,,
"Los Aldamas",,,,"MX19003","Nuevo León",,,,"MX19","México",,,,"MX",2021-06-18,,694.51107815,"v02","es",,,,"Los Aldamas",26.09624981,-99.2763437,,
"Los Cabos",,,,"MX03008","Baja California Sur",,,,"MX03","México",,,,"MX",2021-06-18,,3750.56513122,"v02","es",,,,"Los Cabos",23.27184809,-109.68976847,,
"Los Herreras",,,,"MX19027","Nuevo León",,,,"MX19","México",,,,"MX",2021-06-18,,496.55237873,"v02","es",,,,"Los Herreras",25.94092362,-99.43388552,,
"Los Ramones",,,,"MX19042","Nuevo León",,,,"MX19","México",,,,"MX",2021-06-18,,1340.95130729,"v02","es",,,,"Los Ramones",25.65443818,-99.59743446,,
"Los Reyes",,,,"MX16075","Michoacán de Ocampo",,,,"MX16","México",,,,"MX",2021-06-18,,480.92241789,"v02","es",,,,"Los Reyes",19.6632215,-102.36992505,2.88366575358825,0.283073508870857
"Los Reyes",,,,"MX30137","Veracruz de Ignacio de la Llave",,,,"MX30","México",,,,"MX",2021-06-18,,34.20436726,"v02","es",,,,"Los Reyes",18.67198485,-97.04142578,3.18672796708019,0.442897502223415
"Los Reyes de Juárez",,,,"MX21118","Puebla",,,,"MX21","México",,,,"MX",2021-06-18,,30.77301989,"v02","es",,,,"Los Reyes de Juarez",18.96808361,-97.82373351,3.5324538680517,0.778861378241696
"Luis Moya",,,,"MX32025","Zacatecas",,,,"MX32","México",,,,"MX",2021-06-18,,176.88477708,"v02","es",,,,"Luis Moya",22.43453204,-102.25354817,,
"Luvianos",,,,"MX15123","México",,,,"MX15","México",,,,"MX",2021-06-18,,702.92312849,"v02","es",,,,"Luvianos",18.94664704,-100.39309658,3.76980310603555,1.31676528369288
"Macuspana",,,,"MX27012","Tabasco",,,,"MX27","México",,,,"MX",2021-06-18,,2412.5660303,"v02","es",,,,"Macuspana",17.8556822,-92.42239059,,
"Madera",,,,"MX08040","Chihuahua",,,,"MX08","México",,,,"MX",2021-06-18,,8737.41934863,"v02","es",,,,"Madera",29.3467284,-108.294537,,
"Madero",,,,"MX16049","Michoacán de Ocampo",,,,"MX16","México",,,,"MX",2021-06-18,,1019.64589734,"v02","es",,,,"Madero",19.35412959,-101.17549815,3.44153283085391,0.664418621522189
"Magdalena",,,,"MX14055","Jalisco",,,,"MX14","México",,,,"MX",2021-06-18,,293.18518705,"v02","es",,,,"Magdalena",20.91062031,-104.11585402,,
"Magdalena",,,,"MX26036","Sonora",,,,"MX26","México",,,,"MX",2021-06-18,,1239.4246158,"v02","es",,,,"Magdalena",30.77198798,-111.13942122,,
"Magdalena",,,,"MX30098","Veracruz de Ignacio de la Llave",,,,"MX30","México",,,,"MX",2021-06-18,,13.76640909,"v02","es",,,,"Magdalena",18.76852624,-97.04858568,3.29596624563912,0.520140181497389
"Magdalena Apasco",,,,"MX20045","Oaxaca",,,,"MX20","México",,,,"MX",2021-06-18,,26.97034091,"v02","es",,,,"Magdalena Apasco",17.24931559,-96.80832658,3.56014997583383,0.789345927910873
"Magdalena Jaltepec",,,,"MX20046","Oaxaca",,,,"MX20","México",,,,"MX",2021-06-18,,234.67190414,"v02","es",,,,"Magdalena Jaltepec",17.24502808,-97.25034063,3.68134857613818,1.03320612246681
"Magdalena Mixtepec",,,,"MX20048","Oaxaca",,,,"MX20","México",,,,"MX",2021-06-18,,41.02467425,"v02","es",,,,"Magdalena Mixtepec",16.90448083,-96.90481319,3.71523228449559,1.0141567331274
"Magdalena Ocotlán",,,,"MX20049","Oaxaca",,,,"MX20","México",,,,"MX",2021-06-18,,10.33240665,"v02","es",,,,"Magdalena Ocotlan",16.70957818,-96.71497424,3.53448422160167,0.801511965332759
"Magdalena Peñasco",,,,"MX20050","Oaxaca",,,,"MX20","México",,,,"MX",2021-06-18,,85.07210328,"v02","es",,,,"Magdalena Penasco",17.23541896,-97.56414939,3.7782709628744,1.32998431268365
"Magdalena Teitipac",,,,"MX20051","Oaxaca",,,,"MX20","México",,,,"MX",2021-06-18,,39.35066932,"v02","es",,,,"Magdalena Teitipac",16.88619473,-96.55773486,3.43009372292067,0.647978519133974
"Magdalena Tequisistlán",,,,"MX20052","Oaxaca",,,,"MX20","México",,,,"MX",2021-06-18,,840.63315463,"v02","es",,,,"Magdalena Tequisistlan",16.36661906,-95.63710933,,
"Magdalena Tlacotepec",,,,"MX20053","Oaxaca",,,,"MX20","México",,,,"MX",2021-06-18,,124.38531597,"v02","es",,,,"Magdalena Tlacotepec",16.51544145,-95.25199109,,
"Magdalena Yodocono de Porfirio Díaz",,,,"MX20562","Oaxaca",,,,"MX20","México",,,,"MX",2021-06-18,,39.0338646,"v02","es",,,,"Magdalena Yodocono de Porfirio Diaz",17.37903167,-97.39217047,3.72099436730159,1.16334278008568
"Magdalena Zahuatlán",,,,"MX20054","Oaxaca",,,,"MX20","México",,,,"MX",2021-06-18,,24.83198178,"v02","es",,,,"Magdalena Zahuatlan",17.39125911,-97.2260864,3.66698684554526,1.01661761786748
"Maguarichi",,,,"MX08041","Chihuahua",,,,"MX08","México",,,,"MX",2021-06-18,,1006.42764866,"v02","es",,,,"Maguarichi",27.81920979,-107.9588192,,
"Mainero",,,,"MX28020","Tamaulipas",,,,"MX28","México",,,,"MX",2021-06-18,,364.22808761,"v02","es",,,,"Mainero",24.60018608,-99.55786626,,
"Malinalco",,,,"MX15052","México",,,,"MX15","México",,,,"MX",2021-06-18,,209.95068844,"v02","es",,,,"Malinalco",18.89382605,-99.49416235,3.85003218987243,1.56921513235531
"Malinaltepec",,,,"MX12041","Guerrero",,,,"MX12","México",,,,"MX",2021-06-18,,472.91966889,"v02","es",,,,"Malinaltepec",17.12877372,-98.71497909,4.66241347205203,5.35038755873515
"Maltrata",,,,"MX30099","Veracruz de Ignacio de la Llave",,,,"MX30","México",,,,"MX",2021-06-18,,110.58986286,"v02","es",,,,"Maltrata",18.84360055,-97.26728781,3.32900755052631,0.54979792203006
"Mama",,,,"MX31046","Yucatán",,,,"MX31","México",,,,"MX",2021-06-18,,100.4090554,"v02","es",,,,"Mama",20.51014567,-89.38490472,,
"Maní",,,,"MX31047","Yucatán",,,,"MX31","México",,,,"MX",2021-06-18,,126.77793923,"v02","es",,,,"Mani",20.39013974,-89.37525786,,
"Manlio Fabio Altamirano",,,,"MX30100","Veracruz de Ignacio de la Llave",,,,"MX30","México",,,,"MX",2021-06-18,,247.14626717,"v02","es",,,,"Manlio Fabio Altamirano",19.08652819,-96.31896284,2.87250515285623,0.279686491135345
"Manuel Benavides",,,,"MX08042","Chihuahua",,,,"MX08","México",,,,"MX",2021-06-18,,5023.37621728,"v02","es",,,,"Manuel Benavides",28.92937288,-103.74154544,,
"Manuel Doblado",,,,"MX11008","Guanajuato",,,,"MX11","México",,,,"MX",2021-06-18,,819.84119471,"v02","es",,,,"Manuel Doblado",20.69299259,-101.87757984,,
"Manzanillo",,,,"MX06007","Colima",,,,"MX06","México",,,,"MX",2021-06-18,,1353.7920143,"v02","es",,,,"Manzanillo",19.12776753,-104.28489078,,
"Mapastepec",,,,"MX07051","Chiapas",,,,"MX07","México",,,,"MX",2021-06-18,,1218.35397773,"v02","es",,,,"Mapastepec",15.44688248,-92.91537619,,
"Mapimí",,,,"MX10013","Durango",,,,"MX10","México",,,,"MX",2021-06-18,,7730.11612695,"v02","es",,,,"Mapimi",26.15812556,-104.14101581,,
"Maravatío",,,,"MX16050","Michoacán de Ocampo",,,,"MX16","México",,,,"MX",2021-06-18,,697.70452031,"v02","es",,,,"Maravatio",19.89014529,-100.45327324,3.30900806770837,0.532706806178607
"Maravilla Tenejapa",,,,"MX07115","Chiapas",,,,"MX07","México",,,,"MX",2021-06-18,,542.85393264,"v02","es",,,,"Maravilla Tenejapa",16.21203333,-91.26877486,,
"Marcos Castellanos",,,,"MX16051","Michoacán de Ocampo",,,,"MX16","México",,,,"MX",2021-06-18,,233.03673653,"v02","es",,,,"Marcos Castellanos",20.05039858,-102.95106145,2.53060928848387,0.167499378002388
"Mariano Escobedo",,,,"MX30101","Veracruz de Ignacio de la Llave",,,,"MX30","México",,,,"MX",2021-06-18,,69.52163958,"v02","es",,,,"Mariano Escobedo",18.92615559,-97.21655594,3.20686292682358,0.458147444825324
"Marín",,,,"MX19034","Nuevo León",,,,"MX19","México",,,,"MX",2021-06-18,,264.87459892,"v02","es",,,,"Marin",25.88614264,-100.02331505,,
"Mariscala de Juárez",,,,"MX20055","Oaxaca",,,,"MX20","México",,,,"MX",2021-06-18,,144.20314226,"v02","es",,,,"Mariscala de Juarez",17.82258892,-98.11998139,4.00664151675089,2.16712390921711
"Marquelia",,,,"MX12077","Guerrero",,,,"MX12","México",,,,"MX",2021-06-18,,208.63863923,"v02","es",,,,"Marquelia",16.62776714,-98.80136161,4.57415080600167,5.02683030518874
"Marqués de Comillas",,,,"MX07116","Chiapas",,,,"MX07","México",,,,"MX",2021-06-18,,909.01584506,"v02","es",,,,"Marques de Comillas",16.27343921,-90.716935,,
"Martínez de la Torre",,,,"MX30102","Veracruz de Ignacio de la Llave",,,,"MX30","México",,,,"MX",2021-06-18,,398.65537361,"v02","es",,,,"Martinez de la Torre",20.11971649,-97.04616469,2.70595574681548,0.218895707058254
"Mártir de Cuilapan",,,,"MX12042","Guerrero",,,,"MX12","México",,,,"MX",2021-06-18,,615.33263913,"v02","es",,,,"Martir de Cuilapan",17.80786478,-99.31666427,4.84760672564857,6.03828651615754
"Mártires de Tacubaya",,,,"MX20056","Oaxaca",,,,"MX20","México",,,,"MX",2021-06-18,,57.53102756,"v02","es",,,,"Martires de Tacubaya",16.54975195,-98.23808218,4.02809858450986,2.49437442664699
"Mascota",,,,"MX14058","Jalisco",,,,"MX14","México",,,,"MX",2021-06-18,,1843.12495385,"v02","es",,,,"Mascota",20.55330132,-104.76338169,,
"Matachí",,,,"MX08043","Chihuahua",,,,"MX08","México",,,,"MX",2021-06-18,,727.07234696,"v02","es",,,,"Matachi",28.81546606,-107.72121078,,
"Matamoros",,,,"MX05017","Coahuila de Zaragoza",,,,"MX05","México",,,,"MX",2021-06-18,,806.04488538,"v02","es",,,,"Matamoros",25.57318481,-103.19486917,,
"Matamoros",,,,"MX08044","Chihuahua",,,,"MX08","México",,,,"MX",2021-06-18,,1182.10276241,"v02","es",,,,"Matamoros",26.71200525,-105.54722581,,
"Matamoros",,,,"MX28022","Tamaulipas",,,,"MX28","México",,,,"MX",2021-06-18,,3872.39169366,"v02","es",,,,"Matamoros",25.65360226,-97.51219283,,
"Matehuala",,,,"MX24020","San Luis Potosí",,,,"MX24","México",,,,"MX",2021-06-18,,1301.67778711,"v02","es",,,,"Matehuala",23.52339863,-100.60489083,,
"Matías Romero Avendaño",,,,"MX20057","Oaxaca",,,,"MX20","México",,,,"MX",2021-06-18,,1355.44365327,"v02","es",,,,"Matias Romero Avendano",17.1324525,-94.8785788,,
"Matlapa",,,,"MX24057","San Luis Potosí",,,,"MX24","México",,,,"MX",2021-06-18,,117.15665333,"v02","es",,,,"Matlapa",21.33264813,-98.81882986,,
"Maxcanú",,,,"MX31048","Yucatán",,,,"MX31","México",,,,"MX",2021-06-18,,910.84291107,"v02","es",,,,"Maxcanu",20.5964733,-90.07688953,,
"Mayapán",,,,"MX31049","Yucatán",,,,"MX31","México",,,,"MX",2021-06-18,,93.61735429,"v02","es",,,,"Mayapan",20.49245773,-89.19178138,,
"Mazamitla",,,,"MX14059","Jalisco",,,,"MX14","México",,,,"MX",2021-06-18,,288.93858164,"v02","es",,,,"Mazamitla",19.89058421,-103.08102053,2.56605790446945,0.17652546716585
"Mazapa de Madero",,,,"MX07053","Chiapas",,,,"MX07","México",,,,"MX",2021-06-18,,109.32310625,"v02","es",,,,"Mazapa de Madero",15.35838811,-92.18403509,,
"Mazapil",,,,"MX32026","Zacatecas",,,,"MX32","México",,,,"MX",2021-06-18,,12116.57154643,"v02","es",,,,"Mazapil",24.38080873,-101.97897225,,
"Mazapiltepec de Juárez",,,,"MX21096","Puebla",,,,"MX21","México",,,,"MX",2021-06-18,,55.44968414,"v02","es",,,,"Mazapiltepec de Juarez",19.14524265,-97.67894488,3.38361846258882,0.596930608504523
"Mazatán",,,,"MX07054","Chiapas",,,,"MX07","México",,,,"MX",2021-06-18,,381.52452127,"v02","es",,,,"Mazatan",14.87741454,-92.48641487,,
"Mazatán",,,,"MX26037","Sonora",,,,"MX26","México",,,,"MX",2021-06-18,,683.00692595,"v02","es",,,,"Mazatan",28.93120376,-110.35608743,,
"Mazatecochco de José María Morelos",,,,"MX29017","Tlaxcala",,,,"MX29","México",,,,"MX",2021-06-18,,14.64205099,"v02","es",,,,"Mazatecochco de Jose Maria Morelos",19.192127,-98.16541932,3.4966601794424,0.741575498517766
"Mazatepec",,,,"MX17014","Morelos",,,,"MX17","México",,,,"MX",2021-06-18,,57.88923329,"v02","es",,,,"Mazatepec",18.68755524,-99.35844671,3.94122214023692,1.92023925762483
"Mazatlán",,,,"MX25012","Sinaloa",,,,"MX25","México",,,,"MX",2021-06-18,,2518.44941075,"v02","es",,,,"Mazatlan",23.47990452,-106.41163328,,
"Mazatlán Villa de Flores",,,,"MX20058","Oaxaca",,,,"MX20","México",,,,"MX",2021-06-18,,182.19208159,"v02","es",,,,"Mazatlan Villa de Flores",18.01487761,-96.90708728,3.34452651856616,0.540611619377061
"Mecatlán",,,,"MX30103","Veracruz de Ignacio de la Llave",,,,"MX30","México",,,,"MX",2021-06-18,,43.62258033,"v02","es",,,,"Mecatlan",20.20963365,-97.66602715,,
"Mecayapan",,,,"MX30104","Veracruz de Ignacio de la Llave",,,,"MX30","México",,,,"MX",2021-06-18,,296.45017087,"v02","es",,,,"Mecayapan",18.49787563,-94.85194162,,
"Medellín",,,,"MX30105","Veracruz de Ignacio de la Llave",,,,"MX30","México",,,,"MX",2021-06-18,,397.22387494,"v02","es",,,,"Medellin",18.99231461,-96.13774055,,
"Melchor Ocampo",,,,"MX15053","México",,,,"MX15","México",,,,"MX",2021-06-18,,14.01721107,"v02","es",,,,"Melchor Ocampo",19.70806907,-99.13173289,3.4271299188422,0.642008931769651
"Melchor Ocampo",,,,"MX19035","Nuevo León",,,,"MX19","México",,,,"MX",2021-06-18,,207.80014052,"v02","es",,,,"Melchor Ocampo",26.04444307,-99.49383638,,
"Melchor Ocampo",,,,"MX32027","Zacatecas",,,,"MX32","México",,,,"MX",2021-06-18,,1881.41196,"v02","es",,,,"Melchor Ocampo",24.90006299,-101.97660553,,
"Méndez",,,,"MX28023","Tamaulipas",,,,"MX28","México",,,,"MX",2021-06-18,,2533.09979903,"v02","es",,,,"Mendez",25.20661317,-98.48735379,,
"Meoqui",,,,"MX08045","Chihuahua",,,,"MX08","México",,,,"MX",2021-06-18,,429.16733332,"v02","es",,,,"Meoqui",28.35839421,-105.52152579,,
"Mérida",,,,"MX31050","Yucatán",,,,"MX31","México",,,,"MX",2021-06-18,,883.39794167,"v02","es",,,,"Merida",20.94434386,-89.65119809,,
"Mesones Hidalgo",,,,"MX20037","Oaxaca",,,,"MX20","México",,,,"MX",2021-06-18,,174.72497123,"v02","es",,,,"Mesones Hidalgo",16.91811713,-98.01869638,3.9430364271134,2.06414128457696
"Metapa",,,,"MX07055","Chiapas",,,,"MX07","México",,,,"MX",2021-06-18,,22.69690942,"v02","es",,,,"Metapa",14.82216058,-92.20084281,,
"Metepec",,,,"MX13035","Hidalgo",,,,"MX13","México",,,,"MX",2021-06-18,,146.34035238,"v02","es",,,,"Metepec",20.25869584,-98.34469734,,
"Metepec",,,,"MX15054","México",,,,"MX15","México",,,,"MX",2021-06-18,,67.36260028,"v02","es",,,,"Metepec",19.2511338,-99.59372819,3.67180650406236,1.06556432725981
"Metlatónoc",,,,"MX12043","Guerrero",,,,"MX12","México",,,,"MX",2021-06-18,,601.60137923,"v02","es",,,,"Metlatonoc",17.12395959,-98.55811274,4.2609489173309,3.73176480094606
"Metztitlán",,,,"MX13037","Hidalgo",,,,"MX13","México",,,,"MX",2021-06-18,,796.90978139,"v02","es",,,,"Metztitlan",20.56465231,-98.82910325,,
"Mexicali",,,,"MX02002","Baja California",,,,"MX02","México",,,,"MX",2021-06-18,,15583.73036544,"v02","es",,,,"Mexicali",31.79204312,-115.26359432,,
"Mexicaltzingo",,,,"MX15055","México",,,,"MX15","México",,,,"MX",2021-06-18,,11.2887594,"v02","es",,,,"Mexicaltzingo",19.21000274,-99.58138451,3.68954975529776,1.10627150017593
"Mexquitic de Carmona",,,,"MX24021","San Luis Potosí",,,,"MX24","México",,,,"MX",2021-06-18,,877.096816,"v02","es",,,,"Mexquitic de Carmona",22.25462088,-101.1799841,,
"Mexticacán",,,,"MX14060","Jalisco",,,,"MX14","México",,,,"MX",2021-06-18,,287.00291401,"v02","es",,,,"Mexticacan",21.27831616,-102.75167143,,
"Mezquital",,,,"MX10014","Durango",,,,"MX10","México",,,,"MX",2021-06-18,,8373.42524403,"v02","es",,,,"Mezquital",23.05670656,-104.53755153,,
"Mezquital del Oro",,,,"MX32028","Zacatecas",,,,"MX32","México",,,,"MX",2021-06-18,,486.49214137,"v02","es",,,,"Mezquital del Oro",21.1939856,-103.3597817,,
"Mezquitic",,,,"MX14061","Jalisco",,,,"MX14","México",,,,"MX",2021-06-18,,3363.58825546,"v02","es",,,,"Mezquitic",22.23134941,-104.11028477,,
"Miacatlán",,,,"MX17015","Morelos",,,,"MX17","México",,,,"MX",2021-06-18,,215.45635864,"v02","es",,,,"Miacatlan",18.80386626,-99.36134828,3.87946553417592,1.67363779472792
"Miahuatlán",,,,"MX30106","Veracruz de Ignacio de la Llave",,,,"MX30","México",,,,"MX",2021-06-18,,29.47265344,"v02","es",,,,"Miahuatlan",19.731146,-96.8826523,2.78319194763098,0.245779374140258
"Miahuatlán de Porfirio Díaz",,,,"MX20059","Oaxaca",,,,"MX20","México",,,,"MX",2021-06-18,,467.39140144,"v02","es",,,,"Miahuatlan de Porfirio Diaz",16.36108158,-96.58505125,3.6006593338611,0.837412370796061
"Mier",,,,"MX28024","Tamaulipas",,,,"MX28","México",,,,"MX",2021-06-18,,922.68500938,"v02","es",,,,"Mier",26.41693733,-99.25929956,,
"Mier y Noriega",,,,"MX19036","Nuevo León",,,,"MX19","México",,,,"MX",2021-06-18,,997.91176741,"v02","es",,,,"Mier y Noriega",23.40224319,-100.13893559,,
"Miguel Alemán",,,,"MX28025","Tamaulipas",,,,"MX28","México",,,,"MX",2021-06-18,,638.62663217,"v02","es",,,,"Miguel Aleman",26.23001305,-99.08191549,,
"Miguel Auza",,,,"MX32029","Zacatecas",,,,"MX32","México",,,,"MX",2021-06-18,,1105.82609035,"v02","es",,,,"Miguel Auza",24.16227712,-103.46264392,,
"Miguel Hidalgo",,,,"MX09016","Distrito Federal",,,,"MX09","México",,,,"MX",2021-06-18,,46.39188126,"v02","es",,,,"Miguel Hidalgo",19.42966464,-99.19867508,3.56212365791946,0.846820845538774
"Milpa Alta",,,,"MX09009","Distrito Federal",,,,"MX09","México",,,,"MX",2021-06-18,,298.24825164,"v02","es",,,,"Milpa Alta",19.13802804,-99.05892023,3.6782684955689,1.08141551356627
"Mina",,,,"MX19037","Nuevo León",,,,"MX19","México",,,,"MX",2021-06-18,,3859.95489175,"v02","es",,,,"Mina",26.29938691,-100.80250462,,
"Minatitlán",,,,"MX06008","Colima",,,,"MX06","México",,,,"MX",2021-06-18,,414.89835447,"v02","es",,,,"Minatitlan",19.37317659,-104.00082937,,
"Minatitlán",,,,"MX30108","Veracruz de Ignacio de la Llave",,,,"MX30","México",,,,"MX",2021-06-18,,2077.5644712,"v02","es",,,,"Minatitlan",17.64702534,-94.32620043,,
"Mineral de la Reforma",,,,"MX13051","Hidalgo",,,,"MX13","México",,,,"MX",2021-06-18,,114.01559731,"v02","es",,,,"Mineral de la Reforma",20.06070887,-98.73068135,3.17113875402079,0.433744550779013
"Mineral del Chico",,,,"MX13038","Hidalgo",,,,"MX13","México",,,,"MX",2021-06-18,,192.14153191,"v02","es",,,,"Mineral del Chico",20.22059752,-98.74535307,,
"Mineral del Monte",,,,"MX13039","Hidalgo",,,,"MX13","México",,,,"MX",2021-06-18,,53.42708746,"v02","es",,,,"Mineral del Monte",20.14774219,-98.67432228,3.12674474594128,0.405835698285234
"Miquihuana",,,,"MX28026","Tamaulipas",,,,"MX28","México",,,,"MX",2021-06-18,,885.3337091,"v02","es",,,,"Miquihuana",23.58602234,-99.79346822,,
"Misantla",,,,"MX30109","Veracruz de Ignacio de la Llave",,,,"MX30","México",,,,"MX",2021-06-18,,523.39676417,"v02","es",,,,"Misantla",19.95910088,-96.85806232,2.66628758957543,0.206417539935219
"Mitontic",,,,"MX07056","Chiapas",,,,"MX07","México",,,,"MX",2021-06-18,,36.53545424,"v02","es",,,,"Mitontic",16.87640216,-92.55918685,,
"Mixistlán de la Reforma",,,,"MX20060","Oaxaca",,,,"MX20","México",,,,"MX",2021-06-18,,67.70690162,"v02","es",,,,"Mixistlan de la Reforma",17.17293834,-96.09160852,,
"Mixquiahuala de Juárez",,,,"MX13041","Hidalgo",,,,"MX13","México",,,,"MX",2021-06-18,,135.86510985,"v02","es",,,,"Mixquiahuala de Juarez",20.23350304,-99.15614224,,
"Mixtla",,,,"MX21097","Puebla",,,,"MX21","México",,,,"MX",2021-06-18,,9.50630591,"v02","es",,,,"Mixtla",18.90445096,-97.8923779,3.45192092838978,0.709678525681784
"Mixtla de Altamirano",,,,"MX30110","Veracruz de Ignacio de la Llave",,,,"MX30","México",,,,"MX",2021-06-18,,66.5086803,"v02","es",,,,"Mixtla de Altamirano",18.60154636,-96.97681551,3.31786994633703,0.536315114658587
"Mixtlán",,,,"MX14062","Jalisco",,,,"MX14","México",,,,"MX",2021-06-18,,630.96547224,"v02","es",,,,"Mixtlan",20.52203651,-104.53352876,,
"Mochitlán",,,,"MX12044","Guerrero",,,,"MX12","México",,,,"MX",2021-06-18,,512.58278395,"v02","es",,,,"Mochitlan",17.34302078,-99.38967721,6.03983837665806,16.0655339126657
"Mocochá",,,,"MX31051","Yucatán",,,,"MX31","México",,,,"MX",2021-06-18,,47.21845748,"v02","es",,,,"Mococha",21.14434055,-89.44691187,,
"Mocorito",,,,"MX25013","Sinaloa",,,,"MX25","México",,,,"MX",2021-06-18,,2800.5628715,"v02","es",,,,"Mocorito",25.36394659,-107.81901762,,
"Moctezuma",,,,"MX24022","San Luis Potosí",,,,"MX24","México",,,,"MX",2021-06-18,,1291.52338674,"v02","es",,,,"Moctezuma",22.70742744,-101.14414457,,
"Moctezuma",,,,"MX26038","Sonora",,,,"MX26","México",,,,"MX",2021-06-18,,1877.53705481,"v02","es",,,,"Moctezuma",29.74879804,-109.70788588,,
"Molango de Escamilla",,,,"MX13042","Hidalgo",,,,"MX13","México",,,,"MX",2021-06-18,,198.26576329,"v02","es",,,,"Molango de Escamilla",20.84851983,-98.76264379,,
"Molcaxac",,,,"MX21098","Puebla",,,,"MX21","México",,,,"MX",2021-06-18,,156.65524867,"v02","es",,,,"Molcaxac",18.67365118,-97.88005359,3.57001126574984,0.886812420800397
"Moloacán",,,,"MX30111","Veracruz de Ignacio de la Llave",,,,"MX30","México",,,,"MX",2021-06-18,,249.59144812,"v02","es",,,,"Moloacan",17.99264056,-94.28232911,,
"Momax",,,,"MX32030","Zacatecas",,,,"MX32","México",,,,"MX",2021-06-18,,161.80770861,"v02","es",,,,"Momax",21.94483321,-103.23674652,,
"Monclova",,,,"MX05018","Coahuila de Zaragoza",,,,"MX05","México",,,,"MX",2021-06-18,,1251.51447321,"v02","es",,,,"Monclova",26.87923993,-101.19923364,,
"Monjas",,,,"MX20061","Oaxaca",,,,"MX20","México",,,,"MX",2021-06-18,,22.42658311,"v02","es",,,,"Monjas",16.37440466,-96.63274912,3.52723627534857,0.747760116629502
"Monte Escobedo",,,,"MX32031","Zacatecas",,,,"MX32","México",,,,"MX",2021-06-18,,1599.69455791,"v02","es",,,,"Monte Escobedo",22.37984113,-103.47220072,,
"Montecristo de Guerrero",,,,"MX07117","Chiapas",,,,"MX07","México",,,,"MX",2021-06-18,,197.89994597,"v02","es",,,,"Montecristo de Guerrero",15.67783665,-92.66163095,,
"Montemorelos",,,,"MX19038","Nuevo León",,,,"MX19","México",,,,"MX",2021-06-18,,1868.95816824,"v02","es",,,,"Montemorelos",25.16329249,-99.90360039,,
"Monterrey",,,,"MX19039","Nuevo León",,,,"MX19","México",,,,"MX",2021-06-18,,324.77702403,"v02","es",,,,"Monterrey",25.6397837,-100.29310166,,
"Morelia",,,,"MX16053","Michoacán de Ocampo",,,,"MX16","México",,,,"MX",2021-06-18,,1192.25198632,"v02","es",,,,"Morelia",19.65460044,-101.26237976,3.25211495257111,0.491143555075835
"Morelos",,,,"MX05019","Coahuila de Zaragoza",,,,"MX05","México",,,,"MX",2021-06-18,,639.1441089,"v02","es",,,,"Morelos",28.33717065,-101.11834288,,
"Morelos",,,,"MX08046","Chihuahua",,,,"MX08","México",,,,"MX",2021-06-18,,2183.00935224,"v02","es",,,,"Morelos",26.55078501,-107.75508573,,
"Morelos",,,,"MX15056","México",,,,"MX15","México",,,,"MX",2021-06-18,,235.83480094,"v02","es",,,,"Morelos",19.7569142,-99.66168848,3.43775319490713,0.65712079827636
"Morelos",,,,"MX16054","Michoacán de Ocampo",,,,"MX16","México",,,,"MX",2021-06-18,,183.39241068,"v02","es",,,,"Morelos",19.99191583,-101.44234342,3.04182263013977,0.357819489916186
"Morelos",,,,"MX32032","Zacatecas",,,,"MX32","México",,,,"MX",2021-06-18,,180.91789021,"v02","es",,,,"Morelos",22.85566869,-102.68261879,,
"Moris",,,,"MX08047","Chihuahua",,,,"MX08","México",,,,"MX",2021-06-18,,1807.07768889,"v02","es",,,,"Moris",28.16515371,-108.75516575,,
"Moroleón",,,,"MX11021","Guanajuato",,,,"MX11","México",,,,"MX",2021-06-18,,159.74946249,"v02","es",,,,"Moroleon",20.08442307,-101.25845835,3.04899538716932,0.361689496299773
"Motozintla",,,,"MX07057","Chiapas",,,,"MX07","México",,,,"MX",2021-06-18,,584.2997899,"v02","es",,,,"Motozintla",15.30508277,-92.34880368,,
"Motul",,,,"MX31052","Yucatán",,,,"MX31","México",,,,"MX",2021-06-18,,320.60063412,"v02","es",,,,"Motul",21.16538434,-89.33729871,,
"Moyahua de Estrada",,,,"MX32033","Zacatecas",,,,"MX32","México",,,,"MX",2021-06-18,,540.25460572,"v02","es",,,,"Moyahua de Estrada",21.19635082,-103.18253907,,
"Múgica",,,,"MX16055","Michoacán de Ocampo",,,,"MX16","México",,,,"MX",2021-06-18,,377.57331967,"v02","es",,,,"Mugica",18.96739354,-102.13102929,3.25955954237074,0.494879622078905
"Mulegé",,,,"MX03002","Baja California Sur",,,,"MX03","México",,,,"MX",2021-06-18,,30873.38590519,"v02","es",,,,"Mulege",27.20546194,-113.32256771,,
"Muna",,,,"MX31053","Yucatán",,,,"MX31","México",,,,"MX",2021-06-18,,397.33878568,"v02","es",,,,"Muna",20.46803646,-89.73191339,,
"Muñoz de Domingo Arenas",,,,"MX29011","Tlaxcala",,,,"MX29","México",,,,"MX",2021-06-18,,36.378396,"v02","es",,,,"Munoz de Domingo Arenas",19.50065718,-98.22101169,3.31200258751169,0.538999918722073
"Muxupip",,,,"MX31054","Yucatán",,,,"MX31","México",,,,"MX",2021-06-18,,71.6387878,"v02","es",,,,"Muxupip",21.05555884,-89.32321684,,
"Múzquiz",,,,"MX05020","Coahuila de Zaragoza",,,,"MX05","México",,,,"MX",2021-06-18,,8288.43373009,"v02","es",,,,"Muzquiz",28.34926669,-101.67409215,,
"Nacajuca",,,,"MX27013","Tabasco",,,,"MX27","México",,,,"MX",2021-06-18,,528.56607342,"v02","es",,,,"Nacajuca",18.16127043,-92.9093366,,
"Naco",,,,"MX26039","Sonora",,,,"MX26","México",,,,"MX",2021-06-18,,1237.87920871,"v02","es",,,,"Naco",31.17833102,-109.88427399,,
"Nácori Chico",,,,"MX26040","Sonora",,,,"MX26","México",,,,"MX",2021-06-18,,2832.65476526,"v02","es",,,,"Nacori Chico",29.62073453,-108.91242006,,
"Nacozari de García",,,,"MX26041","Sonora",,,,"MX26","México",,,,"MX",2021-06-18,,1735.76450798,"v02","es",,,,"Nacozari de Garcia",30.48537625,-109.47208578,,
"Nadadores",,,,"MX05021","Coahuila de Zaragoza",,,,"MX05","México",,,,"MX",2021-06-18,,716.57471443,"v02","es",,,,"Nadadores",27.23065304,-101.77089461,,
"Nahuatzen",,,,"MX16056","Michoacán de Ocampo",,,,"MX16","México",,,,"MX",2021-06-18,,304.15465156,"v02","es",,,,"Nahuatzen",19.64975439,-101.87739481,3.07211205082613,0.374399263325377
"Namiquipa",,,,"MX08048","Chihuahua",,,,"MX08","México",,,,"MX",2021-06-18,,4859.96538701,"v02","es",,,,"Namiquipa",29.16254815,-107.34743865,,
"Nanacamilpa de Mariano Arista",,,,"MX29021","Tlaxcala",,,,"MX29","México",,,,"MX",2021-06-18,,108.22990045,"v02","es",,,,"Nanacamilpa de Mariano Arista",19.50803152,-98.54324081,3.47134913888068,0.693787520098551
"Nanchital de Lázaro Cárdenas del Río",,,,"MX30206","Veracruz de Ignacio de la Llave",,,,"MX30","México",,,,"MX",2021-06-18,,26.90603676,"v02","es",,,,"Nanchital de Lazaro Cardenas del Rio",18.06548812,-94.38046683,,
"Naolinco",,,,"MX30112","Veracruz de Ignacio de la Llave",,,,"MX30","México",,,,"MX",2021-06-18,,108.40936184,"v02","es",,,,"Naolinco",19.63884581,-96.85586707,2.83295718490897,0.264766129198817
"Naranjal",,,,"MX30113","Veracruz de Ignacio de la Llave",,,,"MX30","México",,,,"MX",2021-06-18,,18.58972032,"v02","es",,,,"Naranjal",18.79808296,-96.94997205,3.31115870110377,0.532678514542865
"Naranjos Amatlán",,,,"MX30013","Veracruz de Ignacio de la Llave",,,,"MX30","México",,,,"MX",2021-06-18,,135.95279941,"v02","es",,,,"Naranjos Amatlan",21.30867997,-97.67644104,,
"Natividad",,,,"MX20062","Oaxaca",,,,"MX20","México",,,,"MX",2021-06-18,,2.2124573,"v02","es",,,,"Natividad",17.30241955,-96.42505783,3.31305716238657,0.544288632465915
"Natívitas",,,,"MX29023","Tlaxcala",,,,"MX29","México",,,,"MX",2021-06-18,,52.49787023,"v02","es",,,,"Nativitas",19.23016578,-98.33794038,3.44687293739954,0.697796133370708
"Naucalpan de Juárez",,,,"MX15057","México",,,,"MX15","México",,,,"MX",2021-06-18,,157.93302303,"v02","es",,,,"Naucalpan de Juarez",19.47436575,-99.29124494,3.54933620199029,0.824862825340219
"Naupan",,,,"MX21100","Puebla",,,,"MX21","México",,,,"MX",2021-06-18,,61.09474398,"v02","es",,,,"Naupan",20.23787907,-98.11680176,,
"Nautla",,,,"MX30114","Veracruz de Ignacio de la Llave",,,,"MX30","México",,,,"MX",2021-06-18,,354.37259555,"v02","es",,,,"Nautla",20.1202658,-96.80237538,2.61528730093583,0.191322830981871
"Nauzontla",,,,"MX21101","Puebla",,,,"MX21","México",,,,"MX",2021-06-18,,27.62053664,"v02","es",,,,"Nauzontla",19.96202938,-97.58697095,2.87811298280467,0.282772783904615
"Nava",,,,"MX05022","Coahuila de Zaragoza",,,,"MX05","México",,,,"MX",2021-06-18,,907.93131906,"v02","es",,,,"Nava",28.49313207,-100.64294382,,
"Navojoa",,,,"MX26042","Sonora",,,,"MX26","México",,,,"MX",2021-06-18,,2808.72610907,"v02","es",,,,"Navojoa",27.0265701,-109.40226687,,
"Navolato",,,,"MX25018","Sinaloa",,,,"MX25","México",,,,"MX",2021-06-18,,2060.3631961,"v02","es",,,,"Navolato",24.74931102,-107.7230459,,
"Nazareno Etla",,,,"MX20063","Oaxaca",,,,"MX20","México",,,,"MX",2021-06-18,,4.28408199,"v02","es",,,,"Nazareno Etla",17.18165883,-96.82864316,3.52361844550131,0.748734357202742
"Nazas",,,,"MX10015","Durango",,,,"MX10","México",,,,"MX",2021-06-18,,2387.4744472,"v02","es",,,,"Nazas",25.27097348,-104.07327288,,
"Nealtican",,,,"MX21102","Puebla",,,,"MX21","México",,,,"MX",2021-06-18,,18.87920831,"v02","es",,,,"Nealtican",19.05803627,-98.44413859,3.56009413485129,0.874045335190189
"Nejapa de Madero",,,,"MX20064","Oaxaca",,,,"MX20","México",,,,"MX",2021-06-18,,504.44351422,"v02","es",,,,"Nejapa de Madero",16.56316519,-95.99304613,,
"Nextlalpan",,,,"MX15059","México",,,,"MX15","México",,,,"MX",2021-06-18,,54.69613359,"v02","es",,,,"Nextlalpan",19.72627946,-99.07887249,3.41202201501273,0.623141502477829
"Nezahualcóyotl",,,,"MX15058","México",,,,"MX15","México",,,,"MX",2021-06-18,,63.26703641,"v02","es",,,,"Nezahualcoyotl",19.43250475,-99.03521209,3.54474094097143,0.81699250182822
"Nicolás Bravo",,,,"MX21103","Puebla",,,,"MX21","México",,,,"MX",2021-06-18,,108.40332755,"v02","es",,,,"Nicolas Bravo",18.61352542,-97.31705569,3.42460738325991,0.645158812504682
"Nicolás Flores",,,,"MX13043","Hidalgo",,,,"MX13","México",,,,"MX",2021-06-18,,249.70425385,"v02","es",,,,"Nicolas Flores",20.79460852,-99.16853151,,
"Nicolás Romero",,,,"MX15060","México",,,,"MX15","México",,,,"MX",2021-06-18,,232.58033246,"v02","es",,,,"Nicolas Romero",19.63415399,-99.36875275,3.48433713854974,0.721715873809991
"Nicolás Ruíz",,,,"MX07058","Chiapas",,,,"MX07","México",,,,"MX",2021-06-18,,29.52778641,"v02","es",,,,"Nicolas Ruiz",16.4367725,-92.59517543,,
"Nochistlán de Mejía",,,,"MX32034","Zacatecas",,,,"MX32","México",,,,"MX",2021-06-18,,877.66216216,"v02","es",,,,"Nochistlan de Mejia",21.43611305,-102.82726623,,
"Nocupétaro",,,,"MX16057","Michoacán de Ocampo",,,,"MX16","México",,,,"MX",2021-06-18,,545.52114563,"v02","es",,,,"Nocupetaro",19.07780923,-101.2097025,3.52876030270926,0.791878750719583
"Nogales",,,,"MX26043","Sonora",,,,"MX26","México",,,,"MX",2021-06-18,,1754.14672773,"v02","es",,,,"Nogales",31.19593737,-111.01870944,,
"Nogales",,,,"MX30115","Veracruz de Ignacio de la Llave",,,,"MX30","México",,,,"MX",2021-06-18,,64.44910381,"v02","es",,,,"Nogales",18.83468628,-97.20166266,3.34568428618205,0.561328966015103
"Nombre de Dios",,,,"MX10016","Durango",,,,"MX10","México",,,,"MX",2021-06-18,,1185.87589422,"v02","es",,,,"Nombre de Dios",23.84122044,-104.22038125,,
"Nonoava",,,,"MX08049","Chihuahua",,,,"MX08","México",,,,"MX",2021-06-18,,2000.88903448,"v02","es",,,,"Nonoava",27.44964273,-106.67261428,,
"Nopala de Villagrán",,,,"MX13044","Hidalgo",,,,"MX13","México",,,,"MX",2021-06-18,,341.314991,"v02","es",,,,"Nopala de Villagran",20.2328518,-99.67471695,,
"Nopaltepec",,,,"MX15061","México",,,,"MX15","México",,,,"MX",2021-06-18,,82.62442171,"v02","es",,,,"Nopaltepec",19.80054088,-98.72616064,3.30831385266399,0.531649913218003
"Nopalucan",,,,"MX21104","Puebla",,,,"MX21","México",,,,"MX",2021-06-18,,167.49975591,"v02","es",,,,"Nopalucan",19.19348224,-97.82557014,3.30658917874251,0.539423034068037
"Noria de Ángeles",,,,"MX32035","Zacatecas",,,,"MX32","México",,,,"MX",2021-06-18,,408.47671073,"v02","es",,,,"Noria de Angeles",22.39850913,-101.95555284,,
"Nuevo Casas Grandes",,,,"MX08050","Chihuahua",,,,"MX08","México",,,,"MX",2021-06-18,,2602.17636217,"v02","es",,,,"Nuevo Casas Grandes",30.50629598,-107.66542566,,
"Nuevo Ideal",,,,"MX10039","Durango",,,,"MX10","México",,,,"MX",2021-06-18,,1851.65713406,"v02","es",,,,"Nuevo Ideal",24.83919639,-105.00292489,,
"Nuevo Laredo",,,,"MX28027","Tamaulipas",,,,"MX28","México",,,,"MX",2021-06-18,,1223.31259279,"v02","es",,,,"Nuevo Laredo",27.47497396,-99.67672089,,
"Nuevo Morelos",,,,"MX28028","Tamaulipas",,,,"MX28","México",,,,"MX",2021-06-18,,303.0205022,"v02","es",,,,"Nuevo Morelos",22.51475754,-99.20448142,,
"Nuevo Parangaricutiro",,,,"MX16058","Michoacán de Ocampo",,,,"MX16","México",,,,"MX",2021-06-18,,234.98868839,"v02","es",,,,"Nuevo Parangaricutiro",19.39309146,-102.18369007,3.05752899345438,0.366389417195088
"Nuevo Urecho",,,,"MX16059","Michoacán de Ocampo",,,,"MX16","México",,,,"MX",2021-06-18,,330.40246194,"v02","es",,,,"Nuevo Urecho",19.15865497,-101.86626419,3.29334264200896,0.520504656519132
"Nuevo Zoquiápam",,,,"MX20504","Oaxaca",,,,"MX20","México",,,,"MX",2021-06-18,,100.65189569,"v02","es",,,,"Nuevo Zoquiapam",17.24917797,-96.65646762,3.40531710299473,0.618879135142633
"Numarán",,,,"MX16060","Michoacán de Ocampo",,,,"MX16","México",,,,"MX",2021-06-18,,76.90529788,"v02","es",,,,"Numaran",20.2583311,-101.96824518,,
"Oaxaca de Juárez",,,,"MX20067","Oaxaca",,,,"MX20","México",,,,"MX",2021-06-18,,89.5254311,"v02","es",,,,"Oaxaca de Juarez",17.09658687,-96.7207816,3.50354774593923,0.718694885305656
"Ocampo",,,,"MX05023","Coahuila de Zaragoza",,,,"MX05","México",,,,"MX",2021-06-18,,26022.51598897,"v02","es",,,,"Ocampo",28.0529459,-102.97291037,,
"Ocampo",,,,"MX08051","Chihuahua",,,,"MX08","México",,,,"MX",2021-06-18,,1795.70286848,"v02","es",,,,"Ocampo",28.14549055,-108.18103323,,
"Ocampo",,,,"MX10017","Durango",,,,"MX10","México",,,,"MX",2021-06-18,,3643.98020127,"v02","es",,,,"Ocampo",26.4572807,-105.38076014,,
"Ocampo",,,,"MX11022","Guanajuato",,,,"MX11","México",,,,"MX",2021-06-18,,1026.26960681,"v02","es",,,,"Ocampo",21.60428227,-101.47623934,,
"Ocampo",,,,"MX16061","Michoacán de Ocampo",,,,"MX16","México",,,,"MX",2021-06-18,,142.25667002,"v02","es",,,,"Ocampo",19.58566528,-100.32409252,3.48374197029222,0.720793086025146
"Ocampo",,,,"MX28029","Tamaulipas",,,,"MX28","México",,,,"MX",2021-06-18,,1477.1436065,"v02","es",,,,"Ocampo",22.84361202,-99.32990957,,
"Ocosingo",,,,"MX07059","Chiapas",,,,"MX07","México",,,,"MX",2021-06-18,,9567.302426,"v02","es",,,,"Ocosingo",16.65699324,-91.19243681,,
"Ocotepec",,,,"MX07060","Chiapas",,,,"MX07","México",,,,"MX",2021-06-18,,61.13873702,"v02","es",,,,"Ocotepec",17.22646564,-93.17309181,,
"Ocotepec",,,,"MX21105","Puebla",,,,"MX21","México",,,,"MX",2021-06-18,,67.17275689,"v02","es",,,,"Ocotepec",19.55079638,-97.67070351,3.17155928820437,0.435414086865072
"Ocotlán",,,,"MX14063","Jalisco",,,,"MX14","México",,,,"MX",2021-06-18,,242.71872245,"v02","es",,,,"Ocotlan",20.38720335,-102.7336193,,
"Ocotlán de Morelos",,,,"MX20068","Oaxaca",,,,"MX20","México",,,,"MX",2021-06-18,,119.49560035,"v02","es",,,,"Ocotlan de Morelos",16.78469898,-96.66817652,3.49539635326014,0.754407646616293
"Ocoyoacac",,,,"MX15062","México",,,,"MX15","México",,,,"MX",2021-06-18,,139.31238298,"v02","es",,,,"Ocoyoacac",19.25873737,-99.41777788,3.65752052366087,1.03401114660123
"Ocoyucan",,,,"MX21106","Puebla",,,,"MX21","México",,,,"MX",2021-06-18,,119.79208511,"v02","es",,,,"Ocoyucan",18.93007226,-98.32172725,3.62458223050095,0.978106708074954
"Ocozocoautla de Espinosa",,,,"MX07061","Chiapas",,,,"MX07","México",,,,"MX",2021-06-18,,2033.31516129,"v02","es",,,,"Ocozocoautla de Espinosa",16.79499382,-93.45830653,,
"Ocuilan",,,,"MX15063","México",,,,"MX15","México",,,,"MX",2021-06-18,,385.85741701,"v02","es",,,,"Ocuilan",19.00133125,-99.39501587,3.77930668688541,1.34446077444215
"Ocuituco",,,,"MX17016","Morelos",,,,"MX17","México",,,,"MX",2021-06-18,,86.54529682,"v02","es",,,,"Ocuituco",18.87911196,-98.77728338,3.78054410527708,1.3225707588347
"Ojinaga",,,,"MX08052","Chihuahua",,,,"MX08","México",,,,"MX",2021-06-18,,6783.66376227,"v02","es",,,,"Ojinaga",29.54481374,-104.58807302,,
"Ojocaliente",,,,"MX32036","Zacatecas",,,,"MX32","México",,,,"MX",2021-06-18,,644.81187919,"v02","es",,,,"Ojocaliente",22.56554918,-102.23191652,,
"Ojuelos de Jalisco",,,,"MX14064","Jalisco",,,,"MX14","México",,,,"MX",2021-06-18,,1155.74560292,"v02","es",,,,"Ojuelos de Jalisco",21.78635145,-101.67889736,,
"Olinalá",,,,"MX12045","Guerrero",,,,"MX12","México",,,,"MX",2021-06-18,,706.91232369,"v02","es",,,,"Olinala",17.88258395,-98.774691,4.11025877803735,3.12312754704216
"Olintla",,,,"MX21107","Puebla",,,,"MX21","México",,,,"MX",2021-06-18,,63.0432447,"v02","es",,,,"Olintla",20.11409304,-97.6703047,2.87205635059269,0.281683881669941
"Oluta",,,,"MX30116","Veracruz de Ignacio de la Llave",,,,"MX30","México",,,,"MX",2021-06-18,,78.01599653,"v02","es",,,,"Oluta",17.89593377,-94.90486834,,
"Omealca",,,,"MX30117","Veracruz de Ignacio de la Llave",,,,"MX30","México",,,,"MX",2021-06-18,,213.80633889,"v02","es",,,,"Omealca",18.70904467,-96.67594008,3.16503227570855,0.428936744358734
"Ometepec",,,,"MX12046","Guerrero",,,,"MX12","México",,,,"MX",2021-06-18,,597.70450118,"v02","es",,,,"Ometepec",16.6725229,-98.41261584,4.2020667740293,3.42566867577034
"Omitlán de Juárez",,,,"MX13045","Hidalgo",,,,"MX13","México",,,,"MX",2021-06-18,,79.73465482,"v02","es",,,,"Omitlan de Juarez",20.18387819,-98.63821187,3.11574606551357,0.399249128920864
"Onavas",,,,"MX26044","Sonora",,,,"MX26","México",,,,"MX",2021-06-18,,534.15703425,"v02","es",,,,"Onavas",28.45685217,-109.49492279,,
"Opichén",,,,"MX31055","Yucatán",,,,"MX31","México",,,,"MX",2021-06-18,,259.3887259,"v02","es",,,,"Opichen",20.54991595,-89.84565525,,
"Opodepe",,,,"MX26045","Sonora",,,,"MX26","México",,,,"MX",2021-06-18,,2224.26537213,"v02","es",,,,"Opodepe",30.03487321,-110.87447453,,
"Oquitoa",,,,"MX26046","Sonora",,,,"MX26","México",,,,"MX",2021-06-18,,916.38202392,"v02","es",,,,"Oquitoa",30.79337237,-111.71353474,,
"Oriental",,,,"MX21108","Puebla",,,,"MX21","México",,,,"MX",2021-06-18,,239.58309798,"v02","es",,,,"Oriental",19.32778434,-97.56462248,3.35473414665705,0.570247311984796
"Orizaba",,,,"MX30118","Veracruz de Ignacio de la Llave",,,,"MX30","México",,,,"MX",2021-06-18,,27.68452174,"v02","es",,,,"Orizaba",18.85923291,-97.1106538,3.29757866076318,0.522950110268307
"Ostuacán",,,,"MX07062","Chiapas",,,,"MX07","México",,,,"MX",2021-06-18,,560.83904026,"v02","es",,,,"Ostuacan",17.4440999,-93.34908504,,
"Osumacinta",,,,"MX07063","Chiapas",,,,"MX07","México",,,,"MX",2021-06-18,,92.29735857,"v02","es",,,,"Osumacinta",16.89622117,-93.09196256,,
"Otáez",,,,"MX10019","Durango",,,,"MX10","México",,,,"MX",2021-06-18,,1709.89887296,"v02","es",,,,"Otaez",24.71218849,-105.91786971,,
"Otatitlán",,,,"MX30119","Veracruz de Ignacio de la Llave",,,,"MX30","México",,,,"MX",2021-06-18,,46.67167778,"v02","es",,,,"Otatitlan",18.17199205,-96.02776063,,
"Oteapan",,,,"MX30120","Veracruz de Ignacio de la Llave",,,,"MX30","México",,,,"MX",2021-06-18,,22.3294179,"v02","es",,,,"Oteapan",17.98742125,-94.67207133,,
"Othón P. Blanco",,,,"MX23004","Quintana Roo",,,,"MX23","México",,,,"MX",2021-06-18,,8585.32533317,"v02","es",,,,"Othon P. Blanco",18.43753888,-88.82565445,,
"Otumba",,,,"MX15065","México",,,,"MX15","México",,,,"MX",2021-06-18,,141.91142387,"v02","es",,,,"Otumba",19.65709398,-98.74015495,3.40065790838696,0.611370525929356
"Otzoloapan",,,,"MX15066","México",,,,"MX15","México",,,,"MX",2021-06-18,,157.03861556,"v02","es",,,,"Otzoloapan",19.09865205,-100.33693346,3.70330820142252,1.1396191899709
"Otzolotepec",,,,"MX15067","México",,,,"MX15","México",,,,"MX",2021-06-18,,112.34998185,"v02","es",,,,"Otzolotepec",19.44444472,-99.52278203,3.57215109501732,0.86500555967954
"Oxchuc",,,,"MX07064","Chiapas",,,,"MX07","México",,,,"MX",2021-06-18,,416.46696802,"v02","es",,,,"Oxchuc",16.79635264,-92.30688308,,
"Oxkutzcab",,,,"MX31056","Yucatán",,,,"MX31","México",,,,"MX",2021-06-18,,862.95558748,"v02","es",,,,"Oxkutzcab",20.13935973,-89.5504824,,
"Ozuluama de Mascareñas",,,,"MX30121","Veracruz de Ignacio de la Llave",,,,"MX30","México",,,,"MX",2021-06-18,,1954.40972839,"v02","es",,,,"Ozuluama de Mascarenas",21.69937394,-97.92366672,,
"Ozumba",,,,"MX15068","México",,,,"MX15","México",,,,"MX",2021-06-18,,47.54833753,"v02","es",,,,"Ozumba",19.01599324,-98.79513118,3.69298060902702,1.11499554435652
"Pabellón de Arteaga",,,,"MX01006","Aguascalientes",,,,"MX01","México",,,,"MX",2021-06-18,,197.76204785,"v02","es",,,,"Pabellon de Arteaga",22.10493354,-102.30162452,,
"Pachuca de Soto",,,,"MX13048","Hidalgo",,,,"MX13","México",,,,"MX",2021-06-18,,154.09652199,"v02","es",,,,"Pachuca de Soto",20.10445167,-98.7889158,3.16840642199735,0.431874239222727
"Pacula",,,,"MX13047","Hidalgo",,,,"MX13","México",,,,"MX",2021-06-18,,385.39864934,"v02","es",,,,"Pacula",21.0028779,-99.31349429,,
"Padilla",,,,"MX28030","Tamaulipas",,,,"MX28","México",,,,"MX",2021-06-18,,1358.93301862,"v02","es",,,,"Padilla",23.97880115,-98.81088808,,
"Pahuatlán",,,,"MX21109","Puebla",,,,"MX21","México",,,,"MX",2021-06-18,,98.45594393,"v02","es",,,,"Pahuatlan",20.28763148,-98.14508644,,
"Pajacuarán",,,,"MX16062","Michoacán de Ocampo",,,,"MX16","México",,,,"MX",2021-06-18,,170.36801751,"v02","es",,,,"Pajacuaran",20.15000012,-102.51863232,2.65357916398717,0.200982080818961
"Pajapan",,,,"MX30122","Veracruz de Ignacio de la Llave",,,,"MX30","México",,,,"MX",2021-06-18,,304.58848652,"v02","es",,,,"Pajapan",18.2186788,-94.66359372,,
"Palenque",,,,"MX07065","Chiapas",,,,"MX07","México",,,,"MX",2021-06-18,,2887.54534531,"v02","es",,,,"Palenque",17.45316101,-91.81212312,,
"Palizada",,,,"MX04007","Campeche",,,,"MX04","México",,,,"MX",2021-06-18,,2170.6139623,"v02","es",,,,"Palizada",18.26213023,-91.91452224,,
"Palmar de Bravo",,,,"MX21110","Puebla",,,,"MX21","México",,,,"MX",2021-06-18,,362.2572803,"v02","es",,,,"Palmar de Bravo",18.83755042,-97.51992708,3.39456583088975,0.623789872301591
"Palmillas",,,,"MX28031","Tamaulipas",,,,"MX28","México",,,,"MX",2021-06-18,,479.99352215,"v02","es",,,,"Palmillas",23.26342561,-99.58618914,,
"Panabá",,,,"MX31057","Yucatán",,,,"MX31","México",,,,"MX",2021-06-18,,665.27459085,"v02","es",,,,"Panaba",21.33979233,-88.29954383,,
"Panindícuaro",,,,"MX16063","Michoacán de Ocampo",,,,"MX16","México",,,,"MX",2021-06-18,,289.25419392,"v02","es",,,,"Panindicuaro",20.01814007,-101.76751597,2.93990879907028,0.307679672904597
"Panotla",,,,"MX29024","Tlaxcala",,,,"MX29","México",,,,"MX",2021-06-18,,60.95498508,"v02","es",,,,"Panotla",19.35203491,-98.28062321,3.41198582647842,0.641394880717926
"Pantelhó",,,,"MX07066","Chiapas",,,,"MX07","México",,,,"MX",2021-06-18,,192.53938079,"v02","es",,,,"Pantelho",17.05050583,-92.45543507,,
"Pantepec",,,,"MX07067","Chiapas",,,,"MX07","México",,,,"MX",2021-06-18,,105.67481449,"v02","es",,,,"Pantepec",17.19441424,-93.05246616,,
"Pantepec",,,,"MX21111","Puebla",,,,"MX21","México",,,,"MX",2021-06-18,,220.30229041,"v02","es",,,,"Pantepec",20.58046128,-97.85057826,,
"Pánuco",,,,"MX30123","Veracruz de Ignacio de la Llave",,,,"MX30","México",,,,"MX",2021-06-18,,3166.58878743,"v02","es",,,,"Panuco",22.08052497,-98.23295793,,
"Pánuco",,,,"MX32037","Zacatecas",,,,"MX32","México",,,,"MX",2021-06-18,,682.28897395,"v02","es",,,,"Panuco",22.97860771,-102.47536388,,
"Pánuco de Coronado",,,,"MX10020","Durango",,,,"MX10","México",,,,"MX",2021-06-18,,1026.18298337,"v02","es",,,,"Panuco de Coronado",24.50599583,-104.36226457,,
"Papalotla",,,,"MX15069","México",,,,"MX15","México",,,,"MX",2021-06-18,,3.16161308,"v02","es",,,,"Papalotla",19.55875199,-98.85736638,3.46184613521911,0.688900442215395
"Papalotla de Xicohténcatl",,,,"MX29041","Tlaxcala",,,,"MX29","México",,,,"MX",2021-06-18,,23.24830719,"v02","es",,,,"Papalotla de Xicohtencatl",19.17162172,-98.18907678,3.50279796326993,0.75526307621635
"Papantla",,,,"MX30124","Veracruz de Ignacio de la Llave",,,,"MX30","México",,,,"MX",2021-06-18,,1455.99003763,"v02","es",,,,"Papantla",20.41255581,-97.32628376,,
"Paracho",,,,"MX16065","Michoacán de Ocampo",,,,"MX16","México",,,,"MX",2021-06-18,,244.16700123,"v02","es",,,,"Paracho",19.6542761,-102.05960994,3.00144706103266,0.337223231742815
"Parácuaro",,,,"MX16064","Michoacán de Ocampo",,,,"MX16","México",,,,"MX",2021-06-18,,503.37299698,"v02","es",,,,"Paracuaro",19.07006923,-102.21958356,3.18559149274136,0.443316124196698
"Paraíso",,,,"MX27014","Tabasco",,,,"MX27","México",,,,"MX",2021-06-18,,345.19796061,"v02","es",,,,"Paraiso",18.36230552,-93.20146574,,
"Parás",,,,"MX19040","Nuevo León",,,,"MX19","México",,,,"MX",2021-06-18,,1171.2437722,"v02","es",,,,"Paras",26.62151353,-99.58205579,,
"Parras",,,,"MX05024","Coahuila de Zaragoza",,,,"MX05","México",,,,"MX",2021-06-18,,10620.63662138,"v02","es",,,,"Parras",25.59194602,-102.38397135,,
"Paso de Ovejas",,,,"MX30126","Veracruz de Ignacio de la Llave",,,,"MX30","México",,,,"MX",2021-06-18,,388.06053218,"v02","es",,,,"Paso de Ovejas",19.25749529,-96.43764555,2.83511877137991,0.265687846778974
"Paso del Macho",,,,"MX30125","Veracruz de Ignacio de la Llave",,,,"MX30","México",,,,"MX",2021-06-18,,400.63870346,"v02","es",,,,"Paso del Macho",18.94764372,-96.64397949,3.0386532473462,0.359010263151582
"Pátzcuaro",,,,"MX16066","Michoacán de Ocampo",,,,"MX16","México",,,,"MX",2021-06-18,,438.54128397,"v02","es",,,,"Patzcuaro",19.50174575,-101.66028023,3.23821069936644,0.479891317082129
"Pedro Ascencio Alquisiras",,,,"MX12047","Guerrero",,,,"MX12","México",,,,"MX",2021-06-18,,294.23288725,"v02","es",,,,"Pedro Ascencio Alquisiras",18.52648673,-99.88128326,4.03470234130332,2.37903904809186
"Pedro Escobedo",,,,"MX22012","Querétaro de Arteaga",,,,"MX22","México",,,,"MX",2021-06-18,,323.21162489,"v02","es",,,,"Pedro Escobedo",20.46887142,-100.17162639,,
"Peñamiller",,,,"MX22013","Querétaro de Arteaga",,,,"MX22","México",,,,"MX",2021-06-18,,694.95214313,"v02","es",,,,"Penamiller",21.09126232,-99.85614756,,
"Penjamillo",,,,"MX16067","Michoacán de Ocampo",,,,"MX16","México",,,,"MX",2021-06-18,,371.24726781,"v02","es",,,,"Penjamillo",20.09460562,-101.89873648,2.87426098529235,0.279015476670152
"Pénjamo",,,,"MX11023","Guanajuato",,,,"MX11","México",,,,"MX",2021-06-18,,1561.05723526,"v02","es",,,,"Penjamo",20.40530079,-101.84052118,,
"Peñón Blanco",,,,"MX10021","Durango",,,,"MX10","México",,,,"MX",2021-06-18,,1683.61180809,"v02","es",,,,"Penon Blanco",24.76912131,-104.04282477,,
"Peribán",,,,"MX16068","Michoacán de Ocampo",,,,"MX16","México",,,,"MX",2021-06-18,,331.8052754,"v02","es",,,,"Periban",19.49411143,-102.45601064,2.92331970111373,0.300204813131543
"Perote",,,,"MX30128","Veracruz de Ignacio de la Llave",,,,"MX30","México",,,,"MX",2021-06-18,,609.06987551,"v02","es",,,,"Perote",19.51086406,-97.26853457,3.0274573141573,0.3535157151265
"Pesquería",,,,"MX19041","Nuevo León",,,,"MX19","México",,,,"MX",2021-06-18,,322.80398167,"v02","es",,,,"Pesqueria",25.74694878,-100.00446851,,
"Petatlán",,,,"MX12048","Guerrero",,,,"MX12","México",,,,"MX",2021-06-18,,1967.12604013,"v02","es",,,,"Petatlan",17.6329541,-101.13350945,4.0268849167661,2.36341477374796
"Petlalcingo",,,,"MX21112","Puebla",,,,"MX21","México",,,,"MX",2021-06-18,,232.85814647,"v02","es",,,,"Petlalcingo",18.06280504,-97.90980384,3.82330993492039,1.48235080391721
"Peto",,,,"MX31058","Yucatán",,,,"MX31","México",,,,"MX",2021-06-18,,1055.04130819,"v02","es",,,,"Peto",20.05169588,-88.82868488,,
"Piaxtla",,,,"MX21113","Puebla",,,,"MX21","México",,,,"MX",2021-06-18,,221.18485724,"v02","es",,,,"Piaxtla",18.08501054,-98.22021751,3.93163743013345,1.91573605849127
"Pichucalco",,,,"MX07068","Chiapas",,,,"MX07","México",,,,"MX",2021-06-18,,591.61737975,"v02","es",,,,"Pichucalco",17.50933154,-93.12879805,,
"Piedras Negras",,,,"MX05025","Coahuila de Zaragoza",,,,"MX05","México",,,,"MX",2021-06-18,,474.27558799,"v02","es",,,,"Piedras Negras",28.77372547,-100.61231891,,
"Pihuamo",,,,"MX14065","Jalisco",,,,"MX14","México",,,,"MX",2021-06-18,,874.58231094,"v02","es",,,,"Pihuamo",19.169313,-103.38778653,,
"Pijijiapan",,,,"MX07069","Chiapas",,,,"MX07","México",,,,"MX",2021-06-18,,1747.09039597,"v02","es",,,,"Pijijiapan",15.65327791,-93.13371981,,
"Pilcaya",,,,"MX12049","Guerrero",,,,"MX12","México",,,,"MX",2021-06-18,,162.28155361,"v02","es",,,,"Pilcaya",18.71573307,-99.62390089,3.94848998611965,1.95095889325495
"Pinal de Amoles",,,,"MX22002","Querétaro de Arteaga",,,,"MX22","México",,,,"MX",2021-06-18,,712.05181994,"v02","es",,,,"Pinal de Amoles",21.16650526,-99.62332144,,
"Pinos",,,,"MX32038","Zacatecas",,,,"MX32","México",,,,"MX",2021-06-18,,3168.63006607,"v02","es",,,,"Pinos",22.27297436,-101.60407481,,
"Pinotepa de Don Luis",,,,"MX20070","Oaxaca",,,,"MX20","México",,,,"MX",2021-06-18,,67.3651062,"v02","es",,,,"Pinotepa de Don Luis",16.40259378,-97.96084365,3.95041999673198,1.94944734539134
"Pisaflores",,,,"MX13049","Hidalgo",,,,"MX13","México",,,,"MX",2021-06-18,,188.07664573,"v02","es",,,,"Pisaflores",21.23120062,-98.99163972,,
"Pitiquito",,,,"MX26047","Sonora",,,,"MX26","México",,,,"MX",2021-06-18,,9813.44938479,"v02","es",,,,"Pitiquito",30.09617963,-112.21938762,,
"Platón Sánchez",,,,"MX30129","Veracruz de Ignacio de la Llave",,,,"MX30","México",,,,"MX",2021-06-18,,244.79343474,"v02","es",,,,"Platon Sanchez",21.29684775,-98.42166503,,
"Playa Vicente",,,,"MX30130","Veracruz de Ignacio de la Llave",,,,"MX30","México",,,,"MX",2021-06-18,,1192.74157948,"v02","es",,,,"Playa Vicente",17.75775026,-95.66722908,,
"Playas de Rosarito",,,,"MX02005","Baja California",,,,"MX02","México",,,,"MX",2021-06-18,,499.6210477,"v02","es",,,,"Playas de Rosarito",32.25812922,-116.87330728,,
"Pluma Hidalgo",,,,"MX20071","Oaxaca",,,,"MX20","México",,,,"MX",2021-06-18,,103.23594713,"v02","es",,,,"Pluma Hidalgo",15.92226173,-96.44078831,3.19115996176123,0.44165372504249
"Poanas",,,,"MX10022","Durango",,,,"MX10","México",,,,"MX",2021-06-18,,1127.46766907,"v02","es",,,,"Poanas",24.03490927,-104.08765142,,
"Polotitlán",,,,"MX15071","México",,,,"MX15","México",,,,"MX",2021-06-18,,126.68953945,"v02","es",,,,"Polotitlan",20.2121294,-99.81300001,,
"Poncitlán",,,,"MX14066","Jalisco",,,,"MX14","México",,,,"MX",2021-06-18,,834.80738087,"v02","es",,,,"Poncitlan",20.26396534,-102.88279856,2.55403674765346,0.173324057749817
"Poza Rica de Hidalgo",,,,"MX30131","Veracruz de Ignacio de la Llave",,,,"MX30","México",,,,"MX",2021-06-18,,64.11224019,"v02","es",,,,"Poza Rica de Hidalgo",20.53910445,-97.44455725,,
"Praxedis G. Guerrero",,,,"MX08053","Chihuahua",,,,"MX08","México",,,,"MX",2021-06-18,,370.24701391,"v02","es",,,,"Praxedis G. Guerrero",31.24859704,-105.92129523,,
"Progreso",,,,"MX05026","Coahuila de Zaragoza",,,,"MX05","México",,,,"MX",2021-06-18,,2886.53217224,"v02","es",,,,"Progreso",27.37352349,-100.86853946,,
"Progreso",,,,"MX31059","Yucatán",,,,"MX31","México",,,,"MX",2021-06-18,,403.53626246,"v02","es",,,,"Progreso",21.23009947,-89.67275078,,
"Progreso de Obregón",,,,"MX13050","Hidalgo",,,,"MX13","México",,,,"MX",2021-06-18,,90.97783754,"v02","es",,,,"Progreso de Obregon",20.30448031,-99.18089101,,
"Puebla",,,,"MX21114","Puebla",,,,"MX21","México",,,,"MX",2021-06-18,,547.30910709,"v02","es",,,,"Puebla",19.03387731,-98.18736641,3.54415741977182,0.836666612227358
"Pueblo Nuevo",,,,"MX10023","Durango",,,,"MX10","México",,,,"MX",2021-06-18,,6944.35366093,"v02","es",,,,"Pueblo Nuevo",23.45452426,-105.27768209,,
"Pueblo Nuevo",,,,"MX11024","Guanajuato",,,,"MX11","México",,,,"MX",2021-06-18,,59.87785235,"v02","es",,,,"Pueblo Nuevo",20.54810827,-101.36562291,,
"Pueblo Nuevo Solistahuacán",,,,"MX07072","Chiapas",,,,"MX07","México",,,,"MX",2021-06-18,,247.43289903,"v02","es",,,,"Pueblo Nuevo Solistahuacan",17.2252223,-92.86735288,,
"Pueblo Viejo",,,,"MX30133","Veracruz de Ignacio de la Llave",,,,"MX30","México",,,,"MX",2021-06-18,,283.20973227,"v02","es",,,,"Pueblo Viejo",22.16159188,-97.89919181,,
"Puente de Ixtla",,,,"MX17017","Morelos",,,,"MX17","México",,,,"MX",2021-06-18,,297.5901436,"v02","es",,,,"Puente de Ixtla",18.58763538,-99.31258224,3.98758191474697,2.14273706633976
"Puente Nacional",,,,"MX30134","Veracruz de Ignacio de la Llave",,,,"MX30","México",,,,"MX",2021-06-18,,384.09115322,"v02","es",,,,"Puente Nacional",19.31371099,-96.53554035,2.88499960917625,0.285681912253591
"Puerto Peñasco",,,,"MX26048","Sonora",,,,"MX26","México",,,,"MX",2021-06-18,,6185.75875719,"v02","es",,,,"Puerto Penasco",31.53011606,-113.3896803,,
"Puerto Vallarta",,,,"MX14067","Jalisco",,,,"MX14","México",,,,"MX",2021-06-18,,680.31499945,"v02","es",,,,"Puerto Vallarta",20.69820781,-105.18145001,,
"Pungarabato",,,,"MX12050","Guerrero",,,,"MX12","México",,,,"MX",2021-06-18,,126.32549917,"v02","es",,,,"Pungarabato",18.34371184,-100.61202672,4.00548928005593,2.22199715426271
"Purépero",,,,"MX16070","Michoacán de Ocampo",,,,"MX16","México",,,,"MX",2021-06-18,,192.6661943,"v02","es",,,,"Purepero",19.91055289,-102.01053328,2.91605421379811,0.296943544748151
"Purísima del Rincón",,,,"MX11025","Guanajuato",,,,"MX11","México",,,,"MX",2021-06-18,,290.68368123,"v02","es",,,,"Purisima del Rincon",20.94105765,-101.90609868,,
"Puruándiro",,,,"MX16071","Michoacán de Ocampo",,,,"MX16","México",,,,"MX",2021-06-18,,718.93561279,"v02","es",,,,"Puruandiro",20.120523,-101.5400535,2.97603415419983,0.324651110793667
"Putla Villa de Guerrero",,,,"MX20073","Oaxaca",,,,"MX20","México",,,,"MX",2021-06-18,,406.79025506,"v02","es",,,,"Putla Villa de Guerrero",16.78678274,-97.77984913,3.926646541348,1.91614887580495
"Quecholac",,,,"MX21115","Puebla",,,,"MX21","México",,,,"MX",2021-06-18,,186.83317018,"v02","es",,,,"Quecholac",18.94977225,-97.6387742,3.40065280219117,0.626265264062315
"Quechultenango",,,,"MX12051","Guerrero",,,,"MX12","México",,,,"MX",2021-06-18,,845.49829093,"v02","es",,,,"Quechultenango",17.32013162,-99.16929486,5.57920085543844,11.2902372714396
"Queréndaro",,,,"MX16072","Michoacán de Ocampo",,,,"MX16","México",,,,"MX",2021-06-18,,234.86374212,"v02","es",,,,"Querendaro",19.72632414,-100.83867587,3.32978390138907,0.549897817850229
"Querétaro",,,,"MX22014","Querétaro de Arteaga",,,,"MX22","México",,,,"MX",2021-06-18,,682.7492087,"v02","es",,,,"Queretaro",20.72589691,-100.48568421,,
"Quimixtlán",,,,"MX21116","Puebla",,,,"MX21","México",,,,"MX",2021-06-18,,167.12729965,"v02","es",,,,"Quimixtlan",19.24273828,-97.13107446,3.0923275876982,0.388595531153444
"Quintana Roo",,,,"MX31060","Yucatán",,,,"MX31","México",,,,"MX",2021-06-18,,103.4565017,"v02","es",,,,"Quintana Roo",20.83892591,-88.61618037,,
"Quiriego",,,,"MX26049","Sonora",,,,"MX26","México",,,,"MX",2021-06-18,,3780.55673596,"v02","es",,,,"Quiriego",27.59174817,-109.37431389,,
"Quiroga",,,,"MX16073","Michoacán de Ocampo",,,,"MX16","México",,,,"MX",2021-06-18,,213.35359681,"v02","es",,,,"Quiroga",19.7077164,-101.56870173,3.16033275464303,0.426862513829433
"Quitupan",,,,"MX14069","Jalisco",,,,"MX14","México",,,,"MX",2021-06-18,,674.31533849,"v02","es",,,,"Quitupan",19.79440456,-102.8871613,2.65141379109508,0.200535405359037
"Rafael Delgado",,,,"MX30135","Veracruz de Ignacio de la Llave",,,,"MX30","México",,,,"MX",2021-06-18,,26.44292543,"v02","es",,,,"Rafael Delgado",18.79608151,-97.12250062,3.23949440954125,0.484457084707113
"Rafael Lara Grajales",,,,"MX21117","Puebla",,,,"MX21","México",,,,"MX",2021-06-18,,4.11286608,"v02","es",,,,"Rafael Lara Grajales",19.26588614,-97.82809534,3.26436994171365,0.499379402300231
"Rafael Lucio",,,,"MX30136","Veracruz de Ignacio de la Llave",,,,"MX30","México",,,,"MX",2021-06-18,,11.52372642,"v02","es",,,,"Rafael Lucio",19.59972783,-96.98484339,2.98279140540934,0.327749340292489
"Ramos Arizpe",,,,"MX05027","Coahuila de Zaragoza",,,,"MX05","México",,,,"MX",2021-06-18,,6754.3910228,"v02","es",,,,"Ramos Arizpe",25.92345991,-101.31285975,,
"Rayón",,,,"MX07073","Chiapas",,,,"MX07","México",,,,"MX",2021-06-18,,67.67856957,"v02","es",,,,"Rayon",17.18519942,-92.99892099,,
"Rayón",,,,"MX15072","México",,,,"MX15","México",,,,"MX",2021-06-18,,22.98974303,"v02","es",,,,"Rayon",19.13907586,-99.56755514,3.72458007586696,1.19214153419425
"Rayón",,,,"MX24023","San Luis Potosí",,,,"MX24","México",,,,"MX",2021-06-18,,786.40912915,"v02","es",,,,"Rayon",21.79510033,-99.64937212,,
"Rayón",,,,"MX26050","Sonora",,,,"MX26","México",,,,"MX",2021-06-18,,879.05156672,"v02","es",,,,"Rayon",29.74995825,-110.51727094,,
"Rayones",,,,"MX19043","Nuevo León",,,,"MX19","México",,,,"MX",2021-06-18,,683.05089376,"v02","es",,,,"Rayones",25.07524206,-100.14397965,,
"Reforma",,,,"MX07074","Chiapas",,,,"MX07","México",,,,"MX",2021-06-18,,434.89791583,"v02","es",,,,"Reforma",17.86886984,-93.23721935,,
"Reforma de Pineda",,,,"MX20075","Oaxaca",,,,"MX20","México",,,,"MX",2021-06-18,,33.3655672,"v02","es",,,,"Reforma de Pineda",16.39440654,-94.45483836,,
"Reyes Etla",,,,"MX20077","Oaxaca",,,,"MX20","México",,,,"MX",2021-06-18,,11.96968535,"v02","es",,,,"Reyes Etla",17.20954765,-96.82403917,3.52162591027096,0.748887858903319
"Reynosa",,,,"MX28032","Tamaulipas",,,,"MX28","México",,,,"MX",2021-06-18,,3146.02840017,"v02","es",,,,"Reynosa",25.83663644,-98.37085945,,
"Rincón de Romos",,,,"MX01007","Aguascalientes",,,,"MX01","México",,,,"MX",2021-06-18,,376.19869832,"v02","es",,,,"Rincon de Romos",22.24775762,-102.34923617,,
"Río Blanco",,,,"MX30138","Veracruz de Ignacio de la Llave",,,,"MX30","México",,,,"MX",2021-06-18,,15.24137669,"v02","es",,,,"Rio Blanco",18.8452248,-97.15229394,3.31603897458108,0.537166754861781
"Río Bravo",,,,"MX28033","Tamaulipas",,,,"MX28","México",,,,"MX",2021-06-18,,1583.57080585,"v02","es",,,,"Rio Bravo",25.72747809,-98.05371537,,
"Río Grande",,,,"MX32039","Zacatecas",,,,"MX32","México",,,,"MX",2021-06-18,,1838.70014024,"v02","es",,,,"Rio Grande",23.81267045,-103.05129855,,
"Río Lagartos",,,,"MX31061","Yucatán",,,,"MX31","México",,,,"MX",2021-06-18,,327.19466776,"v02","es",,,,"Rio Lagartos",21.51644942,-88.13281273,,
"Rioverde",,,,"MX24024","San Luis Potosí",,,,"MX24","México",,,,"MX",2021-06-18,,3063.9677842,"v02","es",,,,"Rioverde",21.97926785,-100.24819732,,
"Riva Palacio",,,,"MX08054","Chihuahua",,,,"MX08","México",,,,"MX",2021-06-18,,2263.13441863,"v02","es",,,,"Riva Palacio",28.84632715,-106.69906799,,
"Rodeo",,,,"MX10024","Durango",,,,"MX10","México",,,,"MX",2021-06-18,,1432.93193965,"v02","es",,,,"Rodeo",25.19538272,-104.57847603,,
"Rojas de Cuauhtémoc",,,,"MX20078","Oaxaca",,,,"MX20","México",,,,"MX",2021-06-18,,12.4575889,"v02","es",,,,"Rojas de Cuauhtemoc",17.00540442,-96.63889277,3.41180224300381,0.627044771361135
"Romita",,,,"MX11026","Guanajuato",,,,"MX11","México",,,,"MX",2021-06-18,,440.70662033,"v02","es",,,,"Romita",20.81520496,-101.5849178,,
"Rosales",,,,"MX08055","Chihuahua",,,,"MX08","México",,,,"MX",2021-06-18,,1926.84900714,"v02","es",,,,"Rosales",28.24368455,-105.71824671,,
"Rosamorada",,,,"MX18010","Nayarit",,,,"MX18","México",,,,"MX",2021-06-18,,1767.80111247,"v02","es",,,,"Rosamorada",22.1504958,-105.2389796,,
"Rosario",,,,"MX08056","Chihuahua",,,,"MX08","México",,,,"MX",2021-06-18,,1172.1489563,"v02","es",,,,"Rosario",27.2785823,-106.33710615,,
"Rosario",,,,"MX25014","Sinaloa",,,,"MX25","México",,,,"MX",2021-06-18,,2633.00726936,"v02","es",,,,"Rosario",23.08956339,-105.67881567,,
"Rosario",,,,"MX26051","Sonora",,,,"MX26","México",,,,"MX",2021-06-18,,3519.77231865,"v02","es",,,,"Rosario",28.041246,-109.35138975,,
"Ruíz",,,,"MX18011","Nayarit",,,,"MX18","México",,,,"MX",2021-06-18,,520.59322907,"v02","es",,,,"Ruiz",22.01635915,-104.87678814,,
"Sabanilla",,,,"MX07076","Chiapas",,,,"MX07","México",,,,"MX",2021-06-18,,249.95191001,"v02","es",,,,"Sabanilla",17.3251783,-92.63430427,,
"Sabinas",,,,"MX05028","Coahuila de Zaragoza",,,,"MX05","México",,,,"MX",2021-06-18,,1976.25500578,"v02","es",,,,"Sabinas",27.94246407,-101.07278135,,
"Sabinas Hidalgo",,,,"MX19044","Nuevo León",,,,"MX19","México",,,,"MX",2021-06-18,,1541.45444585,"v02","es",,,,"Sabinas Hidalgo",26.57492433,-100.15503038,,
"Sacalum",,,,"MX31062","Yucatán",,,,"MX31","México",,,,"MX",2021-06-18,,198.78250984,"v02","es",,,,"Sacalum",20.50535156,-89.61108292,,
"Sacramento",,,,"MX05029","Coahuila de Zaragoza",,,,"MX05","México",,,,"MX",2021-06-18,,289.36698522,"v02","es",,,,"Sacramento",26.91861,-101.76124341,,
"Sahuaripa",,,,"MX26052","Sonora",,,,"MX26","México",,,,"MX",2021-06-18,,5003.75296071,"v02","es",,,,"Sahuaripa",29.01265043,-109.00892991,,
"Sahuayo",,,,"MX16076","Michoacán de Ocampo",,,,"MX16","México",,,,"MX",2021-06-18,,128.11255975,"v02","es",,,,"Sahuayo",20.0481327,-102.78216376,2.59636866783012,0.184643128864501
"Sain Alto",,,,"MX32040","Zacatecas",,,,"MX32","México",,,,"MX",2021-06-18,,1414.98471664,"v02","es",,,,"Sain Alto",23.57947013,-103.21931576,,
"Salamanca",,,,"MX11027","Guanajuato",,,,"MX11","México",,,,"MX",2021-06-18,,755.59453358,"v02","es",,,,"Salamanca",20.65232458,-101.16684165,,
"Salina Cruz",,,,"MX20079","Oaxaca",,,,"MX20","México",,,,"MX",2021-06-18,,129.1182119,"v02","es",,,,"Salina Cruz",16.18995655,-95.22857216,,
"Salinas",,,,"MX24025","San Luis Potosí",,,,"MX24","México",,,,"MX",2021-06-18,,1729.84913356,"v02","es",,,,"Salinas",22.82289653,-101.72450907,,
"Salinas Victoria",,,,"MX19045","Nuevo León",,,,"MX19","México",,,,"MX",2021-06-18,,1667.24994227,"v02","es",,,,"Salinas Victoria",26.12168054,-100.32708773,,
"Saltabarranca",,,,"MX30139","Veracruz de Ignacio de la Llave",,,,"MX30","México",,,,"MX",2021-06-18,,108.48662768,"v02","es",,,,"Saltabarranca",18.54657511,-95.52339489,,
"Saltillo",,,,"MX05030","Coahuila de Zaragoza",,,,"MX05","México",,,,"MX",2021-06-18,,5619.57804482,"v02","es",,,,"Saltillo",25.03596179,-101.10482345,,
"Salto de Agua",,,,"MX07077","Chiapas",,,,"MX07","México",,,,"MX",2021-06-18,,1228.244419,"v02","es",,,,"Salto de Agua",17.43511994,-92.22496303,,
"Salvador Alvarado",,,,"MX25015","Sinaloa",,,,"MX25","México",,,,"MX",2021-06-18,,773.55150028,"v02","es",,,,"Salvador Alvarado",25.38068856,-107.99175434,,
"Salvador Escalante",,,,"MX16079","Michoacán de Ocampo",,,,"MX16","México",,,,"MX",2021-06-18,,487.85957887,"v02","es",,,,"Salvador Escalante",19.39096176,-101.66376474,3.2606550132352,0.495951115665175
"Salvatierra",,,,"MX11028","Guanajuato",,,,"MX11","México",,,,"MX",2021-06-18,,592.86908236,"v02","es",,,,"Salvatierra",20.19265461,-100.86599317,3.11432062372037,0.398513455078582
"Samahil",,,,"MX31063","Yucatán",,,,"MX31","México",,,,"MX",2021-06-18,,160.63982472,"v02","es",,,,"Samahil",20.84794669,-89.96501691,,
"San Agustín Amatengo",,,,"MX20080","Oaxaca",,,,"MX20","México",,,,"MX",2021-06-18,,55.5896713,"v02","es",,,,"San Agustin Amatengo",16.51934867,-96.79682518,3.7213877137889,1.12993881166337
"San Agustín Atenango",,,,"MX20081","Oaxaca",,,,"MX20","México",,,,"MX",2021-06-18,,96.46666054,"v02","es",,,,"San Agustin Atenango",17.58626657,-98.00090813,3.89548866083789,1.83160316229965
"San Agustín Chayuco",,,,"MX20082","Oaxaca",,,,"MX20","México",,,,"MX",2021-06-18,,150.96670854,"v02","es",,,,"San Agustin Chayuco",16.45589729,-97.79988174,3.94006029621298,1.89782918532285
"San Agustín de las Juntas",,,,"MX20083","Oaxaca",,,,"MX20","México",,,,"MX",2021-06-18,,25.98724167,"v02","es",,,,"San Agustin de las Juntas",16.99073276,-96.6840338,3.48210788040075,0.697040415602036
"San Agustín Etla",,,,"MX20084","Oaxaca",,,,"MX20","México",,,,"MX",2021-06-18,,55.13903807,"v02","es",,,,"San Agustin Etla",17.20400328,-96.71808178,3.41727864173068,0.632253415120611
"San Agustín Loxicha",,,,"MX20085","Oaxaca",,,,"MX20","México",,,,"MX",2021-06-18,,335.72601473,"v02","es",,,,"San Agustin Loxicha",15.96838135,-96.61200867,3.39338082407518,0.577881670316925
"San Agustín Metzquititlán",,,,"MX13036","Hidalgo",,,,"MX13","México",,,,"MX",2021-06-18,,245.72338463,"v02","es",,,,"San Agustin Metzquititlan",20.52077667,-98.61769219,,
"San Agustín Tlacotepec",,,,"MX20086","Oaxaca",,,,"MX20","México",,,,"MX",2021-06-18,,51.40155736,"v02","es",,,,"San Agustin Tlacotepec",17.20071461,-97.5204024,3.77102350482399,1.29092668516107
"San Agustín Tlaxiaca",,,,"MX13052","Hidalgo",,,,"MX13","México",,,,"MX",2021-06-18,,297.36450219,"v02","es",,,,"San Agustin Tlaxiaca",20.07617207,-98.93349932,3.20038377055169,0.453088523503624
"San Agustín Yatareni",,,,"MX20087","Oaxaca",,,,"MX20","México",,,,"MX",2021-06-18,,6.39687049,"v02","es",,,,"San Agustin Yatareni",17.08048356,-96.67822323,3.49025770552362,0.699601110498603
"San Andrés Cabecera Nueva",,,,"MX20088","Oaxaca",,,,"MX20","México",,,,"MX",2021-06-18,,260.6538297,"v02","es",,,,"San Andres Cabecera Nueva",16.82539737,-97.7950747,3.93742466074461,1.85401601280444
"San Andrés Cholula",,,,"MX21119","Puebla",,,,"MX21","México",,,,"MX",2021-06-18,,58.66008383,"v02","es",,,,"San Andres Cholula",19.02204646,-98.29094129,3.54600679258231,0.844904958819755
"San Andrés Dinicuiti",,,,"MX20089","Oaxaca",,,,"MX20","México",,,,"MX",2021-06-18,,99.28447085,"v02","es",,,,"San Andres Dinicuiti",17.6989708,-97.69249195,3.67454928979222,1.16814330352736
"San Andrés Duraznal",,,,"MX07118","Chiapas",,,,"MX07","México",,,,"MX",2021-06-18,,38.33659362,"v02","es",,,,"San Andres Duraznal",17.1618031,-92.80958759,,
"San Andrés Huaxpaltepec",,,,"MX20090","Oaxaca",,,,"MX20","México",,,,"MX",2021-06-18,,87.6306403,"v02","es",,,,"San Andres Huaxpaltepec",16.34118292,-97.93462525,3.89331283896991,1.72677275781511
"San Andrés Huayápam",,,,"MX20091","Oaxaca",,,,"MX20","México",,,,"MX",2021-06-18,,27.57585423,"v02","es",,,,"San Andres Huayápam",17.1285991,-96.66728068,3.46070792157982,0.668818521797082
"San Andrés Ixtlahuaca",,,,"MX20092","Oaxaca",,,,"MX20","México",,,,"MX",2021-06-18,,28.81030521,"v02","es",,,,"San Andres Ixtlahuaca",17.05883914,-96.85764627,3.63949407166177,0.894074674241511
"San Andrés Lagunas",,,,"MX20093","Oaxaca",,,,"MX20","México",,,,"MX",2021-06-18,,50.02103666,"v02","es",,,,"San Andres Lagunas",17.58978304,-97.52814894,3.65538194838357,1.09217205684129
"San Andrés Nuxiño",,,,"MX20094","Oaxaca",,,,"MX20","México",,,,"MX",2021-06-18,,64.0045874,"v02","es",,,,"San Andres Nuxino",17.2287532,-97.06983135,3.68219061226716,0.986351382826899
"San Andrés Paxtlán",,,,"MX20095","Oaxaca",,,,"MX20","México",,,,"MX",2021-06-18,,57.08305687,"v02","es",,,,"San Andres Paxtlán",16.21228073,-96.51636585,3.35876052865358,0.565325329311267
"San Andrés Sinaxtla",,,,"MX20096","Oaxaca",,,,"MX20","México",,,,"MX",2021-06-18,,22.60764615,"v02","es",,,,"San Andres Sinaxtla",17.48541174,-97.27334695,3.60526982272021,0.946515429701018
"San Andrés Solaga",,,,"MX20097","Oaxaca",,,,"MX20","México",,,,"MX",2021-06-18,,48.63238372,"v02","es",,,,"San Andres Solaga",17.27450538,-96.2206,,
"San Andrés Tenejapan",,,,"MX30140","Veracruz de Ignacio de la Llave",,,,"MX30","México",,,,"MX",2021-06-18,,21.90480915,"v02","es",,,,"San Andres Tenejapan",18.77153666,-97.09598292,3.3191716658811,0.540667981394307
"San Andrés Teotilálpam",,,,"MX20098","Oaxaca",,,,"MX20","México",,,,"MX",2021-06-18,,145.51115827,"v02","es",,,,"San Andres Teotilálpam",17.95112842,-96.64844171,3.26835010515415,0.496794498710941
"San Andrés Tepetlapa",,,,"MX20099","Oaxaca",,,,"MX20","México",,,,"MX",2021-06-18,,14.39892501,"v02","es",,,,"San Andres Tepetlapa",17.66241327,-98.38937771,4.19467127559627,3.28164572112285
"San Andrés Tuxtla",,,,"MX30141","Veracruz de Ignacio de la Llave",,,,"MX30","México",,,,"MX",2021-06-18,,956.85491836,"v02","es",,,,"San Andres Tuxtla",18.46336725,-95.19831538,,
"San Andrés Yaá",,,,"MX20100","Oaxaca",,,,"MX20","México",,,,"MX",2021-06-18,,40.9429758,"v02","es",,,,"San Andres Yaá",17.29422042,-96.12644401,,
"San Andrés Zabache",,,,"MX20101","Oaxaca",,,,"MX20","México",,,,"MX",2021-06-18,,7.06001005,"v02","es",,,,"San Andres Zabache",16.60480954,-96.8639606,3.61763216024313,1.15024834019036
"San Andrés Zautla",,,,"MX20102","Oaxaca",,,,"MX20","México",,,,"MX",2021-06-18,,69.38034493,"v02","es",,,,"San Andres Zautla",17.18294815,-96.90519554,3.58034843218811,0.824598705463441
"San Antonino Castillo Velasco",,,,"MX20103","Oaxaca",,,,"MX20","México",,,,"MX",2021-06-18,,11.34193733,"v02","es",,,,"San Antonino Castillo Velasco",16.81614967,-96.69515197,3.42620054600556,0.661498453542971
"San Antonino el Alto",,,,"MX20104","Oaxaca",,,,"MX20","México",,,,"MX",2021-06-18,,105.27841395,"v02","es",,,,"San Antonino el Alto",16.82223741,-97.0010039,3.89436812655826,1.2743194822927
"San Antonino Monte Verde",,,,"MX20105","Oaxaca",,,,"MX20","México",,,,"MX",2021-06-18,,109.70087376,"v02","es",,,,"San Antonino Monte Verde",17.52381559,-97.75099778,3.83755612264544,1.54983496250929
"San Antonio",,,,"MX24026","San Luis Potosí",,,,"MX24","México",,,,"MX",2021-06-18,,94.69174913,"v02","es",,,,"San Antonio",21.61889321,-98.87732631,,
"San Antonio Acutla",,,,"MX20106","Oaxaca",,,,"MX20","México",,,,"MX",2021-06-18,,16.47844206,"v02","es",,,,"San Antonio Acutla",17.7453789,-97.49957619,3.73188486212014,1.18829040085144
"San Antonio Cañada",,,,"MX21120","Puebla",,,,"MX21","México",,,,"MX",2021-06-18,,80.04153613,"v02","es",,,,"San Antonio Canada",18.49498245,-97.27447045,3.40930374987281,0.632838120708575
"San Antonio de la Cal",,,,"MX20107","Oaxaca",,,,"MX20","México",,,,"MX",2021-06-18,,11.00063869,"v02","es",,,,"San Antonio de la Cal",17.02815075,-96.69562315,3.47542411261122,0.68665008220351
"San Antonio Huitepec",,,,"MX20108","Oaxaca",,,,"MX20","México",,,,"MX",2021-06-18,,191.38853791,"v02","es",,,,"San Antonio Huitepec",16.92197308,-97.14836809,4.00640083754999,1.42097516527781
"San Antonio la Isla",,,,"MX15073","México",,,,"MX15","México",,,,"MX",2021-06-18,,25.30762911,"v02","es",,,,"San Antonio la Isla",19.16923635,-99.55676543,3.70900838672807,1.15314016526144
"San Antonio Nanahuatípam",,,,"MX20109","Oaxaca",,,,"MX20","México",,,,"MX",2021-06-18,,77.202831,"v02","es",,,,"San Antonio Nanahuatipam",18.14866755,-97.1604059,3.45505309039035,0.67766520886489
"San Antonio Sinicahua",,,,"MX20110","Oaxaca",,,,"MX20","México",,,,"MX",2021-06-18,,29.23674761,"v02","es",,,,"San Antonio Sinicahua",17.15072413,-97.575385,3.76186971126702,1.3030587684513
"San Antonio Tepetlapa",,,,"MX20111","Oaxaca",,,,"MX20","México",,,,"MX",2021-06-18,,69.4102879,"v02","es",,,,"San Antonio Tepetlapa",16.53444191,-98.04943816,3.96611408839381,2.10918505929664
"San Baltazar Chichicápam",,,,"MX20112","Oaxaca",,,,"MX20","México",,,,"MX",2021-06-18,,92.17809754,"v02","es",,,,"San Baltazar Chichicapam",16.75844743,-96.49360561,3.38929694817192,0.613742111737986
"San Baltazar Loxicha",,,,"MX20113","Oaxaca",,,,"MX20","México",,,,"MX",2021-06-18,,120.90307284,"v02","es",,,,"San Baltazar Loxicha",16.04359208,-96.79846464,3.63984424247104,0.773843125389224
"San Baltazar Yatzachi el Bajo",,,,"MX20114","Oaxaca",,,,"MX20","México",,,,"MX",2021-06-18,,30.32620123,"v02","es",,,,"San Baltazar Yatzachi el Bajo",17.22498195,-96.21256391,,
"San Bartolo Coyotepec",,,,"MX20115","Oaxaca",,,,"MX20","México",,,,"MX",2021-06-18,,31.36575392,"v02","es",,,,"San Bartolo Coyotepec",16.94886316,-96.69319487,3.49348471456003,0.714025982018924
"San Bartolo Soyaltepec",,,,"MX20121","Oaxaca",,,,"MX20","México",,,,"MX",2021-06-18,,74.92462389,"v02","es",,,,"San Bartolo Soyaltepec",17.57706929,-97.31194371,3.60604689079141,0.951408316950724
"San Bartolo Tutotepec",,,,"MX13053","Hidalgo",,,,"MX13","México",,,,"MX",2021-06-18,,358.47832467,"v02","es",,,,"San Bartolo Tutotepec",20.46941895,-98.19597847,,
"San Bartolo Yautepec",,,,"MX20122","Oaxaca",,,,"MX20","México",,,,"MX",2021-06-18,,93.38672879,"v02","es",,,,"San Bartolo Yautepec",16.42602862,-95.92210631,,
"San Bartolomé Ayautla",,,,"MX20116","Oaxaca",,,,"MX20","México",,,,"MX",2021-06-18,,57.40577592,"v02","es",,,,"San Bartolome Ayautla",18.05834622,-96.66154335,3.3852139538808,0.574277683529692
"San Bartolomé Loxicha",,,,"MX20117","Oaxaca",,,,"MX20","México",,,,"MX",2021-06-18,,156.15977887,"v02","es",,,,"San Bartolome Loxicha",15.95699665,-96.76398112,3.50713065048329,0.661364015261393
"San Bartolomé Quialana",,,,"MX20118","Oaxaca",,,,"MX20","México",,,,"MX",2021-06-18,,23.88187237,"v02","es",,,,"San Bartolome Quialana",16.89428945,-96.49916899,3.38594123829161,0.604100971000982
"San Bartolomé Yucuañe",,,,"MX20119","Oaxaca",,,,"MX20","México",,,,"MX",2021-06-18,,85.91383994,"v02","es",,,,"San Bartolome Yucuane",17.21052407,-97.455683,3.79207852141845,1.2995433323649
"San Bartolomé Zoogocho",,,,"MX20120","Oaxaca",,,,"MX20","México",,,,"MX",2021-06-18,,8.74122992,"v02","es",,,,"San Bartolome Zoogocho",17.24569033,-96.24588196,,
"San Bernardo",,,,"MX10025","Durango",,,,"MX10","México",,,,"MX",2021-06-18,,2307.19201978,"v02","es",,,,"San Bernardo",26.18398419,-105.67815363,,
"San Bernardo Mixtepec",,,,"MX20123","Oaxaca",,,,"MX20","México",,,,"MX",2021-06-18,,108.70359375,"v02","es",,,,"San Bernardo Mixtepec",16.84243525,-96.91895783,3.67108861056277,0.967149274916507
"San Blas",,,,"MX18012","Nayarit",,,,"MX18","México",,,,"MX",2021-06-18,,1078.10039435,"v02","es",,,,"San Blas",21.53796565,-105.16504075,,
"San Blas Atempa",,,,"MX20124","Oaxaca",,,,"MX20","México",,,,"MX",2021-06-18,,208.30937738,"v02","es",,,,"San Blas Atempa",16.36064895,-95.14104774,,
"San Buenaventura",,,,"MX05031","Coahuila de Zaragoza",,,,"MX05","México",,,,"MX",2021-06-18,,6443.05266514,"v02","es",,,,"San Buenaventura",27.8415365,-101.93663393,,
"San Carlos",,,,"MX28034","Tamaulipas",,,,"MX28","México",,,,"MX",2021-06-18,,2915.0815496,"v02","es",,,,"San Carlos",24.49840513,-99.00772803,,
"San Carlos Yautepec",,,,"MX20125","Oaxaca",,,,"MX20","México",,,,"MX",2021-06-18,,2304.57046503,"v02","es",,,,"San Carlos Yautepec",16.42229899,-96.09064829,,
"San Ciro de Acosta",,,,"MX24027","San Luis Potosí",,,,"MX24","México",,,,"MX",2021-06-18,,639.15182346,"v02","es",,,,"San Ciro de Acosta",21.58879763,-99.89906933,,
"San Cristóbal Amatlán",,,,"MX20126","Oaxaca",,,,"MX20","México",,,,"MX",2021-06-18,,136.77220487,"v02","es",,,,"San Cristobal Amatlan",16.3025415,-96.379095,3.22267903339177,0.471004164297028
"San Cristóbal Amoltepec",,,,"MX20127","Oaxaca",,,,"MX20","México",,,,"MX",2021-06-18,,31.79482597,"v02","es",,,,"San Cristobal Amoltepec",17.28556111,-97.57585738,3.86644213945968,1.52783588200882
"San Cristóbal de la Barranca",,,,"MX14071","Jalisco",,,,"MX14","México",,,,"MX",2021-06-18,,522.97181045,"v02","es",,,,"San Cristobal de la Barranca",21.04633566,-103.51239236,,
"San Cristóbal de las Casas",,,,"MX07078","Chiapas",,,,"MX07","México",,,,"MX",2021-06-18,,394.17296156,"v02","es",,,,"San Cristobal de las Casas",16.68354696,-92.61551848,,
"San Cristóbal Lachirioag",,,,"MX20128","Oaxaca",,,,"MX20","México",,,,"MX",2021-06-18,,16.84627683,"v02","es",,,,"San Cristobal Lachirioag",17.35004403,-96.17743251,,
"San Cristóbal Suchixtlahuaca",,,,"MX20129","Oaxaca",,,,"MX20","México",,,,"MX",2021-06-18,,53.09113793,"v02","es",,,,"San Cristobal Suchixtlahuaca",17.72502317,-97.38421994,3.66423396554143,1.04522957419019
"San Damián Texóloc",,,,"MX29049","Tlaxcala",,,,"MX29","México",,,,"MX",2021-06-18,,10.20757226,"v02","es",,,,"San Damian Texoloc",19.29097096,-98.30789877,3.44338099200706,0.681190670706933
"San Diego de Alejandría",,,,"MX14072","Jalisco",,,,"MX14","México",,,,"MX",2021-06-18,,351.68338453,"v02","es",,,,"San Diego de Alejandria",20.95599724,-102.02618664,,
"San Diego de la Unión",,,,"MX11029","Guanajuato",,,,"MX11","México",,,,"MX",2021-06-18,,1013.08577902,"v02","es",,,,"San Diego de la Union",21.45512103,-100.86961587,,
"San Diego la Mesa Tochimiltzingo",,,,"MX21121","Puebla",,,,"MX21","México",,,,"MX",2021-06-18,,133.01969007,"v02","es",,,,"San Diego la Mesa Tochimiltzingo",18.76198414,-98.3480747,3.66630550313439,1.08661524541365
"San Dimas",,,,"MX10026","Durango",,,,"MX10","México",,,,"MX",2021-06-18,,5483.25264641,"v02","es",,,,"San Dimas",24.11503043,-105.7400227,,
"San Dionisio del Mar",,,,"MX20130","Oaxaca",,,,"MX20","México",,,,"MX",2021-06-18,,224.97501258,"v02","es",,,,"San Dionisio del Mar",16.35793783,-94.74565009,,
"San Dionisio Ocotepec",,,,"MX20131","Oaxaca",,,,"MX20","México",,,,"MX",2021-06-18,,310.36978282,"v02","es",,,,"San Dionisio Ocotepec",16.78519672,-96.30608634,3.29810900250066,0.528590507450103
"San Dionisio Ocotlán",,,,"MX20132","Oaxaca",,,,"MX20","México",,,,"MX",2021-06-18,,10.08025684,"v02","es",,,,"San Dionisio Ocotlan",16.75045139,-96.66340069,3.43688158772031,0.677606373239341
"San Esteban Atatlahuca",,,,"MX20133","Oaxaca",,,,"MX20","México",,,,"MX",2021-06-18,,109.22214116,"v02","es",,,,"San Esteban Atatlahuca",17.0748663,-97.68955017,3.84261394572423,1.54665065642678
"San Felipe",,,,"MX11030","Guanajuato",,,,"MX11","México",,,,"MX",2021-06-18,,3006.86703269,"v02","es",,,,"San Felipe",21.48468735,-101.17107359,,
"San Felipe",,,,"MX31065","Yucatán",,,,"MX31","México",,,,"MX",2021-06-18,,443.88903143,"v02","es",,,,"San Felipe",21.48467489,-88.31203589,,
"San Felipe de Jesús",,,,"MX26053","Sonora",,,,"MX26","México",,,,"MX",2021-06-18,,151.34396891,"v02","es",,,,"San Felipe de Jesus",29.87029868,-110.31985799,,
"San Felipe del Progreso",,,,"MX15074","México",,,,"MX15","México",,,,"MX",2021-06-18,,368.67439665,"v02","es",,,,"San Felipe del Progreso",19.64919739,-99.97018805,3.47429201824279,0.707647871639304
"San Felipe Jalapa de Díaz",,,,"MX20134","Oaxaca",,,,"MX20","México",,,,"MX",2021-06-18,,134.45549019,"v02","es",,,,"San Felipe Jalapa de Diaz",18.06620502,-96.54525136,3.24561962338358,0.482805056013059
"San Felipe Orizatlán",,,,"MX13046","Hidalgo",,,,"MX13","México",,,,"MX",2021-06-18,,323.98778905,"v02","es",,,,"San Felipe Orizatlan",21.24609749,-98.55909023,,
"San Felipe Tejalápam",,,,"MX20135","Oaxaca",,,,"MX20","México",,,,"MX",2021-06-18,,99.36847541,"v02","es",,,,"San Felipe Tejalapam",17.08072261,-96.89981872,3.5971642942551,0.846283228827805
"San Felipe Teotlalcingo",,,,"MX21122","Puebla",,,,"MX21","México",,,,"MX",2021-06-18,,39.38786639,"v02","es",,,,"San Felipe Teotlalcingo",19.23323669,-98.52204481,3.61327171245346,0.908352665911061
"San Felipe Tepatlán",,,,"MX21123","Puebla",,,,"MX21","México",,,,"MX",2021-06-18,,45.15082363,"v02","es",,,,"San Felipe Tepatlan",20.1193579,-97.7832919,2.80171133159476,0.250784057891473
"San Felipe Usila",,,,"MX20136","Oaxaca",,,,"MX20","México",,,,"MX",2021-06-18,,447.49532799,"v02","es",,,,"San Felipe Usila",17.82005551,-96.50918857,3.25275076185545,0.495959416855409
"San Fernando",,,,"MX07079","Chiapas",,,,"MX07","México",,,,"MX",2021-06-18,,357.6844425,"v02","es",,,,"San Fernando",16.91346455,-93.22038126,,
"San Fernando",,,,"MX28035","Tamaulipas",,,,"MX28","México",,,,"MX",2021-06-18,,5951.8097082,"v02","es",,,,"San Fernando",24.87232645,-98.05389658,,
"San Francisco Cahuacuá",,,,"MX20137","Oaxaca",,,,"MX20","México",,,,"MX",2021-06-18,,280.3348075,"v02","es",,,,"San Francisco Cahuacua",16.83075743,-97.33997776,4.00135584969846,1.5438966942297
"San Francisco Cajonos",,,,"MX20138","Oaxaca",,,,"MX20","México",,,,"MX",2021-06-18,,44.6633127,"v02","es",,,,"San Francisco Cajonos",17.18021025,-96.26815548,,
"San Francisco Chapulapa",,,,"MX20139","Oaxaca",,,,"MX20","México",,,,"MX",2021-06-18,,62.45285133,"v02","es",,,,"San Francisco Chapulapa",17.91271584,-96.71965298,3.34865699886153,0.554925876458011
"San Francisco Chindúa",,,,"MX20140","Oaxaca",,,,"MX20","México",,,,"MX",2021-06-18,,22.57852323,"v02","es",,,,"San Francisco Chindua",17.415136,-97.31818579,3.6434874319047,1.00721759709576
"San Francisco de Borja",,,,"MX08057","Chihuahua",,,,"MX08","México",,,,"MX",2021-06-18,,1319.56228861,"v02","es",,,,"San Francisco de Borja",27.89136738,-106.71318994,,
"San Francisco de Conchos",,,,"MX08058","Chihuahua",,,,"MX08","México",,,,"MX",2021-06-18,,878.56256086,"v02","es",,,,"San Francisco de Conchos",27.58082072,-105.36218996,,
"San Francisco de los Romo",,,,"MX01011","Aguascalientes",,,,"MX01","México",,,,"MX",2021-06-18,,139.18755662,"v02","es",,,,"San Francisco de los Romo",22.02186516,-102.25178384,,
"San Francisco del Mar",,,,"MX20141","Oaxaca",,,,"MX20","México",,,,"MX",2021-06-18,,468.29632075,"v02","es",,,,"San Francisco del Mar",16.32936437,-94.53790661,,
"San Francisco del Oro",,,,"MX08059","Chihuahua",,,,"MX08","México",,,,"MX",2021-06-18,,479.91408024,"v02","es",,,,"San Francisco del Oro",26.88928128,-105.89699553,,
"San Francisco del Rincón",,,,"MX11031","Guanajuato",,,,"MX11","México",,,,"MX",2021-06-18,,425.37650266,"v02","es",,,,"San Francisco del Rincon",20.92484016,-101.79832885,,
"San Francisco Huehuetlán",,,,"MX20142","Oaxaca",,,,"MX20","México",,,,"MX",2021-06-18,,14.26096231,"v02","es",,,,"San Francisco Huehuetlan",18.20430841,-96.93843419,3.37311062019309,0.523668705828581
"San Francisco Ixhuatán",,,,"MX20143","Oaxaca",,,,"MX20","México",,,,"MX",2021-06-18,,212.64875574,"v02","es",,,,"San Francisco Ixhuatan",16.33619821,-94.47556654,,
"San Francisco Jaltepetongo",,,,"MX20144","Oaxaca",,,,"MX20","México",,,,"MX",2021-06-18,,47.43223007,"v02","es",,,,"San Francisco Jaltepetongo",17.33961819,-97.27812732,3.63509430992216,0.980785971435639
"San Francisco Lachigoló",,,,"MX20145","Oaxaca",,,,"MX20","México",,,,"MX",2021-06-18,,11.45426498,"v02","es",,,,"San Francisco Lachigolo",17.02797892,-96.59542585,3.41503600951555,0.628542887215176
"San Francisco Logueche",,,,"MX20146","Oaxaca",,,,"MX20","México",,,,"MX",2021-06-18,,40.81756965,"v02","es",,,,"San Francisco Logueche",16.37455434,-96.38442113,3.27006998404413,0.505717180233283
"San Francisco Nuxaño",,,,"MX20147","Oaxaca",,,,"MX20","México",,,,"MX",2021-06-18,,22.60557238,"v02","es",,,,"San Francisco Nuxano",17.36334703,-97.33697109,3.74691733841494,1.17532938147547
"San Francisco Ozolotepec",,,,"MX20148","Oaxaca",,,,"MX20","México",,,,"MX",2021-06-18,,49.46640229,"v02","es",,,,"San Francisco Ozolotepec",16.09818582,-96.19692489,,
"San Francisco Sola",,,,"MX20149","Oaxaca",,,,"MX20","México",,,,"MX",2021-06-18,,107.03540181,"v02","es",,,,"San Francisco Sola",16.51903045,-96.9028538,3.9199561671585,1.5399153252269
"San Francisco Telixtlahuaca",,,,"MX20150","Oaxaca",,,,"MX20","México",,,,"MX",2021-06-18,,192.95032298,"v02","es",,,,"San Francisco Telixtlahuaca",17.36695313,-96.92583248,3.50865565521774,0.75085442222288
"San Francisco Teopan",,,,"MX20151","Oaxaca",,,,"MX20","México",,,,"MX",2021-06-18,,86.27072938,"v02","es",,,,"San Francisco Teopan",17.89836384,-97.57014937,3.71642137935049,1.15936439876326
"San Francisco Tetlanohcan",,,,"MX29050","Tlaxcala",,,,"MX29","México",,,,"MX",2021-06-18,,39.50686375,"v02","es",,,,"San Francisco Tetlanohcan",19.26109594,-98.15940071,3.38305975624098,0.612444440161331
"San Francisco Tlapancingo",,,,"MX20152","Oaxaca",,,,"MX20","México",,,,"MX",2021-06-18,,99.63545664,"v02","es",,,,"San Francisco Tlapancingo",17.48060353,-98.25740799,4.16851130908092,3.11312326737149
"San Gabriel",,,,"MX14113","Jalisco",,,,"MX14","México",,,,"MX",2021-06-18,,746.11525977,"v02","es",,,,"San Gabriel",19.70378705,-103.74788051,,
"San Gabriel Chilac",,,,"MX21124","Puebla",,,,"MX21","México",,,,"MX",2021-06-18,,109.27572828,"v02","es",,,,"San Gabriel Chilac",18.31189168,-97.37211911,3.45008853595824,0.705341605194171
"San Gabriel Mixtepec",,,,"MX20153","Oaxaca",,,,"MX20","México",,,,"MX",2021-06-18,,178.42255287,"v02","es",,,,"San Gabriel Mixtepec",16.06123747,-97.06818226,3.85142360989786,0.957664581217891
"San Gregorio Atzompa",,,,"MX21125","Puebla",,,,"MX21","México",,,,"MX",2021-06-18,,11.78906031,"v02","es",,,,"San Gregorio Atzompa",19.01320359,-98.34228782,3.58576528111407,0.908961671560242
"San Ignacio",,,,"MX25016","Sinaloa",,,,"MX25","México",,,,"MX",2021-06-18,,5067.09798134,"v02","es",,,,"San Ignacio",23.92493516,-106.2753073,,
"San Ignacio Cerro Gordo",,,,"MX14125","Jalisco",,,,"MX14","México",,,,"MX",2021-06-18,,227.80812415,"v02","es",,,,"San Ignacio Cerro Gordo",20.76868143,-102.51481456,,
"San Ignacio Río Muerto",,,,"MX26072","Sonora",,,,"MX26","México",,,,"MX",2021-06-18,,1264.60142115,"v02","es",,,,"San Ignacio Rio Muerto",27.32568842,-110.33181404,,
"San Ildefonso Amatlán",,,,"MX20154","Oaxaca",,,,"MX20","México",,,,"MX",2021-06-18,,61.10442056,"v02","es",,,,"San Ildefonso Amatlan",16.29668297,-96.45741143,3.27408491836709,0.506586387443168
"San Ildefonso Sola",,,,"MX20155","Oaxaca",,,,"MX20","México",,,,"MX",2021-06-18,,38.72138618,"v02","es",,,,"San Ildefonso Sola",16.57633673,-96.93880232,3.70584510153937,1.40614956640069
"San Ildefonso Villa Alta",,,,"MX20156","Oaxaca",,,,"MX20","México",,,,"MX",2021-06-18,,93.93771375,"v02","es",,,,"San Ildefonso Villa Alta",17.37250404,-96.10687831,,
"San Jacinto Amilpas",,,,"MX20157","Oaxaca",,,,"MX20","México",,,,"MX",2021-06-18,,4.15642378,"v02","es",,,,"San Jacinto Amilpas",17.09346613,-96.75783358,3.55948801153148,0.782687177319324
"San Jacinto Tlacotepec",,,,"MX20158","Oaxaca",,,,"MX20","México",,,,"MX",2021-06-18,,63.5945186,"v02","es",,,,"San Jacinto Tlacotepec",16.50607733,-97.36380698,3.99498696085096,1.49301425838589
"San Javier",,,,"MX26054","Sonora",,,,"MX26","México",,,,"MX",2021-06-18,,535.93104518,"v02","es",,,,"San Javier",28.61575521,-109.75170051,,
"San Jerónimo Coatlán",,,,"MX20159","Oaxaca",,,,"MX20","México",,,,"MX",2021-06-18,,583.74069413,"v02","es",,,,"San Jeronimo Coatlan",16.19452932,-96.94068723,4.27494995176065,1.54888535851912
"San Jerónimo Silacayoapilla",,,,"MX20160","Oaxaca",,,,"MX20","México",,,,"MX",2021-06-18,,58.52155817,"v02","es",,,,"San Jeronimo Silacayoapilla",17.8071384,-97.87075287,3.89997060103057,1.70016314014508
"San Jerónimo Sosola",,,,"MX20161","Oaxaca",,,,"MX20","México",,,,"MX",2021-06-18,,220.08944359,"v02","es",,,,"San Jeronimo Sosola",17.38389652,-97.05761711,3.54641706432776,0.816420444834985
"San Jerónimo Taviche",,,,"MX20162","Oaxaca",,,,"MX20","México",,,,"MX",2021-06-18,,72.7240897,"v02","es",,,,"San Jeronimo Taviche",16.69762606,-96.57398991,3.36968996605111,0.60665984783086
"San Jerónimo Tecóatl",,,,"MX20163","Oaxaca",,,,"MX20","México",,,,"MX",2021-06-18,,17.82331815,"v02","es",,,,"San Jeronimo Tecoatl",18.14622899,-96.94196817,3.39692159930539,0.553046914031521
"San Jerónimo Tecuanipan",,,,"MX21126","Puebla",,,,"MX21","México",,,,"MX",2021-06-18,,39.83146268,"v02","es",,,,"San Jeronimo Tecuanipan",19.03883859,-98.41223327,3.56984083949814,0.888322300002843
"San Jerónimo Tlacochahuaya",,,,"MX20550","Oaxaca",,,,"MX20","México",,,,"MX",2021-06-18,,36.66149482,"v02","es",,,,"San Jeronimo Tlacochahuaya",17.01800616,-96.54498011,3.3723736950229,0.590918439880358
"San Jerónimo Xayacatlán",,,,"MX21127","Puebla",,,,"MX21","México",,,,"MX",2021-06-18,,142.99322387,"v02","es",,,,"San Jeronimo Xayacatlan",18.20529172,-97.91945598,3.77357396424771,1.33517727992823
"San Jerónimo Zacualpan",,,,"MX29051","Tlaxcala",,,,"MX29","México",,,,"MX",2021-06-18,,7.78605805,"v02","es",,,,"San Jeronimo Zacualpan",19.24653111,-98.26276036,3.44181586216529,0.685312716882728
"San Joaquín",,,,"MX22015","Querétaro de Arteaga",,,,"MX22","México",,,,"MX",2021-06-18,,276.8195764,"v02","es",,,,"San Joaquin",20.99908483,-99.49131855,,
"San Jorge Nuchita",,,,"MX20164","Oaxaca",,,,"MX20","México",,,,"MX",2021-06-18,,55.75700487,"v02","es",,,,"San Jorge Nuchita",17.6859838,-98.09257072,3.96773871110936,2.08107151712626
"San José Ayuquila",,,,"MX20165","Oaxaca",,,,"MX20","México",,,,"MX",2021-06-18,,21.816035,"v02","es",,,,"San Jose Ayuquila",17.95137588,-97.97557347,3.89837508384109,1.71503229928333
"San José Chiapa",,,,"MX21128","Puebla",,,,"MX21","México",,,,"MX",2021-06-18,,177.01600066,"v02","es",,,,"San Jose Chiapa",19.24865537,-97.71989659,3.3583166917079,0.576400851959717
"San José Chiltepec",,,,"MX20166","Oaxaca",,,,"MX20","México",,,,"MX",2021-06-18,,193.14773061,"v02","es",,,,"San Jose Chiltepec",17.9135767,-96.09728421,,
"San José de Gracia",,,,"MX01008","Aguascalientes",,,,"MX01","México",,,,"MX",2021-06-18,,866.70027901,"v02","es",,,,"San Jose de Gracia",22.14262677,-102.53013576,,
"San José del Peñasco",,,,"MX20167","Oaxaca",,,,"MX20","México",,,,"MX",2021-06-18,,28.49787165,"v02","es",,,,"San Jose del Penasco",16.27954584,-96.49205819,3.35907677801997,0.57106117330237
"San José del Progreso",,,,"MX20072","Oaxaca",,,,"MX20","México",,,,"MX",2021-06-18,,108.43626874,"v02","es",,,,"San Jose del Progreso",16.67561825,-96.66638492,3.4886771984193,0.743277709586859
"San José del Rincón",,,,"MX15124","México",,,,"MX15","México",,,,"MX",2021-06-18,,488.10307409,"v02","es",,,,"San Jose del Rincon",19.63601212,-100.16033237,3.48050123487027,0.717279797782925
"San José Estancia Grande",,,,"MX20168","Oaxaca",,,,"MX20","México",,,,"MX",2021-06-18,,65.87259025,"v02","es",,,,"San Jose Estancia Grande",16.37683121,-98.2564649,4.03075213153138,2.44540632692055
"San José Independencia",,,,"MX20169","Oaxaca",,,,"MX20","México",,,,"MX",2021-06-18,,53.92685505,"v02","es",,,,"San Jose Independencia",18.25521157,-96.64147444,3.31443342846592,0.50610419961838
"San José Iturbide",,,,"MX11032","Guanajuato",,,,"MX11","México",,,,"MX",2021-06-18,,548.14093982,"v02","es",,,,"San Jose Iturbide",21.00125985,-100.38447902,,
"San José Lachiguiri",,,,"MX20170","Oaxaca",,,,"MX20","México",,,,"MX",2021-06-18,,77.45510397,"v02","es",,,,"San Jose Lachiguiri",16.39352081,-96.3257684,3.27592013287083,0.509579423458277
"San José Miahuatlán",,,,"MX21129","Puebla",,,,"MX21","México",,,,"MX",2021-06-18,,335.32377937,"v02","es",,,,"San Jose Miahuatlán",18.22585508,-97.28080178,3.45807997729657,0.704235970732289
"San José Teacalco",,,,"MX29052","Tlaxcala",,,,"MX29","México",,,,"MX",2021-06-18,,35.98543176,"v02","es",,,,"San Jose Teacalco",19.32304003,-98.05342932,3.30814268240733,0.536818641140483
"San José Tenango",,,,"MX20171","Oaxaca",,,,"MX20","México",,,,"MX",2021-06-18,,257.8736937,"v02","es",,,,"San Jose Tenango",18.16449178,-96.67073949,3.38461006293493,0.559011192906662
"San Juan Achiutla",,,,"MX20172","Oaxaca",,,,"MX20","México",,,,"MX",2021-06-18,,35.61404145,"v02","es",,,,"San Juan Achiutla",17.3474058,-97.49021792,3.71309777241747,1.18955731010259
"San Juan Atenco",,,,"MX21130","Puebla",,,,"MX21","México",,,,"MX",2021-06-18,,96.25335114,"v02","es",,,,"San Juan Atenco",19.04733045,-97.55196963,3.35696423261109,0.575792124443928
"San Juan Atepec",,,,"MX20173","Oaxaca",,,,"MX20","México",,,,"MX",2021-06-18,,134.20477601,"v02","es",,,,"San Juan Atepec",17.47395883,-96.47625302,3.28713038372535,0.528912579020329
"San Juan Atzompa",,,,"MX21131","Puebla",,,,"MX21","México",,,,"MX",2021-06-18,,24.74411741,"v02","es",,,,"San Juan Atzompa",18.74500515,-98.04216934,3.54806400840131,0.868009355353009
"San Juan Bautista Atatlahuca",,,,"MX20175","Oaxaca",,,,"MX20","México",,,,"MX",2021-06-18,,421.5669789,"v02","es",,,,"San Juan Bautista Atatlahuca",17.58300944,-96.76534403,3.42630126231417,0.639855050382742
"San Juan Bautista Coixtlahuaca",,,,"MX20176","Oaxaca",,,,"MX20","México",,,,"MX",2021-06-18,,286.15234736,"v02","es",,,,"San Juan Bautista Coixtlahuaca",17.72827969,-97.25611319,3.61201151506976,0.936725271736553
"San Juan Bautista Cuicatlán",,,,"MX20177","Oaxaca",,,,"MX20","México",,,,"MX",2021-06-18,,496.39950991,"v02","es",,,,"San Juan Bautista Cuicatlan",17.72549656,-96.92219409,3.43377322584125,0.664363490242356
"San Juan Bautista Guelache",,,,"MX20178","Oaxaca",,,,"MX20","México",,,,"MX",2021-06-18,,52.10005899,"v02","es",,,,"San Juan Bautista Guelache",17.23920469,-96.75068878,3.47523240980202,0.691121535092865
"San Juan Bautista Jayacatlán",,,,"MX20179","Oaxaca",,,,"MX20","México",,,,"MX",2021-06-18,,114.4049574,"v02","es",,,,"San Juan Bautista Jayacatlan",17.43201447,-96.81000344,3.43762458525754,0.658045580424338
"San Juan Bautista Lo de Soto",,,,"MX20180","Oaxaca",,,,"MX20","México",,,,"MX",2021-06-18,,72.12320745,"v02","es",,,,"San Juan Bautista Lo de Soto",16.50692811,-98.34857631,4.15375468157978,3.10937109108088
"San Juan Bautista Suchitepec",,,,"MX20181","Oaxaca",,,,"MX20","México",,,,"MX",2021-06-18,,93.28985478,"v02","es",,,,"San Juan Bautista Suchitepec",18.00619344,-97.64182594,3.74350277696073,1.22249088027574
"San Juan Bautista Tlachichilco",,,,"MX20183","Oaxaca",,,,"MX20","México",,,,"MX",2021-06-18,,88.67261185,"v02","es",,,,"San Juan Bautista Tlachichilco",17.58556501,-98.35127826,4.06341987914018,2.69003504701342
"San Juan Bautista Tlacoatzintepec",,,,"MX20182","Oaxaca",,,,"MX20","México",,,,"MX",2021-06-18,,50.13247944,"v02","es",,,,"San Juan Bautista Tlacoatzintepec",17.87018242,-96.59091132,3.30517516697521,0.528788192113872
"San Juan Bautista Tuxtepec",,,,"MX20184","Oaxaca",,,,"MX20","México",,,,"MX",2021-06-18,,868.25041764,"v02","es",,,,"San Juan Bautista Tuxtepec",18.02108362,-96.08701231,,
"San Juan Bautista Valle Nacional",,,,"MX20559","Oaxaca",,,,"MX20","México",,,,"MX",2021-06-18,,684.42148216,"v02","es",,,,"San Juan Bautista Valle Nacional",17.8202993,-96.33952393,3.23120352448388,0.487818661058999
"San Juan Cacahuatepec",,,,"MX20185","Oaxaca",,,,"MX20","México",,,,"MX",2021-06-18,,202.59157949,"v02","es",,,,"San Juan Cacahuatepec",16.65555398,-98.19347942,3.99510938143764,2.3408145910771
"San Juan Cancuc",,,,"MX07112","Chiapas",,,,"MX07","México",,,,"MX",2021-06-18,,173.04049102,"v02","es",,,,"San Juan Cancuc",16.93073174,-92.39020272,,
"San Juan Chicomezúchil",,,,"MX20191","Oaxaca",,,,"MX20","México",,,,"MX",2021-06-18,,20.38158408,"v02","es",,,,"San Juan Chicomezuchil",17.2755334,-96.50339972,3.27779909101572,0.518811395653378
"San Juan Chilateca",,,,"MX20192","Oaxaca",,,,"MX20","México",,,,"MX",2021-06-18,,5.20532462,"v02","es",,,,"San Juan Chilateca",16.82758644,-96.67250613,3.38622270575063,0.626277213338171
"San Juan Cieneguilla",,,,"MX20186","Oaxaca",,,,"MX20","México",,,,"MX",2021-06-18,,89.98825539,"v02","es",,,,"San Juan Cieneguilla",17.87496457,-98.31035879,4.06947734516298,2.47783662606534
"San Juan Coatzóspam",,,,"MX20187","Oaxaca",,,,"MX20","México",,,,"MX",2021-06-18,,65.98865034,"v02","es",,,,"San Juan Coatzospam",18.06579796,-96.70875095,3.32692515719924,0.523063545107987
"San Juan Colorado",,,,"MX20188","Oaxaca",,,,"MX20","México",,,,"MX",2021-06-18,,123.97814058,"v02","es",,,,"San Juan Colorado",16.50171876,-97.90326426,4.01839884585066,2.15995718522617
"San Juan Comaltepec",,,,"MX20189","Oaxaca",,,,"MX20","México",,,,"MX",2021-06-18,,98.60216346,"v02","es",,,,"San Juan Comaltepec",17.32854339,-95.9379278,,
"San Juan Cotzocón",,,,"MX20190","Oaxaca",,,,"MX20","México",,,,"MX",2021-06-18,,1382.48770531,"v02","es",,,,"San Juan Cotzocon",17.31258883,-95.52973849,,
"San Juan de Guadalupe",,,,"MX10027","Durango",,,,"MX10","México",,,,"MX",2021-06-18,,2409.64637345,"v02","es",,,,"San Juan de Guadalupe",24.72760959,-102.71180159,,
"San Juan de los Cués",,,,"MX20206","Oaxaca",,,,"MX20","México",,,,"MX",2021-06-18,,119.51411732,"v02","es",,,,"San Juan de los Cues",18.04376309,-97.05047301,3.42000005560859,0.627814020431985
"San Juan de los Lagos",,,,"MX14073","Jalisco",,,,"MX14","México",,,,"MX",2021-06-18,,847.67144656,"v02","es",,,,"San Juan de los Lagos",21.25431271,-102.28137112,,
"San Juan de Sabinas",,,,"MX05032","Coahuila de Zaragoza",,,,"MX05","México",,,,"MX",2021-06-18,,802.39850923,"v02","es",,,,"San Juan de Sabinas",28.06462673,-101.39035382,,
"San Juan del Estado",,,,"MX20193","Oaxaca",,,,"MX20","México",,,,"MX",2021-06-18,,132.05280276,"v02","es",,,,"San Juan del Estado",17.33575841,-96.77358032,3.46638144850413,0.684659080433637
"San Juan del Río",,,,"MX10028","Durango",,,,"MX10","México",,,,"MX",2021-06-18,,1399.43877045,"v02","es",,,,"San Juan del Rio",24.79468142,-104.44417459,,
"San Juan del Río",,,,"MX20194","Oaxaca",,,,"MX20","México",,,,"MX",2021-06-18,,71.34447987,"v02","es",,,,"San Juan del Rio",16.89691815,-96.14738988,,
"San Juan del Río",,,,"MX22016","Querétaro de Arteaga",,,,"MX22","México",,,,"MX",2021-06-18,,770.88818346,"v02","es",,,,"San Juan del Rio",20.38671027,-100.01210063,,
"San Juan Diuxi",,,,"MX20195","Oaxaca",,,,"MX20","México",,,,"MX",2021-06-18,,34.90333374,"v02","es",,,,"San Juan Diuxi",17.27398194,-97.38412931,3.77386783116121,1.24240486940603
"San Juan Evangelista",,,,"MX30142","Veracruz de Ignacio de la Llave",,,,"MX30","México",,,,"MX",2021-06-18,,1261.66891787,"v02","es",,,,"San Juan Evangelista",17.76252639,-95.23042943,,
"San Juan Evangelista Analco",,,,"MX20196","Oaxaca",,,,"MX20","México",,,,"MX",2021-06-18,,16.59214768,"v02","es",,,,"San Juan Evangelista Analco",17.39945048,-96.54006538,3.34574121727563,0.570185187478573
"San Juan Guelavía",,,,"MX20197","Oaxaca",,,,"MX20","México",,,,"MX",2021-06-18,,31.76255596,"v02","es",,,,"San Juan Guelavia",16.96023207,-96.54014914,3.40462990617638,0.620300854233523
"San Juan Guichicovi",,,,"MX20198","Oaxaca",,,,"MX20","México",,,,"MX",2021-06-18,,796.97685897,"v02","es",,,,"San Juan Guichicovi",17.1049808,-95.22541429,,
"San Juan Huactzinco",,,,"MX29053","Tlaxcala",,,,"MX29","México",,,,"MX",2021-06-18,,4.49184947,"v02","es",,,,"San Juan Huactzinco",19.237963,-98.25250281,3.52265535737292,0.769171512586311
"San Juan Ihualtepec",,,,"MX20199","Oaxaca",,,,"MX20","México",,,,"MX",2021-06-18,,52.21021181,"v02","es",,,,"San Juan Ihualtepec",17.76780188,-98.29005809,4.03917202039334,2.47324059440307
"San Juan Juquila Mixes",,,,"MX20200","Oaxaca",,,,"MX20","México",,,,"MX",2021-06-18,,316.0037155,"v02","es",,,,"San Juan Juquila Mixes",16.86798845,-95.87877451,,
"San Juan Juquila Vijanos",,,,"MX20201","Oaxaca",,,,"MX20","México",,,,"MX",2021-06-18,,56.54715905,"v02","es",,,,"San Juan Juquila Vijanos",17.33041372,-96.29829139,3.19718278976112,0.460799502219786
"San Juan Lachao",,,,"MX20202","Oaxaca",,,,"MX20","México",,,,"MX",2021-06-18,,209.48328567,"v02","es",,,,"San Juan Lachao",16.20499674,-97.12057889,4.42132935497139,1.70770833235789
"San Juan Lachigalla",,,,"MX20203","Oaxaca",,,,"MX20","México",,,,"MX",2021-06-18,,107.42868926,"v02","es",,,,"San Juan Lachigalla",16.56462355,-96.54505523,3.41711441489983,0.647249929429439
"San Juan Lajarcia",,,,"MX20204","Oaxaca",,,,"MX20","México",,,,"MX",2021-06-18,,106.27742513,"v02","es",,,,"San Juan Lajarcia",16.51210667,-95.92069178,,
"San Juan Lalana",,,,"MX20205","Oaxaca",,,,"MX20","México",,,,"MX",2021-06-18,,694.07606773,"v02","es",,,,"San Juan Lalana",17.51210625,-95.83318467,,
"San Juan Mazatlán",,,,"MX20207","Oaxaca",,,,"MX20","México",,,,"MX",2021-06-18,,1627.50931409,"v02","es",,,,"San Juan Mazatlan",17.14683009,-95.44035337,,
"San Juan Mixtepec -Dto. 08 -",,,,"MX20208","Oaxaca",,,,"MX20","México",,,,"MX",2021-06-18,,358.1840516,"v02","es",,,,"San Juan Mixtepec -Dto. 08 -",17.37567823,-97.86605167,3.86637862025224,1.7077154632388
"San Juan Mixtepec -Dto. 26 -",,,,"MX20209","Oaxaca",,,,"MX20","México",,,,"MX",2021-06-18,,75.45267538,"v02","es",,,,"San Juan Mixtepec -Dto. 26 -",16.25776067,-96.3193385,,
"San Juan Ñumí",,,,"MX20210","Oaxaca",,,,"MX20","México",,,,"MX",2021-06-18,,212.08309057,"v02","es",,,,"San Juan Numi",17.43682817,-97.76369318,3.83877390503544,1.57357320558211
"San Juan Ozolotepec",,,,"MX20211","Oaxaca",,,,"MX20","México",,,,"MX",2021-06-18,,206.52928871,"v02","es",,,,"San Juan Ozolotepec",16.09775403,-96.26860878,,
"San Juan Petlapa",,,,"MX20212","Oaxaca",,,,"MX20","México",,,,"MX",2021-06-18,,188.29692115,"v02","es",,,,"San Juan Petlapa",17.48919847,-96.03555877,,
"San Juan Quiahije",,,,"MX20213","Oaxaca",,,,"MX20","México",,,,"MX",2021-06-18,,203.88100786,"v02","es",,,,"San Juan Quiahije",16.35530608,-97.37642134,4.18593432745554,1.54080749090318
"San Juan Quiotepec",,,,"MX20214","Oaxaca",,,,"MX20","México",,,,"MX",2021-06-18,,202.86678256,"v02","es",,,,"San Juan Quiotepec",17.67252399,-96.63589923,3.34050549726707,0.563982192792983
"San Juan Sayultepec",,,,"MX20215","Oaxaca",,,,"MX20","México",,,,"MX",2021-06-18,,14.55989108,"v02","es",,,,"San Juan Sayultepec",17.4486315,-97.28364563,3.59974469395323,0.937521608522588
"San Juan Tabaá",,,,"MX20216","Oaxaca",,,,"MX20","México",,,,"MX",2021-06-18,,19.61039825,"v02","es",,,,"San Juan Tabaa",17.31933482,-96.21846178,,
"San Juan Tamazola",,,,"MX20217","Oaxaca",,,,"MX20","México",,,,"MX",2021-06-18,,359.60205478,"v02","es",,,,"San Juan Tamazola",17.1171876,-97.15917776,3.79377414679206,1.15675248360132
"San Juan Teita",,,,"MX20218","Oaxaca",,,,"MX20","México",,,,"MX",2021-06-18,,70.99877421,"v02","es",,,,"San Juan Teita",17.07443855,-97.42857382,3.78092260611355,1.23940138695019
"San Juan Teitipac",,,,"MX20219","Oaxaca",,,,"MX20","México",,,,"MX",2021-06-18,,41.27073265,"v02","es",,,,"San Juan Teitipac",16.89024561,-96.59490505,3.44657493069212,0.665820159802288
"San Juan Tepeuxila",,,,"MX20220","Oaxaca",,,,"MX20","México",,,,"MX",2021-06-18,,255.12299346,"v02","es",,,,"San Juan Tepeuxila",17.74960763,-96.73427951,3.36286705544025,0.580328466279169
"San Juan Teposcolula",,,,"MX20221","Oaxaca",,,,"MX20","México",,,,"MX",2021-06-18,,87.00564753,"v02","es",,,,"San Juan Teposcolula",17.58681141,-97.41602368,3.68496740283949,1.0973798970816
"San Juan Yaeé",,,,"MX20222","Oaxaca",,,,"MX20","México",,,,"MX",2021-06-18,,37.82380004,"v02","es",,,,"San Juan Yaee",17.44541072,-96.27695164,,
"San Juan Yatzona",,,,"MX20223","Oaxaca",,,,"MX20","México",,,,"MX",2021-06-18,,29.10956537,"v02","es",,,,"San Juan Yatzona",17.41134055,-96.1826131,,
"San Juan Yucuita",,,,"MX20224","Oaxaca",,,,"MX20","México",,,,"MX",2021-06-18,,23.38935132,"v02","es",,,,"San Juan Yucuita",17.52170221,-97.26442882,3.56658591447644,0.884858008784557
"San Juanito de Escobedo",,,,"MX14007","Jalisco",,,,"MX14","México",,,,"MX",2021-06-18,,194.71016473,"v02","es",,,,"San Juanito de Escobedo",20.81369918,-103.99230668,,
"San Julián",,,,"MX14074","Jalisco",,,,"MX14","México",,,,"MX",2021-06-18,,261.93916351,"v02","es",,,,"San Julian",20.99387204,-102.15835706,,
"San Lorenzo",,,,"MX20225","Oaxaca",,,,"MX20","México",,,,"MX",2021-06-18,,58.58785254,"v02","es",,,,"San Lorenzo",16.41774552,-97.88533754,4.01084495881594,2.06350140549558
"San Lorenzo Albarradas",,,,"MX20226","Oaxaca",,,,"MX20","México",,,,"MX",2021-06-18,,134.4292637,"v02","es",,,,"San Lorenzo Albarradas",16.8887384,-96.26710572,,
"San Lorenzo Axocomanitla",,,,"MX29054","Tlaxcala",,,,"MX29","México",,,,"MX",2021-06-18,,4.49613507,"v02","es",,,,"San Lorenzo Axocomanitla",19.2150878,-98.2645704,3.51691729488443,0.765836959396575
"San Lorenzo Cacaotepec",,,,"MX20227","Oaxaca",,,,"MX20","México",,,,"MX",2021-06-18,,27.60422877,"v02","es",,,,"San Lorenzo Cacaotepec",17.12592453,-96.80752969,3.55940692609871,0.788451959112719
"San Lorenzo Cuaunecuiltitla",,,,"MX20228","Oaxaca",,,,"MX20","México",,,,"MX",2021-06-18,,9.17300148,"v02","es",,,,"San Lorenzo Cuaunecuiltitla",18.2156317,-96.915237,3.37715150757668,0.512118007119071
"San Lorenzo Texmelúcan",,,,"MX20229","Oaxaca",,,,"MX20","México",,,,"MX",2021-06-18,,137.38837248,"v02","es",,,,"San Lorenzo Texmelucan",16.53463546,-97.17947461,4.18894381089595,1.75108362487096
"San Lorenzo Victoria",,,,"MX20230","Oaxaca",,,,"MX20","México",,,,"MX",2021-06-18,,51.97513547,"v02","es",,,,"San Lorenzo Victoria",17.62507028,-98.11582362,3.94555011047887,2.06866089522126
"San Lucas",,,,"MX07110","Chiapas",,,,"MX07","México",,,,"MX",2021-06-18,,94.03568884,"v02","es",,,,"San Lucas",16.62792679,-92.74221081,,
"San Lucas",,,,"MX16077","Michoacán de Ocampo",,,,"MX16","México",,,,"MX",2021-06-18,,467.9077056,"v02","es",,,,"San Lucas",18.58804024,-100.79846368,3.86484897340612,1.6391874705231
"San Lucas Camotlán",,,,"MX20231","Oaxaca",,,,"MX20","México",,,,"MX",2021-06-18,,101.59725987,"v02","es",,,,"San Lucas Camotlan",16.93627407,-95.69150606,,
"San Lucas Ojitlán",,,,"MX20232","Oaxaca",,,,"MX20","México",,,,"MX",2021-06-18,,454.88525759,"v02","es",,,,"San Lucas Ojitlan",18.03459344,-96.37086783,3.16986380264836,0.435775025186917
"San Lucas Quiaviní",,,,"MX20233","Oaxaca",,,,"MX20","México",,,,"MX",2021-06-18,,51.77534606,"v02","es",,,,"San Lucas Quiavini",16.88270168,-96.45460353,3.3564005671415,0.577114202882249
"San Lucas Tecopilco",,,,"MX29055","Tlaxcala",,,,"MX29","México",,,,"MX",2021-06-18,,28.80213272,"v02","es",,,,"San Lucas Tecopilco",19.48883018,-98.25415779,3.36433992853533,0.581506787366204
"San Lucas Zoquiápam",,,,"MX20234","Oaxaca",,,,"MX20","México",,,,"MX",2021-06-18,,64.95481887,"v02","es",,,,"San Lucas Zoquiapam",18.11126,-96.91796346,3.34539550424079,0.521801604217329
"San Luis Acatlán",,,,"MX12052","Guerrero",,,,"MX12","México",,,,"MX",2021-06-18,,1097.67697156,"v02","es",,,,"San Luis Acatlan",16.87008552,-98.72220745,4.80506945206747,5.99509610110932
"San Luis Amatlán",,,,"MX20235","Oaxaca",,,,"MX20","México",,,,"MX",2021-06-18,,288.99496825,"v02","es",,,,"San Luis Amatlan",16.47088421,-96.48888623,3.36185975400709,0.587237194587843
"San Luis de la Paz",,,,"MX11033","Guanajuato",,,,"MX11","México",,,,"MX",2021-06-18,,2031.31358089,"v02","es",,,,"San Luis de la Paz",21.3808525,-100.48180376,,
"San Luis del Cordero",,,,"MX10029","Durango",,,,"MX10","México",,,,"MX",2021-06-18,,604.76328762,"v02","es",,,,"San Luis del Cordero",25.39127282,-104.33451309,,
"San Luis Potosí",,,,"MX24028","San Luis Potosí",,,,"MX24","México",,,,"MX",2021-06-18,,1482.00310688,"v02","es",,,,"San Luis Potosi",22.30896255,-100.92619846,,
"San Luis Río Colorado",,,,"MX26055","Sonora",,,,"MX26","México",,,,"MX",2021-06-18,,8865.29446495,"v02","es",,,,"San Luis Rio Colorado",31.99391463,-114.29077318,,
"San Marcial Ozolotepec",,,,"MX20236","Oaxaca",,,,"MX20","México",,,,"MX",2021-06-18,,53.77690355,"v02","es",,,,"San Marcial Ozolotepec",16.03225973,-96.40419657,3.24409481348892,0.476187802199587
"San Marcos",,,,"MX12053","Guerrero",,,,"MX12","México",,,,"MX",2021-06-18,,1154.22334724,"v02","es",,,,"San Marcos",16.84611106,-99.39132593,6.49914190117839,24.2510706774993
"San Marcos",,,,"MX14075","Jalisco",,,,"MX14","México",,,,"MX",2021-06-18,,305.5098931,"v02","es",,,,"San Marcos",20.82346397,-104.24635359,,
"San Marcos Arteaga",,,,"MX20237","Oaxaca",,,,"MX20","México",,,,"MX",2021-06-18,,127.8866167,"v02","es",,,,"San Marcos Arteaga",17.74601476,-97.9426642,3.87088602781913,1.67921168128602
"San Martín Chalchicuautla",,,,"MX24029","San Luis Potosí",,,,"MX24","México",,,,"MX",2021-06-18,,413.12974028,"v02","es",,,,"San Martin Chalchicuautla",21.36330759,-98.67216913,,
"San Martín de Bolaños",,,,"MX14076","Jalisco",,,,"MX14","México",,,,"MX",2021-06-18,,690.05792864,"v02","es",,,,"San Martin de Bolanos",21.572028,-103.7915405,,
"San Martín de las Pirámides",,,,"MX15075","México",,,,"MX15","México",,,,"MX",2021-06-18,,69.93895812,"v02","es",,,,"San Martin de las Piramides",19.71607155,-98.82448662,3.38285444404001,0.594216601303703
"San Martín de los Cansecos",,,,"MX20238","Oaxaca",,,,"MX20","México",,,,"MX",2021-06-18,,8.31114493,"v02","es",,,,"San Martin de los Cansecos",16.65894699,-96.72562382,3.56647162651102,0.854802506765028
"San Martín Hidalgo",,,,"MX14077","Jalisco",,,,"MX14","México",,,,"MX",2021-06-18,,342.92610017,"v02","es",,,,"San Martin Hidalgo",20.45941579,-103.91182401,,
"San Martín Huamelúlpam",,,,"MX20239","Oaxaca",,,,"MX20","México",,,,"MX",2021-06-18,,42.77416674,"v02","es",,,,"San Martin Huamelulpam",17.39510892,-97.61306103,3.76671776985926,1.33622362971345
"San Martín Itunyoso",,,,"MX20240","Oaxaca",,,,"MX20","México",,,,"MX",2021-06-18,,63.73866614,"v02","es",,,,"San Martin Itunyoso",17.2225703,-97.85339568,3.83651117389989,1.63775694013383
"San Martín Lachilá",,,,"MX20241","Oaxaca",,,,"MX20","México",,,,"MX",2021-06-18,,10.73958248,"v02","es",,,,"San Martin Lachila",16.6116676,-96.84990414,3.62097896781091,1.11809327732392
"San Martín Peras",,,,"MX20242","Oaxaca",,,,"MX20","México",,,,"MX",2021-06-18,,242.70315801,"v02","es",,,,"San Martin Peras",17.37248737,-98.22840662,4.09992342184979,2.84967483449906
"San Martín Texmelucan",,,,"MX21132","Puebla",,,,"MX21","México",,,,"MX",2021-06-18,,89.56711382,"v02","es",,,,"San Martin Texmelucan",19.26598358,-98.42487812,3.47093589165774,0.725832198138248
"San Martín Tilcajete",,,,"MX20243","Oaxaca",,,,"MX20","México",,,,"MX",2021-06-18,,24.231442,"v02","es",,,,"San Martin Tilcajete",16.88020124,-96.69109905,3.38017270313436,0.608279148438182
"San Martín Totoltepec",,,,"MX21133","Puebla",,,,"MX21","México",,,,"MX",2021-06-18,,7.20822952,"v02","es",,,,"San Martin Totoltepec",18.65776874,-98.3545778,3.75941394236882,1.28904154735936
"San Martín Toxpalan",,,,"MX20244","Oaxaca",,,,"MX20","México",,,,"MX",2021-06-18,,64.1037831,"v02","es",,,,"San Martin Toxpalan",18.11017177,-97.02294895,3.38429890117199,0.580779888785968
"San Martín Zacatepec",,,,"MX20245","Oaxaca",,,,"MX20","México",,,,"MX",2021-06-18,,43.34337415,"v02","es",,,,"San Martin Zacatepec",17.81391584,-98.06573957,3.97885375906346,2.0477951935605
"San Mateo Atenco",,,,"MX15076","México",,,,"MX15","México",,,,"MX",2021-06-18,,18.89390262,"v02","es",,,,"San Mateo Atenco",19.26211686,-99.53700902,3.66137686519985,1.04220816131037
"San Mateo Cajonos",,,,"MX20246","Oaxaca",,,,"MX20","México",,,,"MX",2021-06-18,,14.68609214,"v02","es",,,,"San Mateo Cajonos",17.15428285,-96.20107432,,
"San Mateo del Mar",,,,"MX20248","Oaxaca",,,,"MX20","México",,,,"MX",2021-06-18,,87.74612827,"v02","es",,,,"San Mateo del Mar",16.20955383,-95.05707473,,
"San Mateo Etlatongo",,,,"MX20250","Oaxaca",,,,"MX20","México",,,,"MX",2021-06-18,,23.50223306,"v02","es",,,,"San Mateo Etlatongo",17.42341715,-97.26022496,3.65285161475114,1.00538516419852
"San Mateo Nejápam",,,,"MX20251","Oaxaca",,,,"MX20","México",,,,"MX",2021-06-18,,63.9714373,"v02","es",,,,"San Mateo Nejapam",17.64571473,-98.4298728,4.20830433432203,3.41553101444934
"San Mateo Peñasco",,,,"MX20252","Oaxaca",,,,"MX20","México",,,,"MX",2021-06-18,,55.8845715,"v02","es",,,,"San Mateo Penasco",17.14002609,-97.46546176,3.78421649870057,1.30036762000201
"San Mateo Piñas",,,,"MX20253","Oaxaca",,,,"MX20","México",,,,"MX",2021-06-18,,161.77959066,"v02","es",,,,"San Mateo Pinas",15.97481279,-96.34557855,3.17232311536213,0.431312750478527
"San Mateo Río Hondo",,,,"MX20254","Oaxaca",,,,"MX20","México",,,,"MX",2021-06-18,,211.13441129,"v02","es",,,,"San Mateo Rio Hondo",16.09946615,-96.56999353,3.3798464818988,0.577365925965858
"San Mateo Sindihui",,,,"MX20255","Oaxaca",,,,"MX20","México",,,,"MX",2021-06-18,,141.55595482,"v02","es",,,,"San Mateo Sindihui",17.02729622,-97.36785415,3.82221862036932,1.24463116195875
"San Mateo Tlapiltepec",,,,"MX20256","Oaxaca",,,,"MX20","México",,,,"MX",2021-06-18,,24.41484318,"v02","es",,,,"San Mateo Tlapiltepec",17.80390759,-97.42894382,3.69714774734801,1.10152840505468
"San Mateo Yoloxochitlán",,,,"MX20249","Oaxaca",,,,"MX20","México",,,,"MX",2021-06-18,,7.11850852,"v02","es",,,,"San Mateo Yoloxochitlan",18.14267319,-96.86915696,3.33277868623766,0.498279588768221
"San Mateo Yucutindó",,,,"MX20566","Oaxaca",,,,"MX20","México",,,,"MX",2021-06-18,,197.77430602,"v02","es",,,,"San Mateo Yucutindo",16.79167178,-97.29548548,4.065359016911,1.68053340092171
"San Matías Tlalancaleca",,,,"MX21134","Puebla",,,,"MX21","México",,,,"MX",2021-06-18,,50.72698503,"v02","es",,,,"San Matias Tlalancaleca",19.35068714,-98.49452229,3.55795361301316,0.811156586020539
"San Melchor Betaza",,,,"MX20257","Oaxaca",,,,"MX20","México",,,,"MX",2021-06-18,,34.08201044,"v02","es",,,,"San Melchor Betaza",17.2421028,-96.15388089,,
"San Miguel Achiutla",,,,"MX20258","Oaxaca",,,,"MX20","México",,,,"MX",2021-06-18,,67.58910335,"v02","es",,,,"San Miguel Achiutla",17.3098718,-97.47364123,3.73567898907906,1.21733265835223
"San Miguel Ahuehuetitlán",,,,"MX20259","Oaxaca",,,,"MX20","México",,,,"MX",2021-06-18,,86.1351165,"v02","es",,,,"San Miguel Ahuehuetitlan",17.67784545,-98.33368442,4.13900724270737,2.95816326792275
"San Miguel Aloápam",,,,"MX20260","Oaxaca",,,,"MX20","México",,,,"MX",2021-06-18,,142.11162794,"v02","es",,,,"San Miguel Aloapam",17.43208058,-96.69676055,3.38292063487347,0.600649088021913
"San Miguel Amatitlán",,,,"MX20261","Oaxaca",,,,"MX20","México",,,,"MX",2021-06-18,,179.22810677,"v02","es",,,,"San Miguel Amatitlan",17.88601645,-98.0308786,3.90541809304371,1.78429139058621
"San Miguel Amatlán",,,,"MX20262","Oaxaca",,,,"MX20","México",,,,"MX",2021-06-18,,60.84679267,"v02","es",,,,"San Miguel Amatlan",17.19946339,-96.45974551,3.27933689672078,0.515432139868646
"San Miguel Chicahua",,,,"MX20264","Oaxaca",,,,"MX20","México",,,,"MX",2021-06-18,,61.55801547,"v02","es",,,,"San Miguel Chicahua",17.63147152,-97.20435883,3.55831321198882,0.855469623467925
"San Miguel Chimalapa",,,,"MX20265","Oaxaca",,,,"MX20","México",,,,"MX",2021-06-18,,1184.26589291,"v02","es",,,,"San Miguel Chimalapa",16.62356755,-94.27059054,,
"San Miguel Coatlán",,,,"MX20263","Oaxaca",,,,"MX20","México",,,,"MX",2021-06-18,,123.4616937,"v02","es",,,,"San Miguel Coatlan",16.16923934,-96.68253141,3.59234136981532,0.755156933704683
"San Miguel de Allende",,,,"MX11003","Guanajuato",,,,"MX11","México",,,,"MX",2021-06-18,,1553.82238895,"v02","es",,,,"San Miguel de Allende",20.9130501,-100.73566004,,
"San Miguel de Horcasitas",,,,"MX26056","Sonora",,,,"MX26","México",,,,"MX",2021-06-18,,1115.64699536,"v02","es",,,,"San Miguel de Horcasitas",29.47889427,-110.78881816,,
"San Miguel del Puerto",,,,"MX20266","Oaxaca",,,,"MX20","México",,,,"MX",2021-06-18,,518.88403534,"v02","es",,,,"San Miguel del Puerto",15.951523,-96.09826942,,
"San Miguel del Río",,,,"MX20267","Oaxaca",,,,"MX20","México",,,,"MX",2021-06-18,,10.64450023,"v02","es",,,,"San Miguel del Rio",17.32967706,-96.57642471,3.33092108333954,0.555824672366167
"San Miguel Ejutla",,,,"MX20268","Oaxaca",,,,"MX20","México",,,,"MX",2021-06-18,,10.74654953,"v02","es",,,,"San Miguel Ejutla",16.59396395,-96.73326376,3.59014702589608,0.895003515211964
"San Miguel el Alto",,,,"MX14078","Jalisco",,,,"MX14","México",,,,"MX",2021-06-18,,786.75647825,"v02","es",,,,"San Miguel el Alto",20.99300093,-102.3936752,,
"San Miguel el Grande",,,,"MX20269","Oaxaca",,,,"MX20","México",,,,"MX",2021-06-18,,103.26317445,"v02","es",,,,"San Miguel el Grande",17.07382182,-97.60314877,3.83348833998402,1.47056853221667
"San Miguel Huautla",,,,"MX20270","Oaxaca",,,,"MX20","México",,,,"MX",2021-06-18,,64.97359271,"v02","es",,,,"San Miguel Huautla",17.75363204,-97.14465878,3.47422544953081,0.73806769526087
"San Miguel Ixitlán",,,,"MX21135","Puebla",,,,"MX21","México",,,,"MX",2021-06-18,,72.78221678,"v02","es",,,,"San Miguel Ixitlan",18.0068814,-97.77753871,3.71319132753991,1.21708349331586
"San Miguel Mixtepec",,,,"MX20271","Oaxaca",,,,"MX20","México",,,,"MX",2021-06-18,,72.88912184,"v02","es",,,,"San Miguel Mixtepec",16.75921231,-96.96019551,3.67129843760903,1.0045945090382
"San Miguel Panixtlahuaca",,,,"MX20272","Oaxaca",,,,"MX20","México",,,,"MX",2021-06-18,,144.1866807,"v02","es",,,,"San Miguel Panixtlahuaca",16.22575178,-97.43480004,4.04043616851951,1.32456020191548
"San Miguel Peras",,,,"MX20273","Oaxaca",,,,"MX20","México",,,,"MX",2021-06-18,,109.4279131,"v02","es",,,,"San Miguel Peras",16.92824701,-97.02308562,3.79835917109003,1.12022195271339
"San Miguel Piedras",,,,"MX20274","Oaxaca",,,,"MX20","México",,,,"MX",2021-06-18,,65.48141059,"v02","es",,,,"San Miguel Piedras",16.97818893,-97.20854975,4.00318672971443,1.46038881459674
"San Miguel Quetzaltepec",,,,"MX20275","Oaxaca",,,,"MX20","México",,,,"MX",2021-06-18,,207.73579535,"v02","es",,,,"San Miguel Quetzaltepec",16.97903107,-95.76707934,,
"San Miguel Santa Flor",,,,"MX20276","Oaxaca",,,,"MX20","México",,,,"MX",2021-06-18,,19.81748183,"v02","es",,,,"San Miguel Santa Flor",17.92073926,-96.80166642,3.38156802415399,0.579618806237345
"San Miguel Soyaltepec",,,,"MX20278","Oaxaca",,,,"MX20","México",,,,"MX",2021-06-18,,741.12024232,"v02","es",,,,"San Miguel Soyaltepec",18.25085675,-96.48282624,3.20538607976653,0.450140010198749
"San Miguel Suchixtepec",,,,"MX20279","Oaxaca",,,,"MX20","México",,,,"MX",2021-06-18,,69.55051559,"v02","es",,,,"San Miguel Suchixtepec",16.07863011,-96.45706951,3.3041219990773,0.518605547527055
"San Miguel Tecomatlán",,,,"MX20281","Oaxaca",,,,"MX20","México",,,,"MX",2021-06-18,,19.67885069,"v02","es",,,,"San Miguel Tecomatlan",17.37148165,-97.30154522,3.68488741552934,1.06279158783391
"San Miguel Tenango",,,,"MX20282","Oaxaca",,,,"MX20","México",,,,"MX",2021-06-18,,205.54713125,"v02","es",,,,"San Miguel Tenango",16.2266259,-95.55699454,,
"San Miguel Tequixtepec",,,,"MX20283","Oaxaca",,,,"MX20","México",,,,"MX",2021-06-18,,162.17392545,"v02","es",,,,"San Miguel Tequixtepec",17.83057888,-97.31322585,3.66376164225891,1.01473387942753
"San Miguel Tilquiápam",,,,"MX20284","Oaxaca",,,,"MX20","México",,,,"MX",2021-06-18,,71.05937947,"v02","es",,,,"San Miguel Tilquiapam",16.7849124,-96.56765049,3.40820493328621,0.637081548371018
"San Miguel Tlacamama",,,,"MX20285","Oaxaca",,,,"MX20","México",,,,"MX",2021-06-18,,103.74262012,"v02","es",,,,"San Miguel Tlacamama",16.44499018,-98.11256019,3.96668923696558,2.11237794589965
"San Miguel Tlacotepec",,,,"MX20286","Oaxaca",,,,"MX20","México",,,,"MX",2021-06-18,,55.57474304,"v02","es",,,,"San Miguel Tlacotepec",17.44668336,-98.01194172,3.95238223912952,2.04385090918059
"San Miguel Totolapan",,,,"MX12054","Guerrero",,,,"MX12","México",,,,"MX",2021-06-18,,2370.92597067,"v02","es",,,,"San Miguel Totolapan",17.8471242,-100.31943684,4.64984790546723,5.24158492230097
"San Miguel Tulancingo",,,,"MX20287","Oaxaca",,,,"MX20","México",,,,"MX",2021-06-18,,46.70347588,"v02","es",,,,"San Miguel Tulancingo",17.75231424,-97.44210459,3.69280013875944,1.10364128983402
"San Miguel Xoxtla",,,,"MX21136","Puebla",,,,"MX21","México",,,,"MX",2021-06-18,,8.31943371,"v02","es",,,,"San Miguel Xoxtla",19.17297955,-98.30494757,3.45015722203209,0.710666573850898
"San Miguel Yotao",,,,"MX20288","Oaxaca",,,,"MX20","México",,,,"MX",2021-06-18,,39.20072673,"v02","es",,,,"San Miguel Yotao",17.34674862,-96.35701312,3.19761942133074,0.465102080039213
"San Nicolás",,,,"MX20289","Oaxaca",,,,"MX20","México",,,,"MX",2021-06-18,,29.56065156,"v02","es",,,,"San Nicolas",16.43296243,-96.74195446,3.69936208471921,1.03405950208756
"San Nicolás",,,,"MX28036","Tamaulipas",,,,"MX28","México",,,,"MX",2021-06-18,,544.66047263,"v02","es",,,,"San Nicolas",24.6238647,-98.77377795,,
"San Nicolás Buenos Aires",,,,"MX21137","Puebla",,,,"MX21","México",,,,"MX",2021-06-18,,210.57053503,"v02","es",,,,"San Nicolas Buenos Aires",19.22141268,-97.48489591,3.33915678115825,0.557569999893396
"San Nicolás de los Garza",,,,"MX19046","Nuevo León",,,,"MX19","México",,,,"MX",2021-06-18,,60.17009458,"v02","es",,,,"San Nicolas de los Garza",25.73584236,-100.26649456,,
"San Nicolás de los Ranchos",,,,"MX21138","Puebla",,,,"MX21","México",,,,"MX",2021-06-18,,162.1522066,"v02","es",,,,"San Nicolas de los Ranchos",19.08729875,-98.55475776,3.68960340118797,1.06392291914814
"San Nicolás Hidalgo",,,,"MX20290","Oaxaca",,,,"MX20","México",,,,"MX",2021-06-18,,11.34662218,"v02","es",,,,"San Nicolas Hidalgo",17.77433118,-98.12215957,4.05635246193548,2.35545718045566
"San Nicolás Tolentino",,,,"MX24030","San Luis Potosí",,,,"MX24","México",,,,"MX",2021-06-18,,692.36585868,"v02","es",,,,"San Nicolas Tolentino",22.14827781,-100.4425763,,
"San Pablo Anicano",,,,"MX21139","Puebla",,,,"MX21","México",,,,"MX",2021-06-18,,96.88437752,"v02","es",,,,"San Pablo Anicano",18.14134596,-98.13804394,3.89901014401603,1.72676529976708
"San Pablo Coatlán",,,,"MX20291","Oaxaca",,,,"MX20","México",,,,"MX",2021-06-18,,187.89469302,"v02","es",,,,"San Pablo Coatlan",16.15373726,-96.77580725,3.79184110426693,0.943634003031609
"San Pablo Cuatro Venados",,,,"MX20292","Oaxaca",,,,"MX20","México",,,,"MX",2021-06-18,,119.59800793,"v02","es",,,,"San Pablo Cuatro Venados",16.89159991,-97.01952622,3.73300075323093,1.02999952672719
"San Pablo del Monte",,,,"MX29025","Tlaxcala",,,,"MX29","México",,,,"MX",2021-06-18,,58.92866057,"v02","es",,,,"San Pablo del Monte",19.16097614,-98.12943726,3.47771476612327,0.726361864186875
"San Pablo Etla",,,,"MX20293","Oaxaca",,,,"MX20","México",,,,"MX",2021-06-18,,44.36589665,"v02","es",,,,"San Pablo Etla",17.15504706,-96.7429206,3.49334915238139,0.70745896273756
"San Pablo Huitzo",,,,"MX20294","Oaxaca",,,,"MX20","México",,,,"MX",2021-06-18,,101.49175938,"v02","es",,,,"San Pablo Huitzo",17.31529165,-96.86088346,3.55981390741458,0.798388200575456
"San Pablo Huixtepec",,,,"MX20295","Oaxaca",,,,"MX20","México",,,,"MX",2021-06-18,,43.30167293,"v02","es",,,,"San Pablo Huixtepec",16.81501767,-96.80361258,3.59298471454778,0.867477349441915
"San Pablo Macuiltianguis",,,,"MX20296","Oaxaca",,,,"MX20","México",,,,"MX",2021-06-18,,149.5865201,"v02","es",,,,"San Pablo Macuiltianguis",17.51712475,-96.52563378,3.27791467764132,0.522144729380047
"San Pablo Tijaltepec",,,,"MX20297","Oaxaca",,,,"MX20","México",,,,"MX",2021-06-18,,117.49340055,"v02","es",,,,"San Pablo Tijaltepec",17.00435098,-97.47253321,3.81184542471098,1.30971044537636
"San Pablo Villa de Mitla",,,,"MX20298","Oaxaca",,,,"MX20","México",,,,"MX",2021-06-18,,280.44329206,"v02","es",,,,"San Pablo Villa de Mitla",16.96756295,-96.31824668,3.29144808407924,0.519918961471228
"San Pablo Yaganiza",,,,"MX20299","Oaxaca",,,,"MX20","México",,,,"MX",2021-06-18,,35.42602755,"v02","es",,,,"San Pablo Yaganiza",17.12807228,-96.2048953,,
"San Pedro",,,,"MX05033","Coahuila de Zaragoza",,,,"MX05","México",,,,"MX",2021-06-18,,7143.9820566,"v02","es",,,,"San Pedro",26.12492736,-102.77456288,,
"San Pedro Amuzgos",,,,"MX20300","Oaxaca",,,,"MX20","México",,,,"MX",2021-06-18,,121.44829695,"v02","es",,,,"San Pedro Amuzgos",16.67772672,-98.0854855,3.95945274770119,2.15270236625022
"San Pedro Apóstol",,,,"MX20301","Oaxaca",,,,"MX20","México",,,,"MX",2021-06-18,,8.87722893,"v02","es",,,,"San Pedro Apostol",16.74280376,-96.73629324,3.4704311588854,0.728866176712187
"San Pedro Atoyac",,,,"MX20302","Oaxaca",,,,"MX20","México",,,,"MX",2021-06-18,,74.35044052,"v02","es",,,,"San Pedro Atoyac",16.52189024,-97.96538872,4.04144139743416,2.27748053187746
"San Pedro Cajonos",,,,"MX20303","Oaxaca",,,,"MX20","México",,,,"MX",2021-06-18,,2.81374727,"v02","es",,,,"San Pedro Cajonos",17.16456811,-96.26365423,,
"San Pedro Cholula",,,,"MX21140","Puebla",,,,"MX21","México",,,,"MX",2021-06-18,,76.90646427,"v02","es",,,,"San Pedro Cholula",19.07236243,-98.32234724,3.5224977840548,0.81354348469942
"San Pedro Comitancillo",,,,"MX20305","Oaxaca",,,,"MX20","México",,,,"MX",2021-06-18,,46.79828213,"v02","es",,,,"San Pedro Comitancillo",16.46180613,-95.16152944,,
"San Pedro Coxcaltepec Cántaros",,,,"MX20304","Oaxaca",,,,"MX20","México",,,,"MX",2021-06-18,,94.68269894,"v02","es",,,,"San Pedro Coxcaltepec Cantaros",17.5310987,-97.14510836,3.54528756235349,0.824115541139004
"San Pedro de la Cueva",,,,"MX26057","Sonora",,,,"MX26","México",,,,"MX",2021-06-18,,2229.52839567,"v02","es",,,,"San Pedro de la Cueva",29.27809668,-109.68565982,,
"San Pedro del Gallo",,,,"MX10030","Durango",,,,"MX10","México",,,,"MX",2021-06-18,,1796.94825904,"v02","es",,,,"San Pedro del Gallo",25.64087026,-104.41440791,,
"San Pedro el Alto",,,,"MX20306","Oaxaca",,,,"MX20","México",,,,"MX",2021-06-18,,74.47204654,"v02","es",,,,"San Pedro el Alto",16.02287135,-96.47420743,3.32149176584796,0.530129942753911
"San Pedro Garza García",,,,"MX19019","Nuevo León",,,,"MX19","México",,,,"MX",2021-06-18,,70.78242493,"v02","es",,,,"San Pedro Garza Garcia",25.65271259,-100.37223797,,
"San Pedro Huamelula",,,,"MX20307","Oaxaca",,,,"MX20","México",,,,"MX",2021-06-18,,692.88727111,"v02","es",,,,"San Pedro Huamelula",15.97730026,-95.772035,,
"San Pedro Huilotepec",,,,"MX20308","Oaxaca",,,,"MX20","México",,,,"MX",2021-06-18,,26.50335303,"v02","es",,,,"San Pedro Huilotepec",16.24422385,-95.1414011,,
"San Pedro Ixcatlán",,,,"MX20309","Oaxaca",,,,"MX20","México",,,,"MX",2021-06-18,,101.87689349,"v02","es",,,,"San Pedro Ixcatlan",18.16620912,-96.54680163,3.30716140819748,0.517922582717981
"San Pedro Ixtlahuaca",,,,"MX20310","Oaxaca",,,,"MX20","México",,,,"MX",2021-06-18,,23.16849505,"v02","es",,,,"San Pedro Ixtlahuaca",17.05440196,-96.82089864,3.61897413211745,0.864917166496879
"San Pedro Jaltepetongo",,,,"MX20311","Oaxaca",,,,"MX20","México",,,,"MX",2021-06-18,,51.54010205,"v02","es",,,,"San Pedro Jaltepetongo",17.67871764,-97.03354289,3.40255457455493,0.644800728597834
"San Pedro Jicayán",,,,"MX20312","Oaxaca",,,,"MX20","México",,,,"MX",2021-06-18,,85.14609772,"v02","es",,,,"San Pedro Jicayan",16.46445792,-98.03868819,3.99758964403983,2.16511903003709
"San Pedro Jocotipac",,,,"MX20313","Oaxaca",,,,"MX20","México",,,,"MX",2021-06-18,,69.43547252,"v02","es",,,,"San Pedro Jocotipac",17.74883988,-97.07567345,3.41543746435527,0.659584605794505
"San Pedro Juchatengo",,,,"MX20314","Oaxaca",,,,"MX20","México",,,,"MX",2021-06-18,,58.24003124,"v02","es",,,,"San Pedro Juchatengo",16.3160758,-97.10775969,4.71631884714336,2.47477171563116
"San Pedro Lagunillas",,,,"MX18013","Nayarit",,,,"MX18","México",,,,"MX",2021-06-18,,515.67828881,"v02","es",,,,"San Pedro Lagunillas",21.16698961,-104.7179133,,
"San Pedro Mártir",,,,"MX20315","Oaxaca",,,,"MX20","México",,,,"MX",2021-06-18,,7.57774282,"v02","es",,,,"San Pedro Martir",16.74902711,-96.70535122,3.37574740828484,0.623927238223532
"San Pedro Mártir Quiechapa",,,,"MX20316","Oaxaca",,,,"MX20","México",,,,"MX",2021-06-18,,121.0317523,"v02","es",,,,"San Pedro Martir Quiechapa",16.46159788,-96.25710124,,
"San Pedro Mártir Yucuxaco",,,,"MX20317","Oaxaca",,,,"MX20","México",,,,"MX",2021-06-18,,81.88415021,"v02","es",,,,"San Pedro Martir Yucuxaco",17.45208335,-97.64859098,3.818528390609,1.45751609037946
"San Pedro Mixtepec -Dto. 22 -",,,,"MX20318","Oaxaca",,,,"MX20","México",,,,"MX",2021-06-18,,324.69117567,"v02","es",,,,"San Pedro Mixtepec -Dto. 22 -",15.9462321,-97.07083891,3.67149990930021,0.78877553855307
"San Pedro Mixtepec -Dto. 26 -",,,,"MX20319","Oaxaca",,,,"MX20","México",,,,"MX",2021-06-18,,154.64022469,"v02","es",,,,"San Pedro Mixtepec -Dto. 26 -",16.22599376,-96.22429049,,
"San Pedro Molinos",,,,"MX20320","Oaxaca",,,,"MX20","México",,,,"MX",2021-06-18,,26.39763987,"v02","es",,,,"San Pedro Molinos",17.10183832,-97.55109656,3.9243385512406,1.62714928135789
"San Pedro Nopala",,,,"MX20321","Oaxaca",,,,"MX20","México",,,,"MX",2021-06-18,,109.6026816,"v02","es",,,,"San Pedro Nopala",17.81340951,-97.56777453,3.75590495296341,1.25470885041447
"San Pedro Ocopetatillo",,,,"MX20322","Oaxaca",,,,"MX20","México",,,,"MX",2021-06-18,,6.59756965,"v02","es",,,,"San Pedro Ocopetatillo",18.18509381,-96.91246183,3.43639025693481,0.571442720030648
"San Pedro Ocotepec",,,,"MX20323","Oaxaca",,,,"MX20","México",,,,"MX",2021-06-18,,42.10551321,"v02","es",,,,"San Pedro Ocotepec",16.97551081,-95.83892541,,
"San Pedro Pochutla",,,,"MX20324","Oaxaca",,,,"MX20","México",,,,"MX",2021-06-18,,443.97657828,"v02","es",,,,"San Pedro Pochutla",15.79143261,-96.43006678,3.14346805707879,0.41253733415111
"San Pedro Quiatoni",,,,"MX20325","Oaxaca",,,,"MX20","México",,,,"MX",2021-06-18,,564.13624715,"v02","es",,,,"San Pedro Quiatoni",16.76340059,-96.02769379,,
"San Pedro Sochiápam",,,,"MX20326","Oaxaca",,,,"MX20","México",,,,"MX",2021-06-18,,152.2279019,"v02","es",,,,"San Pedro Sochiapam",17.81664232,-96.63863441,3.30840415174567,0.53159253425712
"San Pedro Tapanatepec",,,,"MX20327","Oaxaca",,,,"MX20","México",,,,"MX",2021-06-18,,737.68430963,"v02","es",,,,"San Pedro Tapanatepec",16.31603965,-94.20738199,,
"San Pedro Taviche",,,,"MX20328","Oaxaca",,,,"MX20","México",,,,"MX",2021-06-18,,98.39204679,"v02","es",,,,"San Pedro Taviche",16.64991578,-96.54414697,3.3785530534099,0.611515301932303
"San Pedro Teozacoalco",,,,"MX20329","Oaxaca",,,,"MX20","México",,,,"MX",2021-06-18,,93.00081008,"v02","es",,,,"San Pedro Teozacoalco",17.00295244,-97.30252978,3.94896183942868,1.40534523929275
"San Pedro Teutila",,,,"MX20330","Oaxaca",,,,"MX20","México",,,,"MX",2021-06-18,,148.66478948,"v02","es",,,,"San Pedro Teutila",17.97782516,-96.64165033,3.30953931368982,0.522253691991179
"San Pedro Tidaá",,,,"MX20331","Oaxaca",,,,"MX20","México",,,,"MX",2021-06-18,,45.94523124,"v02","es",,,,"San Pedro Tidaa",17.33632658,-97.38970723,3.74087654946565,1.18940440971764
"San Pedro Tlaquepaque",,,,"MX14098","Jalisco",,,,"MX14","México",,,,"MX",2021-06-18,,118.16901583,"v02","es",,,,"San Pedro Tlaquepaque",20.59257748,-103.33888033,,
"San Pedro Topiltepec",,,,"MX20332","Oaxaca",,,,"MX20","México",,,,"MX",2021-06-18,,32.82362274,"v02","es",,,,"San Pedro Topiltepec",17.45716706,-97.36139281,3.62840091761531,0.996452871450033
"San Pedro Totolápam",,,,"MX20333","Oaxaca",,,,"MX20","México",,,,"MX",2021-06-18,,401.77302742,"v02","es",,,,"San Pedro Totolapam",16.65731006,-96.23416445,3.27953575034415,0.515132119706551
"San Pedro y San Pablo Ayutla",,,,"MX20337","Oaxaca",,,,"MX20","México",,,,"MX",2021-06-18,,171.67986687,"v02","es",,,,"San Pedro y San Pablo Ayutla",17.03786117,-96.13730582,,
"San Pedro y San Pablo Teposcolula",,,,"MX20339","Oaxaca",,,,"MX20","México",,,,"MX",2021-06-18,,178.77906744,"v02","es",,,,"San Pedro y San Pablo Teposcolula",17.49361485,-97.47121695,3.74664883673931,1.24573306982874
"San Pedro y San Pablo Tequixtepec",,,,"MX20340","Oaxaca",,,,"MX20","México",,,,"MX",2021-06-18,,180.23893972,"v02","es",,,,"San Pedro y San Pablo Tequixtepec",18.10061964,-97.72700493,3.72080763121155,1.19126928919391
"San Pedro Yaneri",,,,"MX20335","Oaxaca",,,,"MX20","México",,,,"MX",2021-06-18,,28.14432219,"v02","es",,,,"San Pedro Yaneri",17.42561659,-96.37316579,3.2061713457154,0.474700078062201
"San Pedro Yeloixtlahuaca",,,,"MX21141","Puebla",,,,"MX21","México",,,,"MX",2021-06-18,,175.07191805,"v02","es",,,,"San Pedro Yeloixtlahuaca",18.05229262,-98.04576116,3.89859202788758,1.72581414795855
"San Pedro Yólox",,,,"MX20336","Oaxaca",,,,"MX20","México",,,,"MX",2021-06-18,,165.37359107,"v02","es",,,,"San Pedro Yolox",17.63376476,-96.46231234,3.2574275343073,0.508384331627169
"San Pedro Yucunama",,,,"MX20341","Oaxaca",,,,"MX20","México",,,,"MX",2021-06-18,,29.81904452,"v02","es",,,,"San Pedro Yucunama",17.57914518,-97.47976433,3.72581933923581,1.18930859856931
"San Rafael",,,,"MX30211","Veracruz de Ignacio de la Llave",,,,"MX30","México",,,,"MX",2021-06-18,,289.70277788,"v02","es",,,,"San Rafael",20.21407875,-96.9001412,,
"San Raymundo Jalpan",,,,"MX20342","Oaxaca",,,,"MX20","México",,,,"MX",2021-06-18,,8.21977712,"v02","es",,,,"San Raymundo Jalpan",16.98049017,-96.75519726,3.31772561749565,0.55040857788101
"San Salvador",,,,"MX13054","Hidalgo",,,,"MX13","México",,,,"MX",2021-06-18,,205.71499042,"v02","es",,,,"San Salvador",20.29580347,-99.03533046,,
"San Salvador el Seco",,,,"MX21142","Puebla",,,,"MX21","México",,,,"MX",2021-06-18,,220.29180758,"v02","es",,,,"San Salvador el Seco",19.14288414,-97.61094011,3.37697848531869,0.59092337939247
"San Salvador el Verde",,,,"MX21143","Puebla",,,,"MX21","México",,,,"MX",2021-06-18,,110.9286187,"v02","es",,,,"San Salvador el Verde",19.25833356,-98.52397465,3.62561032985932,0.929725680283074
"San Salvador Huixcolotla",,,,"MX21144","Puebla",,,,"MX21","México",,,,"MX",2021-06-18,,23.82770392,"v02","es",,,,"San Salvador Huixcolotla",18.9227507,-97.77684501,3.51151159338777,0.754025059721637
"San Sebastián Abasolo",,,,"MX20343","Oaxaca",,,,"MX20","México",,,,"MX",2021-06-18,,15.36930743,"v02","es",,,,"San Sebastian Abasolo",16.98641366,-96.63911944,3.38299259310213,0.603140230684561
"San Sebastián Coatlán",,,,"MX20344","Oaxaca",,,,"MX20","México",,,,"MX",2021-06-18,,206.91066769,"v02","es",,,,"San Sebastian Coatlan",16.10327748,-96.86992332,3.79009683527444,0.909008563305409
"San Sebastián del Oeste",,,,"MX14080","Jalisco",,,,"MX14","México",,,,"MX",2021-06-18,,1116.73388046,"v02","es",,,,"San Sebastian del Oeste",20.855251,-104.81653569,,
"San Sebastián Ixcapa",,,,"MX20345","Oaxaca",,,,"MX20","México",,,,"MX",2021-06-18,,98.27887018,"v02","es",,,,"San Sebastian Ixcapa",16.52929085,-98.14806371,3.99494614324621,2.2809643457162
"San Sebastián Nicananduta",,,,"MX20346","Oaxaca",,,,"MX20","México",,,,"MX",2021-06-18,,44.0726175,"v02","es",,,,"San Sebastian Nicananduta",17.51819984,-97.6717298,3.7009806546358,1.23185638325701
"San Sebastián Río Hondo",,,,"MX20347","Oaxaca",,,,"MX20","México",,,,"MX",2021-06-18,,106.18331186,"v02","es",,,,"San Sebastian Rio Hondo",16.20203782,-96.42035778,3.26770621428365,0.496915023454747
"San Sebastián Tecomaxtlahuaca",,,,"MX20348","Oaxaca",,,,"MX20","México",,,,"MX",2021-06-18,,230.93687278,"v02","es",,,,"San Sebastian Tecomaxtlahuaca",17.34751664,-98.09145363,3.99168496035403,2.263656012982
"San Sebastián Teitipac",,,,"MX20349","Oaxaca",,,,"MX20","México",,,,"MX",2021-06-18,,30.48432369,"v02","es",,,,"San Sebastian Teitipac",16.94791287,-96.63086095,3.40956360033218,0.627660764759183
"San Sebastián Tlacotepec",,,,"MX21145","Puebla",,,,"MX21","México",,,,"MX",2021-06-18,,236.75253086,"v02","es",,,,"San Sebastian Tlacotepec",18.377291,-96.82209763,3.35595612907176,0.528823391333992
"San Sebastián Tutla",,,,"MX20350","Oaxaca",,,,"MX20","México",,,,"MX",2021-06-18,,7.32942491,"v02","es",,,,"San Sebastian Tutla",17.04450451,-96.67762189,3.46500582784117,0.674705801200283
"San Simón Almolongas",,,,"MX20351","Oaxaca",,,,"MX20","México",,,,"MX",2021-06-18,,50.77806152,"v02","es",,,,"San Simon Almolongas",16.41210435,-96.71854668,3.69934685568545,1.01868024715622
"San Simón de Guerrero",,,,"MX15077","México",,,,"MX15","México",,,,"MX",2021-06-18,,130.77216808,"v02","es",,,,"San Simon de Guerrero",18.97237059,-100.03192054,3.79501531565405,1.38845497672019
"San Simón Zahuatlán",,,,"MX20352","Oaxaca",,,,"MX20","México",,,,"MX",2021-06-18,,46.09382407,"v02","es",,,,"San Simon Zahuatlan",17.83688635,-97.9935913,3.94314863821212,1.89615288417754
"San Vicente Coatlán",,,,"MX20534","Oaxaca",,,,"MX20","México",,,,"MX",2021-06-18,,105.99913729,"v02","es",,,,"San Vicente Coatlan",16.37598513,-96.83203525,3.88018044861843,1.3713759111524
"San Vicente Lachixío",,,,"MX20535","Oaxaca",,,,"MX20","México",,,,"MX",2021-06-18,,136.45167345,"v02","es",,,,"San Vicente Lachixio",16.64649471,-97.04080866,3.89762640442051,1.29839928336675
"San Vicente Nuñú",,,,"MX20536","Oaxaca",,,,"MX20","México",,,,"MX",2021-06-18,,71.38396009,"v02","es",,,,"San Vicente Nunu",17.41876231,-97.43522601,3.63978241157904,1.04204872513213
"San Vicente Tancuayalab",,,,"MX24034","San Luis Potosí",,,,"MX24","México",,,,"MX",2021-06-18,,518.74154766,"v02","es",,,,"San Vicente Tancuayalab",21.81262387,-98.59644901,,
"Sanahcat",,,,"MX31064","Yucatán",,,,"MX31","México",,,,"MX",2021-06-18,,26.16390291,"v02","es",,,,"Sanahcat",20.76144949,-89.20038192,,
"Sanctórum de Lázaro Cárdenas",,,,"MX29020","Tlaxcala",,,,"MX29","México",,,,"MX",2021-06-18,,99.23561183,"v02","es",,,,"Sanctorum de Lazaro Cardenas",19.55131924,-98.41613498,3.38541998326809,0.605689122214622
"Santa Ana",,,,"MX20353","Oaxaca",,,,"MX20","México",,,,"MX",2021-06-18,,54.75229664,"v02","es",,,,"Santa Ana",16.32853868,-96.72375896,3.73977007394909,1.01576094774425
"Santa Ana",,,,"MX26058","Sonora",,,,"MX26","México",,,,"MX",2021-06-18,,1476.58161413,"v02","es",,,,"Santa Ana",30.45752128,-111.0397895,,
"Santa Ana Ateixtlahuaca",,,,"MX20354","Oaxaca",,,,"MX20","México",,,,"MX",2021-06-18,,15.03130367,"v02","es",,,,"Santa Ana Ateixtlahuaca",18.21988659,-96.88876095,3.35746255446688,0.484139120275485
"Santa Ana Cuauhtémoc",,,,"MX20355","Oaxaca",,,,"MX20","México",,,,"MX",2021-06-18,,41.27243683,"v02","es",,,,"Santa Ana Cuauhtemoc",17.98480862,-96.80116739,3.32036863627205,0.522621690665905
"Santa Ana del Valle",,,,"MX20356","Oaxaca",,,,"MX20","México",,,,"MX",2021-06-18,,27.87796753,"v02","es",,,,"Santa Ana del Valle",17.01610959,-96.46311555,3.34716381950237,0.567081095211408
"Santa Ana Maya",,,,"MX16078","Michoacán de Ocampo",,,,"MX16","México",,,,"MX",2021-06-18,,104.09397762,"v02","es",,,,"Santa Ana Maya",20.02265872,-101.0201296,3.11514511466625,0.399118076317965
"Santa Ana Nopalucan",,,,"MX29056","Tlaxcala",,,,"MX29","México",,,,"MX",2021-06-18,,9.19905035,"v02","es",,,,"Santa Ana Nopalucan",19.29344811,-98.32843284,3.46944430593724,0.709533438755328
"Santa Ana Tavela",,,,"MX20357","Oaxaca",,,,"MX20","México",,,,"MX",2021-06-18,,172.34930658,"v02","es",,,,"Santa Ana Tavela",16.60761028,-95.87920327,,
"Santa Ana Tlapacoyan",,,,"MX20358","Oaxaca",,,,"MX20","México",,,,"MX",2021-06-18,,46.66519923,"v02","es",,,,"Santa Ana Tlapacoyan",16.74544323,-96.8669541,3.58383791697815,0.906526401776267
"Santa Ana Yareni",,,,"MX20359","Oaxaca",,,,"MX20","México",,,,"MX",2021-06-18,,46.37045412,"v02","es",,,,"Santa Ana Yareni",17.39708171,-96.62154356,3.36537300595015,0.583997796091069
"Santa Ana Zegache",,,,"MX20360","Oaxaca",,,,"MX20","México",,,,"MX",2021-06-18,,26.80217005,"v02","es",,,,"Santa Ana Zegache",16.83918643,-96.73055518,3.51269665870302,0.75580961082142
"Santa Apolonia Teacalco",,,,"MX29057","Tlaxcala",,,,"MX29","México",,,,"MX",2021-06-18,,7.96625264,"v02","es",,,,"Santa Apolonia Teacalco",19.24225776,-98.31473349,3.4827806772035,0.732388159406455
"Santa Bárbara",,,,"MX08060","Chihuahua",,,,"MX08","México",,,,"MX",2021-06-18,,345.55205116,"v02","es",,,,"Santa Barbara",26.7977752,-105.7917873,,
"Santa Catalina Quierí",,,,"MX20361","Oaxaca",,,,"MX20","México",,,,"MX",2021-06-18,,51.19004648,"v02","es",,,,"Santa Catalina Quieri",16.33558064,-96.2570923,,
"Santa Catarina",,,,"MX11034","Guanajuato",,,,"MX11","México",,,,"MX",2021-06-18,,194.65821724,"v02","es",,,,"Santa Catarina",21.14133979,-100.07092973,,
"Santa Catarina",,,,"MX19048","Nuevo León",,,,"MX19","México",,,,"MX",2021-06-18,,915.7982755,"v02","es",,,,"Santa Catarina",25.58171768,-100.51918803,,
"Santa Catarina",,,,"MX24031","San Luis Potosí",,,,"MX24","México",,,,"MX",2021-06-18,,640.64110075,"v02","es",,,,"Santa Catarina",21.57482102,-99.38915203,,
"Santa Catarina Ayometla",,,,"MX29058","Tlaxcala",,,,"MX29","México",,,,"MX",2021-06-18,,10.09376309,"v02","es",,,,"Santa Catarina Ayometla",19.19313605,-98.21592742,3.50392285678769,0.75598188017708
"Santa Catarina Cuixtla",,,,"MX20362","Oaxaca",,,,"MX20","México",,,,"MX",2021-06-18,,25.57485963,"v02","es",,,,"Santa Catarina Cuixtla",16.29589266,-96.64807446,3.60156063205753,0.805188275430011
"Santa Catarina Ixtepeji",,,,"MX20363","Oaxaca",,,,"MX20","México",,,,"MX",2021-06-18,,220.06557682,"v02","es",,,,"Santa Catarina Ixtepeji",17.22189147,-96.58080737,3.31553264961223,0.544417612540821
"Santa Catarina Juquila",,,,"MX20364","Oaxaca",,,,"MX20","México",,,,"MX",2021-06-18,,637.79999587,"v02","es",,,,"Santa Catarina Juquila",16.17998271,-97.33035135,4.23644093906066,1.53057714100894
"Santa Catarina Lachatao",,,,"MX20365","Oaxaca",,,,"MX20","México",,,,"MX",2021-06-18,,101.09517353,"v02","es",,,,"Santa Catarina Lachatao",17.18801408,-96.49700947,3.24956692364313,0.495871345956167
"Santa Catarina Loxicha",,,,"MX20366","Oaxaca",,,,"MX20","México",,,,"MX",2021-06-18,,126.6096953,"v02","es",,,,"Santa Catarina Loxicha",16.06682321,-96.71305532,3.53294132171729,0.681370421139673
"Santa Catarina Mechoacán",,,,"MX20367","Oaxaca",,,,"MX20","México",,,,"MX",2021-06-18,,51.21391036,"v02","es",,,,"Santa Catarina Mechoacan",16.34430108,-97.83131765,3.93686618121297,1.76090692051491
"Santa Catarina Minas",,,,"MX20368","Oaxaca",,,,"MX20","México",,,,"MX",2021-06-18,,36.32573445,"v02","es",,,,"Santa Catarina Minas",16.78917308,-96.6158145,3.46000481940537,0.689994527898753
"Santa Catarina Quiané",,,,"MX20369","Oaxaca",,,,"MX20","México",,,,"MX",2021-06-18,,20.67751336,"v02","es",,,,"Santa Catarina Quiane",16.88010222,-96.73026707,3.54800796074551,0.786885609160348
"Santa Catarina Quioquitani",,,,"MX20074","Oaxaca",,,,"MX20","México",,,,"MX",2021-06-18,,38.44145439,"v02","es",,,,"Santa Catarina Quioquitani",16.3175763,-96.28949351,,
"Santa Catarina Tayata",,,,"MX20370","Oaxaca",,,,"MX20","México",,,,"MX",2021-06-18,,38.59368611,"v02","es",,,,"Santa Catarina Tayata",17.34122074,-97.55141228,3.81291226597569,1.39862568301938
"Santa Catarina Ticuá",,,,"MX20371","Oaxaca",,,,"MX20","México",,,,"MX",2021-06-18,,29.78009013,"v02","es",,,,"Santa Catarina Ticua",17.05558307,-97.53674079,3.9200842499183,1.5938332728209
"Santa Catarina Tlaltempan",,,,"MX21146","Puebla",,,,"MX21","México",,,,"MX",2021-06-18,,47.55022002,"v02","es",,,,"Santa Catarina Tlaltempan",18.61529849,-98.08397218,3.60876419701333,0.987641859905557
"Santa Catarina Yosonotú",,,,"MX20372","Oaxaca",,,,"MX20","México",,,,"MX",2021-06-18,,38.27835429,"v02","es",,,,"Santa Catarina Yosonotu",17.00453923,-97.6714155,3.87891059688141,1.61010215339262
"Santa Catarina Zapoquila",,,,"MX20373","Oaxaca",,,,"MX20","México",,,,"MX",2021-06-18,,118.32826449,"v02","es",,,,"Santa Catarina Zapoquila",18.02518059,-97.54225479,3.67199154103919,1.07136196064773
"Santa Clara",,,,"MX10031","Durango",,,,"MX10","México",,,,"MX",2021-06-18,,985.27743933,"v02","es",,,,"Santa Clara",24.48510508,-103.36221715,,
"Santa Cruz",,,,"MX26059","Sonora",,,,"MX26","México",,,,"MX",2021-06-18,,1001.14747482,"v02","es",,,,"Santa Cruz",31.14935041,-110.59265706,,
"Santa Cruz Acatepec",,,,"MX20374","Oaxaca",,,,"MX20","México",,,,"MX",2021-06-18,,7.09718127,"v02","es",,,,"Santa Cruz Acatepec",18.15840189,-96.88246534,3.31334822115215,0.480019546013692
"Santa Cruz Amilpas",,,,"MX20375","Oaxaca",,,,"MX20","México",,,,"MX",2021-06-18,,2.27387757,"v02","es",,,,"Santa Cruz Amilpas",17.04758789,-96.68452305,3.47122162990944,0.68062982237941
"Santa Cruz de Bravo",,,,"MX20376","Oaxaca",,,,"MX20","México",,,,"MX",2021-06-18,,18.37541098,"v02","es",,,,"Santa Cruz de Bravo",17.57230787,-98.21623852,4.15235922065613,2.92072331808384
"Santa Cruz de Juventino Rosas",,,,"MX11035","Guanajuato",,,,"MX11","México",,,,"MX",2021-06-18,,429.08482384,"v02","es",,,,"Santa Cruz de Juventino Rosas",20.68312639,-100.95907259,,
"Santa Cruz Itundujia",,,,"MX20377","Oaxaca",,,,"MX20","México",,,,"MX",2021-06-18,,564.02583665,"v02","es",,,,"Santa Cruz Itundujia",16.75744233,-97.6736665,3.87372298531048,1.61085758560802
"Santa Cruz Mixtepec",,,,"MX20378","Oaxaca",,,,"MX20","México",,,,"MX",2021-06-18,,46.8609998,"v02","es",,,,"Santa Cruz Mixtepec",16.7811099,-96.85555026,3.60478239743484,0.897455286123979
"Santa Cruz Nundaco",,,,"MX20379","Oaxaca",,,,"MX20","México",,,,"MX",2021-06-18,,43.56381089,"v02","es",,,,"Santa Cruz Nundaco",17.15511007,-97.72285193,3.82425762360272,1.52530636238545
"Santa Cruz Papalutla",,,,"MX20380","Oaxaca",,,,"MX20","México",,,,"MX",2021-06-18,,14.77329218,"v02","es",,,,"Santa Cruz Papalutla",16.95316259,-96.58518182,3.46194451106594,0.676440983992966
"Santa Cruz Quilehtla",,,,"MX29059","Tlaxcala",,,,"MX29","México",,,,"MX",2021-06-18,,5.43679398,"v02","es",,,,"Santa Cruz Quilehtla",19.21222153,-98.21231248,3.37980628532109,0.624319818510812
"Santa Cruz Tacache de Mina",,,,"MX20381","Oaxaca",,,,"MX20","México",,,,"MX",2021-06-18,,27.54672251,"v02","es",,,,"Santa Cruz Tacache de Mina",17.81717861,-98.16643115,4.0469808527328,2.32838815814997
"Santa Cruz Tacahua",,,,"MX20382","Oaxaca",,,,"MX20","México",,,,"MX",2021-06-18,,47.41953134,"v02","es",,,,"Santa Cruz Tacahua",16.91958305,-97.46309482,3.81344091080332,1.27809283754468
"Santa Cruz Tayata",,,,"MX20383","Oaxaca",,,,"MX20","México",,,,"MX",2021-06-18,,21.78151888,"v02","es",,,,"Santa Cruz Tayata",17.37608368,-97.57792335,3.70746368061893,1.20406398114641
"Santa Cruz Tlaxcala",,,,"MX29026","Tlaxcala",,,,"MX29","México",,,,"MX",2021-06-18,,25.88901675,"v02","es",,,,"Santa Cruz Tlaxcala",19.36061688,-98.14035657,3.41818726238954,0.633612976221935
"Santa Cruz Xitla",,,,"MX20384","Oaxaca",,,,"MX20","México",,,,"MX",2021-06-18,,56.88543207,"v02","es",,,,"Santa Cruz Xitla",16.33804845,-96.66895092,3.63380871936672,0.864150330387123
"Santa Cruz Xoxocotlán",,,,"MX20385","Oaxaca",,,,"MX20","México",,,,"MX",2021-06-18,,43.85994637,"v02","es",,,,"Santa Cruz Xoxocotlan",17.00971378,-96.73764328,3.44921604056233,0.673002786264664
"Santa Cruz Zenzontepec",,,,"MX20386","Oaxaca",,,,"MX20","México",,,,"MX",2021-06-18,,483.78590529,"v02","es",,,,"Santa Cruz Zenzontepec",16.47055935,-97.47428745,3.96549094554231,1.47276075617945
"Santa Elena",,,,"MX31066","Yucatán",,,,"MX31","México",,,,"MX",2021-06-18,,513.81712899,"v02","es",,,,"Santa Elena",20.25518837,-89.73650138,,
"Santa Gertrudis",,,,"MX20387","Oaxaca",,,,"MX20","México",,,,"MX",2021-06-18,,30.36594845,"v02","es",,,,"Santa Gertrudis",16.77647436,-96.78386908,3.59327903820461,0.879269015198758
"Santa Inés Ahuatempan",,,,"MX21147","Puebla",,,,"MX21","México",,,,"MX",2021-06-18,,286.29259423,"v02","es",,,,"Santa Ines Ahuatempan",18.40182783,-98.05188891,3.73089797467817,1.23843060441692
"Santa Inés de Zaragoza",,,,"MX20569","Oaxaca",,,,"MX20","México",,,,"MX",2021-06-18,,83.76764155,"v02","es",,,,"Santa Ines de Zaragoza",17.26454906,-97.14458017,3.68854081044853,1.01636574111471
"Santa Inés del Monte",,,,"MX20388","Oaxaca",,,,"MX20","México",,,,"MX",2021-06-18,,49.10280638,"v02","es",,,,"Santa Ines del Monte",16.92234408,-96.8545215,3.66382761910869,0.938855663811371
"Santa Inés Yatzeche",,,,"MX20389","Oaxaca",,,,"MX20","México",,,,"MX",2021-06-18,,2.41345902,"v02","es",,,,"Santa Ines Yatzeche",16.80758739,-96.75882848,3.56497727781929,0.828566429657625
"Santa Isabel",,,,"MX08024","Chihuahua",,,,"MX08","México",,,,"MX",2021-06-18,,669.52951186,"v02","es",,,,"Santa Isabel",28.30539032,-106.3418685,,
"Santa Isabel Cholula",,,,"MX21148","Puebla",,,,"MX21","México",,,,"MX",2021-06-18,,32.78395029,"v02","es",,,,"Santa Isabel Cholula",18.96817439,-98.39019067,3.58241739313151,0.915464646442199
"Santa Isabel Xiloxoxtla",,,,"MX29060","Tlaxcala",,,,"MX29","México",,,,"MX",2021-06-18,,6.04479173,"v02","es",,,,"Santa Isabel Xiloxoxtla",19.26350186,-98.20710647,3.42179118896082,0.655578283760549
"Santa Lucía del Camino",,,,"MX20390","Oaxaca",,,,"MX20","México",,,,"MX",2021-06-18,,9.43658058,"v02","es",,,,"Santa Lucia del Camino",17.06772413,-96.67343835,3.48574249510426,0.695720674390146
"Santa Lucía Miahuatlán",,,,"MX20391","Oaxaca",,,,"MX20","México",,,,"MX",2021-06-18,,69.97253935,"v02","es",,,,"Santa Lucia Miahuatlan",16.17965304,-96.61823279,3.53123431969863,0.707598688989515
"Santa Lucía Monteverde",,,,"MX20392","Oaxaca",,,,"MX20","México",,,,"MX",2021-06-18,,156.37066119,"v02","es",,,,"Santa Lucia Monteverde",16.95532908,-97.7213275,3.94992970142964,1.83493669723476
"Santa Lucía Ocotlán",,,,"MX20393","Oaxaca",,,,"MX20","México",,,,"MX",2021-06-18,,11.6739007,"v02","es",,,,"Santa Lucia Ocotlan",16.72678421,-96.66785731,3.42339457752692,0.66966912354008
"Santa Magdalena Jicotlán",,,,"MX20047","Oaxaca",,,,"MX20","México",,,,"MX",2021-06-18,,26.7656909,"v02","es",,,,"Santa Magdalena Jicotlan",17.80390759,-97.48165882,3.73825479435794,1.18725323487748
"Santa María Alotepec",,,,"MX20394","Oaxaca",,,,"MX20","México",,,,"MX",2021-06-18,,98.52766007,"v02","es",,,,"Santa Maria Alotepec",17.08486952,-95.83035933,,
"Santa María Apazco",,,,"MX20395","Oaxaca",,,,"MX20","México",,,,"MX",2021-06-18,,80.50884658,"v02","es",,,,"Santa Maria Apazco",17.62598378,-97.07939835,3.52277370479265,0.787667582001592
"Santa María Atzompa",,,,"MX20399","Oaxaca",,,,"MX20","México",,,,"MX",2021-06-18,,31.29978439,"v02","es",,,,"Santa Maria Atzompa",17.08525766,-96.79268675,3.58314356729601,0.814536106489762
"Santa María Camotlán",,,,"MX20400","Oaxaca",,,,"MX20","México",,,,"MX",2021-06-18,,95.15349172,"v02","es",,,,"Santa Maria Camotlan",17.86638347,-97.64060137,3.73347348655071,1.23250669774206
"Santa María Chachoápam",,,,"MX20404","Oaxaca",,,,"MX20","México",,,,"MX",2021-06-18,,61.82217852,"v02","es",,,,"Santa Maria Chachoapam",17.57438998,-97.2393625,3.58920395318576,0.913748104332364
"Santa María Chilchotla",,,,"MX20406","Oaxaca",,,,"MX20","México",,,,"MX",2021-06-18,,283.55404606,"v02","es",,,,"Santa Maria Chilchotla",18.28880168,-96.73909817,3.38720583898545,0.528262956962898
"Santa María Chimalapa",,,,"MX20407","Oaxaca",,,,"MX20","México",,,,"MX",2021-06-18,,4547.06077785,"v02","es",,,,"Santa Maria Chimalapa",16.94168021,-94.35866642,,
"Santa María Colotepec",,,,"MX20401","Oaxaca",,,,"MX20","México",,,,"MX",2021-06-18,,413.69658213,"v02","es",,,,"Santa Maria Colotepec",15.85392652,-96.9392079,3.58838329250106,0.72952232781475
"Santa María Cortijo",,,,"MX20402","Oaxaca",,,,"MX20","México",,,,"MX",2021-06-18,,81.3350483,"v02","es",,,,"Santa Maria Cortijo",16.43487394,-98.3069752,4.13636026599874,2.93882839878522
"Santa María Coyotepec",,,,"MX20403","Oaxaca",,,,"MX20","México",,,,"MX",2021-06-18,,6.53873831,"v02","es",,,,"Santa Maria Coyotepec",16.9716809,-96.71078448,3.49253048630483,0.711467740645337
"Santa María de la Paz",,,,"MX32058","Zacatecas",,,,"MX32","México",,,,"MX",2021-06-18,,278.35163105,"v02","es",,,,"Santa Maria de la Paz",21.51135905,-103.37053709,,
"Santa María de los Ángeles",,,,"MX14081","Jalisco",,,,"MX14","México",,,,"MX",2021-06-18,,260.8202729,"v02","es",,,,"Santa Maria de los Angeles",22.19050556,-103.18899011,,
"Santa María del Oro",,,,"MX14056","Jalisco",,,,"MX14","México",,,,"MX",2021-06-18,,776.43854581,"v02","es",,,,"Santa Maria del Oro",19.52544055,-102.86811299,2.75970328936039,0.23592647346901
"Santa María del Oro",,,,"MX18014","Nayarit",,,,"MX18","México",,,,"MX",2021-06-18,,1091.39877931,"v02","es",,,,"Santa Maria del Oro",21.34715781,-104.59873689,,
"Santa María del Río",,,,"MX24032","San Luis Potosí",,,,"MX24","México",,,,"MX",2021-06-18,,1701.03988507,"v02","es",,,,"Santa Maria del Rio",21.73523385,-100.73827106,,
"Santa María del Rosario",,,,"MX20408","Oaxaca",,,,"MX20","México",,,,"MX",2021-06-18,,25.20988789,"v02","es",,,,"Santa Maria del Rosario",17.34284615,-97.60622185,3.79462744018537,1.39442236514904
"Santa María del Tule",,,,"MX20409","Oaxaca",,,,"MX20","México",,,,"MX",2021-06-18,,16.8019829,"v02","es",,,,"Santa Maria del Tule",17.03041494,-96.63075983,3.42691813768923,0.639323932354123
"Santa María Ecatepec",,,,"MX20410","Oaxaca",,,,"MX20","México",,,,"MX",2021-06-18,,540.24648694,"v02","es",,,,"Santa Maria Ecatepec",16.22192205,-95.98122461,,
"Santa María Guelacé",,,,"MX20411","Oaxaca",,,,"MX20","México",,,,"MX",2021-06-18,,7.37780875,"v02","es",,,,"Santa Maria Guelace",16.99244844,-96.61516113,3.33299412507945,0.560726924183722
"Santa María Guienagati",,,,"MX20412","Oaxaca",,,,"MX20","México",,,,"MX",2021-06-18,,389.25755917,"v02","es",,,,"Santa Maria Guienagati",16.78187742,-95.28684002,,
"Santa María Huatulco",,,,"MX20413","Oaxaca",,,,"MX20","México",,,,"MX",2021-06-18,,510.48968939,"v02","es",,,,"Santa Maria Huatulco",15.82209161,-96.20598598,3.21155106631569,0.455223901859646
"Santa María Huazolotitlán",,,,"MX20414","Oaxaca",,,,"MX20","México",,,,"MX",2021-06-18,,275.22286796,"v02","es",,,,"Santa Maria Huazolotitlan",16.19150838,-97.92389833,3.9654889897347,1.84902355793256
"Santa María Ipalapa",,,,"MX20415","Oaxaca",,,,"MX20","México",,,,"MX",2021-06-18,,167.37261716,"v02","es",,,,"Santa Maria Ipalapa",16.62253006,-97.99107798,3.97658808646457,2.12710031558365
"Santa María Ixcatlán",,,,"MX20416","Oaxaca",,,,"MX20","México",,,,"MX",2021-06-18,,177.29136966,"v02","es",,,,"Santa Maria Ixcatlan",17.8499019,-97.16051906,3.44914148189703,0.704595029945701
"Santa María Jacatepec",,,,"MX20417","Oaxaca",,,,"MX20","México",,,,"MX",2021-06-18,,324.27949903,"v02","es",,,,"Santa Maria Jacatepec",17.86795479,-96.2039776,,
"Santa María Jalapa del Marqués",,,,"MX20418","Oaxaca",,,,"MX20","México",,,,"MX",2021-06-18,,729.56352575,"v02","es",,,,"Santa Maria Jalapa del Marques",16.50895449,-95.46622387,,
"Santa María Jaltianguis",,,,"MX20419","Oaxaca",,,,"MX20","México",,,,"MX",2021-06-18,,53.90035383,"v02","es",,,,"Santa Maria Jaltianguis",17.36147913,-96.54355165,3.29828695158701,0.534378061974738
"Santa María la Asunción",,,,"MX20396","Oaxaca",,,,"MX20","México",,,,"MX",2021-06-18,,7.59333701,"v02","es",,,,"Santa Maria la Asuncion",18.10305836,-96.81927679,3.357680266364,0.531564229403828
"Santa María Lachixío",,,,"MX20420","Oaxaca",,,,"MX20","México",,,,"MX",2021-06-18,,49.63722832,"v02","es",,,,"Santa Maria Lachixio",16.7368149,-97.037117,3.81410420278458,1.16184249159908
"Santa María Mixtequilla",,,,"MX20421","Oaxaca",,,,"MX20","México",,,,"MX",2021-06-18,,147.81142595,"v02","es",,,,"Santa Maria Mixtequilla",16.42196273,-95.27448229,,
"Santa María Nativitas",,,,"MX20422","Oaxaca",,,,"MX20","México",,,,"MX",2021-06-18,,43.08995478,"v02","es",,,,"Santa Maria Nativitas",17.6416768,-97.33274745,3.65157284504547,1.01482656313016
"Santa María Nduayaco",,,,"MX20423","Oaxaca",,,,"MX20","México",,,,"MX",2021-06-18,,76.81675156,"v02","es",,,,"Santa Maria Nduayaco",17.4033141,-97.50338414,3.73975163712493,1.23438030505293
"Santa María Ozolotepec",,,,"MX20424","Oaxaca",,,,"MX20","México",,,,"MX",2021-06-18,,145.28909302,"v02","es",,,,"Santa Maria Ozolotepec",16.09764705,-96.35368363,3.20719949466161,0.453191476004274
"Santa María Pápalo",,,,"MX20425","Oaxaca",,,,"MX20","México",,,,"MX",2021-06-18,,55.78595834,"v02","es",,,,"Santa Maria Papalo",17.79762456,-96.80679238,3.3948561851808,0.601618788059834
"Santa María Peñoles",,,,"MX20426","Oaxaca",,,,"MX20","México",,,,"MX",2021-06-18,,233.21462817,"v02","es",,,,"Santa Maria Penoles",17.05596841,-97.07114747,3.73666763506789,1.04740984560752
"Santa María Petapa",,,,"MX20427","Oaxaca",,,,"MX20","México",,,,"MX",2021-06-18,,155.73018412,"v02","es",,,,"Santa Maria Petapa",16.89887179,-95.12525775,,
"Santa María Quiegolani",,,,"MX20428","Oaxaca",,,,"MX20","México",,,,"MX",2021-06-18,,160.73117532,"v02","es",,,,"Santa Maria Quiegolani",16.30537199,-96.04375137,,
"Santa María Sola",,,,"MX20429","Oaxaca",,,,"MX20","México",,,,"MX",2021-06-18,,52.03762271,"v02","es",,,,"Santa Maria Sola",16.56681868,-97.02355587,4.0594100199397,1.62343747247168
"Santa María Tataltepec",,,,"MX20430","Oaxaca",,,,"MX20","México",,,,"MX",2021-06-18,,37.05865813,"v02","es",,,,"Santa Maria Tataltepec",17.13651393,-97.39885796,3.77915016776656,1.23449122262113
"Santa María Tecomavaca",,,,"MX20431","Oaxaca",,,,"MX20","México",,,,"MX",2021-06-18,,371.28388206,"v02","es",,,,"Santa Maria Tecomavaca",17.95166936,-97.07955708,3.46267247128178,0.694916304402305
"Santa María Temaxcalapa",,,,"MX20432","Oaxaca",,,,"MX20","México",,,,"MX",2021-06-18,,13.18556828,"v02","es",,,,"Santa Maria Temaxcalapa",17.37666183,-96.16385117,,
"Santa María Temaxcaltepec",,,,"MX20433","Oaxaca",,,,"MX20","México",,,,"MX",2021-06-18,,34.72384875,"v02","es",,,,"Santa Maria Temaxcaltepec",16.16792201,-97.19665888,4.22174880771979,1.36095359964085
"Santa María Teopoxco",,,,"MX20434","Oaxaca",,,,"MX20","México",,,,"MX",2021-06-18,,36.73483526,"v02","es",,,,"Santa Maria Teopoxco",18.17644002,-96.97321598,3.35228362788123,0.524840211207358
"Santa María Tepantlali",,,,"MX20435","Oaxaca",,,,"MX20","México",,,,"MX",2021-06-18,,84.47239494,"v02","es",,,,"Santa Maria Tepantlali",16.94262636,-95.98907205,,
"Santa María Texcatitlán",,,,"MX20436","Oaxaca",,,,"MX20","México",,,,"MX",2021-06-18,,35.44716344,"v02","es",,,,"Santa Maria Texcatitlan",17.71949395,-97.04819183,3.43433494143728,0.677768384505057
"Santa María Tlahuitoltepec",,,,"MX20437","Oaxaca",,,,"MX20","México",,,,"MX",2021-06-18,,153.0622848,"v02","es",,,,"Santa Maria Tlahuitoltepec",17.12591246,-96.02907611,,
"Santa María Tlalixtac",,,,"MX20438","Oaxaca",,,,"MX20","México",,,,"MX",2021-06-18,,24.12520989,"v02","es",,,,"Santa Maria Tlalixtac",17.91659948,-96.74085522,3.37383313451559,0.573158549280811
"Santa María Tonameca",,,,"MX20439","Oaxaca",,,,"MX20","México",,,,"MX",2021-06-18,,520.29065815,"v02","es",,,,"Santa Maria Tonameca",15.78222185,-96.68341477,3.32477290694951,0.528495614326469
"Santa María Totolapilla",,,,"MX20440","Oaxaca",,,,"MX20","México",,,,"MX",2021-06-18,,114.00470295,"v02","es",,,,"Santa Maria Totolapilla",16.62541937,-95.61875789,,
"Santa María Xadani",,,,"MX20441","Oaxaca",,,,"MX20","México",,,,"MX",2021-06-18,,87.07020041,"v02","es",,,,"Santa Maria Xadani",16.3690247,-95.01903817,,
"Santa María Yalina",,,,"MX20442","Oaxaca",,,,"MX20","México",,,,"MX",2021-06-18,,48.24787228,"v02","es",,,,"Santa Maria Yalina",17.26418808,-96.28687366,,
"Santa María Yavesía",,,,"MX20443","Oaxaca",,,,"MX20","México",,,,"MX",2021-06-18,,87.60298996,"v02","es",,,,"Santa Maria Yavesia",17.20328985,-96.41006094,3.24110693321382,0.48774518785875
"Santa María Yolotepec",,,,"MX20444","Oaxaca",,,,"MX20","México",,,,"MX",2021-06-18,,17.91941817,"v02","es",,,,"Santa Maria Yolotepec",16.88362998,-97.46437987,3.90071597209525,1.44607325494826
"Santa María Yosoyúa",,,,"MX20445","Oaxaca",,,,"MX20","México",,,,"MX",2021-06-18,,33.58564798,"v02","es",,,,"Santa Maria Yosoyua",17.10831614,-97.49922435,3.84222762093133,1.41262423216337
"Santa María Yucuhiti",,,,"MX20446","Oaxaca",,,,"MX20","México",,,,"MX",2021-06-18,,73.0168883,"v02","es",,,,"Santa Maria Yucuhiti",17.02705331,-97.80148213,3.87920860080583,1.70919068218707
"Santa María Zacatepec",,,,"MX20447","Oaxaca",,,,"MX20","México",,,,"MX",2021-06-18,,500.82256166,"v02","es",,,,"Santa Maria Zacatepec",16.76802086,-97.98170901,3.95216468111019,2.05825083329353
"Santa María Zaniza",,,,"MX20448","Oaxaca",,,,"MX20","México",,,,"MX",2021-06-18,,157.52699412,"v02","es",,,,"Santa Maria Zaniza",16.63321949,-97.34747011,4.0076445954911,1.55450500955702
"Santa María Zoquitlán",,,,"MX20449","Oaxaca",,,,"MX20","México",,,,"MX",2021-06-18,,415.70197266,"v02","es",,,,"Santa Maria Zoquitlan",16.56154302,-96.35574569,3.31894350125713,0.548407552435914
"Santiago",,,,"MX19049","Nuevo León",,,,"MX19","México",,,,"MX",2021-06-18,,739.22939292,"v02","es",,,,"Santiago",25.3721094,-100.2606521,,
"Santiago Amoltepec",,,,"MX20450","Oaxaca",,,,"MX20","México",,,,"MX",2021-06-18,,207.27509643,"v02","es",,,,"Santiago Amoltepec",16.6491672,-97.52165342,3.91216670388612,1.50963275079713
"Santiago Apoala",,,,"MX20451","Oaxaca",,,,"MX20","México",,,,"MX",2021-06-18,,85.80841066,"v02","es",,,,"Santiago Apoala",17.63944146,-97.14060061,3.50169900447272,0.772255924828225
"Santiago Apóstol",,,,"MX20452","Oaxaca",,,,"MX20","México",,,,"MX",2021-06-18,,17.60938315,"v02","es",,,,"Santiago Apostol",16.79475902,-96.72748055,3.48049908004452,0.727482174015976
"Santiago Astata",,,,"MX20453","Oaxaca",,,,"MX20","México",,,,"MX",2021-06-18,,185.97994597,"v02","es",,,,"Santiago Astata",15.97611618,-95.60988904,,
"Santiago Atitlán",,,,"MX20454","Oaxaca",,,,"MX20","México",,,,"MX",2021-06-18,,70.80712025,"v02","es",,,,"Santiago Atitlan",17.08972661,-95.92704873,,
"Santiago Ayuquililla",,,,"MX20455","Oaxaca",,,,"MX20","México",,,,"MX",2021-06-18,,89.84122421,"v02","es",,,,"Santiago Ayuquililla",17.92011122,-97.96094035,3.8623459462573,1.64653429066827
"Santiago Cacaloxtepec",,,,"MX20456","Oaxaca",,,,"MX20","México",,,,"MX",2021-06-18,,38.70418962,"v02","es",,,,"Santiago Cacaloxtepec",17.73023012,-97.73521426,3.68485107230491,1.19674979931823
"Santiago Camotlán",,,,"MX20457","Oaxaca",,,,"MX20","México",,,,"MX",2021-06-18,,312.08954619,"v02","es",,,,"Santiago Camotlan",17.5448854,-96.15859738,,
"Santiago Chazumba",,,,"MX20459","Oaxaca",,,,"MX20","México",,,,"MX",2021-06-18,,325.05133017,"v02","es",,,,"Santiago Chazumba",18.1783741,-97.69942681,3.72657081351366,1.18042836066576
"Santiago Choápam",,,,"MX20460","Oaxaca",,,,"MX20","México",,,,"MX",2021-06-18,,311.08456954,"v02","es",,,,"Santiago Choapam",17.36097148,-95.88645229,,
"Santiago Comaltepec",,,,"MX20458","Oaxaca",,,,"MX20","México",,,,"MX",2021-06-18,,204.11367858,"v02","es",,,,"Santiago Comaltepec",17.6361325,-96.35190059,3.15125670445053,0.439530181947752
"Santiago de Anaya",,,,"MX13055","Hidalgo",,,,"MX13","México",,,,"MX",2021-06-18,,256.22498575,"v02","es",,,,"Santiago de Anaya",20.42843997,-98.9764304,,
"Santiago del Río",,,,"MX20461","Oaxaca",,,,"MX20","México",,,,"MX",2021-06-18,,38.4243232,"v02","es",,,,"Santiago del Rio",17.43275782,-98.1006646,4.05234001700577,2.45614868508295
"Santiago el Pinar",,,,"MX07119","Chiapas",,,,"MX07","México",,,,"MX",2021-06-18,,16.53583006,"v02","es",,,,"Santiago el Pinar",16.94845949,-92.72280713,,
"Santiago Huajolotitlán",,,,"MX20462","Oaxaca",,,,"MX20","México",,,,"MX",2021-06-18,,110.67609549,"v02","es",,,,"Santiago Huajolotitlan",17.81411899,-97.67979161,3.76255505666824,1.31596229766874
"Santiago Huauclilla",,,,"MX20463","Oaxaca",,,,"MX20","México",,,,"MX",2021-06-18,,100.76450319,"v02","es",,,,"Santiago Huauclilla",17.49085987,-97.043966,3.51876393275629,0.782114578622582
"Santiago Ihuitlán Plumas",,,,"MX20464","Oaxaca",,,,"MX20","México",,,,"MX",2021-06-18,,46.17314486,"v02","es",,,,"Santiago Ihuitlan Plumas",17.88056812,-97.43215445,3.6374067815533,1.00900158375211
"Santiago Ixcuintepec",,,,"MX20465","Oaxaca",,,,"MX20","México",,,,"MX",2021-06-18,,122.07905304,"v02","es",,,,"Santiago Ixcuintepec",16.92761575,-95.5789922,,
"Santiago Ixcuintla",,,,"MX18015","Nayarit",,,,"MX18","México",,,,"MX",2021-06-18,,1705.17626405,"v02","es",,,,"Santiago Ixcuintla",21.91021565,-105.5060823,,
"Santiago Ixtayutla",,,,"MX20466","Oaxaca",,,,"MX20","México",,,,"MX",2021-06-18,,456.05103449,"v02","es",,,,"Santiago Ixtayutla",16.52964174,-97.69243837,3.93313716114132,1.81458336083639
"Santiago Jamiltepec",,,,"MX20467","Oaxaca",,,,"MX20","México",,,,"MX",2021-06-18,,637.46732722,"v02","es",,,,"Santiago Jamiltepec",16.22476316,-97.78075215,3.94211110852023,1.66454794656304
"Santiago Jocotepec",,,,"MX20468","Oaxaca",,,,"MX20","México",,,,"MX",2021-06-18,,618.83664878,"v02","es",,,,"Santiago Jocotepec",17.64883957,-95.98760994,,
"Santiago Juxtlahuaca",,,,"MX20469","Oaxaca",,,,"MX20","México",,,,"MX",2021-06-18,,774.14450019,"v02","es",,,,"Santiago Juxtlahuaca",17.20855803,-98.03835241,3.98356278287786,2.19619684206173
"Santiago Lachiguiri",,,,"MX20470","Oaxaca",,,,"MX20","México",,,,"MX",2021-06-18,,432.97452059,"v02","es",,,,"Santiago Lachiguiri",16.79530497,-95.51698432,,
"Santiago Lalopa",,,,"MX20471","Oaxaca",,,,"MX20","México",,,,"MX",2021-06-18,,25.60617883,"v02","es",,,,"Santiago Lalopa",17.41557943,-96.24857125,,
"Santiago Laollaga",,,,"MX20472","Oaxaca",,,,"MX20","México",,,,"MX",2021-06-18,,263.08332789,"v02","es",,,,"Santiago Laollaga",16.63411276,-95.26290139,,
"Santiago Laxopa",,,,"MX20473","Oaxaca",,,,"MX20","México",,,,"MX",2021-06-18,,117.2778298,"v02","es",,,,"Santiago Laxopa",17.19816906,-96.34479391,3.250064049984,0.491705209071562
"Santiago Llano Grande",,,,"MX20474","Oaxaca",,,,"MX20","México",,,,"MX",2021-06-18,,110.37811467,"v02","es",,,,"Santiago Llano Grande",16.48802338,-98.26143701,4.03161609758737,2.5041447001994
"Santiago Maravatío",,,,"MX11036","Guanajuato",,,,"MX11","México",,,,"MX",2021-06-18,,83.61535989,"v02","es",,,,"Santiago Maravatio",20.15733752,-100.97637288,3.08059264653016,0.378941106103332
"Santiago Matatlán",,,,"MX20475","Oaxaca",,,,"MX20","México",,,,"MX",2021-06-18,,183.81664952,"v02","es",,,,"Santiago Matatlan",16.8043123,-96.45455457,3.32995079916745,0.556200749228626
"Santiago Miahuatlán",,,,"MX21149","Puebla",,,,"MX21","México",,,,"MX",2021-06-18,,93.9962408,"v02","es",,,,"Santiago Miahuatlan",18.5503968,-97.44772677,3.50110378900847,0.742199818250988
"Santiago Miltepec",,,,"MX20476","Oaxaca",,,,"MX20","México",,,,"MX",2021-06-18,,51.75404597,"v02","es",,,,"Santiago Miltepec",17.98769816,-97.72790016,3.68073698213363,1.1443644003789
"Santiago Minas",,,,"MX20477","Oaxaca",,,,"MX20","México",,,,"MX",2021-06-18,,198.16965014,"v02","es",,,,"Santiago Minas",16.43404765,-97.27421659,4.11264000120913,1.63888097154711
"Santiago Nacaltepec",,,,"MX20478","Oaxaca",,,,"MX20","México",,,,"MX",2021-06-18,,204.4647368,"v02","es",,,,"Santiago Nacaltepec",17.51456538,-96.8945308,3.43236334655372,0.66752256383069
"Santiago Nejapilla",,,,"MX20479","Oaxaca",,,,"MX20","México",,,,"MX",2021-06-18,,20.45026037,"v02","es",,,,"Santiago Nejapilla",17.43032459,-97.38417758,3.61674546191611,0.994864298077076
"Santiago Niltepec",,,,"MX20066","Oaxaca",,,,"MX20","México",,,,"MX",2021-06-18,,547.58159709,"v02","es",,,,"Santiago Niltepec",16.51983175,-94.58443192,,
"Santiago Nundiche",,,,"MX20480","Oaxaca",,,,"MX20","México",,,,"MX",2021-06-18,,71.32887554,"v02","es",,,,"Santiago Nundiche",17.33666487,-97.70446285,3.88536601329372,1.6505058224723
"Santiago Nuyoó",,,,"MX20481","Oaxaca",,,,"MX20","México",,,,"MX",2021-06-18,,58.08423434,"v02","es",,,,"Santiago Nuyoo",17.01029722,-97.74942835,3.88718745258512,1.69637622570051
"Santiago Papasquiaro",,,,"MX10032","Durango",,,,"MX10","México",,,,"MX",2021-06-18,,6402.86859767,"v02","es",,,,"Santiago Papasquiaro",25.02245418,-105.67208877,,
"Santiago Pinotepa Nacional",,,,"MX20482","Oaxaca",,,,"MX20","México",,,,"MX",2021-06-18,,786.30575401,"v02","es",,,,"Santiago Pinotepa Nacional",16.29619778,-98.16023243,3.98106814206897,2.11254109849482
"Santiago Sochiapan",,,,"MX30212","Veracruz de Ignacio de la Llave",,,,"MX30","México",,,,"MX",2021-06-18,,399.11676512,"v02","es",,,,"Santiago Sochiapan",17.63459379,-95.66037639,,
"Santiago Suchilquitongo",,,,"MX20483","Oaxaca",,,,"MX20","México",,,,"MX",2021-06-18,,95.47206287,"v02","es",,,,"Santiago Suchilquitongo",17.23158354,-96.90587668,3.57625047112879,0.821735078164526
"Santiago Tamazola",,,,"MX20484","Oaxaca",,,,"MX20","México",,,,"MX",2021-06-18,,201.15033336,"v02","es",,,,"Santiago Tamazola",17.74462834,-98.2445823,4.01601693475076,2.3443958731148
"Santiago Tapextla",,,,"MX20485","Oaxaca",,,,"MX20","México",,,,"MX",2021-06-18,,128.7703158,"v02","es",,,,"Santiago Tapextla",16.3295992,-98.47702854,4.17194183266018,3.25269262851009
"Santiago Tenango",,,,"MX20487","Oaxaca",,,,"MX20","México",,,,"MX",2021-06-18,,109.13719504,"v02","es",,,,"Santiago Tenango",17.29750092,-96.9983148,3.61832642847846,0.89051200127103
"Santiago Tepetlapa",,,,"MX20488","Oaxaca",,,,"MX20","México",,,,"MX",2021-06-18,,13.57961216,"v02","es",,,,"Santiago Tepetlapa",17.79955452,-97.39509243,3.73717557417566,1.15526515684991
"Santiago Tetepec",,,,"MX20489","Oaxaca",,,,"MX20","México",,,,"MX",2021-06-18,,290.87771497,"v02","es",,,,"Santiago Tetepec",16.3588957,-97.65446744,3.98223846097221,1.68662771089926
"Santiago Texcalcingo",,,,"MX20490","Oaxaca",,,,"MX20","México",,,,"MX",2021-06-18,,16.60196185,"v02","es",,,,"Santiago Texcalcingo",18.21558826,-96.97542717,3.32509295381949,0.495420388074089
"Santiago Textitlán",,,,"MX20491","Oaxaca",,,,"MX20","México",,,,"MX",2021-06-18,,251.87526771,"v02","es",,,,"Santiago Textitlan",16.71782985,-97.31492407,4.10646341189317,1.71569860568163
"Santiago Tilantongo",,,,"MX20492","Oaxaca",,,,"MX20","México",,,,"MX",2021-06-18,,247.74940449,"v02","es",,,,"Santiago Tilantongo",17.1964625,-97.37071045,3.72721151524485,1.1358602664662
"Santiago Tillo",,,,"MX20493","Oaxaca",,,,"MX20","México",,,,"MX",2021-06-18,,17.06776093,"v02","es",,,,"Santiago Tillo",17.46792901,-97.31734198,3.63882760146558,0.998525170060669
"Santiago Tlazoyaltepec",,,,"MX20494","Oaxaca",,,,"MX20","México",,,,"MX",2021-06-18,,63.09210127,"v02","es",,,,"Santiago Tlazoyaltepec",17.02855074,-96.97616207,3.69642628006967,0.976002445288979
"Santiago Tulantepec de Lugo Guerrero",,,,"MX13056","Hidalgo",,,,"MX13","México",,,,"MX",2021-06-18,,64.29112093,"v02","es",,,,"Santiago Tulantepec de Lugo Guerrero",20.03481169,-98.38453287,3.09080173319372,0.387228868453289
"Santiago Tuxtla",,,,"MX30143","Veracruz de Ignacio de la Llave",,,,"MX30","México",,,,"MX",2021-06-18,,617.82642535,"v02","es",,,,"Santiago Tuxtla",18.40540312,-95.39806619,,
"Santiago Xanica",,,,"MX20495","Oaxaca",,,,"MX20","México",,,,"MX",2021-06-18,,137.15548016,"v02","es",,,,"Santiago Xanica",16.01716013,-96.25293352,,
"Santiago Xiacuí",,,,"MX20496","Oaxaca",,,,"MX20","México",,,,"MX",2021-06-18,,63.31206833,"v02","es",,,,"Santiago Xiacui",17.27165292,-96.39335992,3.28283384262042,0.520510842589365
"Santiago Yaitepec",,,,"MX20497","Oaxaca",,,,"MX20","México",,,,"MX",2021-06-18,,40.95300121,"v02","es",,,,"Santiago Yaitepec",16.21233073,-97.23846571,4.45836790466147,1.73011090669225
"Santiago Yaveo",,,,"MX20498","Oaxaca",,,,"MX20","México",,,,"MX",2021-06-18,,1024.21595764,"v02","es",,,,"Santiago Yaveo",17.48790777,-95.47985822,,
"Santiago Yolomécatl",,,,"MX20499","Oaxaca",,,,"MX20","México",,,,"MX",2021-06-18,,66.91523391,"v02","es",,,,"Santiago Yolomecatl",17.4658439,-97.57124187,3.81816853379714,1.42062480326629
"Santiago Yosondúa",,,,"MX20500","Oaxaca",,,,"MX20","México",,,,"MX",2021-06-18,,334.12558619,"v02","es",,,,"Santiago Yosondua",16.84665684,-97.49564093,3.93167708072197,1.58436742069047
"Santiago Yucuyachi",,,,"MX20501","Oaxaca",,,,"MX20","México",,,,"MX",2021-06-18,,50.14735397,"v02","es",,,,"Santiago Yucuyachi",17.60983311,-98.24480726,4.09518108323672,2.67342341583252
"Santiago Zacatepec",,,,"MX20502","Oaxaca",,,,"MX20","México",,,,"MX",2021-06-18,,213.01158898,"v02","es",,,,"Santiago Zacatepec",17.20288869,-95.90243951,,
"Santiago Zoochila",,,,"MX20503","Oaxaca",,,,"MX20","México",,,,"MX",2021-06-18,,8.21310283,"v02","es",,,,"Santiago Zoochila",17.21300615,-96.25014148,,
"Santo Domingo",,,,"MX24033","San Luis Potosí",,,,"MX24","México",,,,"MX",2021-06-18,,4322.62039452,"v02","es",,,,"Santo Domingo",23.41222708,-101.55822972,,
"Santo Domingo Albarradas",,,,"MX20506","Oaxaca",,,,"MX20","México",,,,"MX",2021-06-18,,43.57903556,"v02","es",,,,"Santo Domingo Albarradas",17.064013,-96.20553167,,
"Santo Domingo Armenta",,,,"MX20507","Oaxaca",,,,"MX20","México",,,,"MX",2021-06-18,,143.6931014,"v02","es",,,,"Santo Domingo Armenta",16.34104733,-98.35920278,4.11528738818826,2.86154309681832
"Santo Domingo Chihuitán",,,,"MX20508","Oaxaca",,,,"MX20","México",,,,"MX",2021-06-18,,71.05550269,"v02","es",,,,"Santo Domingo Chihuitan",16.63890582,-95.17596185,,
"Santo Domingo de Morelos",,,,"MX20509","Oaxaca",,,,"MX20","México",,,,"MX",2021-06-18,,105.32208533,"v02","es",,,,"Santo Domingo de Morelos",15.84237716,-96.64415572,3.28599256360375,0.49819006507429
"Santo Domingo Ingenio",,,,"MX20505","Oaxaca",,,,"MX20","México",,,,"MX",2021-06-18,,199.19063347,"v02","es",,,,"Santo Domingo Ingenio",16.57053527,-94.74249473,,
"Santo Domingo Ixcatlán",,,,"MX20510","Oaxaca",,,,"MX20","México",,,,"MX",2021-06-18,,17.91867824,"v02","es",,,,"Santo Domingo Ixcatlan",16.90909943,-97.52444961,3.83899798613207,1.38641342642977
"Santo Domingo Nuxaá",,,,"MX20511","Oaxaca",,,,"MX20","México",,,,"MX",2021-06-18,,146.29199756,"v02","es",,,,"Santo Domingo Nuxaa",17.16102743,-97.03918838,3.68307153939337,0.983457367200642
"Santo Domingo Ozolotepec",,,,"MX20512","Oaxaca",,,,"MX20","México",,,,"MX",2021-06-18,,64.15594995,"v02","es",,,,"Santo Domingo Ozolotepec",16.1757376,-96.32153886,3.22921447978289,0.468742980864817
"Santo Domingo Petapa",,,,"MX20513","Oaxaca",,,,"MX20","México",,,,"MX",2021-06-18,,339.66987724,"v02","es",,,,"Santo Domingo Petapa",16.85113946,-95.21203897,,
"Santo Domingo Roayaga",,,,"MX20514","Oaxaca",,,,"MX20","México",,,,"MX",2021-06-18,,56.24850794,"v02","es",,,,"Santo Domingo Roayaga",17.33301464,-96.06398573,,
"Santo Domingo Tehuantepec",,,,"MX20515","Oaxaca",,,,"MX20","México",,,,"MX",2021-06-18,,1197.34590231,"v02","es",,,,"Santo Domingo Tehuantepec",16.18890198,-95.39601606,,
"Santo Domingo Teojomulco",,,,"MX20516","Oaxaca",,,,"MX20","México",,,,"MX",2021-06-18,,224.49928436,"v02","es",,,,"Santo Domingo Teojomulco",16.58952919,-97.28095041,4.01207037163204,1.49090558669503
"Santo Domingo Tepuxtepec",,,,"MX20517","Oaxaca",,,,"MX20","México",,,,"MX",2021-06-18,,113.55145372,"v02","es",,,,"Santo Domingo Tepuxtepec",16.93434352,-96.09691517,,
"Santo Domingo Tlatayápam",,,,"MX20518","Oaxaca",,,,"MX20","México",,,,"MX",2021-06-18,,11.81930696,"v02","es",,,,"Santo Domingo Tlatayapam",17.40180583,-97.343051,3.7096289152863,1.11719962348717
"Santo Domingo Tomaltepec",,,,"MX20519","Oaxaca",,,,"MX20","México",,,,"MX",2021-06-18,,30.54262486,"v02","es",,,,"Santo Domingo Tomaltepec",17.06998496,-96.59717608,3.42841959015766,0.641063952071608
"Santo Domingo Tonalá",,,,"MX20520","Oaxaca",,,,"MX20","México",,,,"MX",2021-06-18,,165.71787829,"v02","es",,,,"Santo Domingo Tonala",17.67984719,-97.97554953,3.87236495422068,1.74913409043822
"Santo Domingo Tonaltepec",,,,"MX20521","Oaxaca",,,,"MX20","México",,,,"MX",2021-06-18,,26.53180584,"v02","es",,,,"Santo Domingo Tonaltepec",17.61533843,-97.35070723,3.66065496364665,1.04029564827066
"Santo Domingo Xagacía",,,,"MX20522","Oaxaca",,,,"MX20","México",,,,"MX",2021-06-18,,56.44614266,"v02","es",,,,"Santo Domingo Xagacia",17.12715477,-96.29736504,3.25449418473066,0.492675896857413
"Santo Domingo Yanhuitlán",,,,"MX20523","Oaxaca",,,,"MX20","México",,,,"MX",2021-06-18,,69.6380949,"v02","es",,,,"Santo Domingo Yanhuitlan",17.52606128,-97.33594447,3.62275086977342,0.987584155358208
"Santo Domingo Yodohino",,,,"MX20524","Oaxaca",,,,"MX20","México",,,,"MX",2021-06-18,,36.42877555,"v02","es",,,,"Santo Domingo Yodohino",17.63888372,-97.69967076,3.7378051351573,1.30084642438333
"Santo Domingo Zanatepec",,,,"MX20525","Oaxaca",,,,"MX20","México",,,,"MX",2021-06-18,,646.165879,"v02","es",,,,"Santo Domingo Zanatepec",16.44050302,-94.34325916,,
"Santo Tomás",,,,"MX15078","México",,,,"MX15","México",,,,"MX",2021-06-18,,104.03837178,"v02","es",,,,"Santo Tomas",19.1841486,-100.31320239,3.67174598380059,1.06564005156516
"Santo Tomás Hueyotlipan",,,,"MX21151","Puebla",,,,"MX21","México",,,,"MX",2021-06-18,,19.40791438,"v02","es",,,,"Santo Tomas Hueyotlipan",18.88891475,-97.86319626,3.5248560183469,0.792027202208608
"Santo Tomás Jalieza",,,,"MX20530","Oaxaca",,,,"MX20","México",,,,"MX",2021-06-18,,70.10195307,"v02","es",,,,"Santo Tomas Jalieza",16.87536938,-96.6371047,3.39558091997906,0.624026517237399
"Santo Tomás Mazaltepec",,,,"MX20531","Oaxaca",,,,"MX20","México",,,,"MX",2021-06-18,,44.0044558,"v02","es",,,,"Santo Tomas Mazaltepec",17.14710708,-96.91557722,3.58446015994244,0.831889802254958
"Santo Tomás Ocotepec",,,,"MX20532","Oaxaca",,,,"MX20","México",,,,"MX",2021-06-18,,80.04950889,"v02","es",,,,"Santo Tomas Ocotepec",17.12037993,-97.77349261,3.81887210232097,1.54897515008885
"Santo Tomás Tamazulapan",,,,"MX20533","Oaxaca",,,,"MX20","México",,,,"MX",2021-06-18,,66.57891952,"v02","es",,,,"Santo Tomas Tamazulapan",16.23998043,-96.5904922,3.4732660466467,0.666775224698692
"Santos Reyes Nopala",,,,"MX20526","Oaxaca",,,,"MX20","México",,,,"MX",2021-06-18,,226.11128231,"v02","es",,,,"Santos Reyes Nopala",16.08213952,-97.17919056,4.00431606857631,1.16524710705921
"Santos Reyes Pápalo",,,,"MX20527","Oaxaca",,,,"MX20","México",,,,"MX",2021-06-18,,83.41653504,"v02","es",,,,"Santos Reyes Papalo",17.79158936,-96.87890023,3.37522014930968,0.59140556414483
"Santos Reyes Tepejillo",,,,"MX20528","Oaxaca",,,,"MX20","México",,,,"MX",2021-06-18,,52.97576389,"v02","es",,,,"Santos Reyes Tepejillo",17.40688939,-97.95584116,3.85824708346648,1.73710174536443
"Santos Reyes Yucuná",,,,"MX20529","Oaxaca",,,,"MX20","México",,,,"MX",2021-06-18,,60.89721862,"v02","es",,,,"Santos Reyes Yucuna",17.77256266,-98.010006,3.97188649337262,1.99396607642354
"Sáric",,,,"MX26060","Sonora",,,,"MX26","México",,,,"MX",2021-06-18,,1349.74505975,"v02","es",,,,"Saric",31.24382659,-111.44543313,,
"Satevó",,,,"MX08061","Chihuahua",,,,"MX08","México",,,,"MX",2021-06-18,,3556.57150273,"v02","es",,,,"Satevo",27.75913467,-106.15236091,,
"Saucillo",,,,"MX08062","Chihuahua",,,,"MX08","México",,,,"MX",2021-06-18,,3039.70164735,"v02","es",,,,"Saucillo",28.01162942,-105.29187266,,
"Sayula",,,,"MX14082","Jalisco",,,,"MX14","México",,,,"MX",2021-06-18,,215.97159528,"v02","es",,,,"Sayula",19.85716384,-103.60889572,,
"Sayula de Alemán",,,,"MX30144","Veracruz de Ignacio de la Llave",,,,"MX30","México",,,,"MX",2021-06-18,,662.46821863,"v02","es",,,,"Sayula de Aleman",17.74768261,-94.95439754,,
"Senguio",,,,"MX16080","Michoacán de Ocampo",,,,"MX16","México",,,,"MX",2021-06-18,,250.30442199,"v02","es",,,,"Senguio",19.74645563,-100.34736007,3.40389679727956,0.616179875565997
"Seyé",,,,"MX31067","Yucatán",,,,"MX31","México",,,,"MX",2021-06-18,,178.12380105,"v02","es",,,,"Seye",20.84884174,-89.35515304,,
"Sierra Mojada",,,,"MX05034","Coahuila de Zaragoza",,,,"MX05","México",,,,"MX",2021-06-18,,7921.73758289,"v02","es",,,,"Sierra Mojada",27.58368854,-103.67692978,,
"Silacayoápam",,,,"MX20537","Oaxaca",,,,"MX20","México",,,,"MX",2021-06-18,,431.59235756,"v02","es",,,,"Silacayoapam",17.58849703,-98.07167278,4.02746328462153,2.38926549053317
"Silao de la Victoria",,,,"MX11037","Guanajuato",,,,"MX11","México",,,,"MX",2021-06-18,,538.52490235,"v02","es",,,,"Silao de la Victoria",20.97631558,-101.44955322,,
"Siltepec",,,,"MX07080","Chiapas",,,,"MX07","México",,,,"MX",2021-06-18,,876.00063626,"v02","es",,,,"Siltepec",15.55792836,-92.49010653,,
"Simojovel",,,,"MX07081","Chiapas",,,,"MX07","México",,,,"MX",2021-06-18,,313.94497513,"v02","es",,,,"Simojovel",17.14689627,-92.53917109,,
"Sinaloa",,,,"MX25017","Sinaloa",,,,"MX25","México",,,,"MX",2021-06-18,,6325.7589868,"v02","es",,,,"Sinaloa",26.02010759,-108.07006789,,
"Sinanché",,,,"MX31068","Yucatán",,,,"MX31","México",,,,"MX",2021-06-18,,134.266063,"v02","es",,,,"Sinanche",21.26763089,-89.19651944,,
"Singuilucan",,,,"MX13057","Hidalgo",,,,"MX13","México",,,,"MX",2021-06-18,,420.20736979,"v02","es",,,,"Singuilucan",19.99755221,-98.49123737,3.16259872794507,0.429330597127951
"Sitalá",,,,"MX07082","Chiapas",,,,"MX07","México",,,,"MX",2021-06-18,,105.40277245,"v02","es",,,,"Sitala",17.03746617,-92.3464894,,
"Sitio de Xitlapehua",,,,"MX20538","Oaxaca",,,,"MX20","México",,,,"MX",2021-06-18,,18.21929053,"v02","es",,,,"Sitio de Xitlapehua",16.3683719,-96.54732221,3.45243351395156,0.66325279843266
"Sochiapa",,,,"MX30146","Veracruz de Ignacio de la Llave",,,,"MX30","México",,,,"MX",2021-06-18,,16.33597234,"v02","es",,,,"Sochiapa",19.17110996,-96.92316383,2.99177478895983,0.334969678691318
"Socoltenango",,,,"MX07083","Chiapas",,,,"MX07","México",,,,"MX",2021-06-18,,632.74376255,"v02","es",,,,"Socoltenango",16.10146957,-92.43423377,,
"Soconusco",,,,"MX30145","Veracruz de Ignacio de la Llave",,,,"MX30","México",,,,"MX",2021-06-18,,96.27219206,"v02","es",,,,"Soconusco",18.00667576,-94.81037538,,
"Soledad Atzompa",,,,"MX30147","Veracruz de Ignacio de la Llave",,,,"MX30","México",,,,"MX",2021-06-18,,114.72882852,"v02","es",,,,"Soledad Atzompa",18.70695404,-97.1836228,3.36501372401344,0.577200462604395
"Soledad de Doblado",,,,"MX30148","Veracruz de Ignacio de la Llave",,,,"MX30","México",,,,"MX",2021-06-18,,416.0757451,"v02","es",,,,"Soledad de Doblado",19.06106226,-96.47696605,2.92951811569326,0.303735435020657
"Soledad de Graciano Sánchez",,,,"MX24035","San Luis Potosí",,,,"MX24","México",,,,"MX",2021-06-18,,305.71356873,"v02","es",,,,"Soledad de Graciano Sanchez",22.29705549,-100.86719566,,
"Soledad Etla",,,,"MX20539","Oaxaca",,,,"MX20","México",,,,"MX",2021-06-18,,12.4698208,"v02","es",,,,"Soledad Etla",17.15831995,-96.82767543,3.55684724811567,0.786911540019501
"Solidaridad",,,,"MX23008","Quintana Roo",,,,"MX23","México",,,,"MX",2021-06-18,,2114.96064762,"v02","es",,,,"Solidaridad",20.58437475,-87.50345278,,
"Solosuchiapa",,,,"MX07084","Chiapas",,,,"MX07","México",,,,"MX",2021-06-18,,156.32770993,"v02","es",,,,"Solosuchiapa",17.39513545,-93.00278632,,
"Soltepec",,,,"MX21152","Puebla",,,,"MX21","México",,,,"MX",2021-06-18,,114.27667334,"v02","es",,,,"Soltepec",19.12289948,-97.75363414,3.38657944255834,0.603755937213529
"Sombrerete",,,,"MX32042","Zacatecas",,,,"MX32","México",,,,"MX",2021-06-18,,3632.96918987,"v02","es",,,,"Sombrerete",23.57451838,-103.64682846,,
"Soteapan",,,,"MX30149","Veracruz de Ignacio de la Llave",,,,"MX30","México",,,,"MX",2021-06-18,,479.77538533,"v02","es",,,,"Soteapan",18.22864954,-94.90825209,,
"Soto la Marina",,,,"MX28037","Tamaulipas",,,,"MX28","México",,,,"MX",2021-06-18,,6394.75517484,"v02","es",,,,"Soto la Marina",23.86223896,-98.07508661,,
"Sotuta",,,,"MX31069","Yucatán",,,,"MX31","México",,,,"MX",2021-06-18,,545.9442018,"v02","es",,,,"Sotuta",20.61572457,-88.96929915,,
"Soyaló",,,,"MX07085","Chiapas",,,,"MX07","México",,,,"MX",2021-06-18,,96.0849892,"v02","es",,,,"Soyalo",16.92600961,-92.99622756,,
"Soyaniquilpan de Juárez",,,,"MX15079","México",,,,"MX15","México",,,,"MX",2021-06-18,,146.58676607,"v02","es",,,,"Soyaniquilpan de Juarez",20.0522283,-99.5157107,3.25759262132051,0.493090752669082
"Soyopa",,,,"MX26061","Sonora",,,,"MX26","México",,,,"MX",2021-06-18,,1716.75929174,"v02","es",,,,"Soyopa",28.81217355,-109.63016665,,
"Suaqui Grande",,,,"MX26062","Sonora",,,,"MX26","México",,,,"MX",2021-06-18,,914.7889938,"v02","es",,,,"Suaqui Grande",28.37890038,-109.91823742,,
"Suchiapa",,,,"MX07086","Chiapas",,,,"MX07","México",,,,"MX",2021-06-18,,283.88489217,"v02","es",,,,"Suchiapa",16.59463298,-93.12695163,,
"Suchiate",,,,"MX07087","Chiapas",,,,"MX07","México",,,,"MX",2021-06-18,,235.07214489,"v02","es",,,,"Suchiate",14.63389549,-92.24081548,,
"Súchil",,,,"MX10033","Durango",,,,"MX10","México",,,,"MX",2021-06-18,,1468.30366904,"v02","es",,,,"Suchil",23.41589409,-104.20501299,,
"Sucilá",,,,"MX31070","Yucatán",,,,"MX31","México",,,,"MX",2021-06-18,,307.21887519,"v02","es",,,,"Sucila",21.21049662,-88.38146062,,
"Sudzal",,,,"MX31071","Yucatán",,,,"MX31","México",,,,"MX",2021-06-18,,221.55845215,"v02","es",,,,"Sudzal",20.78449262,-88.8320995,,
"Sultepec",,,,"MX15080","México",,,,"MX15","México",,,,"MX",2021-06-18,,566.14563753,"v02","es",,,,"Sultepec",18.7212632,-99.99346213,3.92471855947857,1.85606087445474
"Suma",,,,"MX31072","Yucatán",,,,"MX31","México",,,,"MX",2021-06-18,,87.90546041,"v02","es",,,,"Suma",21.10854593,-89.16051863,,
"Sunuapa",,,,"MX07088","Chiapas",,,,"MX07","México",,,,"MX",2021-06-18,,78.33512888,"v02","es",,,,"Sunuapa",17.48326215,-93.24241541,,
"Susticacán",,,,"MX32043","Zacatecas",,,,"MX32","México",,,,"MX",2021-06-18,,199.59720497,"v02","es",,,,"Susticacan",22.62969464,-103.19174635,,
"Susupuato",,,,"MX16081","Michoacán de Ocampo",,,,"MX16","México",,,,"MX",2021-06-18,,267.9591951,"v02","es",,,,"Susupuato",19.17582319,-100.41143756,3.65249340831177,1.02502334427734
"Tabasco",,,,"MX32044","Zacatecas",,,,"MX32","México",,,,"MX",2021-06-18,,410.18996864,"v02","es",,,,"Tabasco",21.93968121,-102.92499729,,
"Tacámbaro",,,,"MX16082","Michoacán de Ocampo",,,,"MX16","México",,,,"MX",2021-06-18,,786.815,"v02","es",,,,"Tacambaro",19.24997159,-101.45198353,3.40109985646808,0.616783746780778
"Tacotalpa",,,,"MX27015","Tabasco",,,,"MX27","México",,,,"MX",2021-06-18,,734.59852849,"v02","es",,,,"Tacotalpa",17.51598069,-92.7141129,,
"Tahdziú",,,,"MX31073","Yucatán",,,,"MX31","México",,,,"MX",2021-06-18,,241.41424702,"v02","es",,,,"Tahdziu",20.24622057,-88.88844635,,
"Tahmek",,,,"MX31074","Yucatán",,,,"MX31","México",,,,"MX",2021-06-18,,102.48865081,"v02","es",,,,"Tahmek",20.90041391,-89.27955367,,
"Tala",,,,"MX14083","Jalisco",,,,"MX14","México",,,,"MX",2021-06-18,,412.1007039,"v02","es",,,,"Tala",20.61011437,-103.70751769,,
"Talpa de Allende",,,,"MX14084","Jalisco",,,,"MX14","México",,,,"MX",2021-06-18,,1996.35178329,"v02","es",,,,"Talpa de Allende",20.29865832,-104.95243619,,
"Tamalín",,,,"MX30150","Veracruz de Ignacio de la Llave",,,,"MX30","México",,,,"MX",2021-06-18,,258.25467018,"v02","es",,,,"Tamalin",21.53764733,-97.68283381,,
"Tamasopo",,,,"MX24036","San Luis Potosí",,,,"MX24","México",,,,"MX",2021-06-18,,1322.94735759,"v02","es",,,,"Tamasopo",21.93138468,-99.34699755,,
"Tamazula",,,,"MX10034","Durango",,,,"MX10","México",,,,"MX",2021-06-18,,5800.71036611,"v02","es",,,,"Tamazula",24.97219536,-106.85429338,,
"Tamazula de Gordiano",,,,"MX14085","Jalisco",,,,"MX14","México",,,,"MX",2021-06-18,,1363.69150479,"v02","es",,,,"Tamazula de Gordiano",19.68536531,-103.17006708,2.63787072199438,0.196478885844237
"Tamazulápam del Espíritu Santo",,,,"MX20031","Oaxaca",,,,"MX20","México",,,,"MX",2021-06-18,,111.97424345,"v02","es",,,,"Tamazulapam del Espiritu Santo",17.03264701,-96.01488633,,
"Tamazunchale",,,,"MX24037","San Luis Potosí",,,,"MX24","México",,,,"MX",2021-06-18,,353.70600659,"v02","es",,,,"Tamazunchale",21.24350151,-98.79686962,,
"Tamiahua",,,,"MX30151","Veracruz de Ignacio de la Llave",,,,"MX30","México",,,,"MX",2021-06-18,,799.57149436,"v02","es",,,,"Tamiahua",21.2873005,-97.52859634,,
"Tampacán",,,,"MX24038","San Luis Potosí",,,,"MX24","México",,,,"MX",2021-06-18,,187.31571899,"v02","es",,,,"Tampacan",21.4082303,-98.75014962,,
"Tampamolón Corona",,,,"MX24039","San Luis Potosí",,,,"MX24","México",,,,"MX",2021-06-18,,262.65640614,"v02","es",,,,"Tampamolon Corona",21.55092294,-98.78419108,,
"Tampico",,,,"MX28038","Tamaulipas",,,,"MX28","México",,,,"MX",2021-06-18,,113.47347226,"v02","es",,,,"Tampico",22.27074655,-97.89484628,,
"Tampico Alto",,,,"MX30152","Veracruz de Ignacio de la Llave",,,,"MX30","México",,,,"MX",2021-06-18,,869.12050801,"v02","es",,,,"Tampico Alto",22.03408916,-97.88961305,,
"Tamuín",,,,"MX24040","San Luis Potosí",,,,"MX24","México",,,,"MX",2021-06-18,,1843.2574057,"v02","es",,,,"Tamuin",22.08189697,-98.69319784,,
"Tancanhuitz",,,,"MX24012","San Luis Potosí",,,,"MX24","México",,,,"MX",2021-06-18,,137.36492817,"v02","es",,,,"Tancanhuitz",21.64053881,-98.95975531,,
"Tancítaro",,,,"MX16083","Michoacán de Ocampo",,,,"MX16","México",,,,"MX",2021-06-18,,714.25502142,"v02","es",,,,"Tancitaro",19.35418002,-102.37031036,3.02771669304309,0.351017413259066
"Tancoco",,,,"MX30153","Veracruz de Ignacio de la Llave",,,,"MX30","México",,,,"MX",2021-06-18,,156.16867518,"v02","es",,,,"Tancoco",21.26659141,-97.80187338,,
"Tanetze de Zaragoza",,,,"MX20541","Oaxaca",,,,"MX20","México",,,,"MX",2021-06-18,,22.47110416,"v02","es",,,,"Tanetze de Zaragoza",17.38394248,-96.2956119,,
"Tangamandapio",,,,"MX16084","Michoacán de Ocampo",,,,"MX16","México",,,,"MX",2021-06-18,,316.0590061,"v02","es",,,,"Tangamandapio",19.89014876,-102.46566203,2.76919305532137,0.238742412877659
"Tangancícuaro",,,,"MX16085","Michoacán de Ocampo",,,,"MX16","México",,,,"MX",2021-06-18,,385.14694513,"v02","es",,,,"Tangancicuaro",19.87345657,-102.29418921,2.84675997663007,0.267855555220179
"Tanhuato",,,,"MX16086","Michoacán de Ocampo",,,,"MX16","México",,,,"MX",2021-06-18,,228.07627599,"v02","es",,,,"Tanhuato",20.2721375,-102.34391983,,
"Taniche",,,,"MX20542","Oaxaca",,,,"MX20","México",,,,"MX",2021-06-18,,10.75885788,"v02","es",,,,"Taniche",16.56761099,-96.76467739,3.55643699597998,0.876666498976208
"Tanlajás",,,,"MX24041","San Luis Potosí",,,,"MX24","México",,,,"MX",2021-06-18,,374.78961657,"v02","es",,,,"Tanlajas",21.7448668,-98.82999593,,
"Tanquián de Escobedo",,,,"MX24042","San Luis Potosí",,,,"MX24","México",,,,"MX",2021-06-18,,143.40642647,"v02","es",,,,"Tanquian de Escobedo",21.61142954,-98.67221494,,
"Tantima",,,,"MX30154","Veracruz de Ignacio de la Llave",,,,"MX30","México",,,,"MX",2021-06-18,,333.57822837,"v02","es",,,,"Tantima",21.41373743,-97.85398038,,
"Tantoyuca",,,,"MX30155","Veracruz de Ignacio de la Llave",,,,"MX30","México",,,,"MX",2021-06-18,,1302.30488411,"v02","es",,,,"Tantoyuca",21.38968002,-98.19708002,,
"Tapachula",,,,"MX07089","Chiapas",,,,"MX07","México",,,,"MX",2021-06-18,,978.56582755,"v02","es",,,,"Tapachula",14.92746004,-92.32231226,,
"Tapalapa",,,,"MX07090","Chiapas",,,,"MX07","México",,,,"MX",2021-06-18,,66.09899727,"v02","es",,,,"Tapalapa",17.2164333,-93.10340601,,
"Tapalpa",,,,"MX14086","Jalisco",,,,"MX14","México",,,,"MX",2021-06-18,,619.404393,"v02","es",,,,"Tapalpa",19.94666354,-103.77610593,,
"Tapilula",,,,"MX07091","Chiapas",,,,"MX07","México",,,,"MX",2021-06-18,,42.59449428,"v02","es",,,,"Tapilula",17.2499451,-93.00562555,,
"Tarandacuao",,,,"MX11038","Guanajuato",,,,"MX11","México",,,,"MX",2021-06-18,,120.78524865,"v02","es",,,,"Tarandacuao",19.99856763,-100.52599834,3.22834425540683,0.472156209122037
"Taretan",,,,"MX16087","Michoacán de Ocampo",,,,"MX16","México",,,,"MX",2021-06-18,,185.09578575,"v02","es",,,,"Taretan",19.32566703,-101.89711775,3.20689200814804,0.457361306582533
"Tarímbaro",,,,"MX16088","Michoacán de Ocampo",,,,"MX16","México",,,,"MX",2021-06-18,,255.86595667,"v02","es",,,,"Tarimbaro",19.81627893,-101.16373117,3.20603256645661,0.456840622233001
"Tarimoro",,,,"MX11039","Guanajuato",,,,"MX11","México",,,,"MX",2021-06-18,,334.22492485,"v02","es",,,,"Tarimoro",20.2929035,-100.75401658,,
"Tasquillo",,,,"MX13058","Hidalgo",,,,"MX13","México",,,,"MX",2021-06-18,,240.01201831,"v02","es",,,,"Tasquillo",20.53074453,-99.36756246,,
"Tatahuicapan de Juárez",,,,"MX30209","Veracruz de Ignacio de la Llave",,,,"MX30","México",,,,"MX",2021-06-18,,294.94329942,"v02","es",,,,"Tatahuicapan de Juarez",18.34935069,-94.75964095,,
"Tataltepec de Valdés",,,,"MX20543","Oaxaca",,,,"MX20","México",,,,"MX",2021-06-18,,220.32374201,"v02","es",,,,"Tataltepec de Valdes",16.31255232,-97.52039349,3.92216623337281,1.34496467810009
"Tatatila",,,,"MX30156","Veracruz de Ignacio de la Llave",,,,"MX30","México",,,,"MX",2021-06-18,,91.89039275,"v02","es",,,,"Tatatila",19.71325646,-97.07829674,2.94993320576853,0.313371309815837
"Taxco de Alarcón",,,,"MX12055","Guerrero",,,,"MX12","México",,,,"MX",2021-06-18,,650.68829175,"v02","es",,,,"Taxco de Alarcon",18.52180842,-99.60650752,4.04853206270867,2.46431279761708
"Teabo",,,,"MX31075","Yucatán",,,,"MX31","México",,,,"MX",2021-06-18,,224.61190668,"v02","es",,,,"Teabo",20.3807089,-89.21270931,,
"Teapa",,,,"MX27016","Tabasco",,,,"MX27","México",,,,"MX",2021-06-18,,420.80863893,"v02","es",,,,"Teapa",17.61958296,-92.97268382,,
"Tecali de Herrera",,,,"MX21153","Puebla",,,,"MX21","México",,,,"MX",2021-06-18,,175.66060744,"v02","es",,,,"Tecali de Herrera",18.89831652,-97.98541694,3.5404483847695,0.821282872960453
"Tecalitlán",,,,"MX14087","Jalisco",,,,"MX14","México",,,,"MX",2021-06-18,,1301.00070848,"v02","es",,,,"Tecalitlan",19.23945766,-103.17673367,2.81718465563689,0.256279423463036
"Tecámac",,,,"MX15081","México",,,,"MX15","México",,,,"MX",2021-06-18,,156.86533343,"v02","es",,,,"Tecamac",19.71171631,-98.97832698,3.41185493769874,0.625578691273039
"Tecamachalco",,,,"MX21154","Puebla",,,,"MX21","México",,,,"MX",2021-06-18,,180.40816902,"v02","es",,,,"Tecamachalco",18.86378064,-97.72832374,3.43328557509517,0.679133303001882
"Tecate",,,,"MX02003","Baja California",,,,"MX02","México",,,,"MX",2021-06-18,,2685.74591607,"v02","es",,,,"Tecate",32.43530275,-116.27357181,,
"Techaluta de Montenegro",,,,"MX14089","Jalisco",,,,"MX14","México",,,,"MX",2021-06-18,,79.23828114,"v02","es",,,,"Techaluta de Montenegro",20.09385007,-103.58022556,,
"Tecoanapa",,,,"MX12056","Guerrero",,,,"MX12","México",,,,"MX",2021-06-18,,697.53459604,"v02","es",,,,"Tecoanapa",16.97065057,-99.28313547,6.31179411471857,20.3921167044194
"Tecoh",,,,"MX31076","Yucatán",,,,"MX31","México",,,,"MX",2021-06-18,,367.52658788,"v02","es",,,,"Tecoh",20.66567116,-89.44044466,,
"Tecolotlán",,,,"MX14088","Jalisco",,,,"MX14","México",,,,"MX",2021-06-18,,765.14192756,"v02","es",,,,"Tecolotlan",20.27580863,-103.98225523,,
"Tecolutla",,,,"MX30158","Veracruz de Ignacio de la Llave",,,,"MX30","México",,,,"MX",2021-06-18,,525.64008844,"v02","es",,,,"Tecolutla",20.35656419,-97.02195921,,
"Tecomán",,,,"MX06009","Colima",,,,"MX06","México",,,,"MX",2021-06-18,,922.48411225,"v02","es",,,,"Tecoman",18.90311732,-103.84459609,,
"Tecomatlán",,,,"MX21155","Puebla",,,,"MX21","México",,,,"MX",2021-06-18,,145.24992395,"v02","es",,,,"Tecomatlan",18.05736209,-98.3269588,3.98644895590098,2.13473161829495
"Tecozautla",,,,"MX13059","Hidalgo",,,,"MX13","México",,,,"MX",2021-06-18,,525.02868376,"v02","es",,,,"Tecozautla",20.53969855,-99.65260858,,
"Técpan de Galeana",,,,"MX12057","Guerrero",,,,"MX12","México",,,,"MX",2021-06-18,,2845.08071735,"v02","es",,,,"Tecpan de Galeana",17.40108351,-100.75056196,4.48338557663185,4.53643177306539
"Tecpatán",,,,"MX07092","Chiapas",,,,"MX07","México",,,,"MX",2021-06-18,,1014.09249694,"v02","es",,,,"Tecpatan",17.19893844,-93.43655987,,
"Tecuala",,,,"MX18016","Nayarit",,,,"MX18","México",,,,"MX",2021-06-18,,989.3929606,"v02","es",,,,"Tecuala",22.32458756,-105.46519226,,
"Tehuacán",,,,"MX21156","Puebla",,,,"MX21","México",,,,"MX",2021-06-18,,552.9943424,"v02","es",,,,"Tehuacan",18.46580117,-97.39783481,3.51999138186848,0.783645950342264
"Tehuipango",,,,"MX30159","Veracruz de Ignacio de la Llave",,,,"MX30","México",,,,"MX",2021-06-18,,87.92628666,"v02","es",,,,"Tehuipango",18.52001506,-97.06378962,3.29203991601727,0.514812654546784
"Tehuitzingo",,,,"MX21157","Puebla",,,,"MX21","México",,,,"MX",2021-06-18,,491.70043288,"v02","es",,,,"Tehuitzingo",18.36890096,-98.31034124,3.78154021967958,1.43822515593398
"Tejupilco",,,,"MX15082","México",,,,"MX15","México",,,,"MX",2021-06-18,,668.40861835,"v02","es",,,,"Tejupilco",18.89075228,-100.12766245,3.82894914846927,1.49740486304629
"Tekal de Venegas",,,,"MX31077","Yucatán",,,,"MX31","México",,,,"MX",2021-06-18,,199.61841596,"v02","es",,,,"Tekal de Venegas",21.02033407,-88.86036932,,
"Tekantó",,,,"MX31078","Yucatán",,,,"MX31","México",,,,"MX",2021-06-18,,79.79121061,"v02","es",,,,"Tekanto",21.00765633,-89.09794773,,
"Tekax",,,,"MX31079","Yucatán",,,,"MX31","México",,,,"MX",2021-06-18,,2768.42415262,"v02","es",,,,"Tekax",19.97581438,-89.34179872,,
"Tekit",,,,"MX31080","Yucatán",,,,"MX31","México",,,,"MX",2021-06-18,,281.00501083,"v02","es",,,,"Tekit",20.56822531,-89.27540193,,
"Tekom",,,,"MX31081","Yucatán",,,,"MX31","México",,,,"MX",2021-06-18,,273.12756504,"v02","es",,,,"Tekom",20.50118592,-88.39190038,,
"Telchac Pueblo",,,,"MX31082","Yucatán",,,,"MX31","México",,,,"MX",2021-06-18,,57.94825098,"v02","es",,,,"Telchac Pueblo",21.21935359,-89.25562337,,
"Telchac Puerto",,,,"MX31083","Yucatán",,,,"MX31","México",,,,"MX",2021-06-18,,64.97419178,"v02","es",,,,"Telchac Puerto",21.30832049,-89.27368094,,
"Teloloapan",,,,"MX12058","Guerrero",,,,"MX12","México",,,,"MX",2021-06-18,,1009.41082976,"v02","es",,,,"Teloloapan",18.38681714,-99.92005133,4.13610154035555,3.04171085261566
"Temamatla",,,,"MX15083","México",,,,"MX15","México",,,,"MX",2021-06-18,,29.23803577,"v02","es",,,,"Temamatla",19.19245823,-98.87216469,3.63019988226148,0.976046393298065
"Temascalapa",,,,"MX15084","México",,,,"MX15","México",,,,"MX",2021-06-18,,164.613573,"v02","es",,,,"Temascalapa",19.81554212,-98.87643885,3.3335020648439,0.552148252741396
"Temascalcingo",,,,"MX15085","México",,,,"MX15","México",,,,"MX",2021-06-18,,356.27437784,"v02","es",,,,"Temascalcingo",19.93113951,-100.04917396,3.33001145686357,0.549653069369394
"Temascaltepec",,,,"MX15086","México",,,,"MX15","México",,,,"MX",2021-06-18,,568.27962463,"v02","es",,,,"Temascaltepec",19.1075586,-99.94884313,3.74600823340609,1.25000970680759
"Temax",,,,"MX31084","Yucatán",,,,"MX31","México",,,,"MX",2021-06-18,,337.57191562,"v02","es",,,,"Temax",21.17308944,-88.89167515,,
"Temixco",,,,"MX17018","Morelos",,,,"MX17","México",,,,"MX",2021-06-18,,102.76993729,"v02","es",,,,"Temixco",18.84768521,-99.2455904,3.8503918554246,1.56771489737039
"Temoac",,,,"MX17033","Morelos",,,,"MX17","México",,,,"MX",2021-06-18,,37.07662771,"v02","es",,,,"Temoac",18.75986215,-98.79213508,3.83256339371646,1.48957342759506
"Temoaya",,,,"MX15087","México",,,,"MX15","México",,,,"MX",2021-06-18,,188.10568104,"v02","es",,,,"Temoaya",19.48933022,-99.59457243,3.5579064505481,0.839955971432741
"Temósachic",,,,"MX08063","Chihuahua",,,,"MX08","México",,,,"MX",2021-06-18,,4274.83257248,"v02","es",,,,"Temosachic",28.77999571,-108.02214036,,
"Temozón",,,,"MX31085","Yucatán",,,,"MX31","México",,,,"MX",2021-06-18,,706.5621029,"v02","es",,,,"Temozon",20.89391419,-88.07283679,,
"Tempoal",,,,"MX30161","Veracruz de Ignacio de la Llave",,,,"MX30","México",,,,"MX",2021-06-18,,1152.39279002,"v02","es",,,,"Tempoal",21.55025446,-98.42049253,,
"Tenabo",,,,"MX04008","Campeche",,,,"MX04","México",,,,"MX",2021-06-18,,1058.15327874,"v02","es",,,,"Tenabo",19.96390181,-90.18733114,,
"Tenamaxtlán",,,,"MX14090","Jalisco",,,,"MX14","México",,,,"MX",2021-06-18,,281.53669971,"v02","es",,,,"Tenamaxtlan",20.13542199,-104.14261316,,
"Tenampa",,,,"MX30162","Veracruz de Ignacio de la Llave",,,,"MX30","México",,,,"MX",2021-06-18,,65.20632986,"v02","es",,,,"Tenampa",19.25833876,-96.84331331,2.99677999828814,0.337396749530093
"Tenampulco",,,,"MX21158","Puebla",,,,"MX21","México",,,,"MX",2021-06-18,,140.28354958,"v02","es",,,,"Tenampulco",20.19463022,-97.39032395,,
"Tenancingo",,,,"MX15088","México",,,,"MX15","México",,,,"MX",2021-06-18,,164.64439827,"v02","es",,,,"Tenancingo",18.9646592,-99.56898214,3.81071037529144,1.43827764784225
"Tenancingo",,,,"MX29027","Tlaxcala",,,,"MX29","México",,,,"MX",2021-06-18,,13.24234772,"v02","es",,,,"Tenancingo",19.15043684,-98.18814171,3.52085864317017,0.778463650426449
"Tenango de Doria",,,,"MX13060","Hidalgo",,,,"MX13","México",,,,"MX",2021-06-18,,176.63193016,"v02","es",,,,"Tenango de Doria",20.33663298,-98.21005538,,
"Tenango del Aire",,,,"MX15089","México",,,,"MX15","México",,,,"MX",2021-06-18,,37.9573063,"v02","es",,,,"Tenango del Aire",19.14931913,-98.87844343,3.64477145252528,1.00631594157458
"Tenango del Valle",,,,"MX15090","México",,,,"MX15","México",,,,"MX",2021-06-18,,208.52024153,"v02","es",,,,"Tenango del Valle",19.07600324,-99.64809063,3.75446175450184,1.27173383617721
"Tenejapa",,,,"MX07093","Chiapas",,,,"MX07","México",,,,"MX",2021-06-18,,192.46082033,"v02","es",,,,"Tenejapa",16.84768933,-92.4969252,,
"Tenochtitlán",,,,"MX30163","Veracruz de Ignacio de la Llave",,,,"MX30","México",,,,"MX",2021-06-18,,86.80458812,"v02","es",,,,"Tenochtitlan",19.82510446,-96.94195008,2.76153871743912,0.237683689073455
"Tenosique",,,,"MX27017","Tabasco",,,,"MX27","México",,,,"MX",2021-06-18,,1882.20887843,"v02","es",,,,"Tenosique",17.45949079,-91.3134076,,
"Teocaltiche",,,,"MX14091","Jalisco",,,,"MX14","México",,,,"MX",2021-06-18,,933.53779535,"v02","es",,,,"Teocaltiche",21.48140883,-102.52018463,,
"Teocelo",,,,"MX30164","Veracruz de Ignacio de la Llave",,,,"MX30","México",,,,"MX",2021-06-18,,60.80418981,"v02","es",,,,"Teocelo",19.37320457,-96.95503745,3.01193877283888,0.343339825013326
"Teococuilco de Marcos Pérez",,,,"MX20544","Oaxaca",,,,"MX20","México",,,,"MX",2021-06-18,,133.09441837,"v02","es",,,,"Teococuilco de Marcos Perez",17.31850023,-96.67230045,3.3916361717822,0.606281264624978
"Teocuitatlán de Corona",,,,"MX14092","Jalisco",,,,"MX14","México",,,,"MX",2021-06-18,,334.4322462,"v02","es",,,,"Teocuitatlan de Corona",20.11084607,-103.35552075,,
"Teolocholco",,,,"MX29028","Tlaxcala",,,,"MX29","México",,,,"MX",2021-06-18,,76.63162037,"v02","es",,,,"Teolocholco",19.21081052,-98.07601678,3.39433512019609,0.631073985367121
"Teoloyucan",,,,"MX15091","México",,,,"MX15","México",,,,"MX",2021-06-18,,31.04825984,"v02","es",,,,"Teoloyucan",19.75797392,-99.173033,3.4056425899015,0.615946282683987
"Teopantlán",,,,"MX21159","Puebla",,,,"MX21","México",,,,"MX",2021-06-18,,248.67666179,"v02","es",,,,"Teopantlan",18.7349159,-98.25971714,3.63910634850886,1.04095120976599
"Teopisca",,,,"MX07094","Chiapas",,,,"MX07","México",,,,"MX",2021-06-18,,283.50660775,"v02","es",,,,"Teopisca",16.55258493,-92.5234713,,
"Teotihuacán",,,,"MX15092","México",,,,"MX15","México",,,,"MX",2021-06-18,,83.19490862,"v02","es",,,,"Teotihuacan",19.69333221,-98.88309065,3.40738893916115,0.61798195567747
"Teotitlán de Flores Magón",,,,"MX20545","Oaxaca",,,,"MX20","México",,,,"MX",2021-06-18,,143.95191781,"v02","es",,,,"Teotitlan de Flores Magon",18.11934626,-97.08730121,3.44106220068617,0.656978623605423
"Teotitlán del Valle",,,,"MX20546","Oaxaca",,,,"MX20","México",,,,"MX",2021-06-18,,107.86753226,"v02","es",,,,"Teotitlan del Valle",17.04939937,-96.50289003,3.30989464640242,0.53990388146647
"Teotlalco",,,,"MX21160","Puebla",,,,"MX21","México",,,,"MX",2021-06-18,,136.74677418,"v02","es",,,,"Teotlalco",18.44938774,-98.8376282,3.86276520166012,1.75611870007926
"Teotongo",,,,"MX20547","Oaxaca",,,,"MX20","México",,,,"MX",2021-06-18,,45.80976922,"v02","es",,,,"Teotongo",17.74584504,-97.54236482,3.68715448261664,1.13066013505407
"Tepache",,,,"MX26063","Sonora",,,,"MX26","México",,,,"MX",2021-06-18,,778.65706798,"v02","es",,,,"Tepache",29.48584136,-109.52796598,,
"Tepakán",,,,"MX31086","Yucatán",,,,"MX31","México",,,,"MX",2021-06-18,,108.70054589,"v02","es",,,,"Tepakan",21.06333831,-89.0151142,,
"Tepalcatepec",,,,"MX16089","Michoacán de Ocampo",,,,"MX16","México",,,,"MX",2021-06-18,,798.11682712,"v02","es",,,,"Tepalcatepec",19.07937843,-102.85011045,2.90188724408407,0.291155945539766
"Tepalcingo",,,,"MX17019","Morelos",,,,"MX17","México",,,,"MX",2021-06-18,,368.64439539,"v02","es",,,,"Tepalcingo",18.56943663,-98.9080884,3.87929661040717,1.74149815217202
"Tepanco de López",,,,"MX21161","Puebla",,,,"MX21","México",,,,"MX",2021-06-18,,224.77678601,"v02","es",,,,"Tepanco de Lopez",18.55337217,-97.57385975,3.52635307422672,0.795942030007158
"Tepango de Rodríguez",,,,"MX21162","Puebla",,,,"MX21","México",,,,"MX",2021-06-18,,28.73138303,"v02","es",,,,"Tepango de Rodriguez",20.01107389,-97.79786166,2.8725144283366,0.279952993840835
"Tepatitlán de Morelos",,,,"MX14093","Jalisco",,,,"MX14","México",,,,"MX",2021-06-18,,1400.12711696,"v02","es",,,,"Tepatitlan de Morelos",20.81709488,-102.67700372,,
"Tepatlaxco",,,,"MX30165","Veracruz de Ignacio de la Llave",,,,"MX30","México",,,,"MX",2021-06-18,,60.1930056,"v02","es",,,,"Tepatlaxco",19.04837125,-96.8487672,3.04282897224735,0.36105436728497
"Tepatlaxco de Hidalgo",,,,"MX21163","Puebla",,,,"MX21","México",,,,"MX",2021-06-18,,61.31583708,"v02","es",,,,"Tepatlaxco de Hidalgo",19.14570506,-98.00769453,3.44740817219867,0.684446910251719
"Tepeaca",,,,"MX21164","Puebla",,,,"MX21","México",,,,"MX",2021-06-18,,217.47125371,"v02","es",,,,"Tepeaca",19.01791497,-97.88464162,3.47015808338401,0.712401007826273
"Tepeapulco",,,,"MX13061","Hidalgo",,,,"MX13","México",,,,"MX",2021-06-18,,242.90861169,"v02","es",,,,"Tepeapulco",19.80630109,-98.50600356,3.26024030715477,0.497480627480012
"Tepechitlán",,,,"MX32045","Zacatecas",,,,"MX32","México",,,,"MX",2021-06-18,,544.43944301,"v02","es",,,,"Tepechitlan",21.61464202,-103.36529309,,
"Tepecoacuilco de Trujano",,,,"MX12059","Guerrero",,,,"MX12","México",,,,"MX",2021-06-18,,852.90454808,"v02","es",,,,"Tepecoacuilco de Trujano",18.12444276,-99.45632717,4.46510513628756,4.44109612540903
"Tepehuacán de Guerrero",,,,"MX13062","Hidalgo",,,,"MX13","México",,,,"MX",2021-06-18,,347.34482734,"v02","es",,,,"Tepehuacan de Guerrero",21.06938713,-98.8602885,,
"Tepehuanes",,,,"MX10035","Durango",,,,"MX10","México",,,,"MX",2021-06-18,,6069.16210817,"v02","es",,,,"Tepehuanes",25.42360049,-106.11124883,,
"Tepeji del Río de Ocampo",,,,"MX13063","Hidalgo",,,,"MX13","México",,,,"MX",2021-06-18,,353.42542206,"v02","es",,,,"Tepeji del Rio de Ocampo",19.89368269,-99.34871819,3.33947844897165,0.557293582522169
"Tepelmeme Villa de Morelos",,,,"MX20548","Oaxaca",,,,"MX20","México",,,,"MX",2021-06-18,,574.1717691,"v02","es",,,,"Tepelmeme Villa de Morelos",18.0071579,-97.28853644,3.52643339958408,0.807066125930906
"Tepemaxalco",,,,"MX21165","Puebla",,,,"MX21","México",,,,"MX",2021-06-18,,29.56470537,"v02","es",,,,"Tepemaxalco",18.7436343,-98.63084652,3.65800538603006,1.13230220295533
"Tepeojuma",,,,"MX21166","Puebla",,,,"MX21","México",,,,"MX",2021-06-18,,132.26351222,"v02","es",,,,"Tepeojuma",18.72876282,-98.4386688,3.69479140266258,1.16863586931952
"Tepetitla de Lardizábal",,,,"MX29019","Tlaxcala",,,,"MX29","México",,,,"MX",2021-06-18,,23.10821388,"v02","es",,,,"Tepetitla de Lardizabal",19.2828224,-98.37597968,3.39469490798243,0.641623018948359
"Tepetitlán",,,,"MX13064","Hidalgo",,,,"MX13","México",,,,"MX",2021-06-18,,147.84989308,"v02","es",,,,"Tepetitlan",20.18878259,-99.40107813,3.2134533635242,0.461620212004121
"Tepetlán",,,,"MX30166","Veracruz de Ignacio de la Llave",,,,"MX30","México",,,,"MX",2021-06-18,,95.52267229,"v02","es",,,,"Tepetlan",19.66392294,-96.77883162,2.86886511097181,0.277607070327291
"Tepetlaoxtoc",,,,"MX15093","México",,,,"MX15","México",,,,"MX",2021-06-18,,178.51343215,"v02","es",,,,"Tepetlaoxtoc",19.54918476,-98.75156237,3.44401142341817,0.664573077623738
"Tepetlixpa",,,,"MX15094","México",,,,"MX15","México",,,,"MX",2021-06-18,,43.12444634,"v02","es",,,,"Tepetlixpa",19.01392901,-98.84230656,3.70390401945694,1.1408208914376
"Tepetongo",,,,"MX32046","Zacatecas",,,,"MX32","México",,,,"MX",2021-06-18,,724.53082682,"v02","es",,,,"Tepetongo",22.42277139,-103.15756709,,
"Tepetzintla",,,,"MX21167","Puebla",,,,"MX21","México",,,,"MX",2021-06-18,,70.92389452,"v02","es",,,,"Tepetzintla",19.94242415,-97.8651949,2.93270945521027,0.306470247798717
"Tepetzintla",,,,"MX30167","Veracruz de Ignacio de la Llave",,,,"MX30","México",,,,"MX",2021-06-18,,227.32489318,"v02","es",,,,"Tepetzintla",21.15101179,-97.85873545,,
"Tepexco",,,,"MX21168","Puebla",,,,"MX21","México",,,,"MX",2021-06-18,,116.20692851,"v02","es",,,,"Tepexco",18.65024758,-98.64458248,3.70724208522253,1.25860412873399
"Tepexi de Rodríguez",,,,"MX21169","Puebla",,,,"MX21","México",,,,"MX",2021-06-18,,392.05203979,"v02","es",,,,"Tepexi de Rodriguez",18.47423777,-97.9413351,3.59528542849756,0.973623023606058
"Tepeyahualco",,,,"MX21170","Puebla",,,,"MX21","México",,,,"MX",2021-06-18,,450.61936708,"v02","es",,,,"Tepeyahualco",19.51859876,-97.45838023,3.18947186848643,0.44923166609381
"Tepeyahualco de Cuauhtémoc",,,,"MX21171","Puebla",,,,"MX21","México",,,,"MX",2021-06-18,,15.64284386,"v02","es",,,,"Tepeyahualco de Cuauhtemoc",18.80979841,-97.86690555,3.55967984925716,0.850985701477245
"Tepeyanco",,,,"MX29029","Tlaxcala",,,,"MX29","México",,,,"MX",2021-06-18,,16.45108926,"v02","es",,,,"Tepeyanco",19.24691783,-98.22539646,3.48393478443048,0.723010429001863
"Tepezalá",,,,"MX01009","Aguascalientes",,,,"MX01","México",,,,"MX",2021-06-18,,232.06404113,"v02","es",,,,"Tepezala",22.24351634,-102.19272122,,
"Tepic",,,,"MX18017","Nayarit",,,,"MX18","México",,,,"MX",2021-06-18,,1635.24513011,"v02","es",,,,"Tepic",21.62404425,-104.84118032,,
"Tepotzotlán",,,,"MX15095","México",,,,"MX15","México",,,,"MX",2021-06-18,,207.12092702,"v02","es",,,,"Tepotzotlan",19.71855051,-99.30704162,3.43328612555456,0.650350962752268
"Tepoztlán",,,,"MX17020","Morelos",,,,"MX17","México",,,,"MX",2021-06-18,,242.36863519,"v02","es",,,,"Tepoztlan",18.99155194,-99.10256031,3.76044223613747,1.28895772347894
"Tequila",,,,"MX14094","Jalisco",,,,"MX14","México",,,,"MX",2021-06-18,,1692.99219616,"v02","es",,,,"Tequila",21.11582028,-103.81013712,,
"Tequila",,,,"MX30168","Veracruz de Ignacio de la Llave",,,,"MX30","México",,,,"MX",2021-06-18,,100.00082159,"v02","es",,,,"Tequila",18.7494839,-96.99789465,3.30440153423783,0.527307528005328
"Tequisquiapan",,,,"MX22017","Querétaro de Arteaga",,,,"MX22","México",,,,"MX",2021-06-18,,369.61805619,"v02","es",,,,"Tequisquiapan",20.54221588,-99.94789877,,
"Tequixquiac",,,,"MX15096","México",,,,"MX15","México",,,,"MX",2021-06-18,,122.47793798,"v02","es",,,,"Tequixquiac",19.89352094,-99.16711648,3.3193631169074,0.540462108967363
"Terrenate",,,,"MX29030","Tlaxcala",,,,"MX29","México",,,,"MX",2021-06-18,,154.66631948,"v02","es",,,,"Terrenate",19.48018308,-97.91527711,3.25814210590324,0.49661572841881
"Tetecala",,,,"MX17021","Morelos",,,,"MX17","México",,,,"MX",2021-06-18,,67.70244692,"v02","es",,,,"Tetecala",18.6878224,-99.41560906,3.94230478189297,1.92400116873245
"Tetela de Ocampo",,,,"MX21172","Puebla",,,,"MX21","México",,,,"MX",2021-06-18,,328.58247873,"v02","es",,,,"Tetela de Ocampo",19.81154942,-97.78712419,3.03428783293451,0.357063334416224
"Tetela del Volcán",,,,"MX17022","Morelos",,,,"MX17","México",,,,"MX",2021-06-18,,98.4772715,"v02","es",,,,"Tetela del Volcan",18.91834557,-98.72015221,3.79443467594776,1.33018103082651
"Teteles de Avila Castillo",,,,"MX21173","Puebla",,,,"MX21","México",,,,"MX",2021-06-18,,9.77644394,"v02","es",,,,"Teteles de Avila Castillo",19.85173767,-97.445721,3.05687530352296,0.366048923360732
"Tetepango",,,,"MX13065","Hidalgo",,,,"MX13","México",,,,"MX",2021-06-18,,44.93408572,"v02","es",,,,"Tetepango",20.10930767,-99.1584656,3.20511428638021,0.45597343658834
"Tetipac",,,,"MX12060","Guerrero",,,,"MX12","México",,,,"MX",2021-06-18,,217.80215223,"v02","es",,,,"Tetipac",18.65880632,-99.70039968,3.98012459767564,2.09636282988716
"Tetiz",,,,"MX31087","Yucatán",,,,"MX31","México",,,,"MX",2021-06-18,,336.86230376,"v02","es",,,,"Tetiz",20.95627943,-90.05193433,,
"Tetla de la Solidaridad",,,,"MX29031","Tlaxcala",,,,"MX29","México",,,,"MX",2021-06-18,,169.81367003,"v02","es",,,,"Tetla de la Solidaridad",19.49517871,-98.08913034,3.32708460750012,0.549362411313423
"Tetlatlahuca",,,,"MX29032","Tlaxcala",,,,"MX29","México",,,,"MX",2021-06-18,,26.13935706,"v02","es",,,,"Tetlatlahuca",19.23258556,-98.28723145,3.46939370602945,0.718252214528966
"Teuchitlán",,,,"MX14095","Jalisco",,,,"MX14","México",,,,"MX",2021-06-18,,219.09611984,"v02","es",,,,"Teuchitlan",20.68060573,-103.8327868,,
"Teúl de González Ortega",,,,"MX32047","Zacatecas",,,,"MX32","México",,,,"MX",2021-06-18,,679.47218374,"v02","es",,,,"Teul de Gonzalez Ortega",21.35033714,-103.40502588,,
"Texcaltitlán",,,,"MX15097","México",,,,"MX15","México",,,,"MX",2021-06-18,,149.21874863,"v02","es",,,,"Texcaltitlan",18.94105982,-99.94037164,3.82192836889849,1.47266871743507
"Texcalyacac",,,,"MX15098","México",,,,"MX15","México",,,,"MX",2021-06-18,,24.73029069,"v02","es",,,,"Texcalyacac",19.12317144,-99.51056121,3.7266277621857,1.19748560718456
"Texcatepec",,,,"MX30170","Veracruz de Ignacio de la Llave",,,,"MX30","México",,,,"MX",2021-06-18,,195.24926827,"v02","es",,,,"Texcatepec",20.62218576,-98.30074437,,
"Texcoco",,,,"MX15099","México",,,,"MX15","México",,,,"MX",2021-06-18,,428.06518622,"v02","es",,,,"Texcoco",19.47559074,-98.85539649,3.49552508579568,0.738525053418869
"Texhuacán",,,,"MX30171","Veracruz de Ignacio de la Llave",,,,"MX30","México",,,,"MX",2021-06-18,,42.67317409,"v02","es",,,,"Texhuacan",18.61603614,-97.03065281,3.28914957846309,0.515361431670951
"Texistepec",,,,"MX30172","Veracruz de Ignacio de la Llave",,,,"MX30","México",,,,"MX",2021-06-18,,445.2833557,"v02","es",,,,"Texistepec",17.77746789,-94.80123555,,
"Teya",,,,"MX31088","Yucatán",,,,"MX31","México",,,,"MX",2021-06-18,,77.86398469,"v02","es",,,,"Teya",21.05709052,-89.07859849,,
"Teziutlán",,,,"MX21174","Puebla",,,,"MX21","México",,,,"MX",2021-06-18,,92.52422769,"v02","es",,,,"Teziutlan",19.87399267,-97.37156292,3.02589664173518,0.349707245036675
"Tezonapa",,,,"MX30173","Veracruz de Ignacio de la Llave",,,,"MX30","México",,,,"MX",2021-06-18,,522.50870327,"v02","es",,,,"Tezonapa",18.55873096,-96.78234117,3.20078390870522,0.452196422971339
"Tezontepec de Aldama",,,,"MX13067","Hidalgo",,,,"MX13","México",,,,"MX",2021-06-18,,163.35080675,"v02","es",,,,"Tezontepec de Aldama",20.17395573,-99.28868973,3.20871084252873,0.458383237831884
"Tezoyuca",,,,"MX15100","México",,,,"MX15","México",,,,"MX",2021-06-18,,16.50340553,"v02","es",,,,"Tezoyuca",19.59431805,-98.92640967,3.45523674807724,0.679713258525823
"Tianguismanalco",,,,"MX21175","Puebla",,,,"MX21","México",,,,"MX",2021-06-18,,133.25094754,"v02","es",,,,"Tianguismanalco",19.00006734,-98.49776416,3.61515363380355,0.969059258666531
"Tianguistenco",,,,"MX15101","México",,,,"MX15","México",,,,"MX",2021-06-18,,131.77858012,"v02","es",,,,"Tianguistenco",19.16224284,-99.46169966,3.70617181552637,1.14719991234039
"Tianguistengo",,,,"MX13068","Hidalgo",,,,"MX13","México",,,,"MX",2021-06-18,,255.45572667,"v02","es",,,,"Tianguistengo",20.78136807,-98.519657,,
"Ticul",,,,"MX31089","Yucatán",,,,"MX31","México",,,,"MX",2021-06-18,,339.92061296,"v02","es",,,,"Ticul",20.36438227,-89.5543069,,
"Tierra Blanca",,,,"MX11040","Guanajuato",,,,"MX11","México",,,,"MX",2021-06-18,,409.37333477,"v02","es",,,,"Tierra Blanca",21.0387183,-100.13511222,,
"Tierra Blanca",,,,"MX30174","Veracruz de Ignacio de la Llave",,,,"MX30","México",,,,"MX",2021-06-18,,1511.40228594,"v02","es",,,,"Tierra Blanca",18.52724746,-96.22105247,3.04347280873517,0.358746414855312
"Tierra Nueva",,,,"MX24043","San Luis Potosí",,,,"MX24","México",,,,"MX",2021-06-18,,478.64870516,"v02","es",,,,"Tierra Nueva",21.6451516,-100.52842387,,
"Tihuatlán",,,,"MX30175","Veracruz de Ignacio de la Llave",,,,"MX30","México",,,,"MX",2021-06-18,,718.39651488,"v02","es",,,,"Tihuatlan",20.67540462,-97.49383485,,
"Tijuana",,,,"MX02004","Baja California",,,,"MX02","México",,,,"MX",2021-06-18,,1235.29341209,"v02","es",,,,"Tijuana",32.3780102,-116.79562691,,
"Tila",,,,"MX07096","Chiapas",,,,"MX07","México",,,,"MX",2021-06-18,,801.25848103,"v02","es",,,,"Tila",17.37045739,-92.49589942,,
"Tilapa",,,,"MX21176","Puebla",,,,"MX21","México",,,,"MX",2021-06-18,,83.63052982,"v02","es",,,,"Tilapa",18.61940992,-98.54994781,3.71052520005291,1.25408035055023
"Timilpan",,,,"MX15102","México",,,,"MX15","México",,,,"MX",2021-06-18,,166.741822,"v02","es",,,,"Timilpan",19.92238079,-99.68839252,3.35564452204515,0.570857392639558
"Timucuy",,,,"MX31090","Yucatán",,,,"MX31","México",,,,"MX",2021-06-18,,134.57313778,"v02","es",,,,"Timucuy",20.7413752,-89.57341981,,
"Tingambato",,,,"MX16090","Michoacán de Ocampo",,,,"MX16","México",,,,"MX",2021-06-18,,189.75513891,"v02","es",,,,"Tingambato",19.50638659,-101.85337001,3.14144293685886,0.414988084189652
"Tingüindín",,,,"MX16091","Michoacán de Ocampo",,,,"MX16","México",,,,"MX",2021-06-18,,172.76205146,"v02","es",,,,"Tinguindin",19.80614441,-102.53548601,2.79349244908141,0.247690516049937
"Tinum",,,,"MX31091","Yucatán",,,,"MX31","México",,,,"MX",2021-06-18,,470.52033502,"v02","es",,,,"Tinum",20.7412144,-88.44373734,,
"Tiquicheo de Nicolás Romero",,,,"MX16092","Michoacán de Ocampo",,,,"MX16","México",,,,"MX",2021-06-18,,1493.02924923,"v02","es",,,,"Tiquicheo de Nicolas Romero",19.07107741,-100.81713766,3.64421089486215,1.01795961425642
"Tixcacalcupul",,,,"MX31092","Yucatán",,,,"MX31","México",,,,"MX",2021-06-18,,502.37496529,"v02","es",,,,"Tixcacalcupul",20.41284773,-88.32228064,,
"Tixkokob",,,,"MX31093","Yucatán",,,,"MX31","México",,,,"MX",2021-06-18,,172.26742911,"v02","es",,,,"Tixkokob",20.97561829,-89.3488739,,
"Tixmehuac",,,,"MX31094","Yucatán",,,,"MX31","México",,,,"MX",2021-06-18,,230.20511422,"v02","es",,,,"Tixmehuac",20.24832797,-89.0849604,,
"Tixpéhual",,,,"MX31095","Yucatán",,,,"MX31","México",,,,"MX",2021-06-18,,70.89702503,"v02","es",,,,"Tixpehual",20.96092244,-89.43935309,,
"Tixtla de Guerrero",,,,"MX12061","Guerrero",,,,"MX12","México",,,,"MX",2021-06-18,,388.63269524,"v02","es",,,,"Tixtla de Guerrero",17.60918505,-99.36843827,5.35816072465643,9.09031544309125
"Tizapán el Alto",,,,"MX14096","Jalisco",,,,"MX14","México",,,,"MX",2021-06-18,,193.88083655,"v02","es",,,,"Tizapan el Alto",20.10729139,-103.09838173,2.48382091182376,0.156160838575648
"Tizayuca",,,,"MX13069","Hidalgo",,,,"MX13","México",,,,"MX",2021-06-18,,76.80896777,"v02","es",,,,"Tizayuca",19.85257932,-98.95927026,3.32628169115644,0.545965176252074
"Tizimín",,,,"MX31096","Yucatán",,,,"MX31","México",,,,"MX",2021-06-18,,3882.70302119,"v02","es",,,,"Tizimin",21.24859724,-87.87283577,,
"Tlachichilco",,,,"MX30180","Veracruz de Ignacio de la Llave",,,,"MX30","México",,,,"MX",2021-06-18,,225.74568424,"v02","es",,,,"Tlachichilco",20.61712534,-98.17306593,,
"Tlachichuca",,,,"MX21179","Puebla",,,,"MX21","México",,,,"MX",2021-06-18,,421.27638355,"v02","es",,,,"Tlachichuca",19.1486197,-97.33738579,3.25457325785886,0.496072465568421
"Tlacoachistlahuaca",,,,"MX12062","Guerrero",,,,"MX12","México",,,,"MX",2021-06-18,,802.78270326,"v02","es",,,,"Tlacoachistlahuaca",16.97491006,-98.27106904,4.15089594094096,3.16426120893453
"Tlacoapa",,,,"MX12063","Guerrero",,,,"MX12","México",,,,"MX",2021-06-18,,279.97013965,"v02","es",,,,"Tlacoapa",17.20938264,-98.79761475,4.77095206600947,5.86230611009338
"Tlacojalpan",,,,"MX30176","Veracruz de Ignacio de la Llave",,,,"MX30","México",,,,"MX",2021-06-18,,99.6544704,"v02","es",,,,"Tlacojalpan",18.19277721,-95.92946448,,
"Tlacolula de Matamoros",,,,"MX20551","Oaxaca",,,,"MX20","México",,,,"MX",2021-06-18,,135.70665988,"v02","es",,,,"Tlacolula de Matamoros",16.93146237,-96.46110749,3.37661641529143,0.594120117454008
"Tlacolulan",,,,"MX30177","Veracruz de Ignacio de la Llave",,,,"MX30","México",,,,"MX",2021-06-18,,133.45783995,"v02","es",,,,"Tlacolulan",19.70193216,-97.01578633,2.8806852179508,0.284034993064657
"Tlacotalpan",,,,"MX30178","Veracruz de Ignacio de la Llave",,,,"MX30","México",,,,"MX",2021-06-18,,561.55010495,"v02","es",,,,"Tlacotalpan",18.52029672,-95.62259471,,
"Tlacotepec de Benito Juárez",,,,"MX21177","Puebla",,,,"MX21","México",,,,"MX",2021-06-18,,396.13456509,"v02","es",,,,"Tlacotepec de Benito Juarez",18.63437626,-97.637373,3.45379971402625,0.716667602204978
"Tlacotepec de Mejía",,,,"MX30179","Veracruz de Ignacio de la Llave",,,,"MX30","México",,,,"MX",2021-06-18,,65.31145904,"v02","es",,,,"Tlacotepec de Mejia",19.18281346,-96.78282041,2.93273910839756,0.308621653084775
"Tlacotepec Plumas",,,,"MX20552","Oaxaca",,,,"MX20","México",,,,"MX",2021-06-18,,55.86901357,"v02","es",,,,"Tlacotepec Plumas",17.87202402,-97.47039243,3.6787721706135,1.08014107989828
"Tlacuilotepec",,,,"MX21178","Puebla",,,,"MX21","México",,,,"MX",2021-06-18,,173.31689557,"v02","es",,,,"Tlacuilotepec",20.38059026,-97.97546465,,
"Tláhuac",,,,"MX09011","Distrito Federal",,,,"MX09","México",,,,"MX",2021-06-18,,85.8415734,"v02","es",,,,"Tlahuac",19.2695043,-99.00409687,3.60827726130184,0.932402685325002
"Tlahualilo",,,,"MX10036","Durango",,,,"MX10","México",,,,"MX",2021-06-18,,4741.54987074,"v02","es",,,,"Tlahualilo",26.30839304,-103.60373281,,
"Tlahuapan",,,,"MX21180","Puebla",,,,"MX21","México",,,,"MX",2021-06-18,,313.85482111,"v02","es",,,,"Tlahuapan",19.3511508,-98.5894706,3.56921219982021,0.830652394557666
"Tlahuelilpan",,,,"MX13070","Hidalgo",,,,"MX13","México",,,,"MX",2021-06-18,,28.18403288,"v02","es",,,,"Tlahuelilpan",20.13434147,-99.20780187,3.19986289698391,0.452390941431965
"Tlahuiltepa",,,,"MX13071","Hidalgo",,,,"MX13","México",,,,"MX",2021-06-18,,531.59848684,"v02","es",,,,"Tlahuiltepa",20.83279911,-98.9625029,,
"Tlajomulco de Zúñiga",,,,"MX14097","Jalisco",,,,"MX14","México",,,,"MX",2021-06-18,,713.97906014,"v02","es",,,,"Tlajomulco de Zuniga",20.48775863,-103.39886633,,
"Tlalchapa",,,,"MX12064","Guerrero",,,,"MX12","México",,,,"MX",2021-06-18,,472.03770465,"v02","es",,,,"Tlalchapa",18.46120624,-100.44192393,4.01354816991288,2.27282893345953
"Tlalixcoyan",,,,"MX30181","Veracruz de Ignacio de la Llave",,,,"MX30","México",,,,"MX",2021-06-18,,917.89843714,"v02","es",,,,"Tlalixcoyan",18.77316855,-96.20588652,2.92814926500215,0.304899345407847
"Tlalixtac de Cabrera",,,,"MX20553","Oaxaca",,,,"MX20","México",,,,"MX",2021-06-18,,81.52545199,"v02","es",,,,"Tlalixtac de Cabrera",17.07729141,-96.63636364,3.41360534858273,0.626594707435388
"Tlalixtaquilla de Maldonado",,,,"MX12065","Guerrero",,,,"MX12","México",,,,"MX",2021-06-18,,117.45072093,"v02","es",,,,"Tlalixtaquilla de Maldonado",17.56815841,-98.3782522,4.1995837901267,3.42712539397108
"Tlalmanalco",,,,"MX15103","México",,,,"MX15","México",,,,"MX",2021-06-18,,160.17308648,"v02","es",,,,"Tlalmanalco",19.20660751,-98.73231914,3.60700696257012,0.924690848279915
"Tlalnelhuayocan",,,,"MX30182","Veracruz de Ignacio de la Llave",,,,"MX30","México",,,,"MX",2021-06-18,,36.70344149,"v02","es",,,,"Tlalnelhuayocan",19.54236515,-96.99223201,2.98489186885819,0.328750784551821
"Tlalnepantla",,,,"MX17023","Morelos",,,,"MX17","México",,,,"MX",2021-06-18,,107.8636059,"v02","es",,,,"Tlalnepantla",19.02978384,-98.98581966,3.71598211368726,1.17078431712584
"Tlalnepantla de Baz",,,,"MX15104","México",,,,"MX15","México",,,,"MX",2021-06-18,,80.35054568,"v02","es",,,,"Tlalnepantla de Baz",19.54647521,-99.1899142,3.50586652745598,0.753975227224694
"Tlalpan",,,,"MX09012","Distrito Federal",,,,"MX09","México",,,,"MX",2021-06-18,,314.50298897,"v02","es",,,,"Tlalpan",19.20087709,-99.21701245,3.66979648216646,1.06286269378609
"Tlalpujahua",,,,"MX16093","Michoacán de Ocampo",,,,"MX16","México",,,,"MX",2021-06-18,,197.20332681,"v02","es",,,,"Tlalpujahua",19.78378478,-100.21511133,3.39998045641564,0.61178583424667
"Tlaltenango",,,,"MX21181","Puebla",,,,"MX21","México",,,,"MX",2021-06-18,,21.48435326,"v02","es",,,,"Tlaltenango",19.16254937,-98.33978085,3.47804944460207,0.747096432272991
"Tlaltenango de Sánchez Román",,,,"MX32048","Zacatecas",,,,"MX32","México",,,,"MX",2021-06-18,,745.96168764,"v02","es",,,,"Tlaltenango de Sanchez Roman",21.77463226,-103.24467387,,
"Tlaltetela",,,,"MX30024","Veracruz de Ignacio de la Llave",,,,"MX30","México",,,,"MX",2021-06-18,,277.80301132,"v02","es",,,,"Tlaltetela",19.2837185,-96.93302039,2.95457178259286,0.316636098584301
"Tlaltizapán de Zapata",,,,"MX17024","Morelos",,,,"MX17","México",,,,"MX",2021-06-18,,238.46330833,"v02","es",,,,"Tlaltizapan de Zapata",18.70452272,-99.14191734,3.89559411825471,1.73392028473848
"Tlanalapa",,,,"MX13072","Hidalgo",,,,"MX13","México",,,,"MX",2021-06-18,,82.92693817,"v02","es",,,,"Tlanalapa",19.82854831,-98.61253782,3.26956796533503,0.502005585026097
"Tlanchinol",,,,"MX13073","Hidalgo",,,,"MX13","México",,,,"MX",2021-06-18,,392.11130672,"v02","es",,,,"Tlanchinol",21.04469191,-98.63478545,,
"Tlanepantla",,,,"MX21182","Puebla",,,,"MX21","México",,,,"MX",2021-06-18,,14.92416671,"v02","es",,,,"Tlanepantla",18.85725787,-97.88507151,3.6019777296065,0.891811434242809
"Tlaola",,,,"MX21183","Puebla",,,,"MX21","México",,,,"MX",2021-06-18,,142.96860455,"v02","es",,,,"Tlaola",20.16343549,-97.91349078,2.94547737121505,0.310962677553267
"Tlapa de Comonfort",,,,"MX12066","Guerrero",,,,"MX12","México",,,,"MX",2021-06-18,,609.02986218,"v02","es",,,,"Tlapa de Comonfort",17.52712918,-98.58553758,4.2487742325777,3.77398155985679
"Tlapacoya",,,,"MX21184","Puebla",,,,"MX21","México",,,,"MX",2021-06-18,,63.32961968,"v02","es",,,,"Tlapacoya",20.13690759,-97.82528805,2.856451834724,0.274869348473826
"Tlapacoyan",,,,"MX30183","Veracruz de Ignacio de la Llave",,,,"MX30","México",,,,"MX",2021-06-18,,167.9709783,"v02","es",,,,"Tlapacoyan",20.02210875,-97.15669326,2.85458037919429,0.272020165168686
"Tlapanalá",,,,"MX21185","Puebla",,,,"MX21","México",,,,"MX",2021-06-18,,83.78141343,"v02","es",,,,"Tlapanala",18.69505504,-98.53870511,3.78011159625906,1.36304952941297
"Tlapehuala",,,,"MX12067","Guerrero",,,,"MX12","México",,,,"MX",2021-06-18,,284.69558021,"v02","es",,,,"Tlapehuala",18.27719649,-100.44324593,4.08096913964962,2.65011944194352
"Tlaquilpa",,,,"MX30184","Veracruz de Ignacio de la Llave",,,,"MX30","México",,,,"MX",2021-06-18,,56.40062201,"v02","es",,,,"Tlaquilpa",18.61280011,-97.10432529,3.31962715813151,0.539889970891515
"Tlaquiltenango",,,,"MX17025","Morelos",,,,"MX17","México",,,,"MX",2021-06-18,,543.92435569,"v02","es",,,,"Tlaquiltenango",18.49892249,-99.1015285,4.0235877493864,2.26695371179428
"Tlatlauquitepec",,,,"MX21186","Puebla",,,,"MX21","México",,,,"MX",2021-06-18,,294.12222668,"v02","es",,,,"Tlatlauquitepec",19.83887695,-97.50573123,3.03161307514946,0.354623242877758
"Tlatlaya",,,,"MX15105","México",,,,"MX15","México",,,,"MX",2021-06-18,,788.58933617,"v02","es",,,,"Tlatlaya",18.52194597,-100.24034525,3.99025258182837,2.15162344130007
"Tlaxcala",,,,"MX29033","Tlaxcala",,,,"MX29","México",,,,"MX",2021-06-18,,52.13018227,"v02","es",,,,"Tlaxcala",19.3180464,-98.23671669,3.41551204729525,0.647230873587417
"Tlaxco",,,,"MX21187","Puebla",,,,"MX21","México",,,,"MX",2021-06-18,,54.78632638,"v02","es",,,,"Tlaxco",20.40251555,-98.04589462,,
"Tlaxco",,,,"MX29034","Tlaxcala",,,,"MX29","México",,,,"MX",2021-06-18,,575.47907905,"v02","es",,,,"Tlaxco",19.61988675,-98.17125314,3.22989955619782,0.477478462193041
"Tlaxcoapan",,,,"MX13074","Hidalgo",,,,"MX13","México",,,,"MX",2021-06-18,,42.31431877,"v02","es",,,,"Tlaxcoapan",20.09610441,-99.23349077,3.21412785694154,0.462119744025063
"Tlayacapan",,,,"MX17026","Morelos",,,,"MX17","México",,,,"MX",2021-06-18,,57.27119607,"v02","es",,,,"Tlayacapan",18.94354371,-98.97125989,3.7528990894145,1.26717067405945
"Tlazazalca",,,,"MX16094","Michoacán de Ocampo",,,,"MX16","México",,,,"MX",2021-06-18,,203.76351887,"v02","es",,,,"Tlazazalca",20.01497899,-102.04839831,2.85204963124732,0.270019527810563
"Tlilapan",,,,"MX30185","Veracruz de Ignacio de la Llave",,,,"MX30","México",,,,"MX",2021-06-18,,11.21259251,"v02","es",,,,"Tlilapan",18.79329509,-97.10372992,3.24439082289992,0.488736271041335
"Tocatlán",,,,"MX29035","Tlaxcala",,,,"MX29","México",,,,"MX",2021-06-18,,14.25217008,"v02","es",,,,"Tocatlan",19.39059074,-98.01817759,3.241263163979,0.482425992838006
"Tochimilco",,,,"MX21188","Puebla",,,,"MX21","México",,,,"MX",2021-06-18,,218.95766738,"v02","es",,,,"Tochimilco",18.92690409,-98.61788416,3.71329240343025,1.16180160665812
"Tochtepec",,,,"MX21189","Puebla",,,,"MX21","México",,,,"MX",2021-06-18,,101.86270589,"v02","es",,,,"Tochtepec",18.81934503,-97.82310984,3.4609815075872,0.724050440874397
"Tocumbo",,,,"MX16095","Michoacán de Ocampo",,,,"MX16","México",,,,"MX",2021-06-18,,506.04105671,"v02","es",,,,"Tocumbo",19.67755688,-102.55709005,2.81195937542054,0.254476290039184
"Tolcayuca",,,,"MX13075","Hidalgo",,,,"MX13","México",,,,"MX",2021-06-18,,117.11146797,"v02","es",,,,"Tolcayuca",19.9644588,-98.93959809,3.26185944674471,0.496361211305202
"Tolimán",,,,"MX14099","Jalisco",,,,"MX14","México",,,,"MX",2021-06-18,,512.63120702,"v02","es",,,,"Toliman",19.54455887,-103.97344556,,
"Tolimán",,,,"MX22018","Querétaro de Arteaga",,,,"MX22","México",,,,"MX",2021-06-18,,680.66564676,"v02","es",,,,"Toliman",20.9122501,-99.98088968,,
"Toluca",,,,"MX15106","México",,,,"MX15","México",,,,"MX",2021-06-18,,428.07967113,"v02","es",,,,"Toluca",19.28427766,-99.65263416,3.64923746933238,1.0207259101216
"Tomatlán",,,,"MX14100","Jalisco",,,,"MX14","México",,,,"MX",2021-06-18,,3014.79554019,"v02","es",,,,"Tomatlan",19.93757109,-105.15095317,,
"Tomatlán",,,,"MX30186","Veracruz de Ignacio de la Llave",,,,"MX30","México",,,,"MX",2021-06-18,,18.77711944,"v02","es",,,,"Tomatlan",19.01861772,-96.9904093,3.03643099988153,0.355538755097202
"Tonalá",,,,"MX07097","Chiapas",,,,"MX07","México",,,,"MX",2021-06-18,,1626.85193374,"v02","es",,,,"Tonala",15.98351446,-93.69889572,,
"Tonalá",,,,"MX14101","Jalisco",,,,"MX14","México",,,,"MX",2021-06-18,,166.26248204,"v02","es",,,,"Tonala",20.61976264,-103.22269712,,
"Tonanitla",,,,"MX15125","México",,,,"MX15","México",,,,"MX",2021-06-18,,9.04265701,"v02","es",,,,"Tonanitla",19.6798724,-99.05621535,3.43224096935984,0.648704386569651
"Tonatico",,,,"MX15107","México",,,,"MX15","México",,,,"MX",2021-06-18,,90.15097952,"v02","es",,,,"Tonatico",18.77684955,-99.62771079,3.90919450853249,1.7858212558333
"Tonaya",,,,"MX14102","Jalisco",,,,"MX14","México",,,,"MX",2021-06-18,,293.57357687,"v02","es",,,,"Tonaya",19.86681278,-103.9182009,,
"Tonayán",,,,"MX30187","Veracruz de Ignacio de la Llave",,,,"MX30","México",,,,"MX",2021-06-18,,50.23874382,"v02","es",,,,"Tonayan",19.72045048,-96.93756749,2.83189037077662,0.264479887481666
"Tonila",,,,"MX14103","Jalisco",,,,"MX14","México",,,,"MX",2021-06-18,,145.8715101,"v02","es",,,,"Tonila",19.42940934,-103.53003759,,
"Topia",,,,"MX10037","Durango",,,,"MX10","México",,,,"MX",2021-06-18,,1627.64555591,"v02","es",,,,"Topia",25.25088611,-106.55343807,,
"Torreón",,,,"MX05035","Coahuila de Zaragoza",,,,"MX05","México",,,,"MX",2021-06-18,,1282.73234291,"v02","es",,,,"Torreon",25.05725549,-103.18007317,,
"Totatiche",,,,"MX14104","Jalisco",,,,"MX14","México",,,,"MX",2021-06-18,,587.03406622,"v02","es",,,,"Totatiche",21.96502335,-103.44336891,,
"Totolac",,,,"MX29036","Tlaxcala",,,,"MX29","México",,,,"MX",2021-06-18,,13.81097857,"v02","es",,,,"Totolac",19.33774355,-98.24511499,3.3976629263006,0.627409285993643
"Totolapa",,,,"MX07098","Chiapas",,,,"MX07","México",,,,"MX",2021-06-18,,168.52864112,"v02","es",,,,"Totolapa",16.51150473,-92.66592539,,
"Totolapan",,,,"MX17027","Morelos",,,,"MX17","México",,,,"MX",2021-06-18,,59.97631702,"v02","es",,,,"Totolapan",18.99638407,-98.93154807,3.72163325415569,1.18482913315399
"Totoltepec de Guerrero",,,,"MX21190","Puebla",,,,"MX21","México",,,,"MX",2021-06-18,,155.41400747,"v02","es",,,,"Totoltepec de Guerrero",18.28333767,-97.8523549,3.73660685196878,1.2149076974766
"Totontepec Villa de Morelos",,,,"MX20554","Oaxaca",,,,"MX20","México",,,,"MX",2021-06-18,,266.71762726,"v02","es",,,,"Totontepec Villa de Morelos",17.23594773,-96.0358605,,
"Tototlán",,,,"MX14105","Jalisco",,,,"MX14","México",,,,"MX",2021-06-18,,336.55190165,"v02","es",,,,"Tototlan",20.53742568,-102.74941695,,
"Totutla",,,,"MX30188","Veracruz de Ignacio de la Llave",,,,"MX30","México",,,,"MX",2021-06-18,,97.91987345,"v02","es",,,,"Totutla",19.23232325,-96.93980517,3.0215153368433,0.349520715076745
"Trancoso",,,,"MX32057","Zacatecas",,,,"MX32","México",,,,"MX",2021-06-18,,220.80553969,"v02","es",,,,"Trancoso",22.75681669,-102.32171323,,
"Tres Valles",,,,"MX30207","Veracruz de Ignacio de la Llave",,,,"MX30","México",,,,"MX",2021-06-18,,545.86969599,"v02","es",,,,"Tres Valles",18.29245387,-96.16638911,,
"Trincheras",,,,"MX26064","Sonora",,,,"MX26","México",,,,"MX",2021-06-18,,3010.44387469,"v02","es",,,,"Trincheras",30.28650268,-111.65299366,,
"Trinidad García de la Cadena",,,,"MX32011","Zacatecas",,,,"MX32","México",,,,"MX",2021-06-18,,307.10594653,"v02","es",,,,"Trinidad Garcia de la Cadena",21.2228525,-103.49415916,,
"Trinidad Zaachila",,,,"MX20555","Oaxaca",,,,"MX20","México",,,,"MX",2021-06-18,,21.30827392,"v02","es",,,,"Trinidad Zaachila",16.92432466,-96.78988281,3.52807992271303,0.766057609605154
"Tubutama",,,,"MX26065","Sonora",,,,"MX26","México",,,,"MX",2021-06-18,,1725.41660439,"v02","es",,,,"Tubutama",30.93895179,-111.35407352,,
"Tula",,,,"MX28039","Tamaulipas",,,,"MX28","México",,,,"MX",2021-06-18,,3075.98081522,"v02","es",,,,"Tula",22.94788173,-99.80558827,,
"Tula de Allende",,,,"MX13076","Hidalgo",,,,"MX13","México",,,,"MX",2021-06-18,,336.11248632,"v02","es",,,,"Tula de Allende",20.04894873,-99.37295621,3.24954015155521,0.487378408953283
"Tulancingo de Bravo",,,,"MX13077","Hidalgo",,,,"MX13","México",,,,"MX",2021-06-18,,217.41465447,"v02","es",,,,"Tulancingo de Bravo",20.13224107,-98.31678515,3.05417673281945,0.366823791103219
"Tulcingo",,,,"MX21191","Puebla",,,,"MX21","México",,,,"MX",2021-06-18,,277.77353319,"v02","es",,,,"Tulcingo",17.97606685,-98.37159055,4.01958548220275,2.34091793497125
"Tultepec",,,,"MX15108","México",,,,"MX15","México",,,,"MX",2021-06-18,,26.76809057,"v02","es",,,,"Tultepec",19.67825908,-99.12794967,3.43947647959994,0.658371544032255
"Tultitlán",,,,"MX15109","México",,,,"MX15","México",,,,"MX",2021-06-18,,66.03596283,"v02","es",,,,"Tultitlan",19.61686033,-99.15927319,3.46577803775458,0.694849493600962
"Tulum",,,,"MX23009","Quintana Roo",,,,"MX23","México",,,,"MX",2021-06-18,,1984.89915797,"v02","es",,,,"Tulum",20.26160009,-87.6866112,,
"Tumbalá",,,,"MX07100","Chiapas",,,,"MX07","México",,,,"MX",2021-06-18,,402.19491063,"v02","es",,,,"Tumbala",17.30988603,-92.28228613,,
"Tumbiscatío",,,,"MX16096","Michoacán de Ocampo",,,,"MX16","México",,,,"MX",2021-06-18,,2062.39827144,"v02","es",,,,"Tumbiscatio",18.58372296,-102.49465974,3.21736325623139,0.466784480764157
"Tunkás",,,,"MX31097","Yucatán",,,,"MX31","México",,,,"MX",2021-06-18,,413.22678336,"v02","es",,,,"Tunkas",20.89694823,-88.74630319,,
"Turicato",,,,"MX16097","Michoacán de Ocampo",,,,"MX16","México",,,,"MX",2021-06-18,,1546.09202395,"v02","es",,,,"Turicato",18.94285985,-101.40251788,3.53101840441184,0.800870042212687
"Tuxcacuesco",,,,"MX14106","Jalisco",,,,"MX14","México",,,,"MX",2021-06-18,,429.9749788,"v02","es",,,,"Tuxcacuesco",19.68655579,-104.01339607,,
"Tuxcueca",,,,"MX14107","Jalisco",,,,"MX14","México",,,,"MX",2021-06-18,,132.40960727,"v02","es",,,,"Tuxcueca",20.13938289,-103.18939399,,
"Tuxpan",,,,"MX14108","Jalisco",,,,"MX14","México",,,,"MX",2021-06-18,,725.45476967,"v02","es",,,,"Tuxpan",19.43748982,-103.41147054,,
"Tuxpan",,,,"MX16098","Michoacán de Ocampo",,,,"MX16","México",,,,"MX",2021-06-18,,243.42228506,"v02","es",,,,"Tuxpan",19.57749569,-100.48763866,3.46989481477994,0.700726607489906
"Tuxpan",,,,"MX18018","Nayarit",,,,"MX18","México",,,,"MX",2021-06-18,,310.94529491,"v02","es",,,,"Tuxpan",21.99295328,-105.41975462,,
"Tuxpan",,,,"MX30189","Veracruz de Ignacio de la Llave",,,,"MX30","México",,,,"MX",2021-06-18,,935.82892117,"v02","es",,,,"Tuxpan",20.8475612,-97.34937596,,
"Tuxtilla",,,,"MX30190","Veracruz de Ignacio de la Llave",,,,"MX30","México",,,,"MX",2021-06-18,,55.61480546,"v02","es",,,,"Tuxtilla",18.19069045,-95.8659678,,
"Tuxtla Chico",,,,"MX07102","Chiapas",,,,"MX07","México",,,,"MX",2021-06-18,,165.45036512,"v02","es",,,,"Tuxtla Chico",14.87686197,-92.19675247,,
"Tuxtla Gutiérrez",,,,"MX07101","Chiapas",,,,"MX07","México",,,,"MX",2021-06-18,,334.87831112,"v02","es",,,,"Tuxtla Gutierrez",16.74521825,-93.14181031,,
"Tuzamapan de Galeana",,,,"MX21192","Puebla",,,,"MX21","México",,,,"MX",2021-06-18,,41.92327741,"v02","es",,,,"Tuzamapan de Galeana",20.10276672,-97.52336221,2.78888240904891,0.247953103738471
"Tuzantán",,,,"MX07103","Chiapas",,,,"MX07","México",,,,"MX",2021-06-18,,174.24622934,"v02","es",,,,"Tuzantan",15.14113254,-92.40637031,,
"Tuzantla",,,,"MX16099","Michoacán de Ocampo",,,,"MX16","México",,,,"MX",2021-06-18,,1018.08498297,"v02","es",,,,"Tuzantla",19.22405064,-100.60496256,3.60590815035762,0.933765284651786
"Tzicatlacoyan",,,,"MX21193","Puebla",,,,"MX21","México",,,,"MX",2021-06-18,,278.81968717,"v02","es",,,,"Tzicatlacoyan",18.8160536,-98.0342154,3.53606298669289,0.841590288975001
"Tzimol",,,,"MX07104","Chiapas",,,,"MX07","México",,,,"MX",2021-06-18,,358.18938893,"v02","es",,,,"Tzimol",16.10911557,-92.24384961,,
"Tzintzuntzan",,,,"MX16100","Michoacán de Ocampo",,,,"MX16","México",,,,"MX",2021-06-18,,184.3898008,"v02","es",,,,"Tzintzuntzan",19.6111148,-101.54073619,3.19853500048335,0.451748903225951
"Tzitzio",,,,"MX16101","Michoacán de Ocampo",,,,"MX16","México",,,,"MX",2021-06-18,,941.31056251,"v02","es",,,,"Tzitzio",19.42642571,-100.91173091,3.45995898365708,0.692069103377993
"Tzompantepec",,,,"MX29038","Tlaxcala",,,,"MX29","México",,,,"MX",2021-06-18,,38.40589805,"v02","es",,,,"Tzompantepec",19.38333109,-98.08622963,3.35442018288969,0.573096668655461
"Tzucacab",,,,"MX31098","Yucatán",,,,"MX31","México",,,,"MX",2021-06-18,,765.58887503,"v02","es",,,,"Tzucacab",19.92196,-89.00869584,,
"Uayma",,,,"MX31099","Yucatán",,,,"MX31","México",,,,"MX",2021-06-18,,187.67340053,"v02","es",,,,"Uayma",20.7882424,-88.31758434,,
"Ucú",,,,"MX31100","Yucatán",,,,"MX31","México",,,,"MX",2021-06-18,,130.80508493,"v02","es",,,,"Ucu",21.08602569,-89.77997345,,
"Umán",,,,"MX31101","Yucatán",,,,"MX31","México",,,,"MX",2021-06-18,,349.09494122,"v02","es",,,,"Uman",20.84713158,-89.76791379,,
"Unión de San Antonio",,,,"MX14109","Jalisco",,,,"MX14","México",,,,"MX",2021-06-18,,728.82955011,"v02","es",,,,"Union de San Antonio",21.15761461,-102.0008013,,
"Unión de Tula",,,,"MX14110","Jalisco",,,,"MX14","México",,,,"MX",2021-06-18,,443.02613814,"v02","es",,,,"Union de Tula",20.0045244,-104.22767692,,
"Unión Hidalgo",,,,"MX20557","Oaxaca",,,,"MX20","México",,,,"MX",2021-06-18,,112.79312934,"v02","es",,,,"Union Hidalgo",16.48755157,-94.81227337,,
"Unión Juárez",,,,"MX07105","Chiapas",,,,"MX07","México",,,,"MX",2021-06-18,,57.97620831,"v02","es",,,,"Union Juarez",15.07113933,-92.0979474,,
"Ures",,,,"MX26066","Sonora",,,,"MX26","México",,,,"MX",2021-06-18,,3088.05839903,"v02","es",,,,"Ures",29.35820731,-110.32295749,,
"Uriangato",,,,"MX11041","Guanajuato",,,,"MX11","México",,,,"MX",2021-06-18,,116.33430803,"v02","es",,,,"Uriangato",20.11761233,-101.13797788,3.06245661834613,0.368904731396689
"Urique",,,,"MX08065","Chihuahua",,,,"MX08","México",,,,"MX",2021-06-18,,3301.7283627,"v02","es",,,,"Urique",27.21905976,-107.98265955,,
"Ursulo Galván",,,,"MX30191","Veracruz de Ignacio de la Llave",,,,"MX30","México",,,,"MX",2021-06-18,,122.89515822,"v02","es",,,,"Ursulo Galvan",19.44546218,-96.39843742,2.78542122553193,0.24754179901191
"Uruachi",,,,"MX08066","Chihuahua",,,,"MX08","México",,,,"MX",2021-06-18,,2658.95903055,"v02","es",,,,"Uruachi",27.83544181,-108.48064367,,
"Uruapan",,,,"MX16102","Michoacán de Ocampo",,,,"MX16","México",,,,"MX",2021-06-18,,1012.91693117,"v02","es",,,,"Uruapan",19.40604336,-102.03429007,3.07764125333052,0.379143120052531
"Uxpanapa",,,,"MX30210","Veracruz de Ignacio de la Llave",,,,"MX30","México",,,,"MX",2021-06-18,,1906.32943515,"v02","es",,,,"Uxpanapa",17.30609195,-94.33523608,,
"Valerio Trujano",,,,"MX20558","Oaxaca",,,,"MX20","México",,,,"MX",2021-06-18,,54.70675695,"v02","es",,,,"Valerio Trujano",17.77245254,-96.98791607,3.45714886759845,0.689293436039751
"Valladolid",,,,"MX31102","Yucatán",,,,"MX31","México",,,,"MX",2021-06-18,,1078.2409459,"v02","es",,,,"Valladolid",20.61427878,-88.09251787,,
"Valle de Bravo",,,,"MX15110","México",,,,"MX15","México",,,,"MX",2021-06-18,,400.83909788,"v02","es",,,,"Valle de Bravo",19.18491015,-100.15126331,3.69065355475384,1.11068708711501
"Valle de Chalco Solidaridad",,,,"MX15122","México",,,,"MX15","México",,,,"MX",2021-06-18,,46.60783009,"v02","es",,,,"Valle de Chalco Solidaridad",19.28275059,-98.94167101,3.60085485569997,0.91798640514961
"Valle de Guadalupe",,,,"MX14111","Jalisco",,,,"MX14","México",,,,"MX",2021-06-18,,352.26034267,"v02","es",,,,"Valle de Guadalupe",21.04258355,-102.67989028,,
"Valle de Juárez",,,,"MX14112","Jalisco",,,,"MX14","México",,,,"MX",2021-06-18,,195.23422669,"v02","es",,,,"Valle de Juarez",19.81469145,-102.98363362,2.60161868023339,0.186290731525817
"Valle de Santiago",,,,"MX11042","Guanajuato",,,,"MX11","México",,,,"MX",2021-06-18,,819.63388266,"v02","es",,,,"Valle de Santiago",20.39680296,-101.25853429,,
"Valle de Zaragoza",,,,"MX08067","Chihuahua",,,,"MX08","México",,,,"MX",2021-06-18,,2954.30259163,"v02","es",,,,"Valle de Zaragoza",27.48070983,-105.81775961,,
"Valle Hermoso",,,,"MX28040","Tamaulipas",,,,"MX28","México",,,,"MX",2021-06-18,,899.75283066,"v02","es",,,,"Valle Hermoso",25.7823793,-97.83498484,,
"Vallecillo",,,,"MX19050","Nuevo León",,,,"MX19","México",,,,"MX",2021-06-18,,1764.94595513,"v02","es",,,,"Vallecillo",26.64076552,-99.90778701,,
"Valparaíso",,,,"MX32049","Zacatecas",,,,"MX32","México",,,,"MX",2021-06-18,,5708.35996726,"v02","es",,,,"Valparaiso",22.66543613,-103.52626565,,
"Vanegas",,,,"MX24044","San Luis Potosí",,,,"MX24","México",,,,"MX",2021-06-18,,2799.47780635,"v02","es",,,,"Vanegas",24.14348556,-100.94816244,,
"Vega de Alatorre",,,,"MX30192","Veracruz de Ignacio de la Llave",,,,"MX30","México",,,,"MX",2021-06-18,,336.70564644,"v02","es",,,,"Vega de Alatorre",19.99226793,-96.72047535,2.59488854503094,0.18580967044295
"Venado",,,,"MX24045","San Luis Potosí",,,,"MX24","México",,,,"MX",2021-06-18,,1300.99665686,"v02","es",,,,"Venado",22.92228771,-101.09909491,,
"Venustiano Carranza",,,,"MX07106","Chiapas",,,,"MX07","México",,,,"MX",2021-06-18,,1359.98888883,"v02","es",,,,"Venustiano Carranza",16.30898431,-92.63793477,,
"Venustiano Carranza",,,,"MX09017","Distrito Federal",,,,"MX09","México",,,,"MX",2021-06-18,,33.86337231,"v02","es",,,,"Venustiano Carranza",19.43239605,-99.08806285,3.54930274664054,0.824486176679077
"Venustiano Carranza",,,,"MX16103","Michoacán de Ocampo",,,,"MX16","México",,,,"MX",2021-06-18,,227.63072245,"v02","es",,,,"Venustiano Carranza",20.14585502,-102.68350736,2.60306406929519,0.18648881075733
"Venustiano Carranza",,,,"MX21194","Puebla",,,,"MX21","México",,,,"MX",2021-06-18,,316.54084292,"v02","es",,,,"Venustiano Carranza",20.50503539,-97.68241471,,
"Veracruz",,,,"MX30193","Veracruz de Ignacio de la Llave",,,,"MX30","México",,,,"MX",2021-06-18,,245.34406861,"v02","es",,,,"Veracruz",19.18370673,-96.21553866,,
"Vetagrande",,,,"MX32050","Zacatecas",,,,"MX32","México",,,,"MX",2021-06-18,,159.94199335,"v02","es",,,,"Vetagrande",22.87075039,-102.44445289,,
"Vicente Guerrero",,,,"MX10038","Durango",,,,"MX10","México",,,,"MX",2021-06-18,,369.70788411,"v02","es",,,,"Vicente Guerrero",23.72721624,-103.9464211,,
"Vicente Guerrero",,,,"MX21195","Puebla",,,,"MX21","México",,,,"MX",2021-06-18,,261.278222,"v02","es",,,,"Vicente Guerrero",18.53562985,-97.17300057,3.38238383177986,0.591983346843418
"Victoria",,,,"MX11043","Guanajuato",,,,"MX11","México",,,,"MX",2021-06-18,,1047.36541937,"v02","es",,,,"Victoria",21.38638455,-100.23889533,,
"Victoria",,,,"MX28041","Tamaulipas",,,,"MX28","México",,,,"MX",2021-06-18,,1463.5681,"v02","es",,,,"Victoria",23.68894028,-99.12909176,,
"Viesca",,,,"MX05036","Coahuila de Zaragoza",,,,"MX05","México",,,,"MX",2021-06-18,,4401.75916458,"v02","es",,,,"Viesca",25.19001797,-102.86091156,,
"Villa Aldama",,,,"MX30194","Veracruz de Ignacio de la Llave",,,,"MX30","México",,,,"MX",2021-06-18,,51.4522467,"v02","es",,,,"Villa Aldama",19.65181012,-97.19783212,3.00363473945117,0.338320661841398
"Villa Comaltitlán",,,,"MX07071","Chiapas",,,,"MX07","México",,,,"MX",2021-06-18,,445.46233265,"v02","es",,,,"Villa Comaltitlan",15.17097321,-92.61288635,,
"Villa Corona",,,,"MX14114","Jalisco",,,,"MX14","México",,,,"MX",2021-06-18,,318.17702846,"v02","es",,,,"Villa Corona",20.38914287,-103.68552716,,
"Villa Corzo",,,,"MX07107","Chiapas",,,,"MX07","México",,,,"MX",2021-06-18,,2754.97493432,"v02","es",,,,"Villa Corzo",16.1370455,-93.261366,,
"Villa de Allende",,,,"MX15111","México",,,,"MX15","México",,,,"MX",2021-06-18,,309.54779149,"v02","es",,,,"Villa de Allende",19.394642,-100.14267742,3.58928384857727,0.896821214600988
"Villa de Álvarez",,,,"MX06010","Colima",,,,"MX06","México",,,,"MX",2021-06-18,,287.99037984,"v02","es",,,,"Villa de Alvarez",19.32658862,-103.92566146,,
"Villa de Arista",,,,"MX24056","San Luis Potosí",,,,"MX24","México",,,,"MX",2021-06-18,,586.7420062,"v02","es",,,,"Villa de Arista",22.66849323,-100.79798967,,
"Villa de Arriaga",,,,"MX24046","San Luis Potosí",,,,"MX24","México",,,,"MX",2021-06-18,,878.13772279,"v02","es",,,,"Villa de Arriaga",21.98174661,-101.21356559,,
"Villa de Chilapa de Díaz",,,,"MX20405","Oaxaca",,,,"MX20","México",,,,"MX",2021-06-18,,174.93782577,"v02","es",,,,"Villa de Chilapa de Diaz",17.59496052,-97.65032275,3.70562773327318,1.21814868303335
"Villa de Cos",,,,"MX32051","Zacatecas",,,,"MX32","México",,,,"MX",2021-06-18,,6669.43472982,"v02","es",,,,"Villa de Cos",23.52908949,-102.11732963,,
"Villa de Etla",,,,"MX20338","Oaxaca",,,,"MX20","México",,,,"MX",2021-06-18,,8.26643418,"v02","es",,,,"Villa de Etla",17.197111,-96.79628666,3.51075894180607,0.732163536603574
"Villa de Guadalupe",,,,"MX24047","San Luis Potosí",,,,"MX24","México",,,,"MX",2021-06-18,,1912.44700752,"v02","es",,,,"Villa de Guadalupe",23.27592827,-100.77612033,,
"Villa de la Paz",,,,"MX24048","San Luis Potosí",,,,"MX24","México",,,,"MX",2021-06-18,,143.84948697,"v02","es",,,,"Villa de la Paz",23.65509979,-100.76024994,,
"Villa de Ramos",,,,"MX24049","San Luis Potosí",,,,"MX24","México",,,,"MX",2021-06-18,,2492.22269707,"v02","es",,,,"Villa de Ramos",22.91471614,-101.87689194,,
"Villa de Reyes",,,,"MX24050","San Luis Potosí",,,,"MX24","México",,,,"MX",2021-06-18,,1019.87880131,"v02","es",,,,"Villa de Reyes",21.83475458,-101.00412731,,
"Villa de Tamazulápam del Progreso",,,,"MX20540","Oaxaca",,,,"MX20","México",,,,"MX",2021-06-18,,143.92186735,"v02","es",,,,"Villa de Tamazulapam del Progreso",17.69482886,-97.57806658,3.72121055590112,1.21255122568723
"Villa de Tezontepec",,,,"MX13066","Hidalgo",,,,"MX13","México",,,,"MX",2021-06-18,,90.72784185,"v02","es",,,,"Villa de Tezontepec",19.91440237,-98.80031128,3.26645162342152,0.499543317832186
"Villa de Tututepec de Melchor Ocampo",,,,"MX20334","Oaxaca",,,,"MX20","México",,,,"MX",2021-06-18,,1180.11183282,"v02","es",,,,"Villa de Tututepec de Melchor Ocampo",16.09879177,-97.56442715,3.87622434074382,1.27537380229135
"Villa de Zaachila",,,,"MX20565","Oaxaca",,,,"MX20","México",,,,"MX",2021-06-18,,81.42365143,"v02","es",,,,"Villa de Zaachila",16.95290211,-96.78394665,3.49955379681938,0.734429383364874
"Villa del Carbón",,,,"MX15112","México",,,,"MX15","México",,,,"MX",2021-06-18,,303.39622366,"v02","es",,,,"Villa del Carbon",19.74446362,-99.45206532,3.44357687842272,0.665807572006509
"Villa Díaz Ordaz",,,,"MX20560","Oaxaca",,,,"MX20","México",,,,"MX",2021-06-18,,283.31694951,"v02","es",,,,"Villa Diaz Ordaz",17.05404797,-96.38128971,3.26358509797993,0.502313353125105
"Villa García",,,,"MX32052","Zacatecas",,,,"MX32","México",,,,"MX",2021-06-18,,341.73911368,"v02","es",,,,"Villa Garcia",22.12535215,-101.90189172,,
"Villa González Ortega",,,,"MX32053","Zacatecas",,,,"MX32","México",,,,"MX",2021-06-18,,431.93788917,"v02","es",,,,"Villa Gonzalez Ortega",22.54390349,-101.93899891,,
"Villa Guerrero",,,,"MX14115","Jalisco",,,,"MX14","México",,,,"MX",2021-06-18,,673.30076975,"v02","es",,,,"Villa Guerrero",22.01937967,-103.67905175,,
"Villa Guerrero",,,,"MX15113","México",,,,"MX15","México",,,,"MX",2021-06-18,,229.31966577,"v02","es",,,,"Villa Guerrero",18.94140705,-99.68253322,3.80985706737179,1.43627019945394
"Villa Hidalgo",,,,"MX14116","Jalisco",,,,"MX14","México",,,,"MX",2021-06-18,,452.94379737,"v02","es",,,,"Villa Hidalgo",21.66292634,-102.58348543,,
"Villa Hidalgo",,,,"MX20038","Oaxaca",,,,"MX20","México",,,,"MX",2021-06-18,,58.98201313,"v02","es",,,,"Villa Hidalgo",17.18442463,-96.15459116,,
"Villa Hidalgo",,,,"MX24051","San Luis Potosí",,,,"MX24","México",,,,"MX",2021-06-18,,1496.49093086,"v02","es",,,,"Villa Hidalgo",22.68217192,-100.62959372,,
"Villa Hidalgo",,,,"MX26067","Sonora",,,,"MX26","México",,,,"MX",2021-06-18,,1471.49088023,"v02","es",,,,"Villa Hidalgo",30.25796751,-109.35284041,,
"Villa Hidalgo",,,,"MX32054","Zacatecas",,,,"MX32","México",,,,"MX",2021-06-18,,375.35872369,"v02","es",,,,"Villa Hidalgo",22.40669691,-101.72224921,,
"Villa Juárez",,,,"MX24052","San Luis Potosí",,,,"MX24","México",,,,"MX",2021-06-18,,640.10555742,"v02","es",,,,"Villa Juarez",22.29207418,-100.21950269,,
"Villa Pesqueira",,,,"MX26068","Sonora",,,,"MX26","México",,,,"MX",2021-06-18,,1123.2363515,"v02","es",,,,"Villa Pesqueira",29.13691883,-109.991392,,
"Villa Purificación",,,,"MX14068","Jalisco",,,,"MX14","México",,,,"MX",2021-06-18,,1848.08040236,"v02","es",,,,"Villa Purificacion",19.82320789,-104.73273785,,
"Villa Sola de Vega",,,,"MX20277","Oaxaca",,,,"MX20","México",,,,"MX",2021-06-18,,972.98866443,"v02","es",,,,"Villa Sola de Vega",16.57160824,-97.10354143,4.28624717373056,1.84612510724318
"Villa Talea de Castro",,,,"MX20280","Oaxaca",,,,"MX20","México",,,,"MX",2021-06-18,,61.06738062,"v02","es",,,,"Villa Talea de Castro",17.37093597,-96.22948032,,
"Villa Tejúpam de la Unión",,,,"MX20486","Oaxaca",,,,"MX20","México",,,,"MX",2021-06-18,,141.49160059,"v02","es",,,,"Villa Tejupam de la Union",17.66466013,-97.45556058,3.68542473306918,1.11162808607689
"Villa Unión",,,,"MX05037","Coahuila de Zaragoza",,,,"MX05","México",,,,"MX",2021-06-18,,1854.53291097,"v02","es",,,,"Villa Union",28.09638574,-100.79781259,,
"Villa Victoria",,,,"MX15114","México",,,,"MX15","México",,,,"MX",2021-06-18,,424.79533975,"v02","es",,,,"Villa Victoria",19.43234737,-99.96031814,3.57240814169828,0.86668583677616
"Villaflores",,,,"MX07108","Chiapas",,,,"MX07","México",,,,"MX",2021-06-18,,1901.39238998,"v02","es",,,,"Villaflores",16.37550231,-93.3589334,,
"Villagrán",,,,"MX11044","Guanajuato",,,,"MX11","México",,,,"MX",2021-06-18,,128.48434451,"v02","es",,,,"Villagran",20.54640833,-100.99406987,,
"Villagrán",,,,"MX28042","Tamaulipas",,,,"MX28","México",,,,"MX",2021-06-18,,1288.24962169,"v02","es",,,,"Villagran",24.58791621,-99.31064136,,
"Villaldama",,,,"MX19051","Nuevo León",,,,"MX19","México",,,,"MX",2021-06-18,,879.33533874,"v02","es",,,,"Villaldama",26.47074704,-100.37070644,,
"Villamar",,,,"MX16104","Michoacán de Ocampo",,,,"MX16","México",,,,"MX",2021-06-18,,350.16798637,"v02","es",,,,"Villamar",19.99176775,-102.57937897,2.68226938611803,0.20983735862849
"Villanueva",,,,"MX32055","Zacatecas",,,,"MX32","México",,,,"MX",2021-06-18,,2179.15835188,"v02","es",,,,"Villanueva",22.33530128,-102.84335268,,
"Vista Hermosa",,,,"MX16105","Michoacán de Ocampo",,,,"MX16","México",,,,"MX",2021-06-18,,147.59751663,"v02","es",,,,"Vista Hermosa",20.26309768,-102.48314079,,
"Xalapa",,,,"MX30087","Veracruz de Ignacio de la Llave",,,,"MX30","México",,,,"MX",2021-06-18,,124.58726191,"v02","es",,,,"Xalapa",19.5420332,-96.89982696,2.92380986007035,0.301851992817628
"Xalatlaco",,,,"MX15043","México",,,,"MX15","México",,,,"MX",2021-06-18,,108.22483192,"v02","es",,,,"Xalatlaco",19.16598179,-99.3719255,3.69973807208234,1.13073647842296
"Xalisco",,,,"MX18008","Nayarit",,,,"MX18","México",,,,"MX",2021-06-18,,503.75088818,"v02","es",,,,"Xalisco",21.39924219,-104.94217801,,
"Xaloztoc",,,,"MX29039","Tlaxcala",,,,"MX29","México",,,,"MX",2021-06-18,,41.51170742,"v02","es",,,,"Xaloztoc",19.41230011,-98.04254855,3.34556025104265,0.565007519609178
"Xalpatláhuac",,,,"MX12069","Guerrero",,,,"MX12","México",,,,"MX",2021-06-18,,226.63091973,"v02","es",,,,"Xalpatlahuac",17.42855854,-98.48245492,4.25618080962852,3.8031388487522
"Xaltocan",,,,"MX29040","Tlaxcala",,,,"MX29","México",,,,"MX",2021-06-18,,102.81324576,"v02","es",,,,"Xaltocan",19.41930745,-98.2448523,3.37034182848145,0.591943072078783
"Xayacatlán de Bravo",,,,"MX21196","Puebla",,,,"MX21","México",,,,"MX",2021-06-18,,60.31084781,"v02","es",,,,"Xayacatlan de Bravo",18.27591333,-97.95698835,3.76839164949544,1.31005425995938
"Xichú",,,,"MX11045","Guanajuato",,,,"MX11","México",,,,"MX",2021-06-18,,911.29054121,"v02","es",,,,"Xichu",21.35981841,-99.98056665,,
"Xico",,,,"MX30092","Veracruz de Ignacio de la Llave",,,,"MX30","México",,,,"MX",2021-06-18,,179.03429904,"v02","es",,,,"Xico",19.44577984,-97.07075693,2.93057597691238,0.304862886503856
"Xicohtzinco",,,,"MX29042","Tlaxcala",,,,"MX29","México",,,,"MX",2021-06-18,,7.31984962,"v02","es",,,,"Xicohtzinco",19.17237696,-98.23786629,3.43280683811674,0.685827471508062
"Xicoténcatl",,,,"MX28043","Tamaulipas",,,,"MX28","México",,,,"MX",2021-06-18,,870.73107933,"v02","es",,,,"Xicotencatl",22.98641455,-98.88369302,,
"Xicotepec",,,,"MX21197","Puebla",,,,"MX21","México",,,,"MX",2021-06-18,,312.52562609,"v02","es",,,,"Xicotepec",20.33146237,-97.90560096,,
"Xicotlán",,,,"MX21198","Puebla",,,,"MX21","México",,,,"MX",2021-06-18,,204.65222994,"v02","es",,,,"Xicotlan",18.11251554,-98.54707907,3.95633348563312,2.179837677195
"Xilitla",,,,"MX24054","San Luis Potosí",,,,"MX24","México",,,,"MX",2021-06-18,,398.60689027,"v02","es",,,,"Xilitla",21.39352694,-99.01303473,,
"Xiutetelco",,,,"MX21199","Puebla",,,,"MX21","México",,,,"MX",2021-06-18,,145.88608239,"v02","es",,,,"Xiutetelco",19.74624368,-97.36057578,3.05875917013847,0.368082161183119
"Xocchel",,,,"MX31103","Yucatán",,,,"MX31","México",,,,"MX",2021-06-18,,110.7666337,"v02","es",,,,"Xocchel",20.79548928,-89.10912895,,
"Xochiapulco",,,,"MX21200","Puebla",,,,"MX21","México",,,,"MX",2021-06-18,,60.20092778,"v02","es",,,,"Xochiapulco",19.85312811,-97.64621298,3.03186858039199,0.355136057812574
"Xochiatipan",,,,"MX13078","Hidalgo",,,,"MX13","México",,,,"MX",2021-06-18,,135.41019936,"v02","es",,,,"Xochiatipan",20.86312051,-98.30296303,,
"Xochicoatlán",,,,"MX13079","Hidalgo",,,,"MX13","México",,,,"MX",2021-06-18,,187.06762804,"v02","es",,,,"Xochicoatlan",20.78929548,-98.63883375,,
"Xochihuehuetlán",,,,"MX12070","Guerrero",,,,"MX12","México",,,,"MX",2021-06-18,,261.61464892,"v02","es",,,,"Xochihuehuetlan",17.89253821,-98.4786359,4.05579064136084,2.63386933045327
"Xochiltepec",,,,"MX21201","Puebla",,,,"MX21","México",,,,"MX",2021-06-18,,46.61215836,"v02","es",,,,"Xochiltepec",18.65327931,-98.32513503,3.66839286977434,1.12522353720172
"Xochimilco",,,,"MX09013","Distrito Federal",,,,"MX09","México",,,,"MX",2021-06-18,,114.11651431,"v02","es",,,,"Xochimilco",19.23697851,-99.08230015,3.63440117084163,0.985011467822761
"Xochistlahuaca",,,,"MX12071","Guerrero",,,,"MX12","México",,,,"MX",2021-06-18,,453.2216516,"v02","es",,,,"Xochistlahuaca",16.88169478,-98.11622984,4.03398587931789,2.52447179779779
"Xochitepec",,,,"MX17028","Morelos",,,,"MX17","México",,,,"MX",2021-06-18,,93.21937668,"v02","es",,,,"Xochitepec",18.76533086,-99.23389809,3.88612804107986,1.69655181614083
"Xochitlán de Vicente Suárez",,,,"MX21202","Puebla",,,,"MX21","México",,,,"MX",2021-06-18,,78.40311415,"v02","es",,,,"Xochitlan de Vicente Suarez",19.93429736,-97.6482791,2.90394211387353,0.294076275925059
"Xochitlán Todos Santos",,,,"MX21203","Puebla",,,,"MX21","México",,,,"MX",2021-06-18,,163.62772496,"v02","es",,,,"Xochitlan Todos Santos",18.69443144,-97.78217985,3.47404123709068,0.751881503420318
"Xonacatlán",,,,"MX15115","México",,,,"MX15","México",,,,"MX",2021-06-18,,53.50931679,"v02","es",,,,"Xonacatlan",19.44155022,-99.44750188,3.57623168261045,0.872032406461147
"Xoxocotla",,,,"MX30195","Veracruz de Ignacio de la Llave",,,,"MX30","México",,,,"MX",2021-06-18,,37.35212027,"v02","es",,,,"Xoxocotla",18.62964427,-97.16562068,3.34499453582847,0.558379919872557
"Yahualica",,,,"MX13080","Hidalgo",,,,"MX13","México",,,,"MX",2021-06-18,,154.35402698,"v02","es",,,,"Yahualica",20.91988689,-98.36733042,,
"Yahualica de González Gallo",,,,"MX14118","Jalisco",,,,"MX14","México",,,,"MX",2021-06-18,,563.33452256,"v02","es",,,,"Yahualica de Gonzalez Gallo",21.12341103,-102.95137192,,
"Yajalón",,,,"MX07109","Chiapas",,,,"MX07","México",,,,"MX",2021-06-18,,209.26475022,"v02","es",,,,"Yajalon",17.17738147,-92.35209058,,
"Yanga",,,,"MX30196","Veracruz de Ignacio de la Llave",,,,"MX30","México",,,,"MX",2021-06-18,,87.89143454,"v02","es",,,,"Yanga",18.8225647,-96.78967946,3.13397184259511,0.411120208565313
"Yaonáhuac",,,,"MX21204","Puebla",,,,"MX21","México",,,,"MX",2021-06-18,,29.59077104,"v02","es",,,,"Yaonahuac",19.9153743,-97.44728112,2.99897371859445,0.336550527881101
"Yauhquemehcan",,,,"MX29043","Tlaxcala",,,,"MX29","México",,,,"MX",2021-06-18,,36.79028067,"v02","es",,,,"Yauhquemehcan",19.40370887,-98.18067725,3.39359066037388,0.61032675891627
"Yautepec",,,,"MX17029","Morelos",,,,"MX17","México",,,,"MX",2021-06-18,,191.99691499,"v02","es",,,,"Yautepec",18.86529048,-99.0618809,3.80523833883509,1.42084503474062
"Yaxcabá",,,,"MX31104","Yucatán",,,,"MX31","México",,,,"MX",2021-06-18,,1474.23018885,"v02","es",,,,"Yaxcaba",20.48456531,-88.78673018,,
"Yaxe",,,,"MX20561","Oaxaca",,,,"MX20","México",,,,"MX",2021-06-18,,59.99035982,"v02","es",,,,"Yaxe",16.70683387,-96.44401317,3.3199873742478,0.552583265329142
"Yaxkukul",,,,"MX31105","Yucatán",,,,"MX31","México",,,,"MX",2021-06-18,,49.50208317,"v02","es",,,,"Yaxkukul",21.0565156,-89.44114946,,
"Yecapixtla",,,,"MX17030","Morelos",,,,"MX17","México",,,,"MX",2021-06-18,,176.7200988,"v02","es",,,,"Yecapixtla",18.85949552,-98.87444439,3.79534805953336,1.37849397910613
"Yécora",,,,"MX26069","Sonora",,,,"MX26","México",,,,"MX",2021-06-18,,2667.66552447,"v02","es",,,,"Yecora",28.41557482,-108.92545511,,
"Yecuatla",,,,"MX30197","Veracruz de Ignacio de la Llave",,,,"MX30","México",,,,"MX",2021-06-18,,112.46839361,"v02","es",,,,"Yecuatla",19.84655901,-96.77772239,2.65595095237634,0.202644530356417
"Yehualtepec",,,,"MX21205","Puebla",,,,"MX21","México",,,,"MX",2021-06-18,,128.03922429,"v02","es",,,,"Yehualtepec",18.76740258,-97.66750437,3.44716305319596,0.700688070976105
"Yobaín",,,,"MX31106","Yucatán",,,,"MX31","México",,,,"MX",2021-06-18,,131.74978055,"v02","es",,,,"Yobain",21.28525296,-89.12053824,,
"Yogana",,,,"MX20563","Oaxaca",,,,"MX20","México",,,,"MX",2021-06-18,,65.68777479,"v02","es",,,,"Yogana",16.43912919,-96.8154984,3.77545929277327,1.17992670629181
"Yurécuaro",,,,"MX16106","Michoacán de Ocampo",,,,"MX16","México",,,,"MX",2021-06-18,,174.39163835,"v02","es",,,,"Yurecuaro",20.29454516,-102.21565932,,
"Yuriria",,,,"MX11046","Guanajuato",,,,"MX11","México",,,,"MX",2021-06-18,,666.32802665,"v02","es",,,,"Yuriria",20.16649242,-101.31713418,3.03354949713845,0.353691429678956
"Yutanduchi de Guerrero",,,,"MX20564","Oaxaca",,,,"MX20","México",,,,"MX",2021-06-18,,64.08336033,"v02","es",,,,"Yutanduchi de Guerrero",17.07614207,-97.29215007,3.77984579289846,1.15963893756377
"Zacapala",,,,"MX21206","Puebla",,,,"MX21","México",,,,"MX",2021-06-18,,247.75745821,"v02","es",,,,"Zacapala",18.59583618,-98.04618939,3.65754300587815,1.07482316813646
"Zacapoaxtla",,,,"MX21207","Puebla",,,,"MX21","México",,,,"MX",2021-06-18,,176.53304719,"v02","es",,,,"Zacapoaxtla",19.84070458,-97.57929985,3.02163525702319,0.349968810507382
"Zacapu",,,,"MX16107","Michoacán de Ocampo",,,,"MX16","México",,,,"MX",2021-06-18,,454.68136194,"v02","es",,,,"Zacapu",19.83028563,-101.84442155,3.00792733697853,0.340703514355485
"Zacatecas",,,,"MX32056","Zacatecas",,,,"MX32","México",,,,"MX",2021-06-18,,441.49648035,"v02","es",,,,"Zacatecas",22.72933123,-102.66859889,,
"Zacatelco",,,,"MX29044","Tlaxcala",,,,"MX29","México",,,,"MX",2021-06-18,,29.49672024,"v02","es",,,,"Zacatelco",19.19645379,-98.25735523,3.4851573288959,0.737762477316181
"Zacatepec",,,,"MX17031","Morelos",,,,"MX17","México",,,,"MX",2021-06-18,,26.31290085,"v02","es",,,,"Zacatepec",18.65059578,-99.20307759,3.9359639228186,1.89599278747605
"Zacatlán",,,,"MX21208","Puebla",,,,"MX21","México",,,,"MX",2021-06-18,,489.20487273,"v02","es",,,,"Zacatlan",19.96059518,-98.00572138,2.96334468892987,0.320891712723414
"Zacazonapan",,,,"MX15116","México",,,,"MX15","México",,,,"MX",2021-06-18,,66.69389499,"v02","es",,,,"Zacazonapan",19.06259826,-100.26154534,3.73387533420577,1.21660106209007
"Zacoalco de Torres",,,,"MX14119","Jalisco",,,,"MX14","México",,,,"MX",2021-06-18,,479.0913485,"v02","es",,,,"Zacoalco de Torres",20.24409502,-103.5931063,,
"Zacualpan",,,,"MX15117","México",,,,"MX15","México",,,,"MX",2021-06-18,,292.12347688,"v02","es",,,,"Zacualpan",18.71428604,-99.79302985,3.94372944954726,1.93415732819652
"Zacualpan",,,,"MX17032","Morelos",,,,"MX17","México",,,,"MX",2021-06-18,,53.76808198,"v02","es",,,,"Zacualpan",18.81014326,-98.76256058,3.82652376565488,1.4422553451158
"Zacualpan",,,,"MX30198","Veracruz de Ignacio de la Llave",,,,"MX30","México",,,,"MX",2021-06-18,,263.74902417,"v02","es",,,,"Zacualpan",20.50470378,-98.35578868,,
"Zacualtipán de Ángeles",,,,"MX13081","Hidalgo",,,,"MX13","México",,,,"MX",2021-06-18,,272.69200523,"v02","es",,,,"Zacualtipan de Angeles",20.65203842,-98.59530569,,
"Zamora",,,,"MX16108","Michoacán de Ocampo",,,,"MX16","México",,,,"MX",2021-06-18,,335.03949123,"v02","es",,,,"Zamora",20.02900335,-102.27126873,2.77496918606748,0.240866674383971
"Zapopan",,,,"MX14120","Jalisco",,,,"MX14","México",,,,"MX",2021-06-18,,1156.27288734,"v02","es",,,,"Zapopan",20.79136559,-103.49107853,,
"Zapotiltic",,,,"MX14121","Jalisco",,,,"MX14","México",,,,"MX",2021-06-18,,252.25583229,"v02","es",,,,"Zapotiltic",19.61823769,-103.36452721,,
"Zapotitlán",,,,"MX21209","Puebla",,,,"MX21","México",,,,"MX",2021-06-18,,429.3200464,"v02","es",,,,"Zapotitlan",18.26199185,-97.50339008,3.59198366010189,0.915359773466022
"Zapotitlán de Méndez",,,,"MX21210","Puebla",,,,"MX21","México",,,,"MX",2021-06-18,,20.34600297,"v02","es",,,,"Zapotitlan de Mendez",20.00435811,-97.69115288,2.86270970095775,0.276745757170484
"Zapotitlán de Vadillo",,,,"MX14122","Jalisco",,,,"MX14","México",,,,"MX",2021-06-18,,305.7688065,"v02","es",,,,"Zapotitlan de Vadillo",19.50347873,-103.7488329,,
"Zapotitlán Lagunas",,,,"MX20567","Oaxaca",,,,"MX20","México",,,,"MX",2021-06-18,,305.43017034,"v02","es",,,,"Zapotitlan Lagunas",17.78423168,-98.39236126,4.09847653317537,2.81070041031635
"Zapotitlán Palmas",,,,"MX20568","Oaxaca",,,,"MX20","México",,,,"MX",2021-06-18,,43.83206931,"v02","es",,,,"Zapotitlan Palmas",17.88211642,-97.83578104,3.80013791924324,1.44007643201554
"Zapotitlán Tablas",,,,"MX12072","Guerrero",,,,"MX12","México",,,,"MX",2021-06-18,,228.35576629,"v02","es",,,,"Zapotitlan Tablas",17.32168595,-98.8173481,4.74700718841129,5.80110929988565
"Zapotlán de Juárez",,,,"MX13082","Hidalgo",,,,"MX13","México",,,,"MX",2021-06-18,,116.95280978,"v02","es",,,,"Zapotlan de Juarez",19.98759878,-98.84837649,3.23160657108348,0.474386421542699
"Zapotlán del Rey",,,,"MX14123","Jalisco",,,,"MX14","México",,,,"MX",2021-06-18,,400.02331017,"v02","es",,,,"Zapotlan del Rey",20.46680929,-102.92302918,,
"Zapotlán el Grande",,,,"MX14023","Jalisco",,,,"MX14","México",,,,"MX",2021-06-18,,273.49219993,"v02","es",,,,"Zapotlan el Grande",19.69734656,-103.5106481,,
"Zapotlanejo",,,,"MX14124","Jalisco",,,,"MX14","México",,,,"MX",2021-06-18,,718.76596933,"v02","es",,,,"Zapotlanejo",20.63958824,-103.05134533,,
"Zaragoza",,,,"MX05038","Coahuila de Zaragoza",,,,"MX05","México",,,,"MX",2021-06-18,,7938.74328727,"v02","es",,,,"Zaragoza",28.8695421,-101.52453687,,
"Zaragoza",,,,"MX21211","Puebla",,,,"MX21","México",,,,"MX",2021-06-18,,30.76874634,"v02","es",,,,"Zaragoza",19.74622682,-97.57330276,3.10022939610786,0.391478672330628
"Zaragoza",,,,"MX24055","San Luis Potosí",,,,"MX24","México",,,,"MX",2021-06-18,,614.17710502,"v02","es",,,,"Zaragoza",22.03788935,-100.67155435,,
"Zaragoza",,,,"MX30199","Veracruz de Ignacio de la Llave",,,,"MX30","México",,,,"MX",2021-06-18,,21.69721469,"v02","es",,,,"Zaragoza",17.94751571,-94.63510635,,
"Zautla",,,,"MX21212","Puebla",,,,"MX21","México",,,,"MX",2021-06-18,,266.71503505,"v02","es",,,,"Zautla",19.71391506,-97.67151004,3.06624224227152,0.374942994572475
"Zempoala",,,,"MX13083","Hidalgo",,,,"MX13","México",,,,"MX",2021-06-18,,319.86879256,"v02","es",,,,"Zempoala",19.9259441,-98.64335008,3.23692614658033,0.478271062279494
"Zentla",,,,"MX30200","Veracruz de Ignacio de la Llave",,,,"MX30","México",,,,"MX",2021-06-18,,178.0540927,"v02","es",,,,"Zentla",19.07809403,-96.78918198,2.98196354073794,0.330293308344604
"Zihuatanejo de Azueta",,,,"MX12038","Guerrero",,,,"MX12","México",,,,"MX",2021-06-18,,1466.18330499,"v02","es",,,,"Zihuatanejo de Azueta",17.80789997,-101.4969525,3.85553729568371,1.59212334416222
"Zihuateutla",,,,"MX21213","Puebla",,,,"MX21","México",,,,"MX",2021-06-18,,176.22402936,"v02","es",,,,"Zihuateutla",20.29121808,-97.78800363,,
"Ziltlaltépec de Trinidad Sánchez Santos",,,,"MX29037","Tlaxcala",,,,"MX29","México",,,,"MX",2021-06-18,,77.09139109,"v02","es",,,,"Ziltlaltepec de Trinidad Sanchez Santos",19.20938012,-97.92635554,3.32880573739192,0.560479718287697
"Zimapán",,,,"MX13084","Hidalgo",,,,"MX13","México",,,,"MX",2021-06-18,,872.49980722,"v02","es",,,,"Zimapan",20.76221773,-99.38314015,,
"Zimatlán de Álvarez",,,,"MX20570","Oaxaca",,,,"MX20","México",,,,"MX",2021-06-18,,353.7337114,"v02","es",,,,"Zimatlan de Alvarez",16.87275359,-96.8013147,3.9174039378507,1.31064548069892
"Zinacantán",,,,"MX07111","Chiapas",,,,"MX07","México",,,,"MX",2021-06-18,,194.60661239,"v02","es",,,,"Zinacantan",16.71226716,-92.78552595,,
"Zinacantepec",,,,"MX15118","México",,,,"MX15","México",,,,"MX",2021-06-18,,309.98411986,"v02","es",,,,"Zinacantepec",19.20387901,-99.81460459,3.68878844490336,1.10728420672501
"Zinacatepec",,,,"MX21214","Puebla",,,,"MX21","México",,,,"MX",2021-06-18,,62.84835705,"v02","es",,,,"Zinacatepec",18.32759252,-97.21192002,3.36366065652285,0.58816345443357
"Zináparo",,,,"MX16109","Michoacán de Ocampo",,,,"MX16","México",,,,"MX",2021-06-18,,113.18047621,"v02","es",,,,"Zinaparo",20.17831283,-102.01145806,2.82738707330202,0.260142147679066
"Zinapécuaro",,,,"MX16110","Michoacán de Ocampo",,,,"MX16","México",,,,"MX",2021-06-18,,596.42948112,"v02","es",,,,"Zinapecuaro",19.85631817,-100.77090978,3.26333026852142,0.497867275315351
"Ziracuaretiro",,,,"MX16111","Michoacán de Ocampo",,,,"MX16","México",,,,"MX",2021-06-18,,159.97464708,"v02","es",,,,"Ziracuaretiro",19.43877715,-101.92921233,3.1582975539192,0.425662515812117
"Zirándaro",,,,"MX12073","Guerrero",,,,"MX12","México",,,,"MX",2021-06-18,,2144.86860313,"v02","es",,,,"Zirandaro",18.32842227,-101.20359928,3.80084550148353,1.42138204231061
"Zitácuaro",,,,"MX16112","Michoacán de Ocampo",,,,"MX16","México",,,,"MX",2021-06-18,,512.59056739,"v02","es",,,,"Zitacuaro",19.43634268,-100.3179389,3.54638385104189,0.820577875944307
"Zitlala",,,,"MX12074","Guerrero",,,,"MX12","México",,,,"MX",2021-06-18,,304.67091288,"v02","es",,,,"Zitlala",17.74751359,-99.18679022,4.75169261298826,5.67854926850028
"Zongolica",,,,"MX30201","Veracruz de Ignacio de la Llave",,,,"MX30","México",,,,"MX",2021-06-18,,282.59497081,"v02","es",,,,"Zongolica",18.65182935,-96.94575046,3.26461081508356,0.498659012517768
"Zongozotla",,,,"MX21215","Puebla",,,,"MX21","México",,,,"MX",2021-06-18,,36.50310046,"v02","es",,,,"Zongozotla",19.97066116,-97.74302478,2.8902350541237,0.288295111432559
"Zontecomatlán de López y Fuentes",,,,"MX30202","Veracruz de Ignacio de la Llave",,,,"MX30","México",,,,"MX",2021-06-18,,242.12452664,"v02","es",,,,"Zontecomatlan de Lopez y Fuentes",20.73576036,-98.30588227,,
"Zoquiapan",,,,"MX21216","Puebla",,,,"MX21","México",,,,"MX",2021-06-18,,19.15174105,"v02","es",,,,"Zoquiapan",20.00735296,-97.59690502,2.84932560314603,0.2715454261075
"Zoquitlán",,,,"MX21217","Puebla",,,,"MX21","México",,,,"MX",2021-06-18,,269.26167341,"v02","es",,,,"Zoquitlan",18.38536008,-96.93471179,3.39364277198454,0.583415404170322
"Zozocolco de Hidalgo",,,,"MX30203","Veracruz de Ignacio de la Llave",,,,"MX30","México",,,,"MX",2021-06-18,,68.9422197,"v02","es",,,,"Zozocolco de Hidalgo",20.12762573,-97.55699358,2.77618726092405,0.243488195101931
"Zumpahuacán",,,,"MX15119","México",,,,"MX15","México",,,,"MX",2021-06-18,,202.35301581,"v02","es",,,,"Zumpahuacan",18.80851835,-99.56390224,3.89608906560021,1.73781298017769
"Zumpango",,,,"MX15120","México",,,,"MX15","México",,,,"MX",2021-06-18,,223.64298778,"v02","es",,,,"Zumpango",19.81293678,-99.08180958,3.36709900817777,0.580313411247635
